(n, d, k);[Gematria of ELS];ELS Search Term;Found in WordNumber In Text;WordCoordinatesDWTK;Found in Word In Text;LetterPositionIndex In Word;LetterCoordinatesD5K of First Letter in ELS;Found In Verse
(144377, 1, 5);[5, 40, 300, 10, 8];המשיח;38052;(3, 4, 3, 3, 38052);המשיח;1;(3, 4, 3, 7, 144377);אם הכהן המשיח יחטא לאשמת העם והקריב על חטאתו אשר חטא פר בן בקר תמים ליהוה לחטאת
(144506, 1, 5);[5, 40, 300, 10, 8];המשיח;38089;(3, 4, 5, 3, 38089);המשיח;1;(3, 4, 5, 9, 144506);ולקח הכהן המשיח מדם הפר והביא אתו אל אהל מועד
(145157, 1, 5);[5, 40, 300, 10, 8];המשיח;38270;(3, 4, 16, 3, 38270);המשיח;1;(3, 4, 16, 10, 145157);והביא הכהן המשיח מדם הפר אל אהל מועד
(148596, 1, 5);[5, 40, 300, 10, 8];המשיח;39199;(3, 6, 15, 2, 39199);המשיח;1;(3, 6, 15, 6, 148596);והכהן המשיח תחתיו מבניו יעשה אתה חק עולם ליהוה כליל תקטר
(21133, 5, 5);[5, 40, 300, 10, 8];המשיח;5648;(1, 18, 14, 2, 5648);מיהוה;5;(1, 18, 14, 10, 21133);היפלא מיהוה דבר למועד אשוב אליך כעת חיה ולשרה בן
(61345, 5, 5);[5, 40, 300, 10, 8];המשיח;16282;(1, 41, 26, 8, 16282);השבלים;1;(1, 41, 26, 25, 61345);שבע פרת הטבת שבע שנים הנה ושבע השבלים הטבת שבע שנים הנה חלום אחד הוא
(167828, 8, 5);[5, 40, 300, 10, 8];המשיח;44373;(3, 16, 32, 2, 44373);הכהן;1;(3, 16, 32, 5, 167828);וכפר הכהן אשר ימשח אתו ואשר ימלא את ידו לכהן תחת אביו ולבש את בגדי הבד בגדי הקדש
(98027, 13, 5);[5, 40, 300, 10, 8];המשיח;25867;(2, 13, 22, 7, 25867);האש;1;(2, 13, 22, 24, 98027);לא ימיש עמוד הענן יומם ועמוד האש לילה לפני העם
(197649, 13, 5);[5, 40, 300, 10, 8];המשיח;52116;(4, 6, 14, 4, 52116);ליהוה;3;(4, 6, 14, 16, 197649);והקריב את קרבנו ליהוה כבש בן שנתו תמים אחד לעלה וכבשה אחת בת שנתה תמימה לחטאת ואיל אחד תמים לשלמים
(252020, 14, 5);[5, 40, 300, 10, 8];המשיח;66211;(5, 1, 37, 4, 66211);יהוה;2;(5, 1, 37, 11, 252020);גם בי התאנף יהוה בגללכם לאמר גם אתה לא תבא שם
(3237, 20, 5);[5, 40, 300, 10, 8];המשיח;850;(1, 3, 7, 1, 850);ותפקחנה;7;(1, 3, 7, 7, 3237);ותפקחנה עיני שניהם וידעו כי עירמם הם ויתפרו עלה תאנה ויעשו להם חגרת
(213661, 27, 5);[5, 40, 300, 10, 8];המשיח;56320;(4, 15, 8, 2, 56320);תעשה;4;(4, 15, 8, 7, 213661);וכי תעשה בן בקר עלה או זבח לפלא נדר או שלמים ליהוה
(100917, 28, 5);[5, 40, 300, 10, 8];המשיח;26611;(2, 15, 25, 4, 26611);ויורהו;5;(2, 15, 25, 16, 100917);ויצעק אל יהוה ויורהו יהוה עץ וישלך אל המים וימתקו המים שם שם לו חק ומשפט ושם נסהו
(18792, 30, 5);[5, 40, 300, 10, 8];המשיח;5036;(1, 16, 10, 4, 5036);יהוה;2;(1, 16, 10, 13, 18792);ויאמר לה מלאך יהוה הרבה ארבה את זרעך ולא יספר מרב
(65941, 33, 5);[5, 40, 300, 10, 8];המשיח;17486;(1, 43, 16, 13, 17486);הביתה;5;(1, 43, 16, 50, 65941);וירא יוסף אתם את בנימין ויאמר לאשר על ביתו הבא את האנשים הביתה וטבח טבח והכן כי אתי יאכלו האנשים בצהרים
(244472, 38, 5);[5, 40, 300, 10, 8];המשיח;64301;(4, 33, 7, 6, 64301);החירת;1;(4, 33, 7, 18, 244472);ויסעו מאתם וישב על פי החירת אשר על פני בעל צפון ויחנו לפני מגדל
(78554, 41, 5);[5, 40, 300, 10, 8];המשיח;20737;(2, 1, 14, 3, 20737);חייהם;4;(2, 1, 14, 12, 78554);וימררו את חייהם בעבדה קשה בחמר ובלבנים ובכל עבדה בשדה את כל עבדתם אשר עבדו בהם בפרך
(134298, 42, 5);[5, 40, 300, 10, 8];המשיח;35428;(2, 36, 30, 2, 35428);שמנה;4;(2, 36, 30, 8, 134298);והיו שמנה קרשים ואדניהם כסף ששה עשר אדנים שני אדנים שני אדנים תחת הקרש האחד
(177730, 42, 5);[5, 40, 300, 10, 8];המשיח;47047;(3, 23, 30, 10, 47047);והאבדתי;2;(3, 23, 30, 34, 177730);וכל הנפש אשר תעשה כל מלאכה בעצם היום הזה והאבדתי את הנפש ההוא מקרב עמה
(58832, 51, 5);[5, 40, 300, 10, 8];המשיח;15641;(1, 40, 1, 1, 15641);ויהי;3;(1, 40, 1, 3, 58832);ויהי אחר הדברים האלה חטאו משקה מלך מצרים והאפה לאדניהם למלך מצרים
(115884, 54, 5);[5, 40, 300, 10, 8];המשיח;30632;(2, 26, 12, 2, 30632);העדף;1;(2, 26, 12, 5, 115884);וסרח העדף ביריעת האהל חצי היריעה העדפת תסרח על אחרי המשכן
(300204, 59, 5);[5, 40, 300, 10, 8];המשיח;78772;(5, 31, 26, 11, 78772);יהוה;2;(5, 31, 26, 37, 300204);לקח את ספר התורה הזה ושמתם אתו מצד ארון ברית יהוה אלהיכם והיה שם בך לעד
(123697, 60, 5);[5, 40, 300, 10, 8];המשיח;32620;(2, 30, 13, 12, 32620);גרה;3;(2, 30, 13, 45, 123697);זה יתנו כל העבר על הפקדים מחצית השקל בשקל הקדש עשרים גרה השקל מחצית השקל תרומה ליהוה
(45290, 61, 5);[5, 40, 300, 10, 8];המשיח;12075;(1, 31, 33, 16, 12075);באהל;3;(1, 31, 33, 60, 45290);ויבא לבן באהל יעקב ובאהל לאה ובאהל שתי האמהת ולא מצא ויצא מאהל לאה ויבא באהל רחל
(135530, 66, 5);[5, 40, 300, 10, 8];המשיח;35743;(2, 37, 17, 7, 35743);עשה;3;(2, 37, 17, 25, 135530);ויעש את המנרה זהב טהור מקשה עשה את המנרה ירכה וקנה גביעיה כפתריה ופרחיה ממנה היו
(96395, 67, 5);[5, 40, 300, 10, 8];המשיח;25430;(2, 12, 42, 4, 25430);ליהוה;3;(2, 12, 42, 14, 96395);ליל שמרים הוא ליהוה להוציאם מארץ מצרים הוא הלילה הזה ליהוה שמרים לכל בני ישראל לדרתם
(149248, 68, 5);[5, 40, 300, 10, 8];המשיח;39373;(3, 7, 7, 5, 39373);להם;2;(3, 7, 7, 18, 149248);כחטאת כאשם תורה אחת להם הכהן אשר יכפר בו לו יהיה
(87384, 69, 5);[5, 40, 300, 10, 8];המשיח;23039;(2, 7, 19, 27, 23039);והיה;4;(2, 7, 19, 96, 87384);ויאמר יהוה אל משה אמר אל אהרן קח מטך ונטה ידך על מימי מצרים על נהרתם על יאריהם ועל אגמיהם ועל כל מקוה מימיהם ויהיו דם והיה דם בכל ארץ מצרים ובעצים ובאבנים
(236968, 73, 5);[5, 40, 300, 10, 8];המשיח;62393;(4, 29, 7, 13, 62393);מלאכה;5;(4, 29, 7, 55, 236968);ובעשור לחדש השביעי הזה מקרא קדש יהיה לכם ועניתם את נפשתיכם כל מלאכה לא תעשו
(99747, 75, 5);[5, 40, 300, 10, 8];המשיח;26308;(2, 14, 29, 8, 26308);להם;2;(2, 14, 29, 32, 99747);ובני ישראל הלכו ביבשה בתוך הים והמים להם חמה מימינם ומשמאלם
(133594, 76, 5);[5, 40, 300, 10, 8];המשיח;35257;(2, 36, 14, 10, 35257);עשה;3;(2, 36, 14, 40, 133594);ויעש יריעת עזים לאהל על המשכן עשתי עשרה יריעת עשה אתם
(142964, 77, 5);[5, 40, 300, 10, 8];המשיח;37679;(3, 2, 9, 2, 37679);הכהן;3;(3, 2, 9, 8, 142964);והרים הכהן מן המנחה את אזכרתה והקטיר המזבחה אשה ריח ניחח ליהוה
(217078, 78, 5);[5, 40, 300, 10, 8];המשיח;57218;(4, 16, 33, 13, 57218);הקהל;3;(4, 16, 33, 50, 217078);וירדו הם וכל אשר להם חיים שאלה ותכס עליהם הארץ ויאבדו מתוך הקהל
(115199, 83, 5);[5, 40, 300, 10, 8];המשיח;30468;(2, 26, 1, 2, 30468);המשכן;1;(2, 26, 1, 4, 115199);ואת המשכן תעשה עשר יריעת שש משזר ותכלת וארגמן ותלעת שני כרבים מעשה חשב תעשה אתם
(232024, 90, 5);[5, 40, 300, 10, 8];המשיח;61189;(4, 26, 22, 3, 61189);יהודה;5;(4, 26, 22, 13, 232024);אלה משפחת יהודה לפקדיהם ששה ושבעים אלף וחמש מאות
(144378, 1, 5);[40, 300, 10, 8, 10];משיחי;38052;(3, 4, 3, 3, 38052);המשיח;2;(3, 4, 3, 8, 144378);אם הכהן המשיח יחטא לאשמת העם והקריב על חטאתו אשר חטא פר בן בקר תמים ליהוה לחטאת
(102787, 2, 5);[40, 300, 10, 8, 10];משיחי;27107;(2, 16, 29, 12, 27107);ביום;4;(2, 16, 29, 36, 102787);ראו כי יהוה נתן לכם השבת על כן הוא נתן לכם ביום הששי לחם יומים שבו איש תחתיו אל יצא איש ממקמו ביום השביעי
(270837, 2, 5);[40, 300, 10, 8, 10];משיחי;71046;(5, 12, 5, 4, 71046);המקום;5;(5, 12, 5, 11, 270837);כי אם אל המקום אשר יבחר יהוה אלהיכם מכל שבטיכם לשום את שמו שם לשכנו תדרשו ובאת שמה
(271205, 2, 5);[40, 300, 10, 8, 10];משיחי;71134;(5, 12, 11, 2, 71134);המקום;5;(5, 12, 11, 9, 271205);והיה המקום אשר יבחר יהוה אלהיכם בו לשכן שמו שם שמה תביאו את כל אשר אנכי מצוה אתכם עולתיכם וזבחיכם מעשרתיכם ותרמת ידכם וכל מבחר נדריכם אשר תדרו ליהוה
(271441, 2, 5);[40, 300, 10, 8, 10];משיחי;71191;(5, 12, 14, 3, 71191);במקום;5;(5, 12, 14, 9, 271441);כי אם במקום אשר יבחר יהוה באחד שבטיך שם תעלה עלתיך ושם תעשה כל אשר אנכי מצוך
(271707, 2, 5);[40, 300, 10, 8, 10];משיחי;71258;(5, 12, 18, 7, 71258);במקום;5;(5, 12, 18, 28, 271707);כי אם לפני יהוה אלהיך תאכלנו במקום אשר יבחר יהוה אלהיך בו אתה ובנך ובתך ועבדך ואמתך והלוי אשר בשעריך ושמחת לפני יהוה אלהיך בכל משלח ידך
(271911, 2, 5);[40, 300, 10, 8, 10];משיחי;71314;(5, 12, 21, 4, 71314);המקום;5;(5, 12, 21, 14, 271911);כי ירחק ממך המקום אשר יבחר יהוה אלהיך לשום שמו שם וזבחת מבקרך ומצאנך אשר נתן יהוה לך כאשר צויתך ואכלת בשעריך בכל אות נפשך
(272198, 2, 5);[40, 300, 10, 8, 10];משיחי;71390;(5, 12, 26, 10, 71390);המקום;5;(5, 12, 26, 36, 272198);רק קדשיך אשר יהיו לך ונדריך תשא ובאת אל המקום אשר יבחר יהוה
(274847, 2, 5);[40, 300, 10, 8, 10];משיחי;72080;(5, 14, 24, 12, 72080);המקום;5;(5, 14, 24, 40, 274847);וכי ירבה ממך הדרך כי לא תוכל שאתו כי ירחק ממך המקום אשר יבחר יהוה אלהיך לשום שמו שם כי יברכך יהוה אלהיך
(274921, 2, 5);[40, 300, 10, 8, 10];משיחי;72099;(5, 14, 25, 8, 72099);המקום;5;(5, 14, 25, 33, 274921);ונתתה בכסף וצרת הכסף בידך והלכת אל המקום אשר יבחר יהוה אלהיך בו
(276381, 2, 5);[40, 300, 10, 8, 10];משיחי;72492;(5, 15, 20, 7, 72492);במקום;5;(5, 15, 20, 31, 276381);לפני יהוה אלהיך תאכלנו שנה בשנה במקום אשר יבחר יהוה אתה וביתך
(276607, 2, 5);[40, 300, 10, 8, 10];משיחי;72550;(5, 16, 2, 7, 72550);במקום;5;(5, 16, 2, 30, 276607);וזבחת פסח ליהוה אלהיך צאן ובקר במקום אשר יבחר יהוה לשכן שמו שם
(276840, 2, 5);[40, 300, 10, 8, 10];משיחי;72616;(5, 16, 6, 4, 72616);המקום;5;(5, 16, 6, 11, 276840);כי אם אל המקום אשר יבחר יהוה אלהיך לשכן שמו שם תזבח את הפסח בערב כבוא השמש מועד צאתך ממצרים
(276916, 2, 5);[40, 300, 10, 8, 10];משיחי;72635;(5, 16, 7, 3, 72635);במקום;5;(5, 16, 7, 15, 276916);ובשלת ואכלת במקום אשר יבחר יהוה אלהיך בו ופנית בבקר והלכת לאהליך
(277186, 2, 5);[40, 300, 10, 8, 10];משיחי;72699;(5, 16, 11, 18, 72699);במקום;5;(5, 16, 11, 83, 277186);ושמחת לפני יהוה אלהיך אתה ובנך ובתך ועבדך ואמתך והלוי אשר בשעריך והגר והיתום והאלמנה אשר בקרבך במקום אשר יבחר יהוה אלהיך לשכן שמו שם
(277375, 2, 5);[40, 300, 10, 8, 10];משיחי;72744;(5, 16, 15, 6, 72744);במקום;5;(5, 16, 15, 26, 277375);שבעת ימים תחג ליהוה אלהיך במקום אשר יבחר יהוה כי יברכך יהוה אלהיך בכל תבואתך ובכל מעשה ידיך והיית אך שמח
(278315, 2, 5);[40, 300, 10, 8, 10];משיחי;73003;(5, 17, 8, 21, 73003);המקום;5;(5, 17, 8, 76, 278315);כי יפלא ממך דבר למשפט בין דם לדם בין דין לדין ובין נגע לנגע דברי ריבת בשעריך וקמת ועלית אל המקום אשר יבחר יהוה אלהיך בו
(279466, 2, 5);[40, 300, 10, 8, 10];משיחי;73315;(5, 18, 6, 17, 73315);המקום;5;(5, 18, 6, 57, 279466);וכי יבא הלוי מאחד שעריך מכל ישראל אשר הוא גר שם ובא בכל אות נפשו אל המקום אשר יבחר יהוה
(289133, 2, 5);[40, 300, 10, 8, 10];משיחי;75930;(5, 26, 2, 18, 75930);המקום;5;(5, 26, 2, 70, 289133);ולקחת מראשית כל פרי האדמה אשר תביא מארצך אשר יהוה אלהיך נתן לך ושמת בטנא והלכת אל המקום אשר יבחר יהוה אלהיך לשכן שמו שם
(302226, 2, 5);[40, 300, 10, 8, 10];משיחי;79292;(5, 32, 41, 12, 79292);אשלם;4;(5, 32, 41, 49, 302226);אם שנותי ברק חרבי ותאחז במשפט ידי אשיב נקם לצרי ולמשנאי אשלם
(256633, 8, 5);[40, 300, 10, 8, 10];משיחי;67423;(5, 4, 5, 17, 67423);שמה;2;(5, 4, 5, 66, 256633);ראה למדתי אתכם חקים ומשפטים כאשר צוני יהוה אלהי לעשות כן בקרב הארץ אשר אתם באים שמה לרשתה
(232767, 9, 5);[40, 300, 10, 8, 10];משיחי;61349;(4, 26, 38, 12, 61349);האחירמי;6;(4, 26, 38, 62, 232767);בני בנימן למשפחתם לבלע משפחת הבלעי לאשבל משפחת האשבלי לאחירם משפחת האחירמי
(112712, 10, 5);[40, 300, 10, 8, 10];משיחי;29837;(2, 24, 4, 13, 29837);ושתים;5;(2, 24, 4, 48, 112712);ויכתב משה את כל דברי יהוה וישכם בבקר ויבן מזבח תחת ההר ושתים עשרה מצבה לשנים עשר שבטי ישראל
(161764, 10, 5);[40, 300, 10, 8, 10];משיחי;42737;(3, 14, 10, 1, 42737);וביום;5;(3, 14, 10, 5, 161764);וביום השמיני יקח שני כבשים תמימים וכבשה אחת בת שנתה תמימה ושלשה עשרנים סלת מנחה בלולה בשמן ולג אחד שמן
(7819, 13, 5);[40, 300, 10, 8, 10];משיחי;2091;(1, 6, 20, 7, 2091);רמש;2;(1, 6, 20, 29, 7819);מהעוף למינהו ומן הבהמה למינה מכל רמש האדמה למינהו שנים מכל יבאו אליך להחיות
(149515, 14, 5);[40, 300, 10, 8, 10];משיחי;39442;(3, 7, 12, 18, 39442);מרבכת;1;(3, 7, 12, 72, 149515);אם על תודה יקריבנו והקריב על זבח התודה חלות מצות בלולת בשמן ורקיקי מצות משחים בשמן וסלת מרבכת חלת בלולת בשמן
(194331, 15, 5);[40, 300, 10, 8, 10];משיחי;51243;(4, 4, 31, 5, 51243);עבדתם;5;(4, 4, 31, 21, 194331);וזאת משמרת משאם לכל עבדתם באהל מועד קרשי המשכן ובריחיו ועמודיו ואדניו
(177862, 16, 5);[40, 300, 10, 8, 10];משיחי;47080;(3, 23, 33, 4, 47080);משה;1;(3, 23, 33, 12, 177862);וידבר יהוה אל משה לאמר
(82887, 18, 5);[40, 300, 10, 8, 10];משיחי;21866;(2, 4, 19, 1, 21866);ויאמר;4;(2, 4, 19, 4, 82887);ויאמר יהוה אל משה במדין לך שב מצרים כי מתו כל האנשים המבקשים את נפשך
(197004, 26, 5);[40, 300, 10, 8, 10];משיחי;51938;(4, 6, 1, 5, 51938);לאמר;3;(4, 6, 1, 17, 197004);וידבר יהוה אל משה לאמר
(100945, 28, 5);[40, 300, 10, 8, 10];משיחי;26618;(2, 15, 25, 11, 26618);המים;4;(2, 15, 25, 44, 100945);ויצעק אל יהוה ויורהו יהוה עץ וישלך אל המים וימתקו המים שם שם לו חק ומשפט ושם נסהו
(105405, 40, 5);[40, 300, 10, 8, 10];משיחי;27816;(2, 18, 23, 7, 27816);אלהים;5;(2, 18, 23, 24, 105405);אם את הדבר הזה תעשה וצוך אלהים ויכלת עמד וגם כל העם הזה על מקמו יבא בשלום
(11470, 45, 5);[40, 300, 10, 8, 10];משיחי;3086;(1, 9, 27, 2, 3086);אלהים;5;(1, 9, 27, 8, 11470);יפת אלהים ליפת וישכן באהלי שם ויהי כנען עבד למו
(250565, 47, 5);[40, 300, 10, 8, 10];משיחי;65850;(5, 1, 11, 10, 65850);אתכם;4;(5, 1, 11, 42, 250565);יהוה אלהי אבותכם יסף עליכם ככם אלף פעמים ויברך אתכם כאשר דבר לכם
(133130, 48, 5);[40, 300, 10, 8, 10];משיחי;35143;(2, 36, 7, 1, 35143);והמלאכה;3;(2, 36, 7, 3, 133130);והמלאכה היתה דים לכל המלאכה לעשות אתה והותר
(242714, 50, 5);[40, 300, 10, 8, 10];משיחי;63855;(4, 32, 14, 2, 63855);קמתם;2;(4, 32, 14, 6, 242714);והנה קמתם תחת אבתיכם תרבות אנשים חטאים לספות עוד על חרון אף יהוה אל ישראל
(60429, 51, 5);[40, 300, 10, 8, 10];משיחי;16047;(1, 41, 8, 10, 16047);מצרים;5;(1, 41, 8, 41, 60429);ויהי בבקר ותפעם רוחו וישלח ויקרא את כל חרטמי מצרים ואת כל חכמיה ויספר פרעה להם את חלמו ואין פותר אותם לפרעה
(112482, 51, 5);[40, 300, 10, 8, 10];משיחי;29776;(2, 24, 1, 2, 29776);משה;1;(2, 24, 1, 4, 112482);ואל משה אמר עלה אל יהוה אתה ואהרן נדב ואביהוא ושבעים מזקני ישראל והשתחויתם מרחק
(54325, 54, 5);[40, 300, 10, 8, 10];משיחי;14470;(1, 37, 6, 1, 14470);ויאמר;4;(1, 37, 6, 4, 54325);ויאמר אליהם שמעו נא החלום הזה אשר חלמתי
(9256, 55, 5);[40, 300, 10, 8, 10];משיחי;2483;(1, 8, 3, 2, 2483);המים;4;(1, 8, 3, 9, 9256);וישבו המים מעל הארץ הלוך ושוב ויחסרו המים מקצה חמשים ומאת יום
(126521, 56, 5);[40, 300, 10, 8, 10];משיחי;33361;(2, 32, 13, 16, 33361);השמים;3;(2, 32, 13, 68, 126521);זכר לאברהם ליצחק ולישראל עבדיך אשר נשבעת להם בך ותדבר אלהם ארבה את זרעכם ככוכבי השמים וכל הארץ הזאת אשר אמרתי אתן לזרעכם ונחלו לעלם
(201230, 59, 5);[40, 300, 10, 8, 10];משיחי;53054;(4, 7, 66, 8, 53054);עמישדי;2;(4, 7, 66, 30, 201230);ביום העשירי נשיא לבני דן אחיעזר בן עמישדי
(231959, 74, 5);[40, 300, 10, 8, 10];משיחי;61176;(4, 26, 20, 12, 61176);משפחת;1;(4, 26, 20, 53, 231959);ויהיו בני יהודה למשפחתם לשלה משפחת השלני לפרץ משפחת הפרצי לזרח משפחת הזרחי
(99822, 75, 5);[40, 300, 10, 8, 10];משיחי;26327;(2, 14, 30, 16, 26327);הים;3;(2, 14, 30, 58, 99822);ויושע יהוה ביום ההוא את ישראל מיד מצרים וירא ישראל את מצרים מת על שפת הים
(281527, 78, 5);[40, 300, 10, 8, 10];משיחי;73879;(5, 20, 1, 14, 73879);מהם;1;(5, 20, 1, 44, 281527);כי תצא למלחמה על איביך וראית סוס ורכב עם רב ממך לא תירא מהם כי יהוה אלהיך עמך המעלך מארץ מצרים
(65545, 81, 5);[40, 300, 10, 8, 10];משיחי;17388;(1, 43, 10, 3, 17388);התמהמהנו;5;(1, 43, 10, 11, 65545);כי לולא התמהמהנו כי עתה שבנו זה פעמים
(96765, 81, 5);[40, 300, 10, 8, 10];משיחי;25535;(2, 12, 51, 3, 25535);היום;4;(2, 12, 51, 12, 96765);ויהי בעצם היום הזה הוציא יהוה את בני ישראל מארץ מצרים על צבאתם
(230115, 81, 5);[40, 300, 10, 8, 10];משיחי;60718;(4, 24, 23, 7, 60718);משמו;1;(4, 24, 23, 23, 230115);וישא משלו ויאמר אוי מי יחיה משמו אל
(180525, 88, 5);[40, 300, 10, 8, 10];משיחי;47765;(3, 25, 19, 4, 47765);ואכלתם;6;(3, 25, 19, 19, 180525);ונתנה הארץ פריה ואכלתם לשבע וישבתם לבטח עליה
(726, 89, 5);[40, 300, 10, 8, 10];משיחי;186;(1, 1, 16, 2, 186);אלהים;5;(1, 1, 16, 9, 726);ויעש אלהים את שני המארת הגדלים את המאור הגדל לממשלת היום ואת המאור הקטן לממשלת הלילה ואת הכוכבים
(5496, 92, 5);[40, 300, 10, 8, 10];משיחי;1470;(1, 5, 2, 8, 1470);שמם;3;(1, 5, 2, 30, 5496);זכר ונקבה בראם ויברך אתם ויקרא את שמם אדם ביום הבראם
(245230, 92, 5);[40, 300, 10, 8, 10];משיחי;64467;(4, 33, 36, 2, 64467);מעציון;1;(4, 33, 36, 6, 245230);ויסעו מעציון גבר ויחנו במדבר צן הוא קדש
(98856, 94, 5);[40, 300, 10, 8, 10];משיחי;26082;(2, 14, 14, 3, 26082);לכם;3;(2, 14, 14, 11, 98856);יהוה ילחם לכם ואתם תחרישון
(26826, 98, 5);[40, 300, 10, 8, 10];משיחי;7160;(1, 21, 31, 4, 7160);למקום;5;(1, 21, 31, 12, 26826);על כן קרא למקום ההוא באר שבע כי שם נשבעו שניהם
(14661, 100, 5);[40, 300, 10, 8, 10];משיחי;3927;(1, 12, 10, 8, 3927);שם;2;(1, 12, 10, 31, 14661);ויהי רעב בארץ וירד אברם מצרימה לגור שם כי כבד הרעב בארץ
(144378, 1, 4);[40, 300, 10, 8];משיח;38052;(3, 4, 3, 3, 38052);המשיח;2;(3, 4, 3, 8, 144378);אם הכהן המשיח יחטא לאשמת העם והקריב על חטאתו אשר חטא פר בן בקר תמים ליהוה לחטאת
(144507, 1, 4);[40, 300, 10, 8];משיח;38089;(3, 4, 5, 3, 38089);המשיח;2;(3, 4, 5, 10, 144507);ולקח הכהן המשיח מדם הפר והביא אתו אל אהל מועד
(145158, 1, 4);[40, 300, 10, 8];משיח;38270;(3, 4, 16, 3, 38270);המשיח;2;(3, 4, 16, 11, 145158);והביא הכהן המשיח מדם הפר אל אהל מועד
(148597, 1, 4);[40, 300, 10, 8];משיח;39199;(3, 6, 15, 2, 39199);המשיח;2;(3, 6, 15, 7, 148597);והכהן המשיח תחתיו מבניו יעשה אתה חק עולם ליהוה כליל תקטר
(46869, 2, 4);[40, 300, 10, 8];משיח;12491;(1, 32, 8, 15, 12491);והגמלים;7;(1, 32, 8, 54, 46869);ויירא יעקב מאד ויצר לו ויחץ את העם אשר אתו ואת הצאן ואת הבקר והגמלים לשני מחנות
(102787, 2, 4);[40, 300, 10, 8];משיח;27107;(2, 16, 29, 12, 27107);ביום;4;(2, 16, 29, 36, 102787);ראו כי יהוה נתן לכם השבת על כן הוא נתן לכם ביום הששי לחם יומים שבו איש תחתיו אל יצא איש ממקמו ביום השביעי
(145575, 2, 4);[40, 300, 10, 8];משיח;38385;(3, 4, 24, 8, 38385);במקום;5;(3, 4, 24, 29, 145575);וסמך ידו על ראש השעיר ושחט אתו במקום אשר ישחט את העלה לפני יהוה חטאת הוא
(146097, 2, 4);[40, 300, 10, 8];משיח;38521;(3, 4, 33, 10, 38521);במקום;5;(3, 4, 33, 36, 146097);וסמך את ידו על ראש החטאת ושחט אתה לחטאת במקום אשר ישחט את העלה
(149003, 2, 4);[40, 300, 10, 8];משיח;39308;(3, 7, 2, 1, 39308);במקום;5;(3, 7, 2, 5, 149003);במקום אשר ישחטו את העלה ישחטו את האשם ואת דמו יזרק על המזבח סביב
(161966, 2, 4);[40, 300, 10, 8];משיח;42788;(3, 14, 13, 4, 42788);במקום;5;(3, 14, 13, 15, 161966);ושחט את הכבש במקום אשר ישחט את החטאת ואת העלה במקום הקדש כי כחטאת האשם הוא לכהן קדש קדשים הוא
(236206, 2, 4);[40, 300, 10, 8];משיח;62209;(4, 28, 21, 7, 62209);הכבשים;6;(4, 28, 21, 33, 236206);עשרון עשרון תעשה לכבש האחד לשבעת הכבשים
(238205, 2, 4);[40, 300, 10, 8];משיח;62673;(4, 29, 33, 7, 62673);כמשפטם;6;(4, 29, 33, 41, 238205);ומנחתם ונסכהם לפרים לאילם ולכבשים במספרם כמשפטם
(246930, 2, 4);[40, 300, 10, 8];משיח;64895;(4, 34, 17, 3, 64895);האנשים;6;(4, 34, 17, 13, 246930);אלה שמות האנשים אשר ינחלו לכם את הארץ אלעזר הכהן ויהושע בן נון
(270837, 2, 4);[40, 300, 10, 8];משיח;71046;(5, 12, 5, 4, 71046);המקום;5;(5, 12, 5, 11, 270837);כי אם אל המקום אשר יבחר יהוה אלהיכם מכל שבטיכם לשום את שמו שם לשכנו תדרשו ובאת שמה
(271205, 2, 4);[40, 300, 10, 8];משיח;71134;(5, 12, 11, 2, 71134);המקום;5;(5, 12, 11, 9, 271205);והיה המקום אשר יבחר יהוה אלהיכם בו לשכן שמו שם שמה תביאו את כל אשר אנכי מצוה אתכם עולתיכם וזבחיכם מעשרתיכם ותרמת ידכם וכל מבחר נדריכם אשר תדרו ליהוה
(271441, 2, 4);[40, 300, 10, 8];משיח;71191;(5, 12, 14, 3, 71191);במקום;5;(5, 12, 14, 9, 271441);כי אם במקום אשר יבחר יהוה באחד שבטיך שם תעלה עלתיך ושם תעשה כל אשר אנכי מצוך
(271707, 2, 4);[40, 300, 10, 8];משיח;71258;(5, 12, 18, 7, 71258);במקום;5;(5, 12, 18, 28, 271707);כי אם לפני יהוה אלהיך תאכלנו במקום אשר יבחר יהוה אלהיך בו אתה ובנך ובתך ועבדך ואמתך והלוי אשר בשעריך ושמחת לפני יהוה אלהיך בכל משלח ידך
(271911, 2, 4);[40, 300, 10, 8];משיח;71314;(5, 12, 21, 4, 71314);המקום;5;(5, 12, 21, 14, 271911);כי ירחק ממך המקום אשר יבחר יהוה אלהיך לשום שמו שם וזבחת מבקרך ומצאנך אשר נתן יהוה לך כאשר צויתך ואכלת בשעריך בכל אות נפשך
(272198, 2, 4);[40, 300, 10, 8];משיח;71390;(5, 12, 26, 10, 71390);המקום;5;(5, 12, 26, 36, 272198);רק קדשיך אשר יהיו לך ונדריך תשא ובאת אל המקום אשר יבחר יהוה
(274727, 2, 4);[40, 300, 10, 8];משיח;72048;(5, 14, 23, 5, 72048);במקום;5;(5, 14, 23, 23, 274727);ואכלת לפני יהוה אלהיך במקום אשר יבחר לשכן שמו שם מעשר דגנך תירשך ויצהרך ובכרת בקרך וצאנך למען תלמד ליראה את יהוה אלהיך כל הימים
(274847, 2, 4);[40, 300, 10, 8];משיח;72080;(5, 14, 24, 12, 72080);המקום;5;(5, 14, 24, 40, 274847);וכי ירבה ממך הדרך כי לא תוכל שאתו כי ירחק ממך המקום אשר יבחר יהוה אלהיך לשום שמו שם כי יברכך יהוה אלהיך
(274921, 2, 4);[40, 300, 10, 8];משיח;72099;(5, 14, 25, 8, 72099);המקום;5;(5, 14, 25, 33, 274921);ונתתה בכסף וצרת הכסף בידך והלכת אל המקום אשר יבחר יהוה אלהיך בו
(276381, 2, 4);[40, 300, 10, 8];משיח;72492;(5, 15, 20, 7, 72492);במקום;5;(5, 15, 20, 31, 276381);לפני יהוה אלהיך תאכלנו שנה בשנה במקום אשר יבחר יהוה אתה וביתך
(276607, 2, 4);[40, 300, 10, 8];משיח;72550;(5, 16, 2, 7, 72550);במקום;5;(5, 16, 2, 30, 276607);וזבחת פסח ליהוה אלהיך צאן ובקר במקום אשר יבחר יהוה לשכן שמו שם
(276840, 2, 4);[40, 300, 10, 8];משיח;72616;(5, 16, 6, 4, 72616);המקום;5;(5, 16, 6, 11, 276840);כי אם אל המקום אשר יבחר יהוה אלהיך לשכן שמו שם תזבח את הפסח בערב כבוא השמש מועד צאתך ממצרים
(276916, 2, 4);[40, 300, 10, 8];משיח;72635;(5, 16, 7, 3, 72635);במקום;5;(5, 16, 7, 15, 276916);ובשלת ואכלת במקום אשר יבחר יהוה אלהיך בו ופנית בבקר והלכת לאהליך
(277186, 2, 4);[40, 300, 10, 8];משיח;72699;(5, 16, 11, 18, 72699);במקום;5;(5, 16, 11, 83, 277186);ושמחת לפני יהוה אלהיך אתה ובנך ובתך ועבדך ואמתך והלוי אשר בשעריך והגר והיתום והאלמנה אשר בקרבך במקום אשר יבחר יהוה אלהיך לשכן שמו שם
(277375, 2, 4);[40, 300, 10, 8];משיח;72744;(5, 16, 15, 6, 72744);במקום;5;(5, 16, 15, 26, 277375);שבעת ימים תחג ליהוה אלהיך במקום אשר יבחר יהוה כי יברכך יהוה אלהיך בכל תבואתך ובכל מעשה ידיך והיית אך שמח
(277476, 2, 4);[40, 300, 10, 8];משיח;72770;(5, 16, 16, 11, 72770);במקום;5;(5, 16, 16, 43, 277476);שלוש פעמים בשנה יראה כל זכורך את פני יהוה אלהיך במקום אשר יבחר בחג המצות ובחג השבעות ובחג הסכות ולא יראה את פני יהוה ריקם
(278315, 2, 4);[40, 300, 10, 8];משיח;73003;(5, 17, 8, 21, 73003);המקום;5;(5, 17, 8, 76, 278315);כי יפלא ממך דבר למשפט בין דם לדם בין דין לדין ובין נגע לנגע דברי ריבת בשעריך וקמת ועלית אל המקום אשר יבחר יהוה אלהיך בו
(279466, 2, 4);[40, 300, 10, 8];משיח;73315;(5, 18, 6, 17, 73315);המקום;5;(5, 18, 6, 57, 279466);וכי יבא הלוי מאחד שעריך מכל ישראל אשר הוא גר שם ובא בכל אות נפשו אל המקום אשר יבחר יהוה
(286342, 2, 4);[40, 300, 10, 8];משיח;75184;(5, 23, 17, 4, 75184);במקום;5;(5, 23, 17, 16, 286342);עמך ישב בקרבך במקום אשר יבחר באחד שעריך בטוב לו לא תוננו
(289133, 2, 4);[40, 300, 10, 8];משיח;75930;(5, 26, 2, 18, 75930);המקום;5;(5, 26, 2, 70, 289133);ולקחת מראשית כל פרי האדמה אשר תביא מארצך אשר יהוה אלהיך נתן לך ושמת בטנא והלכת אל המקום אשר יבחר יהוה אלהיך לשכן שמו שם
(299063, 2, 4);[40, 300, 10, 8];משיח;78473;(5, 31, 11, 9, 78473);במקום;5;(5, 31, 11, 35, 299063);בבוא כל ישראל לראות את פני יהוה אלהיך במקום אשר יבחר תקרא את התורה הזאת נגד כל ישראל באזניהם
(302226, 2, 4);[40, 300, 10, 8];משיח;79292;(5, 32, 41, 12, 79292);אשלם;4;(5, 32, 41, 49, 302226);אם שנותי ברק חרבי ותאחז במשפט ידי אשיב נקם לצרי ולמשנאי אשלם
(123925, 4, 4);[40, 300, 10, 8];משיח;32678;(2, 30, 17, 5, 32678);לאמר;3;(2, 30, 17, 17, 123925);וידבר יהוה אל משה לאמר
(178398, 4, 4);[40, 300, 10, 8];משיח;47211;(3, 23, 41, 10, 47211);לדרתיכם;7;(3, 23, 41, 41, 178398);וחגתם אתו חג ליהוה שבעת ימים בשנה חקת עולם לדרתיכם בחדש השביעי תחגו אתו
(21138, 5, 4);[40, 300, 10, 8];משיח;5650;(1, 18, 14, 4, 5650);למועד;2;(1, 18, 14, 15, 21138);היפלא מיהוה דבר למועד אשוב אליך כעת חיה ולשרה בן
(28363, 5, 4);[40, 300, 10, 8];משיח;7569;(1, 23, 1, 6, 7569);ועשרים;6;(1, 23, 1, 23, 28363);ויהיו חיי שרה מאה שנה ועשרים שנה ושבע שנים שני חיי שרה
(61350, 5, 4);[40, 300, 10, 8];משיח;16282;(1, 41, 26, 8, 16282);השבלים;6;(1, 41, 26, 30, 61350);שבע פרת הטבת שבע שנים הנה ושבע השבלים הטבת שבע שנים הנה חלום אחד הוא
(61526, 5, 4);[40, 300, 10, 8];משיח;16328;(1, 41, 29, 9, 16328);מצרים;5;(1, 41, 29, 32, 61526);הנה שבע שנים באות שבע גדול בכל ארץ מצרים
(99093, 5, 4);[40, 300, 10, 8];משיח;26141;(2, 14, 19, 6, 26141);מחנה;1;(2, 14, 19, 23, 99093);ויסע מלאך האלהים ההלך לפני מחנה ישראל וילך מאחריהם ויסע עמוד הענן מפניהם ויעמד מאחריהם
(120246, 6, 4);[40, 300, 10, 8];משיח;31720;(2, 28, 38, 15, 31720);מתנת;1;(2, 28, 38, 53, 120246);והיה על מצח אהרן ונשא אהרן את עון הקדשים אשר יקדישו בני ישראל לכל מתנת קדשיהם והיה על מצחו תמיד לרצון להם לפני יהוה
(215367, 6, 4);[40, 300, 10, 8];משיח;56767;(4, 16, 2, 3, 56767);משה;1;(4, 16, 2, 10, 215367);ויקמו לפני משה ואנשים מבני ישראל חמשים ומאתים נשיאי עדה קראי מועד אנשי שם
(254884, 6, 4);[40, 300, 10, 8];משיח;66967;(5, 3, 6, 2, 66967);אותם;4;(5, 3, 6, 9, 254884);ונחרם אותם כאשר עשינו לסיחן מלך חשבון החרם כל עיר מתם הנשים והטף
(38513, 7, 4);[40, 300, 10, 8];משיח;10238;(1, 27, 45, 13, 10238);משם;1;(1, 27, 45, 43, 38513);עד שוב אף אחיך ממך ושכח את אשר עשית לו ושלחתי ולקחתיך משם למה אשכל גם שניכם יום אחד
(238195, 7, 4);[40, 300, 10, 8];משיח;62672;(4, 29, 33, 6, 62672);במספרם;2;(4, 29, 33, 31, 238195);ומנחתם ונסכהם לפרים לאילם ולכבשים במספרם כמשפטם
(13936, 8, 4);[40, 300, 10, 8];משיח;3732;(1, 11, 29, 4, 3732);להם;3;(1, 11, 29, 16, 13936);ויקח אברם ונחור להם נשים שם אשת אברם שרי ושם אשת נחור מלכה בת הרן אבי מלכה ואבי יסכה
(48570, 8, 4);[40, 300, 10, 8];משיח;12935;(1, 33, 8, 5, 12935);המחנה;2;(1, 33, 8, 13, 48570);ויאמר מי לך כל המחנה הזה אשר פגשתי ויאמר למצא חן בעיני אדני
(167836, 8, 4);[40, 300, 10, 8];משיח;44375;(3, 16, 32, 4, 44375);ימשח;2;(3, 16, 32, 13, 167836);וכפר הכהן אשר ימשח אתו ואשר ימלא את ידו לכהן תחת אביו ולבש את בגדי הבד בגדי הקדש
(227560, 8, 4);[40, 300, 10, 8];משיח;60028;(4, 22, 40, 6, 60028);לבלעם;5;(4, 22, 40, 25, 227560);ויזבח בלק בקר וצאן וישלח לבלעם ולשרים אשר אתו
(256633, 8, 4);[40, 300, 10, 8];משיח;67423;(5, 4, 5, 17, 67423);שמה;2;(5, 4, 5, 66, 256633);ראה למדתי אתכם חקים ומשפטים כאשר צוני יהוה אלהי לעשות כן בקרב הארץ אשר אתם באים שמה לרשתה
(7399, 9, 4);[40, 300, 10, 8];משיח;1977;(1, 6, 13, 2, 1977);אלהים;5;(1, 6, 13, 10, 7399);ויאמר אלהים לנח קץ כל בשר בא לפני כי מלאה הארץ חמס מפניהם והנני משחיתם את הארץ
(38127, 9, 4);[40, 300, 10, 8];משיח;10133;(1, 27, 38, 11, 10133);גם;2;(1, 27, 38, 37, 38127);ויאמר עשו אל אביו הברכה אחת הוא לך אבי ברכני גם אני אבי וישא עשו קלו ויבך
(74799, 9, 4);[40, 300, 10, 8];משיח;19754;(1, 48, 16, 8, 19754);הנערים;6;(1, 48, 16, 29, 74799);המלאך הגאל אתי מכל רע יברך את הנערים ויקרא בהם שמי ושם אבתי אברהם ויצחק וידגו לרב בקרב הארץ
(183806, 9, 4);[40, 300, 10, 8];משיח;48597;(3, 26, 31, 5, 48597);והשמותי;4;(3, 26, 31, 20, 183806);ונתתי את עריכם חרבה והשמותי את מקדשיכם ולא אריח בריח ניחחכם
(186464, 9, 4);[40, 300, 10, 8];משיח;49292;(4, 1, 1, 17, 49292);לאמר;3;(4, 1, 1, 69, 186464);וידבר יהוה אל משה במדבר סיני באהל מועד באחד לחדש השני בשנה השנית לצאתם מארץ מצרים לאמר
(221454, 9, 4);[40, 300, 10, 8];משיח;58381;(4, 19, 15, 9, 58381);טמא;2;(4, 19, 15, 30, 221454);וכל כלי פתוח אשר אין צמיד פתיל עליו טמא הוא
(232767, 9, 4);[40, 300, 10, 8];משיח;61349;(4, 26, 38, 12, 61349);האחירמי;6;(4, 26, 38, 62, 232767);בני בנימן למשפחתם לבלע משפחת הבלעי לאשבל משפחת האשבלי לאחירם משפחת האחירמי
(13283, 10, 4);[40, 300, 10, 8];משיח;3562;(1, 11, 13, 8, 3562);שנים;4;(1, 11, 13, 32, 13283);ויחי ארפכשד אחרי הולידו את שלח שלש שנים וארבע מאות שנה ויולד בנים ובנות
(112712, 10, 4);[40, 300, 10, 8];משיח;29837;(2, 24, 4, 13, 29837);ושתים;5;(2, 24, 4, 48, 112712);ויכתב משה את כל דברי יהוה וישכם בבקר ויבן מזבח תחת ההר ושתים עשרה מצבה לשנים עשר שבטי ישראל
(123673, 10, 4);[40, 300, 10, 8];משיח;32615;(2, 30, 13, 7, 32615);מחצית;1;(2, 30, 13, 21, 123673);זה יתנו כל העבר על הפקדים מחצית השקל בשקל הקדש עשרים גרה השקל מחצית השקל תרומה ליהוה
(161764, 10, 4);[40, 300, 10, 8];משיח;42737;(3, 14, 10, 1, 42737);וביום;5;(3, 14, 10, 5, 161764);וביום השמיני יקח שני כבשים תמימים וכבשה אחת בת שנתה תמימה ושלשה עשרנים סלת מנחה בלולה בשמן ולג אחד שמן
(267465, 10, 4);[40, 300, 10, 8];משיח;70183;(5, 10, 3, 9, 70183);כראשנים;7;(5, 10, 3, 38, 267465);ואעש ארון עצי שטים ואפסל שני לחת אבנים כראשנים ואעל ההרה ושני הלחת בידי
(9884, 11, 4);[40, 300, 10, 8];משיח;2651;(1, 8, 16, 2, 2651);מן;1;(1, 8, 16, 3, 9884);צא מן התבה אתה ואשתך ובניך ונשי בניך אתך
(265720, 11, 4);[40, 300, 10, 8];משיח;69738;(5, 9, 5, 19, 69738);הקים;4;(5, 9, 5, 77, 265720);לא בצדקתך ובישר לבבך אתה בא לרשת את ארצם כי ברשעת הגוים האלה יהוה אלהיך מורישם מפניך ולמען הקים את הדבר אשר נשבע יהוה לאבתיך לאברהם ליצחק וליעקב
(48519, 12, 4);[40, 300, 10, 8];משיח;12922;(1, 33, 7, 2, 12922);גם;2;(1, 33, 7, 6, 48519);ותגש גם לאה וילדיה וישתחוו ואחר נגש יוסף ורחל וישתחוו
(99284, 12, 4);[40, 300, 10, 8];משיח;26191;(2, 14, 21, 21, 26191);המים;2;(2, 14, 21, 70, 99284);ויט משה את ידו על הים ויולך יהוה את הים ברוח קדים עזה כל הלילה וישם את הים לחרבה ויבקעו המים
(125882, 12, 4);[40, 300, 10, 8];משיח;33199;(2, 32, 3, 3, 33199);העם;3;(2, 32, 3, 12, 125882);ויתפרקו כל העם את נזמי הזהב אשר באזניהם ויביאו אל אהרן
(132040, 12, 4);[40, 300, 10, 8];משיח;34866;(2, 35, 23, 14, 34866);מאדמים;1;(2, 35, 23, 52, 132040);וכל איש אשר נמצא אתו תכלת וארגמן ותולעת שני ושש ועזים וערת אילם מאדמים וערת תחשים הביאו
(7819, 13, 4);[40, 300, 10, 8];משיח;2091;(1, 6, 20, 7, 2091);רמש;2;(1, 6, 20, 29, 7819);מהעוף למינהו ומן הבהמה למינה מכל רמש האדמה למינהו שנים מכל יבאו אליך להחיות
(27093, 13, 4);[40, 300, 10, 8];משיח;7231;(1, 22, 2, 22, 7231);ההרים;5;(1, 22, 2, 71, 27093);ויאמר קח נא את בנך את יחידך אשר אהבת את יצחק ולך לך אל ארץ המריה והעלהו שם לעלה על אחד ההרים אשר אמר אליך
(98040, 13, 4);[40, 300, 10, 8];משיח;25870;(2, 13, 22, 10, 25870);העם;3;(2, 13, 22, 37, 98040);לא ימיש עמוד הענן יומם ועמוד האש לילה לפני העם
(197662, 13, 4);[40, 300, 10, 8];משיח;52120;(4, 6, 14, 8, 52120);תמים;2;(4, 6, 14, 29, 197662);והקריב את קרבנו ליהוה כבש בן שנתו תמים אחד לעלה וכבשה אחת בת שנתה תמימה לחטאת ואיל אחד תמים לשלמים
(6023, 14, 4);[40, 300, 10, 8];משיח;1609;(1, 5, 15, 2, 1609);מהללאל;1;(1, 5, 15, 5, 6023);ויחי מהללאל חמש שנים וששים שנה ויולד את ירד
(35363, 14, 4);[40, 300, 10, 8];משיח;9405;(1, 26, 18, 16, 9405);אברהם;5;(1, 26, 18, 68, 35363);וישב יצחק ויחפר את בארת המים אשר חפרו בימי אברהם אביו ויסתמום פלשתים אחרי מות אברהם ויקרא להן שמות כשמת אשר קרא להן אביו
(128042, 14, 4);[40, 300, 10, 8];משיח;33777;(2, 33, 5, 21, 33777);מעליך;1;(2, 33, 5, 73, 128042);ויאמר יהוה אל משה אמר אל בני ישראל אתם עם קשה ערף רגע אחד אעלה בקרבך וכליתיך ועתה הורד עדיך מעליך ואדעה מה אעשה לך
(149515, 14, 4);[40, 300, 10, 8];משיח;39442;(3, 7, 12, 18, 39442);מרבכת;1;(3, 7, 12, 72, 149515);אם על תודה יקריבנו והקריב על זבח התודה חלות מצות בלולת בשמן ורקיקי מצות משחים בשמן וסלת מרבכת חלת בלולת בשמן
(205855, 14, 4);[40, 300, 10, 8];משיח;54246;(4, 10, 17, 2, 54246);המשכן;2;(4, 10, 17, 7, 205855);והורד המשכן ונסעו בני גרשון ובני מררי נשאי המשכן
(252034, 14, 4);[40, 300, 10, 8];משיח;66214;(5, 1, 37, 7, 66214);גם;2;(5, 1, 37, 25, 252034);גם בי התאנף יהוה בגללכם לאמר גם אתה לא תבא שם
(259157, 14, 4);[40, 300, 10, 8];משיח;68070;(5, 4, 43, 14, 68070);למנשי;2;(5, 4, 43, 55, 259157);את בצר במדבר בארץ המישר לראובני ואת ראמת בגלעד לגדי ואת גולן בבשן למנשי
(187363, 15, 4);[40, 300, 10, 8];משיח;49507;(4, 1, 25, 4, 49507);חמשה;2;(4, 1, 25, 14, 187363);פקדיהם למטה גד חמשה וארבעים אלף ושש מאות וחמשים
(194331, 15, 4);[40, 300, 10, 8];משיח;51243;(4, 4, 31, 5, 51243);עבדתם;5;(4, 4, 31, 21, 194331);וזאת משמרת משאם לכל עבדתם באהל מועד קרשי המשכן ובריחיו ועמודיו ואדניו
(244262, 15, 4);[40, 300, 10, 8];משיח;64250;(4, 33, 2, 11, 64250);למוצאיהם;8;(4, 33, 2, 50, 244262);ויכתב משה את מוצאיהם למסעיהם על פי יהוה ואלה מסעיהם למוצאיהם
(164073, 16, 4);[40, 300, 10, 8];משיח;43363;(3, 14, 51, 18, 43363);ובמים;5;(3, 14, 51, 67, 164073);ולקח את עץ הארז ואת האזב ואת שני התולעת ואת הצפר החיה וטבל אתם בדם הצפר השחוטה ובמים החיים והזה אל הבית שבע פעמים
(164503, 16, 4);[40, 300, 10, 8];משיח;43474;(3, 15, 5, 8, 43474);במים;2;(3, 15, 5, 31, 164503);ואיש אשר יגע במשכבו יכבס בגדיו ורחץ במים וטמא עד הערב
(177862, 16, 4);[40, 300, 10, 8];משיח;47080;(3, 23, 33, 4, 47080);משה;1;(3, 23, 33, 12, 177862);וידבר יהוה אל משה לאמר
(301815, 16, 4);[40, 300, 10, 8];משיח;79183;(5, 32, 31, 6, 79183);פלילים;6;(5, 32, 31, 27, 301815);כי לא כצורנו צורם ואיבינו פלילים
(96946, 17, 4);[40, 300, 10, 8];משיח;25586;(2, 13, 3, 23, 25586);חמץ;2;(2, 13, 3, 82, 96946);ויאמר משה אל העם זכור את היום הזה אשר יצאתם ממצרים מבית עבדים כי בחזק יד הוציא יהוה אתכם מזה ולא יאכל חמץ
(193005, 17, 4);[40, 300, 10, 8];משיח;50888;(4, 4, 7, 18, 50888);ולחם;4;(4, 4, 7, 71, 193005);ועל שלחן הפנים יפרשו בגד תכלת ונתנו עליו את הקערת ואת הכפת ואת המנקית ואת קשות הנסך ולחם התמיד עליו יהיה
(285506, 17, 4);[40, 300, 10, 8];משיח;74952;(5, 22, 28, 11, 74952);עמה;2;(5, 22, 28, 37, 285506);כי ימצא איש נער  בתולה אשר לא ארשה ותפשה ושכב עמה ונמצאו
(63804, 18, 4);[40, 300, 10, 8];משיח;16939;(1, 42, 18, 1, 16939);ויאמר;4;(1, 42, 18, 4, 63804);ויאמר אלהם יוסף ביום השלישי זאת עשו וחיו את האלהים אני ירא
(82887, 18, 4);[40, 300, 10, 8];משיח;21866;(2, 4, 19, 1, 21866);ויאמר;4;(2, 4, 19, 4, 82887);ויאמר יהוה אל משה במדין לך שב מצרים כי מתו כל האנשים המבקשים את נפשך
(89811, 18, 4);[40, 300, 10, 8];משיח;23658;(2, 9, 5, 1, 23658);וישם;4;(2, 9, 5, 4, 89811);וישם יהוה מועד לאמר מחר יעשה יהוה הדבר הזה בארץ
(124212, 18, 4);[40, 300, 10, 8];משיח;32751;(2, 30, 23, 16, 32751);בשם;3;(2, 30, 23, 61, 124212);ואתה קח לך בשמים ראש מר דרור חמש מאות וקנמן בשם מחציתו חמשים ומאתים וקנה בשם חמשים ומאתים
(84605, 19, 4);[40, 300, 10, 8];משיח;22315;(2, 5, 21, 2, 22315);אלהם;4;(2, 5, 21, 10, 84605);ויאמרו אלהם ירא יהוה עליכם וישפט אשר הבאשתם את ריחנו בעיני פרעה ובעיני עבדיו לתת חרב בידם להרגנו
(233528, 19, 4);[40, 300, 10, 8];משיח;61519;(4, 26, 58, 2, 61519);משפחת;1;(4, 26, 58, 4, 233528);אלה משפחת לוי משפחת הלבני משפחת החברני משפחת המחלי משפחת המושי משפחת הקרחי וקהת הולד את עמרם
(245407, 19, 4);[40, 300, 10, 8];משיח;64513;(4, 33, 40, 1, 64513);וישמע;4;(4, 33, 40, 4, 245407);וישמע הכנעני מלך ערד והוא ישב בנגב בארץ כנען בבא בני ישראל
(3257, 20, 4);[40, 300, 10, 8];משיח;855;(1, 3, 7, 6, 855);עירמם;4;(1, 3, 7, 27, 3257);ותפקחנה עיני שניהם וידעו כי עירמם הם ויתפרו עלה תאנה ויעשו להם חגרת
(84599, 21, 4);[40, 300, 10, 8];משיח;22314;(2, 5, 21, 1, 22314);ויאמרו;4;(2, 5, 21, 4, 84599);ויאמרו אלהם ירא יהוה עליכם וישפט אשר הבאשתם את ריחנו בעיני פרעה ובעיני עבדיו לתת חרב בידם להרגנו
(187897, 21, 4);[40, 300, 10, 8];משיח;49630;(4, 1, 36, 3, 49630);תולדתם;6;(4, 1, 36, 15, 187897);לבני בנימן תולדתם למשפחתם לבית אבתם במספר שמת מבן עשרים שנה ומעלה כל יצא צבא
(232276, 21, 4);[40, 300, 10, 8];משיח;61242;(4, 26, 28, 3, 61242);למשפחתם;2;(4, 26, 28, 9, 232276);בני יוסף למשפחתם מנשה ואפרים
(278372, 21, 4);[40, 300, 10, 8];משיח;73018;(5, 17, 9, 10, 73018);ההם;3;(5, 17, 9, 39, 278372);ובאת אל הכהנים הלוים ואל השפט אשר יהיה בימים ההם ודרשת והגידו לך את דבר המשפט
(110455, 22, 4);[40, 300, 10, 8];משיח;29232;(2, 22, 16, 1, 29232);אם;2;(2, 22, 16, 2, 110455);אם מאן ימאן אביה לתתה לו כסף ישקל כמהר הבתולת
(30887, 23, 4);[40, 300, 10, 8];משיח;8252;(1, 24, 30, 15, 8252);לאמר;3;(1, 24, 30, 55, 30887);ויהי כראת את הנזם ואת הצמדים על ידי אחתו וכשמעו את דברי רבקה אחתו לאמר כה דבר אלי האיש ויבא אל האיש והנה עמד על הגמלים על העין
(50396, 23, 4);[40, 300, 10, 8];משיח;13431;(1, 34, 25, 2, 13431);ביום;4;(1, 34, 25, 8, 50396);ויהי ביום השלישי בהיותם כאבים ויקחו שני בני יעקב שמעון ולוי אחי דינה איש חרבו ויבאו על העיר בטח ויהרגו כל זכר
(109611, 23, 4);[40, 300, 10, 8];משיח;28985;(2, 21, 36, 7, 28985);מתמול;1;(2, 21, 36, 18, 109611);או נודע כי שור נגח הוא מתמול שלשם ולא ישמרנו בעליו שלם ישלם שור תחת השור והמת יהיה לו
(14519, 24, 4);[40, 300, 10, 8];משיח;3891;(1, 12, 7, 13, 3891);מזבח;1;(1, 12, 7, 44, 14519);וירא יהוה אל אברם ויאמר לזרעך אתן את הארץ הזאת ויבן שם מזבח ליהוה הנראה אליו
(140570, 24, 4);[40, 300, 10, 8];משיח;37045;(2, 40, 15, 12, 37045);משחתם;1;(2, 40, 15, 43, 140570);ומשחת אתם כאשר משחת את אביהם וכהנו לי והיתה להית להם משחתם לכהנת עולם לדרתם
(109613, 25, 4);[40, 300, 10, 8];משיח;28985;(2, 21, 36, 7, 28985);מתמול;3;(2, 21, 36, 20, 109613);או נודע כי שור נגח הוא מתמול שלשם ולא ישמרנו בעליו שלם ישלם שור תחת השור והמת יהיה לו
(258873, 25, 4);[40, 300, 10, 8];משיח;67993;(5, 4, 39, 10, 67993);בשמים;3;(5, 4, 39, 38, 258873);וידעת היום והשבת אל לבבך כי יהוה הוא האלהים בשמים ממעל ועל הארץ מתחת אין עוד
(271222, 25, 4);[40, 300, 10, 8];משיח;71138;(5, 12, 11, 6, 71138);אלהיכם;6;(5, 12, 11, 26, 271222);והיה המקום אשר יבחר יהוה אלהיכם בו לשכן שמו שם שמה תביאו את כל אשר אנכי מצוה אתכם עולתיכם וזבחיכם מעשרתיכם ותרמת ידכם וכל מבחר נדריכם אשר תדרו ליהוה
(197004, 26, 4);[40, 300, 10, 8];משיח;51938;(4, 6, 1, 5, 51938);לאמר;3;(4, 6, 1, 17, 197004);וידבר יהוה אל משה לאמר
(241175, 26, 4);[40, 300, 10, 8];משיח;63459;(4, 31, 36, 15, 63459);וחמש;3;(4, 31, 36, 62, 241175);ותהי המחצה חלק היצאים בצבא מספר הצאן שלש מאות אלף ושלשים אלף ושבעת אלפים וחמש מאות
(253599, 26, 4);[40, 300, 10, 8];משיח;66629;(5, 2, 21, 8, 66629);מפניהם;1;(5, 2, 21, 30, 253599);עם גדול ורב ורם כענקים וישמידם יהוה מפניהם ויירשם וישבו תחתם
(213688, 27, 4);[40, 300, 10, 8];משיח;56329;(4, 15, 8, 11, 56329);שלמים;5;(4, 15, 8, 34, 213688);וכי תעשה בן בקר עלה או זבח לפלא נדר או שלמים ליהוה
(226925, 27, 4);[40, 300, 10, 8];משיח;59856;(4, 22, 30, 11, 59856);מעודך;1;(4, 22, 30, 39, 226925);ותאמר האתון אל בלעם הלוא אנכי אתנך אשר רכבת עלי מעודך עד היום הזה ההסכן הסכנתי לעשות לך כה ויאמר לא
(237145, 27, 4);[40, 300, 10, 8];משיח;62437;(4, 29, 11, 7, 62437);הכפרים;6;(4, 29, 11, 29, 237145);שעיר עזים אחד חטאת מלבד חטאת הכפרים ועלת התמיד ומנחתה ונסכיהם
(100945, 28, 4);[40, 300, 10, 8];משיח;26618;(2, 15, 25, 11, 26618);המים;4;(2, 15, 25, 44, 100945);ויצעק אל יהוה ויורהו יהוה עץ וישלך אל המים וימתקו המים שם שם לו חק ומשפט ושם נסהו
(103790, 28, 4);[40, 300, 10, 8];משיח;27374;(2, 17, 10, 9, 27374);ומשה;2;(2, 17, 10, 33, 103790);ויעש יהושע כאשר אמר לו משה להלחם בעמלק ומשה אהרן וחור עלו ראש הגבעה
(130299, 29, 4);[40, 300, 10, 8];משיח;34391;(2, 34, 24, 3, 34391);גוים;4;(2, 34, 24, 11, 130299);כי אוריש גוים מפניך והרחבתי את גבולך ולא יחמד איש את ארצך בעלתך לראות את פני יהוה אלהיך שלש פעמים בשנה
(18822, 30, 4);[40, 300, 10, 8];משיח;5044;(1, 16, 11, 1, 5044);ויאמר;4;(1, 16, 11, 4, 18822);ויאמר לה מלאך יהוה הנך הרה וילדת בן וקראת שמו ישמעאל כי שמע יהוה אל עניך
(63041, 30, 4);[40, 300, 10, 8];משיח;16740;(1, 42, 2, 1, 16740);ויאמר;4;(1, 42, 2, 4, 63041);ויאמר הנה שמעתי כי יש שבר במצרים רדו שמה ושברו לנו משם ונחיה ולא נמות
(65686, 30, 4);[40, 300, 10, 8];משיח;17424;(1, 43, 12, 7, 17424);המושב;2;(1, 43, 12, 25, 65686);וכסף משנה קחו בידכם ואת הכסף המושב בפי אמתחתיכם תשיבו בידכם אולי משגה הוא
(132863, 30, 4);[40, 300, 10, 8];משיח;35076;(2, 36, 3, 2, 35076);מלפני;1;(2, 36, 3, 6, 132863);ויקחו מלפני משה את כל התרומה אשר הביאו בני ישראל למלאכת עבדת הקדש לעשת אתה והם הביאו אליו עוד נדבה בבקר בבקר
(149717, 30, 4);[40, 300, 10, 8];משיח;39495;(3, 7, 16, 14, 39495);ממנו;1;(3, 7, 16, 53, 149717);ואם נדר או נדבה זבח קרבנו ביום הקריבו את זבחו יאכל וממחרת והנותר ממנו יאכל
(239547, 30, 4);[40, 300, 10, 8];משיח;63032;(4, 31, 4, 6, 63032);מטות;1;(4, 31, 4, 18, 239547);אלף למטה אלף למטה לכל מטות ישראל תשלחו לצבא
(162503, 31, 4);[40, 300, 10, 8];משיח;42931;(3, 14, 21, 19, 42931);למנחה;2;(3, 14, 21, 68, 162503);ואם דל הוא ואין ידו משגת ולקח כבש אחד אשם לתנופה לכפר עליו ועשרון סלת אחד בלול בשמן למנחה ולג שמן
(232959, 31, 4);[40, 300, 10, 8];משיח;61390;(4, 26, 43, 4, 61390);לפקדיהם;7;(4, 26, 43, 20, 232959);כל משפחת השוחמי לפקדיהם ארבעה וששים אלף וארבע מאות
(238118, 31, 4);[40, 300, 10, 8];משיח;62655;(4, 29, 32, 1, 62655);וביום;5;(4, 29, 32, 5, 238118);וביום השביעי פרים שבעה אילם שנים כבשים בני שנה ארבעה עשר תמימם
(39618, 32, 4);[40, 300, 10, 8];משיח;10535;(1, 28, 19, 3, 10535);שם;2;(1, 28, 19, 9, 39618);ויקרא את שם המקום ההוא בית אל ואולם לוז שם העיר לראשנה
(82551, 32, 4);[40, 300, 10, 8];משיח;21773;(2, 4, 13, 1, 21773);ויאמר;4;(2, 4, 13, 4, 82551);ויאמר בי אדני שלח נא ביד תשלח
(50349, 33, 4);[40, 300, 10, 8];משיח;13417;(1, 34, 24, 5, 13417);שכם;3;(1, 34, 24, 18, 50349);וישמעו אל חמור ואל שכם בנו כל יצאי שער עירו וימלו כל זכר כל יצאי שער עירו
(65974, 33, 4);[40, 300, 10, 8];משיח;17494;(1, 43, 16, 21, 17494);בצהרים;6;(1, 43, 16, 83, 65974);וירא יוסף אתם את בנימין ויאמר לאשר על ביתו הבא את האנשים הביתה וטבח טבח והכן כי אתי יאכלו האנשים בצהרים
(78780, 33, 4);[40, 300, 10, 8];משיח;20793;(2, 1, 17, 14, 20793);הילדים;6;(2, 1, 17, 60, 78780);ותיראן המילדת את האלהים ולא עשו כאשר דבר אליהן מלך מצרים ותחיין את הילדים
(118058, 33, 4);[40, 300, 10, 8];משיח;31152;(2, 27, 18, 6, 31152);חמשים;5;(2, 27, 18, 23, 118058);ארך החצר מאה באמה ורחב חמשים בחמשים וקמה חמש אמות שש משזר ואדניהם נחשת
(163516, 33, 4);[40, 300, 10, 8];משיח;43208;(3, 14, 40, 16, 43208);טמא;2;(3, 14, 40, 60, 163516);וצוה הכהן וחלצו את האבנים אשר בהן הנגע והשליכו אתהן אל מחוץ לעיר אל מקום טמא
(181489, 33, 4);[40, 300, 10, 8];משיח;48025;(3, 25, 39, 2, 48025);ימוך;2;(3, 25, 39, 5, 181489);וכי ימוך אחיך עמך ונמכר לך לא תעבד בו עבדת עבד
(143040, 34, 4);[40, 300, 10, 8];משיח;37696;(3, 2, 10, 7, 37696);קדשים;5;(3, 2, 10, 33, 143040);והנותרת מן המנחה לאהרן ולבניו קדש קדשים מאשי יהוה
(228866, 34, 4);[40, 300, 10, 8];משיח;60390;(4, 23, 27, 9, 60390);מקום;1;(4, 23, 27, 26, 228866);ויאמר בלק אל בלעם לכה נא אקחך אל מקום אחר אולי יישר בעיני האלהים וקבתו לי משם
(261760, 34, 4);[40, 300, 10, 8];משיח;68744;(5, 6, 10, 16, 68744);ערים;4;(5, 6, 10, 65, 261760);והיה כי יביאך יהוה אלהיך אל הארץ אשר נשבע לאבתיך לאברהם ליצחק וליעקב לתת לך ערים גדלת וטבת אשר לא בנית
(82456, 35, 4);[40, 300, 10, 8];משיח;21744;(2, 4, 11, 1, 21744);ויאמר;4;(2, 4, 11, 4, 82456);ויאמר יהוה אליו מי שם פה לאדם או מי ישום אלם או חרש או פקח או עור הלא אנכי יהוה
(193382, 35, 4);[40, 300, 10, 8];משיח;50992;(4, 4, 14, 13, 50992);המזלגת;2;(4, 4, 14, 43, 193382);ונתנו עליו את כל כליו אשר ישרתו עליו בהם את המחתת את המזלגת ואת היעים ואת המזרקת כל כלי המזבח ופרשו עליו כסוי עור תחש ושמו בדיו
(197182, 35, 4);[40, 300, 10, 8];משיח;51988;(4, 6, 5, 2, 51988);ימי;2;(4, 6, 5, 4, 197182);כל ימי נדר נזרו תער לא יעבר על ראשו עד מלאת הימם אשר יזיר ליהוה קדש יהיה גדל פרע שער ראשו
(33090, 36, 4);[40, 300, 10, 8];משיח;8820;(1, 25, 6, 14, 8820);קדמה;3;(1, 25, 6, 61, 33090);ולבני הפילגשים אשר לאברהם נתן אברהם מתנת וישלחם מעל יצחק בנו בעודנו חי קדמה אל ארץ קדם
(81985, 36, 4);[40, 300, 10, 8];משיח;21620;(2, 4, 3, 10, 21620);מפניו;1;(2, 4, 3, 44, 81985);ויאמר השליכהו ארצה וישליכהו ארצה ויהי לנחש וינס משה מפניו
(272678, 36, 4);[40, 300, 10, 8];משיח;71516;(5, 13, 2, 6, 71516);חלם;3;(5, 13, 2, 20, 272678);כי יקום בקרבך נביא או חלם חלום ונתן אליך אות או מופת
(284205, 36, 4);[40, 300, 10, 8];משיח;74597;(5, 22, 4, 11, 74597);מהם;1;(5, 22, 4, 39, 284205);לא תראה את חמור אחיך או שורו נפלים בדרך והתעלמת מהם הקם תקים עמו
(9503, 37, 4);[40, 300, 10, 8];משיח;2546;(1, 8, 8, 7, 2546);המים;4;(1, 8, 8, 29, 9503);וישלח את היונה מאתו לראות הקלו המים מעל פני האדמה
(58935, 37, 4);[40, 300, 10, 8];משיח;15666;(1, 40, 3, 3, 15666);במשמר;4;(1, 40, 3, 11, 58935);ויתן אתם במשמר בית שר הטבחים אל בית הסהר מקום אשר יוסף אסור שם
(119192, 37, 4);[40, 300, 10, 8];משיח;31442;(2, 28, 18, 5, 31442);ויהלם;5;(2, 28, 18, 21, 119192);והטור השני נפך ספיר ויהלם
(38420, 38, 4);[40, 300, 10, 8];משיח;10210;(1, 27, 43, 5, 10210);וקום;4;(1, 27, 43, 18, 38420);ועתה בני שמע בקלי וקום ברח לך אל לבן אחי חרנה
(66541, 38, 4);[40, 300, 10, 8];משיח;17630;(1, 43, 26, 7, 17630);המנחה;2;(1, 43, 26, 25, 66541);ויבא יוסף הביתה ויביאו לו את המנחה אשר בידם הביתה וישתחוו לו ארצה
(144551, 38, 4);[40, 300, 10, 8];משיח;38101;(3, 4, 6, 5, 38101);בדם;3;(3, 4, 6, 18, 144551);וטבל הכהן את אצבעו בדם והזה מן הדם שבע פעמים לפני יהוה את פני פרכת הקדש
(233964, 38, 4);[40, 300, 10, 8];משיח;61632;(4, 26, 65, 6, 61632);ימתו;2;(4, 26, 65, 17, 233964);כי אמר יהוה להם מות ימתו במדבר ולא נותר מהם איש כי אם כלב בן יפנה ויהושע בן נון
(244510, 38, 4);[40, 300, 10, 8];משיח;64311;(4, 33, 8, 2, 64311);מפני;1;(4, 33, 8, 6, 244510);ויסעו מפני החירת ויעברו בתוך הים המדברה וילכו דרך שלשת ימים במדבר אתם ויחנו במרה
(6672, 39, 4);[40, 300, 10, 8];משיח;1772;(1, 5, 29, 12, 1772);האדמה;4;(1, 5, 29, 48, 6672);ויקרא את שמו נח לאמר זה ינחמנו ממעשנו ומעצבון ידינו מן האדמה אשר אררה יהוה
(26416, 39, 4);[40, 300, 10, 8];משיח;7050;(1, 21, 22, 12, 7050);אלהים;5;(1, 21, 22, 49, 26416);ויהי בעת ההוא ויאמר אבימלך ופיכל שר צבאו אל אברהם לאמר אלהים עמך בכל אשר אתה עשה
(249535, 39, 4);[40, 300, 10, 8];משיח;65586;(4, 36, 6, 14, 65586);למשפחת;2;(4, 36, 6, 56, 249535);זה הדבר אשר צוה יהוה לבנות צלפחד לאמר לטוב בעיניהם תהיינה לנשים אך למשפחת מטה אביהם תהיינה לנשים
(263982, 39, 4);[40, 300, 10, 8];משיח;69297;(5, 7, 23, 5, 69297);והמם;4;(5, 7, 23, 23, 263982);ונתנם יהוה אלהיך לפניך והמם מהומה גדלה עד השמדם
(77651, 40, 4);[40, 300, 10, 8];משיח;20504;(1, 50, 18, 9, 20504);לעבדים;6;(1, 50, 18, 39, 77651);וילכו גם אחיו ויפלו לפניו ויאמרו הננו לך לעבדים
(105405, 40, 4);[40, 300, 10, 8];משיח;27816;(2, 18, 23, 7, 27816);אלהים;5;(2, 18, 23, 24, 105405);אם את הדבר הזה תעשה וצוך אלהים ויכלת עמד וגם כל העם הזה על מקמו יבא בשלום
(133385, 40, 4);[40, 300, 10, 8];משיח;35208;(2, 36, 11, 9, 35208);במחברת;2;(2, 36, 11, 33, 133385);ויעש ללאת תכלת על שפת היריעה האחת מקצה במחברת כן עשה בשפת היריעה הקיצונה במחברת השנית
(167459, 40, 4);[40, 300, 10, 8];משיח;44279;(3, 16, 25, 5, 44279);המזבחה;2;(3, 16, 25, 18, 167459);ואת חלב החטאת יקטיר המזבחה
(78595, 41, 4);[40, 300, 10, 8];משיח;20747;(2, 1, 14, 13, 20747);עבדתם;5;(2, 1, 14, 53, 78595);וימררו את חייהם בעבדה קשה בחמר ובלבנים ובכל עבדה בשדה את כל עבדתם אשר עבדו בהם בפרך
(136382, 41, 4);[40, 300, 10, 8];משיח;35960;(2, 38, 4, 9, 35960);מלמטה;1;(2, 38, 4, 33, 136382);ויעש למזבח מכבר מעשה רשת נחשת תחת כרכבו מלמטה עד חציו
(134340, 42, 4);[40, 300, 10, 8];משיח;35438;(2, 36, 30, 12, 35438);אדנים;5;(2, 36, 30, 50, 134340);והיו שמנה קרשים ואדניהם כסף ששה עשר אדנים שני אדנים שני אדנים תחת הקרש האחד
(177772, 42, 4);[40, 300, 10, 8];משיח;47058;(3, 23, 31, 6, 47058);עולם;4;(3, 23, 31, 20, 177772);כל מלאכה לא תעשו חקת עולם לדרתיכם בכל משבתיכם
(223703, 42, 4);[40, 300, 10, 8];משיח;58985;(4, 21, 5, 5, 58985);למה;2;(4, 21, 5, 21, 223703);וידבר העם באלהים ובמשה למה העליתנו ממצרים למות במדבר כי אין לחם ואין מים ונפשנו קצה בלחם הקלקל
(69980, 43, 4);[40, 300, 10, 8];משיח;18517;(1, 45, 23, 7, 18517);מטוב;1;(1, 45, 23, 28, 69980);ולאביו שלח כזאת עשרה חמרים נשאים מטוב מצרים ועשר אתנת נשאת בר ולחם ומזון לאביו לדרך
(75619, 44, 4);[40, 300, 10, 8];משיח;19967;(1, 49, 9, 11, 19967);מי;1;(1, 49, 9, 41, 75619);גור אריה יהודה מטרף בני עלית כרע רבץ כאריה וכלביא מי יקימנו
(98375, 44, 4);[40, 300, 10, 8];משיח;25959;(2, 14, 7, 9, 25959);ושלשם;5;(2, 14, 7, 33, 98375);ויקח שש מאות רכב בחור וכל רכב מצרים ושלשם על כלו
(222627, 44, 4);[40, 300, 10, 8];משיח;58698;(4, 20, 14, 4, 58698);מקדש;1;(4, 20, 14, 15, 222627);וישלח משה מלאכים מקדש אל מלך אדום כה אמר אחיך ישראל אתה ידעת את כל התלאה אשר מצאתנו
(238036, 44, 4);[40, 300, 10, 8];משיח;62639;(4, 29, 29, 12, 62639);תמימם;4;(4, 29, 29, 48, 238036);וביום הששי פרים שמנה אילם שנים כבשים בני שנה ארבעה עשר תמימם
(277834, 44, 4);[40, 300, 10, 8];משיח;72871;(5, 17, 1, 10, 72871);מום;1;(5, 17, 1, 32, 277834);לא תזבח ליהוה אלהיך שור ושה אשר יהיה בו מום כל דבר רע כי תועבת יהוה אלהיך הוא
(281314, 44, 4);[40, 300, 10, 8];משיח;73821;(5, 19, 17, 14, 73821);בימים;5;(5, 19, 17, 61, 281314);ועמדו שני האנשים אשר להם הריב לפני יהוה לפני הכהנים והשפטים אשר יהיו בימים ההם
(11470, 45, 4);[40, 300, 10, 8];משיח;3086;(1, 9, 27, 2, 3086);אלהים;5;(1, 9, 27, 8, 11470);יפת אלהים ליפת וישכן באהלי שם ויהי כנען עבד למו
(179878, 45, 4);[40, 300, 10, 8];משיח;47601;(3, 25, 6, 12, 47601);עמך;2;(3, 25, 6, 55, 179878);והיתה שבת הארץ לכם לאכלה לך ולעבדך ולאמתך ולשכירך ולתושבך הגרים עמך
(80054, 46, 4);[40, 300, 10, 8];משיח;21122;(2, 2, 20, 5, 21122);למה;2;(2, 2, 20, 18, 80054);ויאמר אל בנתיו ואיו למה זה עזבתן את האיש קראן לו ויאכל לחם
(175836, 46, 4);[40, 300, 10, 8];משיח;46571;(3, 22, 25, 12, 46571);משחתם;1;(3, 22, 25, 37, 175836);ומיד בן נכר לא תקריבו את לחם אלהיכם מכל אלה כי משחתם בהם מום בם לא ירצו לכם
(27386, 47, 4);[40, 300, 10, 8];משיח;7308;(1, 22, 7, 4, 7308);אברהם;5;(1, 22, 7, 16, 27386);ויאמר יצחק אל אברהם אביו ויאמר אבי ויאמר הנני בני ויאמר הנה האש והעצים ואיה השה לעלה
(183353, 47, 4);[40, 300, 10, 8];משיח;48489;(3, 26, 22, 2, 48489);בכם;3;(3, 26, 22, 10, 183353);והשלחתי בכם את חית השדה ושכלה אתכם והכריתה את בהמתכם והמעיטה אתכם ונשמו דרכיכם
(250565, 47, 4);[40, 300, 10, 8];משיח;65850;(5, 1, 11, 10, 65850);אתכם;4;(5, 1, 11, 42, 250565);יהוה אלהי אבותכם יסף עליכם ככם אלף פעמים ויברך אתכם כאשר דבר לכם
(270573, 47, 4);[40, 300, 10, 8];משיח;70979;(5, 12, 1, 5, 70979);תשמרון;3;(5, 12, 1, 22, 270573);אלה החקים והמשפטים אשר תשמרון לעשות בארץ אשר נתן יהוה אלהי אבתיך לך לרשתה כל הימים אשר אתם חיים על האדמה
(282383, 47, 4);[40, 300, 10, 8];משיח;74107;(5, 20, 17, 5, 74107);והאמרי;4;(5, 20, 17, 20, 282383);כי החרם תחרימם החתי והאמרי הכנעני והפרזי החוי והיבוסי כאשר צוך יהוה אלהיך
(133130, 48, 4);[40, 300, 10, 8];משיח;35143;(2, 36, 7, 1, 35143);והמלאכה;3;(2, 36, 7, 3, 133130);והמלאכה היתה דים לכל המלאכה לעשות אתה והותר
(173989, 48, 4);[40, 300, 10, 8];משיח;46047;(3, 21, 11, 4, 46047);מת;1;(3, 21, 11, 10, 173989);ועל כל נפשת מת לא יבא לאביו ולאמו לא יטמא
(240879, 48, 4);[40, 300, 10, 8];משיח;63382;(4, 31, 30, 10, 63382);האדם;4;(4, 31, 30, 37, 240879);וממחצת בני ישראל תקח אחד אחז מן החמשים מן האדם מן הבקר מן החמרים ומן הצאן מכל הבהמה ונתתה אתם ללוים שמרי משמרת משכן יהוה
(282629, 48, 4);[40, 300, 10, 8];משיח;74172;(5, 20, 20, 14, 74172);מצור;1;(5, 20, 20, 41, 282629);רק עץ אשר תדע כי לא עץ מאכל הוא אתו תשחית וכרת ובנית מצור על העיר אשר הוא עשה עמך מלחמה עד רדתה
(257489, 49, 4);[40, 300, 10, 8];משיח;67643;(5, 4, 19, 4, 67643);השמימה;3;(5, 4, 19, 14, 257489);ופן תשא עיניך השמימה וראית את השמש ואת הירח ואת הכוכבים כל צבא השמים ונדחת והשתחוית להם ועבדתם אשר חלק יהוה אלהיך אתם לכל העמים תחת כל השמים
(302106, 49, 4);[40, 300, 10, 8];משיח;79261;(5, 32, 39, 8, 79261);אלהים;5;(5, 32, 39, 26, 302106);ראו עתה כי אני אני הוא ואין אלהים עמדי אני אמית ואחיה מחצתי ואני ארפא ואין מידי מציל
(242714, 50, 4);[40, 300, 10, 8];משיח;63855;(4, 32, 14, 2, 63855);קמתם;2;(4, 32, 14, 6, 242714);והנה קמתם תחת אבתיכם תרבות אנשים חטאים לספות עוד על חרון אף יהוה אל ישראל
(266445, 50, 4);[40, 300, 10, 8];משיח;69928;(5, 9, 16, 7, 69928);לכם;3;(5, 9, 16, 32, 266445);וארא והנה חטאתם ליהוה אלהיכם עשיתם לכם עגל מסכה סרתם מהר מן הדרך אשר צוה יהוה אתכם
(8267, 51, 4);[40, 300, 10, 8];משיח;2215;(1, 7, 7, 11, 2215);מי;1;(1, 7, 7, 38, 8267);ויבא נח ובניו ואשתו ונשי בניו אתו אל התבה מפני מי המבול
(58883, 51, 4);[40, 300, 10, 8];משיח;15652;(1, 40, 1, 12, 15652);מצרים;5;(1, 40, 1, 54, 58883);ויהי אחר הדברים האלה חטאו משקה מלך מצרים והאפה לאדניהם למלך מצרים
(60429, 51, 4);[40, 300, 10, 8];משיח;16047;(1, 41, 8, 10, 16047);מצרים;5;(1, 41, 8, 41, 60429);ויהי בבקר ותפעם רוחו וישלח ויקרא את כל חרטמי מצרים ואת כל חכמיה ויספר פרעה להם את חלמו ואין פותר אותם לפרעה
(69808, 51, 4);[40, 300, 10, 8];משיח;18470;(1, 45, 19, 15, 18470);ובאתם;5;(1, 45, 19, 65, 69808);ואתה צויתה זאת עשו קחו לכם מארץ מצרים עגלות לטפכם ולנשיכם ונשאתם את אביכם ובאתם
(100208, 51, 4);[40, 300, 10, 8];משיח;26423;(2, 15, 8, 10, 26423);תהמת;3;(2, 15, 8, 38, 100208);וברוח אפיך נערמו מים נצבו כמו נד נזלים קפאו תהמת בלב ים
(112482, 51, 4);[40, 300, 10, 8];משיח;29776;(2, 24, 1, 2, 29776);משה;1;(2, 24, 1, 4, 112482);ואל משה אמר עלה אל יהוה אתה ואהרן נדב ואביהוא ושבעים מזקני ישראל והשתחויתם מרחק
(52599, 52, 4);[40, 300, 10, 8];משיח;14017;(1, 36, 9, 5, 14017);אדום;4;(1, 36, 9, 19, 52599);ואלה תלדות עשו אבי אדום בהר שעיר
(85635, 52, 4);[40, 300, 10, 8];משיח;22580;(2, 6, 16, 2, 22580);שמות;2;(2, 6, 16, 6, 85635);ואלה שמות בני לוי לתלדתם גרשון וקהת ומררי ושני חיי לוי שבע ושלשים ומאת שנה
(191640, 52, 4);[40, 300, 10, 8];משיח;50544;(4, 3, 31, 10, 50544);בהם;3;(4, 3, 31, 49, 191640);ומשמרתם הארן והשלחן והמנרה והמזבחת וכלי הקדש אשר ישרתו בהם והמסך וכל עבדתו
(270837, 52, 4);[40, 300, 10, 8];משיח;71046;(5, 12, 5, 4, 71046);המקום;5;(5, 12, 5, 11, 270837);כי אם אל המקום אשר יבחר יהוה אלהיכם מכל שבטיכם לשום את שמו שם לשכנו תדרשו ובאת שמה
(296126, 52, 4);[40, 300, 10, 8];משיח;77719;(5, 29, 14, 8, 77719);היום;4;(5, 29, 14, 24, 296126);כי את אשר ישנו פה עמנו עמד היום לפני יהוה אלהינו ואת אשר איננו פה עמנו היום
(237365, 53, 4);[40, 300, 10, 8];משיח;62491;(4, 29, 14, 11, 62491);פרים;4;(4, 29, 14, 47, 237365);ומנחתם סלת בלולה בשמן שלשה עשרנים לפר האחד לשלשה עשר פרים שני עשרנים לאיל האחד לשני האילם
(54325, 54, 4);[40, 300, 10, 8];משיח;14470;(1, 37, 6, 1, 14470);ויאמר;4;(1, 37, 6, 4, 54325);ויאמר אליהם שמעו נא החלום הזה אשר חלמתי
(115938, 54, 4);[40, 300, 10, 8];משיח;30644;(2, 26, 13, 3, 30644);והאמה;4;(2, 26, 13, 12, 115938);והאמה מזה והאמה מזה בעדף בארך יריעת האהל יהיה סרוח על צדי המשכן מזה ומזה לכסתו
(132298, 54, 4);[40, 300, 10, 8];משיח;34931;(2, 35, 28, 6, 34931);ולשמן;4;(2, 35, 28, 23, 132298);ואת הבשם ואת השמן למאור ולשמן המשחה ולקטרת הסמים
(9256, 55, 4);[40, 300, 10, 8];משיח;2483;(1, 8, 3, 2, 2483);המים;4;(1, 8, 3, 9, 9256);וישבו המים מעל הארץ הלוך ושוב ויחסרו המים מקצה חמשים ומאת יום
(134419, 55, 4);[40, 300, 10, 8];משיח;35457;(2, 36, 32, 7, 35457);וחמשה;3;(2, 36, 32, 31, 134419);וחמשה בריחם לקרשי צלע המשכן השנית וחמשה בריחם לקרשי המשכן לירכתים ימה
(126521, 56, 4);[40, 300, 10, 8];משיח;33361;(2, 32, 13, 16, 33361);השמים;3;(2, 32, 13, 68, 126521);זכר לאברהם ליצחק ולישראל עבדיך אשר נשבעת להם בך ותדבר אלהם ארבה את זרעכם ככוכבי השמים וכל הארץ הזאת אשר אמרתי אתן לזרעכם ונחלו לעלם
(191980, 56, 4);[40, 300, 10, 8];משיח;50621;(4, 3, 38, 12, 50621);שמרים;5;(4, 3, 38, 53, 191980);והחנים לפני המשכן קדמה לפני אהל מועד מזרחה משה ואהרן ובניו שמרים משמרת המקדש למשמרת בני ישראל והזר הקרב יומת
(248602, 56, 4);[40, 300, 10, 8];משיח;65335;(4, 35, 25, 20, 65335);מות;1;(4, 35, 25, 65, 248602);והצילו העדה את הרצח מיד גאל הדם והשיבו אתו העדה אל עיר מקלטו אשר נס שמה וישב בה עד מות הכהן הגדל אשר משח אתו בשמן הקדש
(301695, 56, 4);[40, 300, 10, 8];משיח;79154;(5, 32, 28, 5, 79154);המה;2;(5, 32, 28, 14, 301695);כי גוי אבד עצות המה ואין בהם תבונה
(173858, 57, 4);[40, 300, 10, 8];משיח;46009;(3, 21, 8, 15, 46009);מקדשכם;6;(3, 21, 8, 54, 173858);וקדשתו כי את לחם אלהיך הוא מקריב קדש יהיה לך כי קדוש אני יהוה מקדשכם
(287781, 57, 4);[40, 300, 10, 8];משיח;75575;(5, 24, 18, 9, 75575);משם;3;(5, 24, 18, 37, 287781);וזכרת כי עבד היית במצרים ויפדך יהוה אלהיך משם על כן אנכי מצוך לעשות את הדבר הזה
(203694, 58, 4);[40, 300, 10, 8];משיח;53703;(4, 8, 24, 14, 53703);מועד;1;(4, 8, 24, 51, 203694);זאת אשר ללוים מבן חמש ועשרים שנה ומעלה יבוא לצבא צבא בעבדת אהל מועד
(132261, 59, 4);[40, 300, 10, 8];משיח;34923;(2, 35, 27, 8, 34923);המלאים;2;(2, 35, 27, 30, 132261);והנשאם הביאו את אבני השהם ואת אבני המלאים לאפוד ולחשן
(200467, 59, 4);[40, 300, 10, 8];משיח;52854;(4, 7, 48, 8, 52854);עמיהוד;2;(4, 7, 48, 33, 200467);ביום השביעי נשיא לבני אפרים אלישמע בן עמיהוד
(201230, 59, 4);[40, 300, 10, 8];משיח;53054;(4, 7, 66, 8, 53054);עמישדי;2;(4, 7, 66, 30, 201230);ביום העשירי נשיא לבני דן אחיעזר בן עמישדי
(300263, 59, 4);[40, 300, 10, 8];משיח;78789;(5, 31, 27, 12, 78789);עמכם;2;(5, 31, 27, 40, 300263);כי אנכי ידעתי את מריך ואת ערפך הקשה הן בעודני חי עמכם היום ממרים היתם עם יהוה ואף כי אחרי מותי
(66989, 60, 4);[40, 300, 10, 8];משיח;17735;(1, 43, 34, 9, 17735);ממשאת;2;(1, 43, 34, 34, 66989);וישא משאת מאת פניו אלהם ותרב משאת בנימן ממשאת כלם חמש ידות וישתו וישכרו עמו
(75025, 60, 4);[40, 300, 10, 8];משיח;19816;(1, 48, 19, 14, 19816);ואולם;5;(1, 48, 19, 54, 75025);וימאן אביו ויאמר ידעתי בני ידעתי גם הוא יהיה לעם וגם הוא יגדל ואולם אחיו הקטן יגדל ממנו וזרעו יהיה מלא הגוים
(123757, 60, 4);[40, 300, 10, 8];משיח;32635;(2, 30, 14, 10, 32635);תרומת;4;(2, 30, 14, 37, 123757);כל העבר על הפקדים מבן עשרים שנה ומעלה יתן תרומת יהוה
(209821, 60, 4);[40, 300, 10, 8];משיח;55302;(4, 13, 13, 5, 55302);מיכאל;1;(4, 13, 13, 14, 209821);למטה אשר סתור בן מיכאל
(264457, 60, 4);[40, 300, 10, 8];משיח;69421;(5, 8, 4, 1, 69421);שמלתך;2;(5, 8, 4, 2, 264457);שמלתך לא בלתה מעליך ורגלך לא בצקה זה ארבעים שנה
(45351, 61, 4);[40, 300, 10, 8];משיח;12092;(1, 31, 34, 16, 12092);מצא;1;(1, 31, 34, 57, 45351);ורחל לקחה את התרפים ותשמם בכר הגמל ותשב עליהם וימשש לבן את כל האהל ולא מצא
(134527, 61, 4);[40, 300, 10, 8];משיח;35483;(2, 36, 34, 10, 35483);לבריחם;6;(2, 36, 34, 39, 134527);ואת הקרשים צפה זהב ואת טבעתם עשה זהב בתים לבריחם ויצף את הבריחם זהב
(232685, 62, 4);[40, 300, 10, 8];משיח;61333;(4, 26, 37, 10, 61333);מאות;1;(4, 26, 37, 41, 232685);אלה משפחת בני אפרים לפקדיהם שנים ושלשים אלף וחמש מאות אלה בני יוסף למשפחתם
(200133, 63, 4);[40, 300, 10, 8];משיח;52767;(4, 7, 41, 4, 52767);שנים;4;(4, 7, 41, 18, 200133);ולזבח השלמים בקר שנים אילם חמשה עתדים חמשה כבשים בני שנה חמשה זה קרבן שלמיאל בן צורישדי
(109303, 64, 4);[40, 300, 10, 8];משיח;28892;(2, 21, 29, 11, 28892);והמית;3;(2, 21, 29, 43, 109303);ואם שור נגח הוא מתמל שלשם והועד בבעליו ולא ישמרנו והמית איש או אשה השור יסקל וגם בעליו יומת
(120476, 64, 4);[40, 300, 10, 8];משיח;31776;(2, 28, 42, 8, 31776);ממתנים;6;(2, 28, 42, 32, 120476);ועשה להם מכנסי בד לכסות בשר ערוה ממתנים ועד ירכים יהיו
(231636, 64, 4);[40, 300, 10, 8];משיח;61106;(4, 26, 12, 9, 61106);הימיני;3;(4, 26, 12, 46, 231636);בני שמעון למשפחתם לנמואל משפחת הנמואלי לימין משפחת הימיני ליכין משפחת היכיני
(292915, 64, 4);[40, 300, 10, 8];משיח;76896;(5, 28, 27, 5, 76896);ובעפלים;7;(5, 28, 27, 25, 292915);יככה יהוה בשחין מצרים ובעפלים  ובגרב ובחרס אשר לא תוכל להרפא
(124432, 65, 4);[40, 300, 10, 8];משיח;32812;(2, 30, 29, 8, 32812);בהם;3;(2, 30, 29, 29, 124432);וקדשת אתם והיו קדש קדשים כל הנגע בהם יקדש
(136614, 65, 4);[40, 300, 10, 8];משיח;36020;(2, 38, 10, 1, 36020);עמודיהם;7;(2, 38, 10, 7, 136614);עמודיהם עשרים ואדניהם עשרים נחשת ווי העמדים וחשקיהם כסף
(152790, 65, 4);[40, 300, 10, 8];משיח;40317;(3, 8, 34, 3, 40317);ביום;4;(3, 8, 34, 11, 152790);כאשר עשה ביום הזה צוה יהוה לעשת לכפר עליכם
(109297, 66, 4);[40, 300, 10, 8];משיח;28891;(2, 21, 29, 10, 28891);ישמרנו;3;(2, 21, 29, 37, 109297);ואם שור נגח הוא מתמל שלשם והועד בבעליו ולא ישמרנו והמית איש או אשה השור יסקל וגם בעליו יומת
(135596, 66, 4);[40, 300, 10, 8];משיח;35759;(2, 37, 18, 7, 35759);מנרה;1;(2, 37, 18, 26, 135596);וששה קנים יצאים מצדיה שלשה קני מנרה מצדה האחד ושלשה קני מנרה מצדה השני
(137352, 66, 4);[40, 300, 10, 8];משיח;36193;(2, 38, 24, 4, 36193);למלאכה;2;(2, 38, 24, 13, 137352);כל הזהב העשוי למלאכה בכל מלאכת הקדש ויהי זהב התנופה תשע ועשרים ככר ושבע מאות ושלשים שקל בשקל הקדש
(232836, 66, 4);[40, 300, 10, 8];משיח;61364;(4, 26, 40, 9, 61364);משפחת;1;(4, 26, 40, 35, 232836);ויהיו בני בלע ארד ונעמן משפחת הארדי לנעמן משפחת הנעמי
(33512, 67, 4);[40, 300, 10, 8];משיח;8929;(1, 25, 16, 6, 8929);שמתם;4;(1, 25, 16, 22, 33512);אלה הם בני ישמעאל ואלה שמתם בחצריהם ובטירתם שנים עשר נשיאם לאמתם
(93147, 67, 4);[40, 300, 10, 8];משיח;24567;(2, 10, 26, 4, 24567);עמנו;2;(2, 10, 26, 13, 93147);וגם מקננו ילך עמנו לא תשאר פרסה כי ממנו נקח לעבד את יהוה אלהינו ואנחנו לא נדע מה נעבד את יהוה עד באנו שמה
(96462, 67, 4);[40, 300, 10, 8];משיח;25446;(2, 12, 43, 4, 25446);משה;1;(2, 12, 43, 12, 96462);ויאמר יהוה אל משה ואהרן זאת חקת הפסח כל בן נכר לא יאכל בו
(213447, 67, 4);[40, 300, 10, 8];משיח;56268;(4, 15, 3, 12, 56268);במעדיכם;2;(4, 15, 3, 40, 213447);ועשיתם אשה ליהוה עלה או זבח לפלא נדר או בנדבה או במעדיכם לעשות ריח ניחח ליהוה מן הבקר או מן הצאן
(58995, 68, 4);[40, 300, 10, 8];משיח;15683;(1, 40, 4, 6, 15683);אתם;3;(1, 40, 4, 22, 58995);ויפקד שר הטבחים את יוסף אתם וישרת אתם ויהיו ימים במשמר
(149316, 68, 4);[40, 300, 10, 8];משיח;39393;(3, 7, 9, 2, 39393);מנחה;1;(3, 7, 9, 4, 149316);וכל מנחה אשר תאפה בתנור וכל נעשה במרחשת ועל מחבת לכהן המקריב אתה לו תהיה
(197083, 68, 4);[40, 300, 10, 8];משיח;51960;(4, 6, 3, 6, 51960);וחמץ;3;(4, 6, 3, 21, 197083);מיין ושכר יזיר חמץ יין וחמץ שכר לא ישתה וכל משרת ענבים לא ישתה וענבים לחים ויבשים לא יאכל
(87453, 69, 4);[40, 300, 10, 8];משיח;23057;(2, 7, 20, 12, 23057);המים;4;(2, 7, 20, 43, 87453);ויעשו כן משה ואהרן כאשר צוה יהוה וירם במטה ויך את המים אשר ביאר לעיני פרעה ולעיני עבדיו ויהפכו כל המים אשר ביאר לדם
(231561, 69, 4);[40, 300, 10, 8];משיח;61089;(4, 26, 10, 14, 61089);חמשים;5;(4, 26, 10, 50, 231561);ותפתח הארץ את פיה ותבלע אתם ואת קרח במות העדה באכל האש את חמשים ומאתים איש ויהיו לנס
(37350, 70, 4);[40, 300, 10, 8];משיח;9927;(1, 27, 25, 7, 9927);למען;2;(1, 27, 25, 25, 37350);ויאמר הגשה לי ואכלה מציד בני למען תברכך נפשי ויגש לו ויאכל ויבא לו יין וישת
(12276, 71, 4);[40, 300, 10, 8];משיח;3292;(1, 10, 20, 3, 3292);חם;2;(1, 10, 20, 8, 12276);אלה בני חם למשפחתם ללשנתם בארצתם בגויהם
(65483, 71, 4);[40, 300, 10, 8];משיח;17374;(1, 43, 9, 3, 17374);מידי;1;(1, 43, 9, 11, 65483);אנכי אערבנו מידי תבקשנו אם לא הביאתיו אליך והצגתיו לפניך וחטאתי לך כל הימים
(86915, 71, 4);[40, 300, 10, 8];משיח;22913;(2, 7, 11, 10, 22913);מצרים;1;(2, 7, 11, 40, 86915);ויקרא גם פרעה לחכמים ולמכשפים ויעשו גם הם חרטמי מצרים בלהטיהם כן
(244656, 71, 4);[40, 300, 10, 8];משיח;64345;(4, 33, 11, 2, 64345);מים;1;(4, 33, 11, 6, 244656);ויסעו מים סוף ויחנו במדבר סין
(48017, 72, 4);[40, 300, 10, 8];משיח;12790;(1, 32, 30, 11, 12790);לשמי;3;(1, 32, 30, 41, 48017);וישאל יעקב ויאמר הגידה נא שמך ויאמר למה זה תשאל לשמי ויברך אתו שם
(231541, 72, 4);[40, 300, 10, 8];משיח;61084;(4, 26, 10, 9, 61084);במות;2;(4, 26, 10, 30, 231541);ותפתח הארץ את פיה ותבלע אתם ואת קרח במות העדה באכל האש את חמשים ומאתים איש ויהיו לנס
(244555, 72, 4);[40, 300, 10, 8];משיח;64321;(4, 33, 8, 12, 64321);במדבר;2;(4, 33, 8, 51, 244555);ויסעו מפני החירת ויעברו בתוך הים המדברה וילכו דרך שלשת ימים במדבר אתם ויחנו במרה
(277278, 72, 4);[40, 300, 10, 8];משיח;72724;(5, 16, 13, 8, 72724);מגרנך;1;(5, 16, 13, 26, 277278);חג הסכת תעשה לך שבעת ימים באספך מגרנך ומיקבך
(280809, 72, 4);[40, 300, 10, 8];משיח;73682;(5, 19, 9, 5, 73682);המצוה;2;(5, 19, 9, 12, 280809);כי תשמר את כל המצוה הזאת לעשתה אשר אנכי מצוך היום לאהבה את יהוה אלהיך וללכת בדרכיו כל הימים ויספת לך עוד שלש ערים על השלש האלה
(13283, 73, 4);[40, 300, 10, 8];משיח;3562;(1, 11, 13, 8, 3562);שנים;4;(1, 11, 13, 32, 13283);ויחי ארפכשד אחרי הולידו את שלח שלש שנים וארבע מאות שנה ויולד בנים ובנות
(237041, 73, 4);[40, 300, 10, 8];משיח;62414;(4, 29, 9, 1, 62414);ומנחתם;2;(4, 29, 9, 2, 237041);ומנחתם סלת בלולה בשמן שלשה עשרנים לפר שני עשרנים לאיל האחד
(2129, 74, 4);[40, 300, 10, 8];משיח;553;(1, 2, 9, 13, 553);החיים;5;(1, 2, 9, 51, 2129);ויצמח יהוה אלהים מן האדמה כל עץ נחמד למראה וטוב למאכל ועץ החיים בתוך הגן ועץ הדעת טוב ורע
(231959, 74, 4);[40, 300, 10, 8];משיח;61176;(4, 26, 20, 12, 61176);משפחת;1;(4, 26, 20, 53, 231959);ויהיו בני יהודה למשפחתם לשלה משפחת השלני לפרץ משפחת הפרצי לזרח משפחת הזרחי
(264003, 74, 4);[40, 300, 10, 8];משיח;69303;(5, 7, 24, 2, 69303);מלכיהם;1;(5, 7, 24, 5, 264003);ונתן מלכיהם בידך והאבדת את שמם מתחת השמים לא יתיצב איש בפניך עד השמדך אתם
(13283, 75, 4);[40, 300, 10, 8];משיח;3562;(1, 11, 13, 8, 3562);שנים;4;(1, 11, 13, 32, 13283);ויחי ארפכשד אחרי הולידו את שלח שלש שנים וארבע מאות שנה ויולד בנים ובנות
(22318, 75, 4);[40, 300, 10, 8];משיח;5947;(1, 19, 2, 16, 5947);ויאמרו;4;(1, 19, 2, 69, 22318);ויאמר הנה נא אדני סורו נא אל בית עבדכם ולינו ורחצו רגליכם והשכמתם והלכתם לדרככם ויאמרו לא כי ברחוב נלין
(99822, 75, 4);[40, 300, 10, 8];משיח;26327;(2, 14, 30, 16, 26327);הים;3;(2, 14, 30, 58, 99822);ויושע יהוה ביום ההוא את ישראל מיד מצרים וירא ישראל את מצרים מת על שפת הים
(133189, 75, 4);[40, 300, 10, 8];משיח;35158;(2, 36, 8, 8, 35158);המשכן;2;(2, 36, 8, 26, 133189);ויעשו כל חכם לב בעשי המלאכה את המשכן עשר יריעת שש משזר ותכלת וארגמן ותולעת שני כרבים מעשה חשב עשה אתם
(301520, 75, 4);[40, 300, 10, 8];משיח;79107;(5, 32, 24, 6, 79107);מרירי;1;(5, 32, 24, 19, 301520);מזי רעב ולחמי רשף וקטב מרירי ושן בהמות אשלח בם עם חמת זחלי עפר
(5962, 76, 4);[40, 300, 10, 8];משיח;1593;(1, 5, 13, 10, 1593);מאות;1;(1, 5, 13, 41, 5962);ויחי קינן אחרי הולידו את מהללאל ארבעים שנה ושמנה מאות שנה ויולד בנים ובנות
(133670, 76, 4);[40, 300, 10, 8];משיח;35276;(2, 36, 16, 3, 35276);חמש;2;(2, 36, 16, 9, 133670);ויחבר את חמש היריעת לבד ואת שש היריעת לבד
(216103, 76, 4);[40, 300, 10, 8];משיח;56965;(4, 16, 15, 14, 56965);מהם;3;(4, 16, 15, 46, 216103);ויחר למשה מאד ויאמר אל יהוה אל תפן אל מנחתם לא חמור אחד מהם נשאתי ולא הרעתי את אחד מהם
(276159, 76, 4);[40, 300, 10, 8];משיח;72436;(5, 15, 17, 3, 72436);המרצע;2;(5, 15, 17, 9, 276159);ולקחת את המרצע ונתתה באזנו ובדלת והיה לך עבד עולם ואף לאמתך תעשה כן
(84228, 77, 4);[40, 300, 10, 8];משיח;22220;(2, 5, 13, 8, 22220);ביומו;4;(2, 5, 13, 34, 84228);והנגשים אצים לאמר כלו מעשיכם דבר יום ביומו כאשר בהיות התבן
(143041, 77, 4);[40, 300, 10, 8];משיח;37697;(3, 2, 10, 8, 37697);מאשי;1;(3, 2, 10, 34, 143041);והנותרת מן המנחה לאהרן ולבניו קדש קדשים מאשי יהוה
(167915, 77, 4);[40, 300, 10, 8];משיח;44398;(3, 16, 33, 9, 44398);המזבח;2;(3, 16, 33, 29, 167915);וכפר את מקדש הקדש ואת אהל מועד ואת המזבח יכפר ועל הכהנים ועל כל עם הקהל יכפר
(208385, 77, 4);[40, 300, 10, 8];משיח;54915;(4, 11, 29, 10, 54915);עם;2;(4, 11, 29, 30, 208385);ויאמר לו משה המקנא אתה לי ומי יתן כל עם יהוה נביאים כי יתן יהוה את רוחו עליהם
(112539, 78, 4);[40, 300, 10, 8];משיח;29788;(2, 24, 1, 14, 29788);והשתחויתם;9;(2, 24, 1, 61, 112539);ואל משה אמר עלה אל יהוה אתה ואהרן נדב ואביהוא ושבעים מזקני ישראל והשתחויתם מרחק
(197832, 78, 4);[40, 300, 10, 8];משיח;52162;(4, 6, 17, 9, 52162);המצות;2;(4, 6, 17, 30, 197832);ואת האיל יעשה זבח שלמים ליהוה על סל המצות ועשה הכהן את מנחתו ואת נסכו
(217156, 78, 4);[40, 300, 10, 8];משיח;57237;(4, 16, 35, 8, 57237);ומאתים;6;(4, 16, 35, 33, 217156);ואש יצאה מאת יהוה ותאכל את החמשים ומאתים איש מקריבי הקטרת
(281527, 78, 4);[40, 300, 10, 8];משיח;73879;(5, 20, 1, 14, 73879);מהם;1;(5, 20, 1, 44, 281527);כי תצא למלחמה על איביך וראית סוס ורכב עם רב ממך לא תירא מהם כי יהוה אלהיך עמך המעלך מארץ מצרים
(105214, 79, 4);[40, 300, 10, 8];משיח;27765;(2, 18, 20, 14, 27765);המעשה;2;(2, 18, 20, 52, 105214);והזהרתה אתהם את החקים ואת התורת והודעת להם את הדרך ילכו בה ואת המעשה אשר יעשון
(236668, 79, 4);[40, 300, 10, 8];משיח;62322;(4, 29, 1, 10, 62322);מלאכת;1;(4, 29, 1, 36, 236668);ובחדש השביעי באחד לחדש מקרא קדש יהיה לכם כל מלאכת עבדה לא תעשו יום תרועה יהיה לכם
(267442, 79, 4);[40, 300, 10, 8];משיח;70178;(5, 10, 3, 4, 70178);שטים;4;(5, 10, 3, 15, 267442);ואעש ארון עצי שטים ואפסל שני לחת אבנים כראשנים ואעל ההרה ושני הלחת בידי
(65545, 81, 4);[40, 300, 10, 8];משיח;17388;(1, 43, 10, 3, 17388);התמהמהנו;5;(1, 43, 10, 11, 65545);כי לולא התמהמהנו כי עתה שבנו זה פעמים
(96765, 81, 4);[40, 300, 10, 8];משיח;25535;(2, 12, 51, 3, 25535);היום;4;(2, 12, 51, 12, 96765);ויהי בעצם היום הזה הוציא יהוה את בני ישראל מארץ מצרים על צבאתם
(136146, 81, 4);[40, 300, 10, 8];משיח;35898;(2, 37, 29, 4, 35898);המשחה;2;(2, 37, 29, 11, 136146);ויעש את שמן המשחה קדש ואת קטרת הסמים טהור מעשה רקח
(153423, 81, 4);[40, 300, 10, 8];משיח;40485;(3, 9, 9, 19, 40485);המזבח;2;(3, 9, 9, 68, 153423);ויקרבו בני אהרן את הדם אליו ויטבל אצבעו בדם ויתן על קרנות המזבח ואת הדם יצק אל יסוד המזבח
(155909, 81, 4);[40, 300, 10, 8];משיח;41133;(3, 11, 10, 18, 41133);הם;2;(3, 11, 10, 67, 155909);וכל אשר אין לו סנפיר וקשקשת בימים ובנחלים מכל שרץ המים ומכל נפש החיה אשר במים שקץ הם לכם
(172905, 81, 4);[40, 300, 10, 8];משיח;45758;(3, 20, 18, 16, 45758);מקור;1;(3, 20, 18, 51, 172905);ואיש אשר ישכב את אשה דוה וגלה את ערותה את מקרה הערה והיא גלתה את מקור דמיה ונכרתו שניהם מקרב עמם
(205183, 81, 4);[40, 300, 10, 8];משיח;54096;(4, 10, 2, 11, 54096);למקרא;2;(4, 10, 2, 36, 205183);עשה לך שתי חצוצרת כסף מקשה תעשה אתם והיו לך למקרא העדה ולמסע את המחנות
(218147, 81, 4);[40, 300, 10, 8];משיח;57504;(4, 17, 19, 9, 57504);שמה;2;(4, 17, 19, 35, 218147);והנחתם באהל מועד לפני העדות אשר אועד לכם שמה
(230115, 81, 4);[40, 300, 10, 8];משיח;60718;(4, 24, 23, 7, 60718);משמו;1;(4, 24, 23, 23, 230115);וישא משלו ויאמר אוי מי יחיה משמו אל
(140456, 82, 4);[40, 300, 10, 8];משיח;37015;(2, 40, 12, 12, 37015);במים;2;(2, 40, 12, 41, 140456);והקרבת את אהרן ואת בניו אל פתח אהל מועד ורחצת אתם במים
(150613, 82, 4);[40, 300, 10, 8];משיח;39725;(3, 7, 34, 20, 39725);עולם;4;(3, 7, 34, 81, 150613);כי את חזה התנופה ואת שוק התרומה לקחתי מאת בני ישראל מזבחי שלמיהם ואתן אתם לאהרן הכהן ולבניו לחק עולם מאת בני ישראל
(102307, 83, 4);[40, 300, 10, 8];משיח;26979;(2, 16, 20, 4, 26979);משה;1;(2, 16, 20, 10, 102307);ולא שמעו אל משה ויותרו אנשים ממנו עד בקר וירם תולעים ויבאש ויקצף עלהם משה
(115282, 83, 4);[40, 300, 10, 8];משיח;30487;(2, 26, 2, 5, 30487);ועשרים;6;(2, 26, 2, 23, 115282);ארך היריעה האחת שמנה ועשרים באמה ורחב ארבע באמה היריעה האחת מדה אחת לכל היריעת
(241018, 83, 4);[40, 300, 10, 8];משיח;63419;(4, 31, 32, 13, 63419);ושבעים;6;(4, 31, 32, 47, 241018);ויהי המלקוח יתר הבז אשר בזזו עם הצבא צאן שש מאות אלף ושבעים אלף וחמשת אלפים
(138013, 84, 4);[40, 300, 10, 8];משיח;36359;(2, 39, 3, 11, 36359);הארגמן;5;(2, 39, 3, 48, 138013);וירקעו את פחי הזהב וקצץ פתילם לעשות בתוך התכלת ובתוך הארגמן ובתוך תולעת השני ובתוך השש מעשה חשב
(253565, 84, 4);[40, 300, 10, 8];משיח;66621;(5, 2, 20, 13, 66621);זמזמים;2;(5, 2, 20, 50, 253565);ארץ רפאים תחשב אף הוא רפאים ישבו בה לפנים והעמנים יקראו להם זמזמים
(190959, 85, 4);[40, 300, 10, 8];משיח;50383;(4, 3, 15, 7, 50383);למשפחתם;7;(4, 3, 15, 26, 190959);פקד את בני לוי לבית אבתם למשפחתם כל זכר מבן חדש ומעלה תפקדם
(209213, 85, 4);[40, 300, 10, 8];משיח;55134;(4, 12, 11, 1, 55134);ויאמר;4;(4, 12, 11, 4, 209213);ויאמר אהרן אל משה בי אדני אל נא תשת עלינו חטאת אשר נואלנו ואשר חטאנו
(236740, 85, 4);[40, 300, 10, 8];משיח;62341;(4, 29, 2, 12, 62341);כבשים;5;(4, 29, 2, 43, 236740);ועשיתם עלה לריח ניחח ליהוה פר בן בקר אחד איל אחד כבשים בני שנה שבעה תמימם
(20316, 86, 4);[40, 300, 10, 8];משיח;5435;(1, 17, 23, 23, 5435);בעצם;4;(1, 17, 23, 83, 20316);ויקח אברהם את ישמעאל בנו ואת כל ילידי ביתו ואת כל מקנת כספו כל זכר באנשי בית אברהם וימל את בשר ערלתם בעצם היום הזה כאשר דבר אתו אלהים
(28503, 86, 4);[40, 300, 10, 8];משיח;7607;(1, 23, 4, 9, 7607);עמכם;4;(1, 23, 4, 31, 28503);גר ותושב אנכי עמכם תנו לי אחזת קבר עמכם ואקברה מתי מלפני
(168728, 86, 4);[40, 300, 10, 8];משיח;44621;(3, 17, 12, 8, 44621);מכם;3;(3, 17, 12, 26, 168728);על כן אמרתי לבני ישראל כל נפש מכם לא תאכל דם והגר הגר בתוככם לא יאכל דם
(201633, 86, 4);[40, 300, 10, 8];משיח;53161;(4, 7, 76, 2, 53161);עזים;4;(4, 7, 76, 8, 201633);שעיר עזים אחד לחטאת
(6445, 87, 4);[40, 300, 10, 8];משיח;1715;(1, 5, 24, 9, 1715);אלהים;5;(1, 5, 24, 37, 6445);ויתהלך חנוך את האלהים ואיננו כי לקח אתו אלהים
(81917, 87, 4);[40, 300, 10, 8];משיח;21604;(2, 4, 2, 1, 21604);ויאמר;4;(2, 4, 2, 4, 81917);ויאמר אליו יהוה מזה   בידך ויאמר מטה
(117799, 87, 4);[40, 300, 10, 8];משיח;31093;(2, 27, 12, 10, 31093);ואדניהם;7;(2, 27, 12, 44, 117799);ורחב החצר לפאת ים קלעים חמשים אמה עמדיהם עשרה ואדניהם עשרה
(16520, 88, 4);[40, 300, 10, 8];משיח;4428;(1, 14, 9, 8, 4428);ואמרפל;3;(1, 14, 9, 31, 16520);את כדרלעמר מלך עילם ותדעל מלך גוים ואמרפל מלך שנער ואריוך מלך אלסר ארבעה מלכים את החמשה
(180525, 88, 4);[40, 300, 10, 8];משיח;47765;(3, 25, 19, 4, 47765);ואכלתם;6;(3, 25, 19, 19, 180525);ונתנה הארץ פריה ואכלתם לשבע וישבתם לבטח עליה
(182303, 88, 4);[40, 300, 10, 8];משיח;48238;(3, 26, 1, 3, 48238);לכם;3;(3, 26, 1, 9, 182303);לא תעשו לכם אלילם ופסל ומצבה לא תקימו לכם ואבן משכית לא תתנו בארצכם להשתחות עליה כי אני יהוה אלהיכם
(224130, 88, 4);[40, 300, 10, 8];משיח;59098;(4, 21, 13, 9, 59098);מגבול;1;(4, 21, 13, 34, 224130);משם נסעו ויחנו מעבר ארנון אשר במדבר היצא מגבול האמרי כי ארנון גבול מואב בין מואב ובין האמרי
(726, 89, 4);[40, 300, 10, 8];משיח;186;(1, 1, 16, 2, 186);אלהים;5;(1, 1, 16, 9, 726);ויעש אלהים את שני המארת הגדלים את המאור הגדל לממשלת היום ואת המאור הקטן לממשלת הלילה ואת הכוכבים
(238069, 89, 4);[40, 300, 10, 8];משיח;62645;(4, 29, 30, 6, 62645);במספרם;2;(4, 29, 30, 32, 238069);ומנחתם ונסכיהם לפרים לאילם ולכבשים במספרם כמשפט
(116061, 90, 4);[40, 300, 10, 8];משיח;30674;(2, 26, 15, 7, 30674);עמדים;2;(2, 26, 15, 27, 116061);ועשית את הקרשים למשכן עצי שטים עמדים
(116069, 90, 4);[40, 300, 10, 8];משיח;30676;(2, 26, 16, 2, 30676);אמות;2;(2, 26, 16, 5, 116069);עשר אמות ארך הקרש ואמה וחצי האמה רחב הקרש האחד
(191085, 90, 4);[40, 300, 10, 8];משיח;50415;(4, 3, 19, 3, 50415);למשפחתם;7;(4, 3, 19, 14, 191085);ובני קהת למשפחתם עמרם ויצהר חברון ועזיאל
(232114, 90, 4);[40, 300, 10, 8];משיח;61208;(4, 26, 24, 4, 61208);לשמרן;3;(4, 26, 24, 19, 232114);לישוב משפחת הישובי לשמרן משפחת השמרני
(236114, 90, 4);[40, 300, 10, 8];משיח;62189;(4, 28, 19, 15, 62189);תמימם;2;(4, 28, 19, 57, 236114);והקרבתם אשה עלה ליהוה פרים בני בקר שנים ואיל אחד ושבעה כבשים בני שנה תמימם יהיו לכם
(176874, 91, 4);[40, 300, 10, 8];משיח;46836;(3, 23, 15, 3, 46836);ממחרת;2;(3, 23, 15, 11, 176874);וספרתם לכם ממחרת השבת מיום הביאכם את עמר התנופה שבע שבתות תמימת תהיינה
(191218, 91, 4);[40, 300, 10, 8];משיח;50446;(4, 3, 22, 7, 50446);ומעלה;2;(4, 3, 22, 24, 191218);פקדיהם במספר כל זכר מבן חדש ומעלה פקדיהם שבעת אלפים וחמש מאות
(253555, 91, 4);[40, 300, 10, 8];משיח;66618;(5, 2, 20, 10, 66618);והעמנים;7;(5, 2, 20, 40, 253555);ארץ רפאים תחשב אף הוא רפאים ישבו בה לפנים והעמנים יקראו להם זמזמים
(5496, 92, 4);[40, 300, 10, 8];משיח;1470;(1, 5, 2, 8, 1470);שמם;3;(1, 5, 2, 30, 5496);זכר ונקבה בראם ויברך אתם ויקרא את שמם אדם ביום הבראם
(6633, 92, 4);[40, 300, 10, 8];משיח;1763;(1, 5, 29, 3, 1763);שמו;2;(1, 5, 29, 9, 6633);ויקרא את שמו נח לאמר זה ינחמנו ממעשנו ומעצבון ידינו מן האדמה אשר אררה יהוה
(31133, 92, 4);[40, 300, 10, 8];משיח;8314;(1, 24, 35, 5, 8314);מאד;1;(1, 24, 35, 15, 31133);ויהוה ברך את אדני מאד ויגדל ויתן לו צאן ובקר וכסף וזהב ועבדם ושפחת וגמלים וחמרים
(66480, 92, 4);[40, 300, 10, 8];משיח;17613;(1, 43, 25, 3, 17613);המנחה;2;(1, 43, 25, 10, 66480);ויכינו את המנחה עד בוא יוסף בצהרים כי שמעו כי שם יאכלו לחם
(84537, 92, 4);[40, 300, 10, 8];משיח;22300;(2, 5, 19, 10, 22300);מלבניכם;1;(2, 5, 19, 35, 84537);ויראו שטרי בני ישראל אתם ברע לאמר לא תגרעו מלבניכם דבר יום ביומו
(96350, 92, 4);[40, 300, 10, 8];משיח;25418;(2, 12, 41, 9, 25418);בעצם;4;(2, 12, 41, 35, 96350);ויהי מקץ שלשים שנה וארבע מאות שנה ויהי בעצם היום הזה יצאו כל צבאות יהוה מארץ מצרים
(135578, 92, 4);[40, 300, 10, 8];משיח;35754;(2, 37, 18, 2, 35754);קנים;4;(2, 37, 18, 8, 135578);וששה קנים יצאים מצדיה שלשה קני מנרה מצדה האחד ושלשה קני מנרה מצדה השני
(143834, 92, 4);[40, 300, 10, 8];משיח;37906;(3, 3, 9, 3, 37906);השלמים;6;(3, 3, 9, 16, 143834);והקריב מזבח השלמים אשה ליהוה חלבו האליה תמימה לעמת העצה יסירנה ואת החלב המכסה את הקרב ואת כל החלב אשר על הקרב
(165849, 92, 4);[40, 300, 10, 8];משיח;43846;(3, 15, 31, 8, 43846);בטמאתם;6;(3, 15, 31, 35, 165849);והזרתם את בני ישראל מטמאתם ולא ימתו בטמאתם בטמאם את משכני אשר בתוכם
(202050, 92, 4);[40, 300, 10, 8];משיח;53270;(4, 7, 85, 1, 53270);שלשים;5;(4, 7, 85, 5, 202050);שלשים ומאה הקערה האחת כסף ושבעים המזרק האחד כל כסף הכלים אלפים וארבע מאות בשקל הקדש
(245230, 92, 4);[40, 300, 10, 8];משיח;64467;(4, 33, 36, 2, 64467);מעציון;1;(4, 33, 36, 6, 245230);ויסעו מעציון גבר ויחנו במדבר צן הוא קדש
(7024, 93, 4);[40, 300, 10, 8];משיח;1871;(1, 6, 4, 15, 1871);האדם;4;(1, 6, 4, 56, 7024);הנפלים היו בארץ בימים ההם וגם אחרי כן אשר יבאו בני האלהים אל בנות האדם וילדו להם המה הגברים אשר מעולם אנשי השם
(233126, 93, 4);[40, 300, 10, 8];משיח;61426;(4, 26, 47, 7, 61426);וחמשים;6;(4, 26, 47, 31, 233126);אלה משפחת בני אשר לפקדיהם שלשה וחמשים אלף וארבע מאות
(29542, 94, 4);[40, 300, 10, 8];משיח;7890;(1, 24, 5, 1, 7890);ויאמר;4;(1, 24, 5, 4, 29542);ויאמר אליו העבד אולי לא תאבה האשה ללכת אחרי אל הארץ הזאת ההשב אשיב את בנך אל הארץ אשר יצאת משם
(98856, 94, 4);[40, 300, 10, 8];משיח;26082;(2, 14, 14, 3, 26082);לכם;3;(2, 14, 14, 11, 98856);יהוה ילחם לכם ואתם תחרישון
(237290, 94, 4);[40, 300, 10, 8];משיח;62473;(4, 29, 13, 13, 62473);שנים;4;(4, 29, 13, 50, 237290);והקרבתם עלה אשה ריח ניחח ליהוה פרים בני בקר שלשה עשר אילם שנים כבשים בני שנה ארבעה עשר תמימם יהיו
(48039, 95, 4);[40, 300, 10, 8];משיח;12796;(1, 32, 31, 3, 12796);שם;2;(1, 32, 31, 11, 48039);ויקרא יעקב שם המקום פניאל כי ראיתי אלהים פנים אל פנים ותנצל נפשי
(228744, 95, 4);[40, 300, 10, 8];משיח;60353;(4, 23, 24, 13, 60353);חללים;5;(4, 23, 24, 46, 228744);הן עם כלביא יקום וכארי יתנשא לא ישכב עד יאכל טרף ודם חללים ישתה
(231921, 95, 4);[40, 300, 10, 8];משיח;61168;(4, 26, 20, 4, 61168);למשפחתם;2;(4, 26, 20, 15, 231921);ויהיו בני יהודה למשפחתם לשלה משפחת השלני לפרץ משפחת הפרצי לזרח משפחת הזרחי
(249654, 95, 4);[40, 300, 10, 8];משיח;65616;(4, 36, 8, 10, 65616);מטה;1;(4, 36, 8, 37, 249654);וכל בת ירשת נחלה ממטות בני ישראל לאחד ממשפחת מטה אביה תהיה לאשה למען יירשו בני ישראל איש נחלת אבתיו
(258803, 95, 4);[40, 300, 10, 8];משיח;67975;(5, 4, 38, 6, 67975);מפניך;1;(5, 4, 38, 25, 258803);להוריש גוים גדלים ועצמים ממך מפניך להביאך לתת לך את ארצם נחלה כיום הזה
(16124, 96, 4);[40, 300, 10, 8];משיח;4325;(1, 14, 2, 10, 4325);עמרה;2;(1, 14, 2, 31, 16124);עשו מלחמה את ברע מלך סדם ואת ברשע מלך עמרה שנאב מלך אדמה ושמאבר מלך צביים  ומלך בלע היא צער
(241268, 96, 4);[40, 300, 10, 8];משיח;63481;(4, 31, 39, 4, 63481);וחמש;3;(4, 31, 39, 17, 241268);וחמרים שלשים אלף וחמש מאות ומכסם ליהוה אחד וששים
(285942, 96, 4);[40, 300, 10, 8];משיח;75075;(5, 23, 8, 9, 75075);מצרי;1;(5, 23, 8, 26, 285942);לא תתעב אדמי כי אחיך הוא לא תתעב מצרי כי גר היית בארצו
(120350, 97, 4);[40, 300, 10, 8];משיח;31745;(2, 28, 40, 6, 31745);להם;3;(2, 28, 40, 25, 120350);ולבני אהרן תעשה כתנת ועשית להם אבנטים ומגבעות תעשה להם לכבוד ולתפארת
(145398, 97, 4);[40, 300, 10, 8];משיח;38338;(3, 4, 21, 5, 38338);מחוץ;1;(3, 4, 21, 14, 145398);והוציא את הפר אל מחוץ למחנה ושרף אתו כאשר שרף את הפר הראשון חטאת הקהל הוא
(26826, 98, 4);[40, 300, 10, 8];משיח;7160;(1, 21, 31, 4, 7160);למקום;5;(1, 21, 31, 12, 26826);על כן קרא למקום ההוא באר שבע כי שם נשבעו שניהם
(108047, 98, 4);[40, 300, 10, 8];משיח;28542;(2, 20, 22, 2, 28542);מזבח;1;(2, 20, 22, 4, 108047);ואם מזבח אבנים תעשה לי לא תבנה אתהן גזית כי חרבך הנפת עליה ותחללה
(127830, 98, 4);[40, 300, 10, 8];משיח;33719;(2, 33, 2, 3, 33719);מלאך;1;(2, 33, 2, 12, 127830);ושלחתי לפניך מלאך וגרשתי את הכנעני האמרי והחתי והפרזי החוי והיבוסי
(253599, 98, 4);[40, 300, 10, 8];משיח;66629;(5, 2, 21, 8, 66629);מפניהם;1;(5, 2, 21, 30, 253599);עם גדול ורב ורם כענקים וישמידם יהוה מפניהם ויירשם וישבו תחתם
(19743, 99, 4);[40, 300, 10, 8];משיח;5286;(1, 17, 13, 11, 5286);עולם;4;(1, 17, 13, 50, 19743);המול ימול יליד ביתך ומקנת כספך והיתה בריתי בבשרכם לברית עולם
(38191, 99, 4);[40, 300, 10, 8];משיח;10150;(1, 27, 39, 11, 10150);ומטל;2;(1, 27, 39, 44, 38191);ויען יצחק אביו ויאמר אליו הנה משמני הארץ יהיה מושבך ומטל השמים מעל
(89611, 99, 4);[40, 300, 10, 8];משיח;23606;(2, 9, 1, 4, 23606);משה;1;(2, 9, 1, 12, 89611);ויאמר יהוה אל משה בא אל פרעה ודברת אליו כה אמר יהוה אלהי העברים שלח את עמי ויעבדני
(217216, 99, 4);[40, 300, 10, 8];משיח;57254;(4, 17, 2, 9, 57254);המחתת;2;(4, 17, 2, 28, 217216);אמר אל אלעזר בן אהרן הכהן וירם את המחתת מבין השרפה ואת האש זרה הלאה כי קדשו
(14661, 100, 4);[40, 300, 10, 8];משיח;3927;(1, 12, 10, 8, 3927);שם;2;(1, 12, 10, 31, 14661);ויהי רעב בארץ וירד אברם מצרימה לגור שם כי כבד הרעב בארץ
(21762, 100, 4);[40, 300, 10, 8];משיח;5811;(1, 18, 26, 13, 5811);בעבורם;6;(1, 18, 26, 57, 21762);ויאמר יהוה אם אמצא בסדם חמשים צדיקם בתוך העיר ונשאתי לכל המקום בעבורם
(118743, 100, 4);[40, 300, 10, 8];משיח;31328;(2, 28, 9, 8, 31328);שמות;2;(2, 28, 9, 29, 118743);ולקחת את שתי אבני שהם ופתחת עליהם שמות בני ישראל
(151217, 100, 4);[40, 300, 10, 8];משיח;39888;(3, 8, 9, 10, 39888);מול;1;(3, 8, 9, 33, 151217);וישם את המצנפת על ראשו וישם על המצנפת אל מול פניו את ציץ הזהב נזר הקדש כאשר צוה יהוה את משה
(182754, 100, 4);[40, 300, 10, 8];משיח;48343;(3, 26, 10, 5, 48343);מפני;1;(3, 26, 10, 18, 182754);ואכלתם ישן נושן וישן מפני חדש תוציאו
