ד;ל;ם;י;ת;ש;ת;נ;ש;ב;י;נ;י;מ;ש;ה;ש;ד;ח;ב
י;ר;כ;ז;ל;א;ה;ו;ה;י;ר;ב;ד;ה;י;ה;ש;ו;י;ר
א;ל;א;י;ב;נ;ה;ו;ד;ע;ן;ב;ה;י;כ;ר;ב;ן;ב;ה
צ;ק;ם;כ;י;ת;ו;ב;א;ל;ע;ה;ו;ה;י;ף;צ;ק;ר;מ
צ;ה;ו;ה;י;ר;מ;א;ה;כ;ם;ה;ל;א;ת;ר;מ;א;ו;ף
ב;צ;ה;ו;ה;י;ם;א;נ;י;ל;א;ו;ב;ו;ש;ת;ו;א;ב
ה;ו;ה;י;ר;מ;א;ם;כ;י;ל;א;ב;ו;ש;א;ו;ת;ו;א
ש;א;ם;כ;י;ת;ב;א;כ;ו;י;ה;ת;ל;א;ת;ו;א;ב;צ
א;ר;ה;ם;י;א;י;ב;נ;ה;ם;ה;י;ל;א;ו;א;ר;ק;ר
א;ב;צ;ה;ו;ה;י;ר;מ;א;ה;כ;ר;מ;א;ל;ם;י;נ;ש
ם;י;ע;ר;ה;ם;כ;י;כ;ר;ד;מ;א;נ;ו;ב;ו;ש;ת;ו
ע;מ;ש;א;ל;ו;ם;י;ע;ר;ה;ם;כ;י;ל;י;ל;ע;מ;ו
ה;ו;ה;י;ם;א;נ;י;ל;א;ו;ב;י;ש;ק;ה;א;ל;ו;ו
ה;ם;י;א;ב;נ;ה;ו;ם;ה;ה;י;א;ם;כ;י;ת;ו;ב;א
א;י;ק;ח;ו;י;ר;ב;ד;ך;א;ו;י;ח;י;ם;ל;ו;ע;ל
ם;י;א;י;ב;נ;ה;י;ד;ב;ע;ת;א;י;ת;י;ו;צ;ר;ש
ב;ו;ש;י;ו;ם;כ;י;ת;ב;א;ו;ג;י;ש;ה;א;ו;ל;ה
ב;צ;ה;ו;ה;י;ם;מ;ז;ר;ש;א;כ;ו;ר;מ;א;י;ו;ו
כ;ו;ו;נ;י;כ;ר;ד;כ;ו;נ;ל;ת;ו;ש;ע;ל;ת;ו;א
ם;ו;י;ב;ו;נ;ת;א;ה;ש;ע;ן;כ;ו;נ;י;ל;ל;ע;מ
ח;ר;ש;ע;י;ת;ש;ע;ל;ה;ע;ב;ר;א;ו;ם;י;ר;ש;ע
ל;ם;י;ת;ש;ת;נ;ש;ב;ט;ב;ש;ש;ד;ח;א;ו;ה;ש;ד
ר;כ;ז;ל;א;ה;ו;ה;י;ר;ב;ד;ה;י;ה;ש;ו;י;ר;ד
י;ב;נ;ה;א;ו;ד;ע;ן;ב;ו;ה;י;כ;ר;ב;ן;ב;ה;י
א;ה;נ;ה;ו;ה;ל;י;ל;ה;י;ת;י;א;ר;ר;מ;א;ל;א
ד;מ;ע;א;ו;ה;ו;ם;ד;א;ס;ו;ס;ל;ע;ב;כ;ר;ש;י
ח;א;ו;ה;ל;צ;מ;ב;ר;ש;א;ם;י;ס;ד;ה;ה;ן;י;ב
ל;ו;ם;י;ק;ר;ש;ם;י;מ;ד;א;ם;י;ס;ו;ס;ו;י;ר
א;י;ו;י;נ;ד;א;ה;ל;א;ה;מ;ר;מ;א;ו;ם;י;נ;ב
א;י;נ;א;י;ב;ר;ב;ד;ה;ך;א;ל;מ;ה;י;ל;א;ר;מ
ה;ש;י;א;ה;ן;ע;י;ו;ה;ל;א;ה;מ;ה;ה;מ;ך;א;ר
ה;ל;א;ר;מ;א;י;ו;ם;י;ס;ד;ה;ה;ן;י;ב;ד;מ;ע
ץ;ר;א;ב;ך;ל;ה;ת;ה;ל;ה;ו;ה;י;ח;ל;ש;ר;ש;א
ב;ד;מ;ע;ה;ה;ו;ה;י;ך;א;ל;מ;ת;א;ו;נ;ע;י;ו
נ;כ;ל;ה;ת;ה;ו;ר;מ;א;י;ו;ם;י;ס;ד;ה;ה;ן;י
ו;ת;ב;ש;י;ץ;ר;א;ה;ל;כ;ה;נ;ה;ו;ץ;ר;א;ב;ו
מ;א;י;ו;ה;ו;ה;י;ך;א;ל;מ;ן;ע;י;ו;ת;ט;ק;ש
א;ל;ה;ת;א;י;ת;מ;ד;ע;ת;ו;א;ב;צ;ה;ו;ה;י;ר
ה;י;י;ר;ע;ת;א;ו;ם;ל;ש;ו;ר;י;ת;א;ם;ח;ר;ת
נ;ש;ם;י;ע;ב;ש;ה;ז;ה;ת;מ;ע;ז;ר;ש;א;ה;ד;ו
ר;ב;ד;ה;ך;א;ל;מ;ה;ת;א;ה;ו;ה;י;ן;ע;י;ו;ה
מ;ח;נ;ם;י;ר;ב;ד;ם;י;ב;ו;ט;ם;י;ר;ב;ד;י;ב
ב;ר;ב;ד;ה;ך;א;ל;מ;ה;י;ל;א;ר;מ;א;י;ו;ם;י
א;ב;צ;ה;ו;ה;י;ר;מ;א;ה;כ;ר;מ;א;ל;א;ר;ק;י
ן;ו;י;צ;ל;ו;ם;ל;ש;ו;ר;י;ל;י;ת;א;נ;ק;ת;ו
י;נ;א;ל;ו;ד;ג;ף;צ;ק;ו;ה;ל;ו;ד;ג;ה;א;נ;ק
ר;ש;א;ם;י;נ;נ;א;ש;ה;ם;י;ו;ג;ה;ל;ע;ף;צ;ק
ל;ו;ר;ז;ע;ה;מ;ה;ו;ט;ע;מ;י;ת;פ;צ;ק;י;נ;א
ל;י;ת;ב;ש;ה;ו;ה;י;ר;מ;א;ה;כ;ן;כ;ל;ה;ע;ר
ה;נ;ב;י;י;ת;י;ב;ם;י;מ;ח;ר;ב;ם;ל;ש;ו;ר;י
נ;י;ה;ו;ק;ו;ת;ו;א;ב;צ;ה;ו;ה;י;ם;א;נ;ה;ב
ר;מ;א;ל;א;ר;ק;ד;ו;ע;ם;ל;ש;ו;ר;י;ל;ע;ה;ט
ו;פ;ת;ד;ו;ע;ת;ו;א;ב;צ;ה;ו;ה;י;ר;מ;א;ה;כ
ע;ה;ו;ה;י;ם;ח;נ;ו;ב;ו;ט;מ;י;ר;ע;ה;נ;י;צ
ש;ו;ר;י;ב;ד;ו;ע;ר;ח;ב;ו;ן;ו;י;צ;ת;א;ד;ו
ה;נ;ה;ו;א;ר;א;ו;י;נ;י;ע;ת;א;א;ש;א;ו;ם;ל
ך;א;ל;מ;ה;ל;א;ר;מ;א;ו;ת;ו;נ;ר;ק;ע;ב;ר;א
א;י;ל;א;ר;מ;א;י;ו;ה;ל;א;ה;מ;י;ב;ר;ב;ד;ה
ד;ו;ה;י;ת;א;ו;ר;ז;ר;ש;א;ת;ו;נ;ר;ק;ה;ה;ל
נ;א;ר;י;ו;ם;ל;ש;ו;ר;י;ו;ל;א;ר;ש;י;ת;א;ה
מ;ר;מ;א;ו;ם;י;ש;ר;ח;ה;ע;ב;ר;א;ה;ו;ה;י;י
א;ל;ר;מ;א;י;ו;ת;ו;ש;ע;ל;ם;י;א;ב;ה;ל;א;ה
י;ת;א;ו;ר;ז;ר;ש;א;ת;ו;נ;ר;ק;ה;ה;ל;א;ר;מ
ו;ו;ש;א;ר;א;ש;נ;א;ל;ש;י;א;י;פ;כ;ה;ד;ו;ה
ו;ד;י;ל;ם;ת;א;ד;י;ר;ח;ה;ל;ה;ל;א;ו;א;ב;י
ק;ם;י;א;ש;נ;ה;ם;י;ו;ג;ה;ת;ו;נ;ר;ק;ת;א;ת
א;ו;ה;ת;ו;ר;ז;ל;ה;ד;ו;ה;י;ץ;ר;א;ל;א;ן;ר
י;ב;ו;ש;י;א;ה;נ;ה;ו;א;ר;א;ו;י;נ;י;ע;א;ש
ל;ה;ה;ת;א;ה;נ;א;ר;מ;א;ו;ה;ד;מ;ל;ב;ח;ו;ד
ם;ל;ש;ו;ר;י;ת;א;ד;מ;ל;י;ל;א;ר;מ;א;י;ו;ך
ה;כ;ר;א;ה;מ;כ;ו;ה;ב;ח;ר;ה;מ;כ;ת;ו;א;ר;ל
מ;ו;א;צ;י;י;ב;ר;ב;ד;ה;ך;א;ל;מ;ה;ה;נ;ה;ו
ר;מ;א;י;ו;ו;ת;א;ר;ק;ל;א;צ;י;ר;ח;א;ך;א;ל
מ;א;ל;ז;ל;ה;ר;ע;נ;ה;ל;א;ר;ב;ד;ץ;ר;ו;ל;א
ד;א;ב;ר;מ;ם;ל;ש;ו;ר;י;ב;ש;ת;ת;ו;ז;ר;פ;ר
ל;ה;י;ה;א;י;נ;א;ו;ה;כ;ו;ת;ב;ה;מ;ה;ב;ו;ם
ל;ו;ב;י;ב;ס;ש;א;ת;מ;ו;ח;ה;ו;ה;י;ם;א;נ;ה
ו;י;ו;ה;י;ו;ה;ה;כ;ו;ת;ב;ה;י;ה;א;ד;ו;ב;כ
י;כ;ה;ו;ה;י;ם;א;נ;ן;ו;פ;צ;ץ;ר;א;מ;ו;ס;נ
י;ת;ש;ר;פ;ם;י;מ;ש;ה;ת;ו;ח;ו;ר;ע;ב;ר;א;כ
מ;ה;ן;ו;י;צ;י;ו;ה;ה;ו;ה;י;ם;א;נ;ם;כ;ת;א
ר;מ;א;ה;כ;י;כ;ל;ב;ב;ת;ב;ת;ב;ש;ו;י;י;ט;ל
נ;ח;ל;ש;ד;ו;ב;כ;ר;ח;א;ת;ו;א;ב;צ;ה;ו;ה;י
י;כ;ם;כ;ת;א;ם;י;ל;ל;ש;ה;ם;י;ו;ג;ה;ל;א;י
י;כ;ו;נ;י;ע;ת;ב;ב;ב;ע;ג;נ;ם;כ;ב;ע;ג;נ;ה
ה;ו;ם;ה;י;ל;ע;י;ד;י;ת;א;ף;י;נ;מ;י;נ;נ;ה
י;כ;ם;ת;ע;ד;י;ו;ם;ה;י;ד;ב;ע;ל;ל;ל;ש;ו;י
מ;ש;ו;י;נ;ר;י;נ;ח;ל;ש;ת;ו;א;ב;צ;ה;ו;ה;י
נ;כ;ש;ו;א;ב;י;נ;נ;ה;י;כ;ן;ו;י;צ;ת;ב;י;ח
ג;ו;ו;ל;נ;ו;ה;ו;ה;י;ם;א;נ;ך;כ;ו;ת;ב;י;ת
ו;ה;ה;ם;ו;י;ב;ה;ו;ה;י;ל;א;ם;י;ב;ר;ם;י;ו
כ;ו;ת;ב;י;ת;נ;כ;ש;ו;ם;ע;ל;י;ל;ו;י;ה;ו;א
ח;ל;ש;ת;ו;א;ב;צ;ה;ו;ה;י;י;כ;ת;ע;ד;י;ו;ך
ד;ו;ה;י;ת;א;ה;ו;ה;י;ל;ח;נ;ו;ך;י;ל;א;י;נ
ע;ר;ח;ב;ו;ש;ד;ק;ה;ת;מ;ד;א;ל;ע;ו;ק;ל;ח;ה
י;נ;פ;מ;ר;ש;ב;ל;כ;ס;ה;ם;ל;ש;ו;ר;י;ב;ד;ו
ו;ו;ש;ד;ק;ן;ו;ע;מ;מ;ר;ו;ע;נ;י;כ;ה;ו;ה;י
ו;ד;ג;ה;ן;ה;כ;ה;ע;ש;ו;ה;י;ת;א;י;נ;א;ר;י
ט;ש;ה;ו;ה;ו;ה;י;ך;א;ל;מ;י;נ;פ;ל;ד;מ;ע;ל
מ;א;י;ו;ו;נ;ט;ש;ל;ו;נ;י;מ;י;ל;ע;ד;מ;ע;ן
ב;ה;ו;ה;י;ר;ע;ג;י;ן;ט;ש;ה;ל;א;ה;ו;ה;י;ר
ר;ח;ב;ה;ך;ב;ה;ו;ה;י;ר;ע;ג;י;ו;ן;ט;ש;ה;ך
מ;ל;צ;מ;ד;ו;א;ה;ז;א;ו;ל;ה;ם;ל;ש;ו;ר;י;ב
צ;ם;י;ד;ג;ב;ש;ב;ל;ה;י;ה;ע;ש;ו;ה;י;ו;ש;א
ע;י;ו;ך;א;ל;מ;ה;י;נ;פ;ל;ד;מ;ע;ו;ם;י;א;ו
ל;ו;י;נ;פ;ל;ם;י;ד;מ;ע;ה;ל;א;ר;מ;א;י;ו;ן
מ;ם;י;א;צ;ה;ם;י;ד;ג;ב;ה;ו;ר;י;ס;ה;ר;מ;א
ר;ב;ע;ה;ה;א;ר;ו;י;ל;א;ר;מ;א;י;ו;ו;י;ל;ע
מ;ך;ת;א;ש;ב;ל;ה;ו;ך;נ;ו;ע;ך;י;ל;ע;מ;י;ת
ה;ט;ף;י;נ;צ;ו;מ;י;ש;י;ר;מ;א;ו;ת;ו;צ;ל;ח
ה;ף;י;נ;צ;ה;ו;מ;י;ש;י;ו;ו;ש;א;ר;ל;ע;ר;ו
ד;ג;ב;ו;ה;ש;ב;ל;י;ו;ו;ש;א;ר;ל;ע;ר;ו;ה;ט
ל;מ;ד;ע;י;ו;ד;מ;ע;ה;ו;ה;י;ך;א;ל;מ;ו;ם;י
מ;א;ה;כ;ר;מ;א;ל;ע;ש;ו;ה;י;ב;ה;ו;ה;י;ך;א
ך;ל;ת;י;כ;ר;ד;ב;ם;א;ת;ו;א;ב;צ;ה;ו;ה;י;ר
ת;א;ם;ג;ו;ר;מ;ש;ת;י;ת;ר;מ;ש;מ;ת;א;ם;א;ו
ת;א;ר;מ;ש;ת;ם;ג;ו;י;ת;י;ב;ת;א;ן;י;ד;ת;ה
ן;י;ב;ם;י;כ;ל;ה;מ;ך;ל;י;ת;ת;נ;ו;י;ר;צ;ח
ע;ש;ו;ה;י;א;נ;ע;מ;ש;ה;ל;א;ה;ם;י;ד;מ;ע;ה
ש;י;ה;ך;י;ע;ר;ו;ה;ת;א;ל;ו;ד;ג;ה;ן;ה;כ;ה
מ;ה;ת;פ;ו;מ;י;ש;נ;א;י;כ;ך;י;נ;פ;ל;ם;י;ב
ח;מ;צ;י;ד;ב;ע;ת;א;א;י;ב;מ;י;נ;נ;ה;י;כ;ה
י;נ;פ;ל;י;ת;ת;נ;ר;ש;א;ן;ב;א;ה;ה;נ;ה;י;כ
נ;י;ע;ה;ע;ב;ש;ת;ח;א;ן;ב;א;ל;ע;ע;ש;ו;ה;י
ו;ה;י;ם;א;נ;ה;ח;ת;פ;ח;ת;פ;מ;י;נ;נ;ה;ם;י
ץ;ר;א;ה;ן;ו;ע;ת;א;י;ת;ש;מ;ו;ת;ו;א;ב;צ;ה
נ;א;ו;ה;ה;ם;ו;י;ב;ד;ח;א;ם;ו;י;ב;א;י;ה;ה
ל;ש;י;א;ו;א;ר;ק;ת;ת;ו;א;ב;צ;ה;ו;ה;י;ם;א
א;ת;ת;ח;ת;ל;א;ו;ן;פ;ג;ת;ח;ת;ל;א;ו;ה;ע;ר
ע;י;ו;י;ב;ר;ב;ד;ה;ך;א;ל;מ;ה;ב;ש;י;ו;ה;נ
ו;ת;נ;ש;מ;ר;ו;ע;י;ר;ש;א;ש;י;א;כ;י;נ;ר;י
מ;א;י;ו;ה;א;ר;ה;ת;א;ה;מ;י;ל;א;ר;מ;א;י;ו
ל;כ;ב;ה;ז;ת;ר;ו;נ;מ;ה;נ;ה;ו;י;ת;י;א;ר;ר
י;ת;ר;נ;ה;ע;ב;ש;ו;ה;ש;א;ר;ל;ע;ה;ל;ג;ו;ה
ת;ו;ק;צ;ו;מ;ה;ע;ב;ש;ו;ה;ע;ב;ש;ה;י;ל;ע;ה
ז;ם;י;נ;ש;ו;ה;ש;א;ר;ל;ע;ר;ש;א;ת;ו;ר;נ;ל
ה;ל;ג;ה;ן;י;מ;י;מ;ד;ח;א;ה;י;ל;ע;ם;י;ת;י
א;ר;מ;א;ו;ן;ע;א;ו;ה;ל;א;מ;ש;ל;ע;ד;ח;א;ו
ל;א;ה;מ;ר;מ;א;ל;י;ב;ר;ב;ד;ה;ך;א;ל;מ;ה;ל
י;ב;ר;ב;ד;ה;ך;א;ל;מ;ה;ן;ע;י;ו;י;נ;ד;א;ה
מ;ה;ה;מ;ת;ע;ד;י;א;ו;ל;ה;י;ל;א;ר;מ;א;י;ו
י;ו;ן;ע;י;ו;י;נ;ד;א;א;ל;ר;מ;א;ו;ה;ל;א;ה
א;ה;ו;ה;י;ר;ב;ד;ה;ז;ר;מ;א;ל;י;ל;א;ר;מ;א
ב;א;ל;ו;ל;י;ח;ב;א;ל;ר;מ;א;ל;ל;ב;ב;ר;ז;ל
ב;צ;ה;ו;ה;י;ר;מ;א;י;ח;ו;ר;ב;ם;א;י;כ;ח;כ
ז;י;נ;פ;ל;ל;ו;ד;ג;ה;ר;ה;ה;ת;א;י;מ;ת;ו;א
ב;א;ה;ת;א;א;י;צ;ו;ה;ו;ר;ש;י;מ;ל;ל;ב;ב;ר
ה;י;ו;ה;ל;ן;ח;ן;ח;ת;ו;א;ש;ת;ה;ש;א;ר;ה;ן
ר;ז;י;ד;י;ר;מ;א;ל;י;ל;א;ה;ו;ה;י;ר;ב;ד;י
ת;ו;י;ד;י;ו;ה;ז;ה;ת;י;ב;ה;ו;ד;ס;י;ל;ב;ב
ו;א;ב;צ;ה;ו;ה;י;י;כ;ת;ע;ד;י;ו;ה;נ;ע;צ;ב
ו;י;ל;ז;ב;י;מ;י;כ;ם;כ;י;ל;א;י;נ;ח;ל;ש;ת
ב;א;ה;ת;א;ו;א;ר;ו;ו;ח;מ;ש;ו;ת;ו;נ;ט;ק;ם
ל;א;ה;ע;ב;ש;ל;ב;ב;ר;ז;ד;י;ב;ל;י;ד;ב;ה;ן
ב;ם;י;ט;ט;ו;ש;מ;ה;מ;ה;ה;ו;ה;י;י;נ;י;ע;ה
ה;מ;ו;י;ל;א;ר;מ;א;ו;ן;ע;א;ו;ץ;ר;א;ה;ל;כ
ה;ן;י;מ;י;ל;ע;ה;ל;א;ה;ם;י;ת;י;ז;ה;י;נ;ש
נ;ש;ן;ע;א;ו;ה;ל;ו;א;מ;ש;ל;ע;ו;ה;ר;ו;נ;מ
ה;י;ל;ב;ש;י;ת;ש;ה;מ;ו;י;ל;א;ר;מ;א;ו;ת;י
ת;ו;ר;ת;נ;צ;י;נ;ש;ד;י;ב;ר;ש;א;ם;י;ת;י;ז
ה;ז;ה;ם;ה;י;ל;ע;מ;ם;י;ק;י;ר;מ;ה;ב;ה;ז;ה
ע;ד;י;א;ו;ל;ה;ר;מ;א;ל;י;ל;א;ר;מ;א;י;ו;ב
מ;א;י;ו;י;נ;ד;א;א;ל;ר;מ;א;ו;ה;ל;א;ה;מ;ת
י;ד;מ;ע;ה;ר;ה;צ;י;ה;י;נ;ב;י;נ;ש;ה;ל;א;ר
א;ו;ב;ו;ש;א;ו;ץ;ר;א;ה;ל;כ;ן;ו;ד;א;ל;ע;ם
ע;ה;ל;ג;מ;ה;נ;ה;ו;ה;א;ר;א;ו;י;נ;י;ע;א;ש
א;ו;ה;א;ר;ה;ת;א;ה;מ;י;ל;א;ר;מ;א;י;ו;ה;פ
ע;ה;כ;ר;א;ה;פ;ע;ה;ל;ג;מ;ה;א;ר;י;נ;א;ר;מ
ה;מ;א;ב;ר;ש;ע;ה;ב;ח;ר;ו;ה;מ;א;ב;ם;י;ר;ש
א;צ;ו;י;ה;ה;ל;א;ה;ת;א;ז;י;ל;א;ר;מ;א;י;ו
ב;נ;ג;ה;ל;כ;י;כ;ץ;ר;א;ה;ל;כ;י;נ;פ;ל;ע;ת
ז;מ;ע;ב;ש;נ;ה;ל;כ;ו;ה;ק;נ;ה;ו;מ;כ;ה;ז;מ
ה;י;ם;א;נ;ה;י;ת;א;צ;ו;ה;ה;ק;נ;ה;ו;מ;כ;ה
ב;נ;ג;ה;ת;י;ב;ל;א;ה;א;ב;ו;ת;ו;א;ב;צ;ה;ו
ו;ר;ק;ש;ל;י;מ;ש;ב;ע;ב;ש;נ;ה;ת;י;ב;ל;א;ו
ע;ת;א;ו;ו;ת;ל;כ;ו;ו;ת;י;ב;ך;ו;ת;ב;ה;נ;ל
ך;א;ל;מ;ה;א;צ;י;ו;ו;י;נ;ב;א;ת;א;ו;ו;י;צ
י;ע;א;נ;א;ש;י;ל;א;ר;מ;א;י;ו;י;ב;ר;ב;ד;ה
ו;ת;א;ז;ה;ת;א;צ;ו;י;ה;ה;מ;ה;א;ר;ו;ך;י;נ
פ;י;א;ה;ת;א;ז;ר;מ;א;י;ו;א;י;ה;ה;מ;ר;מ;א
ב;ם;נ;י;ע;ת;א;ז;ר;מ;א;י;ו;ת;א;צ;ו;י;ה;ה
א;ש;נ;ת;ר;פ;ע;ר;כ;כ;ה;נ;ה;ו;ץ;ר;א;ה;ל;כ
ך;ו;ת;ב;ת;ב;ש;ו;י;ת;ח;א;ה;ש;א;ת;א;ז;ו;ת
י;ו;ה;ע;ש;ר;ה;ת;א;ז;ר;מ;א;י;ו;ה;פ;י;א;ה
ל;ש;י;ו;ה;פ;י;א;ה;ך;ו;ת;ל;א;ה;ת;א;ך;ל;ש
א;ש;א;ו;ה;י;פ;ל;א;ת;ר;פ;ע;ה;ן;ב;א;ת;א;ך
ם;י;ש;נ;ם;י;ת;ש;ה;נ;ה;ו;א;ר;א;ו;י;נ;י;ע
ה;ל;ו;ם;ה;י;פ;נ;כ;ב;ח;ו;ר;ו;ת;ו;א;צ;ו;י
ת;ו;ה;ד;י;ס;ח;ה;י;פ;נ;כ;כ;ם;י;פ;נ;כ;ה;נ
ב;ו;ץ;ר;א;ה;ן;י;ב;ה;פ;י;א;ה;ת;א;ה;נ;א;ש
ד;ה;ך;א;ל;מ;ה;ל;א;ר;מ;א;ו;ם;י;מ;ש;ה;ן;י
א;ה;ת;א;ת;ו;כ;ל;ו;מ;ה;מ;ה;ה;נ;א;י;ב;ר;ב
י;ב;ה;ל;ת;ו;נ;ב;ל;י;ל;א;ר;מ;א;י;ו;ה;פ;י
ה;ח;י;נ;ה;ו;ן;כ;ו;ה;ו;ר;ע;נ;ש;ץ;ר;א;ב;ת
נ;י;ע;א;ש;א;ו;ב;ש;א;ו;ה;ת;נ;כ;מ;ל;ע;ם;ש
ת;ו;ב;כ;ר;מ;ע;ב;ר;א;ה;נ;ה;ו;ה;א;ר;א;ו;י
ה;ה;ו;ם;י;ר;ה;ה;י;נ;ש;ן;י;ב;מ;ת;ו;א;צ;י
ש;א;ר;ה;ה;ב;כ;ר;מ;ב;ת;ש;ח;נ;י;ר;ה;ם;י;ר
ה;ה;ב;כ;ר;מ;ב;ו;ם;י;מ;ד;א;ם;י;ס;ו;ס;ה;נ
ב;כ;ר;מ;ב;ו;ם;י;ר;ח;ש;ם;י;ס;ו;ס;ת;י;נ;ש
מ;ב;ו;ם;י;נ;ב;ל;ם;י;ס;ו;ס;ת;י;ש;ל;ש;ה;ה
ם;י;ד;ר;ב;ם;י;ס;ו;ס;ת;י;ע;ב;ר;ה;ה;ב;כ;ר
ך;א;ל;מ;ה;ל;א;ר;מ;א;ו;ן;ע;א;ו;ם;י;צ;מ;א
ה;ן;ע;י;ו;י;נ;ד;א;ה;ל;א;ה;מ;י;ב;ר;ב;ד;ה
ר;ע;ב;ר;א;ה;ל;א;י;ל;א;ר;מ;א;י;ו;ך;א;ל;מ
ב;צ;י;ת;ה;מ;ת;ו;א;צ;ו;י;ם;י;מ;ש;ה;ת;ו;ח
ו;ס;ה;ה;ב;ר;ש;א;ץ;ר;א;ה;ל;כ;ן;ו;ד;א;ל;ע
צ;ץ;ר;א;ל;א;ם;י;א;צ;י;ם;י;ר;ח;ש;ה;ם;י;ס
י;ר;ח;א;ל;א;ו;א;צ;י;ם;י;נ;ב;ל;ה;ו;ן;ו;פ
ת;ה;ץ;ר;א;ל;א;ו;א;צ;י;ם;י;ד;ר;ב;ה;ו;ם;ה
ו;ש;ק;ב;י;ו;ו;א;צ;י;ם;י;צ;מ;א;ה;ו;ן;מ;י
ל;ר;מ;א;י;ו;ץ;ר;א;ב;ך;ל;ה;ת;ה;ל;ת;כ;ל;ל
ה;נ;כ;ל;ה;ת;ת;ו;ץ;ר;א;ב;ו;כ;ל;ה;ת;ה;ו;כ
י;ל;א;ר;ב;ד;י;ו;י;ת;א;ק;ע;ז;י;ו;ץ;ר;א;ב
צ;ץ;ר;א;ל;א;ם;י;א;צ;ו;י;ה;ה;א;ר;ר;מ;א;ל
פ;צ;ץ;ר;א;ב;י;ח;ו;ר;ת;א;ו;ח;י;נ;ה;ן;ו;פ
ר;מ;א;ל;י;ל;א;ה;ו;ה;י;ר;ב;ד;י;ה;י;ו;ן;ו
א;מ;ו;י;ד;ל;ח;מ;ה;ל;ו;ג;ה;ת;א;מ;ח;ו;ק;ל
א;ת;א;ב;ו;ה;י;ע;ד;י;ת;א;מ;ו;ה;י;ב;ו;ט;ת
ש;א;י;ת;י;ב;ת;א;ב;ו;א;ו;ה;ה;ם;ו;י;ב;ה;ת
ו;ל;ב;ב;מ;ו;א;ב;ר;ש;א;ה;י;נ;פ;צ;ן;ב;ה;י
ו;ר;ט;ע;ת;י;ש;ע;ו;ב;ה;ז;ו;ף;ס;כ;ת;ח;ק;ל
צ;ו;ה;י;ן;ב;ע;ש;ו;ה;י;ש;א;ר;ב;ת;מ;ש;ו;ת
ו;י;ל;א;ת;ר;מ;א;ו;ל;ו;ד;ג;ה;ן;ה;כ;ה;ק;ד
א;ל;ת;ו;א;ב;צ;ה;ו;ה;י;ר;מ;א;ה;כ;ר;מ;א;ל
י;ת;ח;ת;מ;ו;ו;מ;ש;ח;מ;צ;ש;י;א;ה;נ;ה;ר;מ
ו;ה;ו;ה;י;ל;כ;י;ה;ת;א;ה;נ;ב;ו;ח;מ;צ;י;ו
ו;ה;ו;ה;ו;ה;י;ל;כ;י;ה;ת;א;ה;נ;ב;י;א;ו;ה
א;ס;כ;ל;ע;ל;ש;מ;ו;ב;ש;י;ו;ד;ו;ה;א;ש;י;א
ל;ש;ת;צ;ע;ו;ו;א;ס;כ;ל;ע;ן;ה;כ;ה;י;ה;ו;ו
ת;ר;ט;ע;ה;ו;ם;ה;י;נ;ש;ן;י;ב;ה;י;ה;ת;ם;ו
ע;ד;י;ל;ו;ה;י;ב;ו;ט;ל;ו;ם;ל;ח;ל;ה;י;ה;ת
ב;ן;ו;ר;כ;ז;ל;ה;י;נ;פ;צ;ן;ב;ן;ח;ל;ו;ה;י
ו;ו;א;ב;י;ם;י;ק;ו;ח;ר;ו;ה;ו;ה;י;ל;כ;י;ה
י;כ;ם;ת;ע;ד;י;ו;ה;ו;ה;י;ל;כ;י;ה;ב;ו;נ;ב
ו;ם;כ;י;ל;א;י;נ;ח;ל;ש;ת;ו;א;ב;צ;ה;ו;ה;י
י;ל;ו;ק;ב;ן;ו;ע;מ;ש;ת;ע;ו;מ;ש;ם;א;ה;י;ה
ב;ר;א;ת;נ;ש;ב;י;ה;י;ו;ם;כ;י;ה;ל;א;ה;ו;ה
ו;ה;י;ר;ב;ד;ה;י;ה;ך;ל;מ;ה;ש;ו;י;ר;ד;ל;ע
ת;ה;ש;ד;ח;ל;ה;ע;ב;ר;א;ב;ה;י;ר;כ;ז;ל;א;ה
ר;ש;ל;א;ת;י;ב;ח;ל;ש;י;ו;ו;ל;ס;כ;ב;י;ע;ש
ו;ל;ח;ל;ו;י;ש;נ;א;ו;ך;ל;מ;ם;ג;ר;ו;ר;צ;א
נ;ה;כ;ה;ל;א;ר;מ;א;ל;ה;ו;ה;י;י;נ;פ;ת;א;ת
א;ו;ת;ו;א;ב;צ;ה;ו;ה;י;ת;י;ב;ל;ר;ש;א;ם;י
ד;ח;ב;ה;כ;ב;א;ה;ר;מ;א;ל;ם;י;א;י;ב;נ;ה;ל
ז;י;ת;י;ש;ע;ר;ש;א;כ;ר;ז;נ;ה;י;ש;מ;ח;ה;ש
צ;ה;ו;ה;י;ר;ב;ד;י;ה;י;ו;ם;י;נ;ש;ה;מ;כ;ה
ם;ע;ל;כ;ל;א;ר;מ;א;ר;מ;א;ל;י;ל;א;ת;ו;א;ב
צ;י;כ;ר;מ;א;ל;ם;י;נ;ה;כ;ה;ל;א;ו;ץ;ר;א;ה
ע;י;ב;ש;ב;ו;י;ש;י;מ;ח;ב;ד;ו;פ;ס;ו;ם;ת;מ
נ;ת;מ;צ;ם;ו;צ;ה;ה;נ;ש;ם;י;ע;ב;ש;ה;ז;ו;י
ה;ו;ת;ש;ת;י;כ;ו;ו;ל;כ;א;ת;י;כ;ו;י;נ;א;י
י;ת;ש;ה;ם;ת;א;ו;ם;י;ל;כ;א;ה;ם;ת;א;א;ו;ל
י;א;ר;ק;ר;ש;א;ם;י;ר;ב;ד;ה;ת;א;א;ו;ל;ה;ם
ם;י;נ;ש;א;ר;ה;ם;י;א;י;ב;נ;ה;ד;י;ב;ה;ו;ה
ה;ו;ל;ש;ו;ת;ב;ש;י;ם;ל;ש;ו;ר;י;ת;ו;י;ה;ב
ש;ה;ו;ב;ג;נ;ה;ו;ה;י;ת;ב;י;ב;ס;ה;י;ר;ע;ו
ז;ל;א;ה;ו;ה;י;ר;ב;ד;י;ה;י;ו;ב;ש;י;ה;ל;פ
א;ב;צ;ה;ו;ה;י;ר;מ;א;ה;כ;ר;מ;א;ל;ה;י;ר;כ
ס;ח;ו;ו;ט;פ;ש;ת;מ;א;ט;פ;ש;מ;ר;מ;א;ל;ת;ו
ו;ו;י;ח;א;ת;א;ש;י;א;ו;ש;ע;ם;י;מ;ח;ר;ו;ד
ע;ת;ל;א;י;נ;ע;ו;ר;ג;ם;ו;ת;י;ו;ה;נ;מ;ל;א
ב;ש;ח;ת;ל;א;ו;י;ח;א;ש;י;א;ת;ע;ר;ו;ו;ק;ש
ו;ב;י;ש;ק;ה;ל;ו;נ;א;מ;י;ו;ם;כ;ב;ב;ל;ב;ו
כ;ה;ם;ה;י;נ;ז;א;ו;ת;ר;ר;ס;ף;ת;כ;ו;נ;ת;י
ר;י;מ;ש;ו;מ;ש;ם;ב;ל;ו;ע;ו;מ;ש;מ;ו;ד;י;ב
י;ר;ב;ד;ה;ת;א;ו;ה;ר;ו;ת;ה;ת;א;ע;ו;מ;ש;מ
ח;ו;ר;ב;ת;ו;א;ב;צ;ה;ו;ה;י;ח;ל;ש;ר;ש;א;ם
י;ו;ם;י;נ;ש;א;ר;ה;ם;י;א;י;ב;נ;ה;ד;י;ב;ו
ו;א;ב;צ;ה;ו;ה;י;ת;א;מ;ל;ו;ד;ג;ף;צ;ק;י;ה
כ;ו;ע;מ;ש;א;ל;ו;א;ר;ק;ר;ש;א;כ;י;ה;י;ו;ת
ה;ו;ה;י;ר;מ;א;ע;מ;ש;א;א;ל;ו;ו;א;ר;ק;י;ן
ם;י;ו;ג;ה;ל;כ;ל;ע;ם;ר;ע;ס;א;ו;ת;ו;א;ב;צ
א;ה;מ;ש;נ;ץ;ר;א;ה;ו;ם;ו;ע;ד;י;א;ל;ר;ש;א
א;ו;מ;י;ש;י;ו;ב;ש;מ;ו;ר;ב;ע;מ;ם;ה;י;ר;ח
ו;ה;י;ר;ב;ד;י;ה;י;ו;ה;מ;ש;ל;ה;ד;מ;ח;ץ;ר
צ;ה;ו;ה;י;ר;מ;א;ה;כ;ר;מ;א;ל;ת;ו;א;ב;צ;ה
ד;ג;ה;א;נ;ק;ן;ו;י;צ;ל;י;ת;א;נ;ק;ת;ו;א;ב
כ;ה;ל;י;ת;א;נ;ק;ה;ל;ו;ד;ג;ה;מ;ח;ו;ה;ל;ו
ש;ו;ן;ו;י;צ;ל;א;י;ת;ב;ש;ה;ו;ה;י;ר;מ;א;ה
ה;א;ר;ק;נ;ו;ם;ל;ש;ו;ר;י;ך;ו;ת;ב;י;ת;נ;כ
ה;ו;ה;י;ר;ה;ו;ת;מ;א;ה;ר;י;ע;ם;ל;ש;ו;ר;י
ה;ו;ה;י;ר;מ;א;ה;כ;ש;ד;ק;ה;ר;ה;ת;ו;א;ב;צ
נ;ק;ז;ו;ם;י;נ;ק;ז;ו;ב;ש;י;ד;ע;ת;ו;א;ב;צ
ש;מ;ש;י;א;ו;ם;ל;ש;ו;ר;י;ת;ו;ב;ח;ר;ב;ת;ו
ו;ב;ח;ר;ו;ם;י;מ;י;ב;ר;מ;ו;ד;י;ב;ו;ת;נ;ע
ו;ד;ל;י;ו;ם;י;ד;ל;י;ו;א;ל;מ;י;ר;י;ע;ה;ת
י;ר;מ;א;ה;כ;ה;י;ת;ב;ח;ר;ב;ם;י;ק;ח;ש;מ;ת
ש;י;נ;י;ע;ב;א;ל;פ;י;י;כ;ת;ו;א;ב;צ;ה;ו;ה
ם;ג;ם;ה;ה;ם;י;מ;י;ב;ה;ז;ה;ם;ע;ה;ת;י;ר;א
ו;א;ב;צ;ה;ו;ה;י;ם;א;נ;א;ל;פ;י;י;נ;י;ע;ב
מ;י;נ;נ;ה;ת;ו;א;ב;צ;ה;ו;ה;י;ר;מ;א;ה;כ;ת
א;מ;ו;ח;ר;ז;מ;ץ;ר;א;מ;י;מ;ע;ת;א;ע;י;ש;ו
ו;ם;ת;א;י;ת;א;ב;ה;ו;ש;מ;ש;ה;א;ו;ב;מ;ץ;ר
י;ל;ו;י;ה;ו;ם;ל;ש;ו;ר;י;ך;ו;ת;ב;ו;נ;כ;ש
ם;י;ה;ל;א;ל;ם;ה;ל;ה;י;ה;א;י;נ;א;ו;ם;ע;ל
צ;ה;ו;ה;י;ר;מ;א;ה;כ;ה;ק;ד;צ;ב;ו;ת;מ;א;ב
י;ע;מ;ש;ה;ם;כ;י;ד;י;ה;נ;ק;ז;ח;ת;ת;ו;א;ב
א;ה;ם;י;ר;ב;ד;ה;ת;א;ה;ל;א;ה;ם;י;מ;י;ב;ם
י;ם;ו;י;ב;ר;ש;א;ם;י;א;י;ב;נ;ה;י;פ;מ;ה;ל
ל;ל;כ;י;ה;ה;ת;ו;א;ב;צ;ה;ו;ה;י;ת;י;ב;ד;ס
ש;ם;ה;ה;ם;י;מ;י;ה;י;נ;פ;ל;י;כ;ת;ו;נ;ב;ה
מ;ה;ב;ה;ר;כ;ש;ו;ה;י;ה;נ;א;ל;ם;ד;א;ה;ר;כ
ש;ן;י;א;א;ב;ל;ו;א;צ;ו;י;ל;ו;ה;נ;נ;י;א;ה
ד;א;ה;ל;כ;ת;א;ח;ל;ש;א;ו;ר;צ;ה;ן;מ;ם;ו;ל
ם;י;מ;י;כ;א;ל;ה;ת;ע;ו;ו;ה;ע;ר;ב;ש;י;א;ם
ה;ם;ע;ה;ת;י;ר;א;ש;ל;י;נ;א;ם;י;נ;ש;א;ר;ה
ה;ע;ר;ז;י;כ;ת;ו;א;ב;צ;ה;ו;ה;י;ם;א;נ;ה;ז
ץ;ר;א;ה;ו;ה;י;ר;פ;ן;ת;ת;ן;פ;ג;ה;ם;ו;ל;ש
ו;נ;ת;י;ם;י;מ;ש;ה;ו;ה;ל;ו;ב;י;ת;א;ן;ת;ת
ם;ע;ה;ת;י;ר;א;ש;ת;א;י;ת;ל;ח;נ;ה;ו;ם;ל;ט
י;ה;ר;ש;א;כ;ה;י;ה;ו;ה;ל;א;ל;כ;ת;א;ה;ז;ה
ה;ד;ו;ה;י;ת;י;ב;ם;י;ו;ג;ב;ה;ל;ל;ק;ם;ת;י
ם;כ;ת;א;ע;י;ש;ו;א;ן;כ;ל;א;ר;ש;י;ת;י;ב;ו
ז;ח;ת;ו;א;ר;י;ת;ל;א;ה;כ;ר;ב;ם;ת;י;י;ה;ו
צ;ה;ו;ה;י;ר;מ;א;ה;כ;י;כ;ם;כ;י;ד;י;ה;נ;ק
ם;כ;ל;ע;ר;ה;ל;י;ת;מ;מ;ז;ר;ש;א;כ;ת;ו;א;ב
ה;י;ר;מ;א;י;ת;א;ם;כ;י;ת;ב;א;ף;י;צ;ק;ה;ב
ת;ב;ש;ן;כ;י;ת;מ;ח;נ;א;ל;ו;ת;ו;א;ב;צ;ה;ו
י;ט;י;ה;ל;ה;ל;א;ה;ם;י;מ;י;ב;י;ת;מ;מ;ז;י
ה;ד;ו;ה;י;ת;י;ב;ת;א;ו;ם;ל;ש;ו;ר;י;ת;א;ב
ת;ר;ש;א;ם;י;ר;ב;ד;ה;ה;ל;א;ו;א;ר;י;ת;ל;א
א;ו;ה;ע;ר;ת;א;ש;י;א;ת;מ;א;ו;ר;ב;ד;ו;ש;ע
י;ר;ע;ש;ב;ו;ט;פ;ש;ם;ו;ל;ש;ט;פ;ש;מ;ו;ת;מ
ש;ח;ת;ל;א;ו;ה;ע;ר;ת;ע;ר;ת;א;ש;י;א;ו;ם;כ
א;ת;ל;א;ר;ק;ש;ת;ע;ב;ש;ו;ם;כ;ב;ב;ל;ב;ו;ב
י;ת;א;נ;ש;ר;ש;א;ה;ל;א;ל;כ;ת;א;י;כ;ו;ב;ה
ב;צ;ה;ו;ה;י;ר;ב;ד;י;ה;י;ו;ה;ו;ה;י;ם;א;נ
צ;ה;ו;ה;י;ר;מ;א;ה;כ;ר;מ;א;ל;י;ל;א;ת;ו;א
מ;ח;ה;ם;ו;צ;ו;י;ע;י;ב;ר;ה;ם;ו;צ;ת;ו;א;ב
ש;ע;ה;ם;ו;צ;ו;י;ע;י;ב;ש;ה;ם;ו;צ;ו;י;ש;י
ו;ש;ש;ל;ה;ד;ו;ה;י;ת;י;ב;ל;ה;י;ה;י;י;ר;י
ו;ם;י;ב;ו;ט;ם;י;ד;ע;מ;ל;ו;ה;ח;מ;ש;ל;ו;ן
י;ר;מ;א;ה;כ;ו;ב;ה;א;ם;ו;ל;ש;ה;ו;ת;מ;א;ה
י;מ;ע;ו;א;ב;י;ר;ש;א;ד;ע;ת;ו;א;ב;צ;ה;ו;ה
י;ו;כ;ל;ה;ו;ת;ו;ב;ר;ם;י;ר;ע;י;ב;ש;י;ו;ם
ה;ה;כ;ל;נ;ר;מ;א;ל;ת;ח;א;ל;א;ת;ח;א;י;ב;ש
ב;ל;ו;ה;ו;ה;י;י;נ;פ;ת;א;ת;ו;ל;ח;ל;ך;ו;ל
א;ם;ג;ה;כ;ל;א;ת;ו;א;ב;צ;ה;ו;ה;י;ת;א;ש;ק
ע;ם;י;ו;ג;ו;ם;י;ב;ר;ם;י;מ;ע;ו;א;ב;ו;י;נ
ת;ו;א;ב;צ;ה;ו;ה;י;ת;א;ש;ק;ב;ל;ם;י;מ;ו;צ
ה;י;י;נ;פ;ת;א;ת;ו;ל;ח;ל;ו;ם;ל;ש;ו;ר;י;ב
י;מ;י;ב;ת;ו;א;ב;צ;ה;ו;ה;י;ר;מ;א;ה;כ;ה;ו
נ;א;ה;ר;ש;ע;ו;ק;י;ז;ח;י;ר;ש;א;ה;מ;ה;ה;ם
ז;ח;ה;ו;ם;י;ו;ג;ה;ת;ו;נ;ש;ל;ל;כ;מ;ם;י;ש
נ;ר;מ;א;ל;י;ד;ו;ה;י;ש;י;א;ף;נ;כ;ב;ו;ק;י
ע;ם;י;ה;ל;א;ו;נ;ע;מ;ש;י;כ;ם;כ;מ;ע;ה;כ;ל
ר;ד;ח;ץ;ר;א;ב;ה;ו;ה;י;ר;ב;ד;א;ש;מ;ם;כ;מ
י;ע;ה;ו;ה;י;ל;י;כ;ו;ת;ח;נ;מ;ק;ש;מ;ד;ו;ך
ח;ם;ג;ו;ל;א;ר;ש;י;י;ט;ב;ש;ל;כ;ו;ם;ד;א;ן
כ;ח;י;כ;ן;ו;ד;י;צ;ו;ר;צ;ה;ב;ל;ב;ג;ת;ת;מ
צ;ת;ו;ה;ל;ר;ו;צ;מ;ר;צ;ן;ב;ת;ו;ד;א;מ;ה;מ
ו;ח;ט;י;ט;כ;ץ;ו;ר;ח;ו;ר;פ;ע;כ;ף;ס;כ;ר;ב
ה;כ;ה;ו;ה;נ;ש;ר;ו;י;י;נ;ד;א;ה;נ;ה;ת;ו;צ
ר;ת;ל;כ;א;ת;ש;א;ב;א;י;ה;ו;ה;ל;י;ח;ם;י;ב
י;ח;ת;ו;ה;ז;ע;ו;א;ר;י;ת;ו;ן;ו;ל;ק;ש;א;א
ה;ט;ב;מ;ש;י;ב;ה;י;כ;ן;ו;ר;ק;ע;ו;ד;א;מ;ל
א;ל;ן;ו;ל;ק;ש;א;ו;ה;ז;ע;מ;ך;ל;מ;ד;ב;א;ו
כ;ה;ו;ד;ו;ד;ש;א;ב;ר;ז;מ;מ;ב;ש;י;ו;ב;ש;ת
ד;י;ת;ר;ס;ה;ו;ם;י;ת;ש;ל;פ;ן;ו;א;ג;י;ת;ר
י;נ;ש;ן;י;ב;מ;ו;י;צ;ק;ש;ו;ו;י;פ;מ;ו;י;מ
ה;ו;ו;נ;י;ה;ל;א;ל;א;ו;ה;ם;ג;ר;א;ש;נ;ו;ו
י;כ;ן;ו;ר;ק;ע;ו;ה;ד;ו;ה;י;ב;ף;ל;א;כ;ה;י
מ;ה;ב;צ;מ;י;ת;י;ב;ל;י;ת;י;נ;ח;ו;י;ס;ו;ב
ע;ם;ה;י;ל;ע;ר;ב;ע;י;א;ל;ו;ב;ש;מ;ו;ר;ב;ע
י;נ;י;ע;ב;י;ת;י;א;ר;ה;ת;ע;י;כ;ש;ג;נ;ד;ו
ת;ב;י;ע;י;ר;ה;ן;ו;י;צ;ת;ב;ד;א;מ;י;ל;י;ג
צ;ך;ל;א;ו;ב;י;ך;כ;ל;מ;ה;נ;ה;ם;ל;ש;ו;ר;י
ל;ע;ב;כ;ר;ו;י;נ;ע;א;ו;ה;ע;ש;ו;נ;ו;ק;י;ד
כ;ה;ו;ת;ו;נ;ת;א;ן;ב;ר;י;ע;ל;ע;ו;ר;ו;מ;ח
ו;ר;י;מ;ס;ו;ס;ו;ם;י;ר;פ;א;מ;ב;כ;ר;י;ת;ר
ב;ד;ו;ה;מ;ח;ל;מ;ת;ש;ק;ה;ת;ר;כ;נ;ו;ם;ל;ש
ד;ע;ם;י;מ;ו;ל;ש;מ;ו;ם;י;ו;ג;ל;ם;ו;ל;ש;ר
ת;א;ם;ג;ץ;ר;א;י;ס;פ;א;ד;ע;ר;ה;נ;מ;ו;ם;י
מ;ך;י;ר;י;ס;א;י;ת;ח;ל;ש;ך;ת;י;ר;ב;ם;ד;ב
ו;ר;צ;ב;ל;ו;ב;ו;ש;ו;ב;ם;י;מ;ן;י;א;ר;ו;ב
י;ג;מ;ם;ו;י;ה;ם;ג;ה;ו;ק;ת;ה;י;ר;י;ס;א;ן
י;ל;י;ת;כ;ר;ד;י;כ;ך;ל;ב;י;ש;א;ה;נ;ש;מ;ד
ע;ו;ם;י;ר;פ;א;י;ת;א;ל;מ;ת;ש;ק;ה;ד;ו;ה;י
י;ך;י;נ;ב;ל;ע;ן;ו;י;צ;ך;י;נ;ב;י;ת;ר;ר;ו
ו;ה;י;ו;ר;ו;ב;ג;ב;ר;ח;כ;ך;י;ת;מ;ש;ו;ן;ו
צ;ח;ק;ר;ב;כ;א;צ;י;ו;ה;א;ר;י;ם;ה;י;ל;ע;ה
ו;ע;ק;ת;י;ר;פ;ו;ש;ב;ה;ו;ה;י;י;נ;ד;א;ו;ו
א;ב;צ;ה;ו;ה;י;ן;מ;י;ת;ת;ו;ר;ע;ס;ב;ך;ל;ה
ו;ש;ב;כ;ו;ו;ל;כ;א;ו;ם;ה;י;ל;ע;ן;ג;י;ת;ו
ן;י;י;ו;מ;כ;ו;מ;ה;ו;ת;ש;ו;ע;ל;ק;י;נ;ב;א
ח;ב;ז;מ;ת;ו;י;ו;ז;כ;ק;ר;ז;מ;כ;ו;א;ל;מ;ו
ו;י;ב;ם;ה;י;ה;ל;א;ה;ו;ה;י;ם;ע;י;ש;ו;ה;ו
ז;נ;י;נ;ב;א;י;כ;ו;מ;ע;ן;א;צ;כ;א;ו;ה;ה;ם
ה;מ;י;כ;ו;ת;מ;ד;א;ל;ע;ת;ו;ס;ס;ו;נ;ת;מ;ר
ם;י;ר;ו;ח;ב;ן;ג;ד;ו;י;פ;י;ה;מ;ו;ו;ב;ו;ט
ו;ל;א;ש;ת;ו;ל;ת;ב;ב;ב;ו;נ;י;ש;ו;ר;י;ת;ו
ה;ו;ה;י;ש;ו;ק;ל;מ;ת;ע;ב;ר;ט;מ;ה;ו;ה;י;מ
ל;ן;ת;י;ם;ש;ג;ר;ט;מ;ו;ם;י;ז;י;ז;ח;ה;ש;ע
י;פ;ר;ת;ה;י;כ;ה;ד;ש;ב;ב;ש;ע;ש;י;א;ל;ם;ה
ש;ו;ז;ח;ם;י;מ;ס;ו;ק;ה;ו;ן;ו;א;ו;ר;ב;ד;ם
ל;ב;ה;ו;ר;ב;ד;י;א;ו;ש;ה;ת;ו;מ;ל;ח;ו;ר;ק
ן;א;צ;ו;מ;כ;ו;ע;ס;נ;ן;כ;ל;ע;ן;ו;מ;ח;נ;י
ח;ם;י;ע;ר;ה;ל;ע;ה;ע;ר;ן;י;א;י;כ;ו;נ;ע;י
ד;ו;ק;פ;א;ם;י;ד;ו;ת;ע;ה;ל;ע;ו;י;פ;א;ה;ר
ו;ר;ד;ע;ת;א;ת;ו;א;ב;צ;ה;ו;ה;י;ד;ק;פ;י;כ
ו;ס;כ;ם;ת;ו;א;ם;ש;ו;ה;ד;ו;ה;י;ת;י;ב;ת;א
מ;מ;ה;נ;פ;ו;נ;מ;מ;ה;מ;ח;ל;מ;ב;ו;ד;ו;ה;ס
נ;מ;מ;ה;מ;ח;ל;מ;ת;ש;ק;ו;נ;מ;מ;ד;ת;י;ו;נ
ג;כ;ו;י;ה;ו;ו;ד;ח;י;ש;ג;ו;נ;ל;כ;א;צ;י;ו
מ;ב;ת;ו;צ;ו;ח;ט;י;ט;ב;ם;י;ס;ו;ב;ם;י;ר;ב
ו;ם;מ;ע;ה;ו;ה;י;י;כ;ו;מ;ח;ל;נ;ו;ה;מ;ח;ל
י;ת;ר;ב;ג;ו;ם;י;ס;ו;ס;י;ב;כ;ר;ו;ש;י;ב;ה
ף;ס;ו;י;ת;י;ב;ת;א;ו;ה;ד;ו;ה;י;ת;י;ב;ת;א
ת;מ;ח;ר;י;כ;ם;י;ת;ו;ב;ש;ו;ה;ו;ע;י;ש;ו;א
י;כ;ם;י;ת;ח;נ;ז;א;ל;ר;ש;א;כ;ו;י;ה;ו;ם;י
ה;ו;ם;נ;ע;א;ו;ם;ה;י;ה;ל;א;ה;ו;ה;י;י;נ;א
כ;ם;ב;ל;ח;מ;ש;ו;ם;י;ר;פ;א;ר;ו;ב;ג;כ;ו;י
ו;ח;מ;ש;ו;ו;א;ר;י;ם;ה;י;נ;ב;ו;ן;י;י;ו;מ
ו;ם;ה;ל;ה;ק;ר;ש;א;ה;ו;ה;י;ב;ם;ב;ל;ל;ג;י
ו;מ;כ;ו;ב;ר;ו;ם;י;ת;י;ד;פ;י;כ;ם;צ;ב;ק;א
ק;ח;ר;מ;ב;ו;ם;י;מ;ע;ב;ם;ע;ר;ז;א;ו;ו;ב;ר
ם;ה;י;נ;ב;ת;א;ו;י;ח;ו;י;נ;ו;ר;כ;ז;י;ם;י
ר;צ;מ;ץ;ר;א;מ;ם;י;ת;ו;ב;י;ש;ה;ו;ו;ב;ש;ו
ג;ץ;ר;א;ל;א;ו;ם;צ;ב;ק;א;ר;ו;ש;א;מ;ו;ם;י
צ;מ;י;א;ל;ו;ם;א;י;ב;א;ן;ו;נ;ב;ל;ו;ד;ע;ל
י;ב;ה;כ;ה;ו;ה;ר;צ;ם;י;ב;ר;ב;ע;ו;ם;ה;ל;א
י;ת;ו;ל;ו;צ;מ;ל;כ;ו;ש;י;ב;ה;ו;ם;י;ל;ג;ם
מ;ט;ב;ש;ו;ר;ו;ש;א;ן;ו;א;ג;ד;ר;ו;ה;ו;ר;א
ה;ו;ה;י;ב;ם;י;ת;ר;ב;ג;ו;ר;ו;ס;י;ם;י;ר;צ
ת;פ;ה;ו;ה;י;ם;א;נ;ו;כ;ל;ה;ת;י;ו;מ;ש;ב;ו
א;ב;ש;א;ל;כ;א;ת;ו;ך;י;ת;ל;ד;ן;ו;נ;ב;ל;ח
ז;ר;א;ל;פ;נ;י;כ;ש;ו;ר;ב;ל;ל;י;ה;ך;י;ז;ר
ל;א;ו;ל;י;ל;י;ה;ו;ד;ד;ש;ם;י;ר;ד;א;ר;ש;א
ק;ר;ו;צ;ב;ה;ר;ע;י;ד;ר;י;י;כ;ן;ש;ב;י;נ;ו
ר;ד;א;ה;ד;ד;ש;י;כ;ם;י;ע;ר;ה;ת;ל;ל;י;ל;ו
ד;ד;ש;י;כ;ם;י;ר;י;פ;כ;ת;ג;א;ש;ל;ו;ק;ם;ת
ל;א;ה;ו;ה;י;ר;מ;א;ה;כ;ן;ד;ר;י;ה;ן;ו;א;ג
נ;ק;ר;ש;א;ה;ג;ר;ה;ה;ן;א;צ;ת;א;ה;ע;ר;י;ה
ר;כ;מ;ו;ו;מ;ש;א;י;א;ל;ו;ן;ג;ר;ה;י;ן;ה;י
ר;ש;ע;א;ו;ה;ו;ה;י;ך;ו;ר;ב;ר;מ;א;י;ן;ה;י
י;כ;ן;ה;י;ל;ע;ל;ו;מ;ח;י;א;ל;ם;ה;י;ע;ר;ו
ץ;ר;א;ה;י;ב;ש;י;ל;ע;ד;ו;ע;ל;ו;מ;ח;א;א;ל
א;י;צ;מ;מ;י;כ;נ;א;ה;נ;ה;ו;ה;ו;ה;י;ם;א;נ
ד;י;ב;ו;ו;ה;ע;ר;ד;י;ב;ש;י;א;ם;ד;א;ה;ת;א
צ;א;א;ל;ו;ץ;ר;א;ה;ת;א;ו;ת;ת;כ;ו;ו;כ;ל;מ
ג;ר;ה;ה;ן;א;צ;ת;א;ה;ע;ר;א;ו;ם;ד;י;מ;ל;י
נ;ש;י;ל;ח;ק;א;ו;ן;א;צ;ה;י;י;נ;ע;ן;כ;ל;ה
ל;ו;ם;ע;נ;י;ת;א;ר;ק;ד;ח;א;ל;ת;ו;ל;ק;מ;י
ת;א;ה;ע;ר;א;ו;ם;י;ל;ב;ח;י;ת;א;ר;ק;ד;ח;א
ם;י;ע;ר;ה;ת;ש;ל;ש;ת;א;ד;ח;כ;א;ו;ן;א;צ;ה
ו;ם;ה;ב;י;ש;פ;נ;ר;צ;ק;ת;ו;ד;ח;א;ח;ר;י;ב
ר;א;א;ל;ר;מ;א;ו;י;ב;ה;ל;ח;ב;ם;ש;פ;נ;ם;ג
ד;ח;כ;נ;ה;ו;ת;ו;מ;ת;ה;ת;מ;ה;ם;כ;ת;א;ה;ע
א;ה;נ;ל;כ;א;ת;ת;ו;ר;א;ש;נ;ה;ו;ד;ח;כ;ת;ת
ק;מ;ת;א;ח;ק;א;ו;ה;ת;ו;ע;ר;ר;ש;ב;ת;א;ה;ש
ר;י;פ;ה;ל;ו;ת;א;ע;ד;ג;א;ו;ם;ע;נ;ת;א;י;ל
ע;ה;ל;כ;ת;א;י;ת;ר;כ;ר;ש;א;י;ת;י;ר;ב;ת;א
ו;ע;ד;י;ו;א;ו;ה;ה;ם;ו;י;ב;ר;פ;ת;ו;ם;י;מ
כ;י;ת;א;ם;י;ר;מ;ש;ה;ן;א;צ;ה;י;י;נ;ע;ן;כ
ם;ה;י;ל;א;ר;מ;א;ו;א;ו;ה;ה;ו;ה;י;ר;ב;ד;י
ו;י;ר;כ;ש;ו;ב;ה;ם;כ;י;נ;י;ע;ב;ב;ו;ט;ם;א
י;ר;כ;ש;ת;א;ו;ל;ק;ש;י;ו;ו;ל;ד;ח;א;ל;ם;א
י;ל;א;ה;ו;ה;י;ר;מ;א;י;ו;ף;ס;כ;ם;י;ש;ל;ש
ק;י;ה;ר;ד;א;ר;צ;ו;י;ה;ל;א;ו;ה;כ;י;ל;ש;ה
ה;ח;ק;א;ו;ם;ה;י;ל;ע;מ;י;ת;ר;ק;י;ר;ש;א;ר
י;ב;ו;ת;א;ך;י;ל;ש;א;ו;ף;ס;כ;ה;ם;י;ש;ל;ש
מ;ת;א;ע;ד;ג;א;ו;ר;צ;ו;י;ה;ל;א;ה;ו;ה;י;ת
א;ר;פ;ה;ל;ם;י;ל;ב;ח;ה;ת;א;י;נ;ש;ה;י;ל;ק
ש;י;ן;י;ב;ו;ה;ד;ו;ה;י;ן;י;ב;ה;ו;ח;א;ה;ת
ח;ק;ד;ו;ע;י;ל;א;ה;ו;ה;י;ר;מ;א;י;ו;ל;א;ר
כ;נ;א;ה;נ;ה;י;כ;י;ל;ו;א;ה;ע;ר;י;ל;כ;ך;ל
ל;ת;ו;ד;ח;כ;נ;ה;ץ;ר;א;ב;ה;ע;ר;ם;י;ק;מ;י
ב;ש;נ;ה;ו;ש;ק;ב;י;א;ל;ר;ע;נ;ה;ד;ק;פ;י;א
ל;כ;ל;כ;י;א;ל;ה;ב;צ;נ;ה;א;פ;ר;י;א;ל;ת;ר
ה;י;ס;ר;פ;ו;ל;כ;א;י;ה;א;י;ר;ב;ה;ר;ש;ב;ו
י;ב;ז;ע;ל;י;ל;א;ה;י;ע;ר;י;ו;ה;ק;ר;פ;י;ן
ן;י;ע;ל;ע;ו;ו;ע;ו;ר;ז;ל;ע;ב;ר;ח;ן;א;צ;ה
י;ע;ו;ש;ב;י;ת;ש;ו;ב;י;ו;ע;ר;ז;ו;נ;י;מ;י
י;ר;ב;ד;א;ש;מ;ה;ה;כ;ת;ה;ה;כ;ו;נ;י;מ;י;ן
ה;ט;נ;ה;ו;ה;י;ם;א;נ;ל;א;ר;ש;י;ל;ע;ה;ו;ה
ד;א;ח;ו;ר;ר;צ;י;ו;ץ;ר;א;ד;ס;י;ו;ם;י;מ;ש
ו;ר;י;ת;א;ם;ש;י;כ;נ;א;ה;נ;ה;ו;ב;ר;ק;ב;ם
ב;י;ב;ס;ם;י;מ;ע;ה;ל;כ;ל;ל;ע;ר;ף;ס;ם;ל;ש
ע;ר;ו;צ;מ;ב;ה;י;ה;י;ה;ד;ו;ה;י;ל;ע;ם;ג;ו
א;א;ו;ה;ה;ם;ו;י;ב;ה;י;ה;ו;ם;ל;ש;ו;ר;י;ל
ל;ה;ס;מ;ע;מ;ן;ב;א;ם;ל;ש;ו;ר;י;ת;א;ם;י;ש
ש;י;ט;ו;ר;ש;ה;י;ס;מ;ע;ל;כ;ם;י;מ;ע;ה;ל;כ
ה;י;י;ו;ג;ל;כ;ה;י;ל;ע;ו;פ;ס;א;נ;ו;ו;ט;ר
כ;א;ה;ו;ה;י;ם;א;נ;א;ו;ה;ה;ם;ו;י;ב;ץ;ר;א
ג;ש;ב;ו;ב;כ;ר;ו;ן;ו;ה;מ;ת;ב;ס;ו;ס;ל;כ;ה
ת;א;ח;ק;פ;א;ה;ד;ו;ה;י;ת;י;ב;ל;ע;ו;ן;ו;ע
ע;ב;ה;כ;א;ם;י;מ;ע;ה;ס;ו;ס;ל;כ;ו;י;נ;י;ע
ל;ב;ה;ד;ו;ה;י;י;פ;ל;א;ו;ר;מ;א;ו;ן;ו;ר;ו
י;ב;ם;ל;ש;ו;ר;י;י;ב;ש;י;י;ל;ה;צ;מ;א;ם;ב
ה;ה;ם;ו;י;ב;ם;ה;י;ה;ל;א;ת;ו;א;ב;צ;ה;ו;ה
י;כ;כ;ה;ד;ו;ה;י;י;פ;ל;א;ת;א;ם;י;ש;א;א;ו
מ;ע;ב;ש;א;ד;י;פ;ל;כ;ו;ם;י;צ;ע;ב;ש;א;ר;ו
ו;א;מ;ש;ל;ע;ו;ן;י;מ;י;ל;ע;ו;ל;כ;א;ו;ר;י
י;ה;ב;ש;י;ו;ב;י;ב;ס;ם;י;מ;ע;ה;ל;כ;ת;א;ל
ם;ל;ש;ו;ר;י;ב;ה;י;ת;ח;ת;ד;ו;ע;ם;ל;ש;ו;ר
ד;ו;ה;י;י;ל;ה;א;ת;א;ה;ו;ה;י;ע;י;ש;ו;ה;ו
א;פ;ת;ל;ד;ג;ת;א;ל;ן;ע;מ;ל;ה;נ;ש;א;ר;ב;ה
ר;י;ב;ש;י;ת;ר;א;פ;ת;ו;ד;י;ו;ד;ת;י;ב;ת;ר
י;א;ו;ה;ה;ם;ו;י;ב;ה;ד;ו;ה;י;ל;ע;ם;ל;ש;ו
ו;ם;ל;ש;ו;ר;י;ב;ש;ו;י;ד;ע;ב;ה;ו;ה;י;ן;ג
כ;א;ו;ה;ה;ם;ו;י;ב;ם;ה;ב;ל;ש;כ;נ;ה;ה;י;ה
מ;כ;ם;י;ה;ל;א;כ;ד;י;ו;ד;ת;י;ב;ו;ד;י;ו;ד
ו;י;ב;ה;י;ה;ו;ם;ה;י;נ;פ;ל;ה;ו;ה;י;ך;א;ל
ה;ל;כ;ת;א;ד;י;מ;ש;ה;ל;ש;ק;ב;א;א;ו;ה;ה;ם
פ;ש;ו;ם;ל;ש;ו;ר;י;ל;ע;ם;י;א;ב;ה;ם;י;ו;ג
י;ב;ש;ו;י;ל;ע;ו;ד;י;ו;ד;ת;י;ב;ל;ע;י;ת;כ
ה;ו;ם;י;נ;ו;נ;ח;ת;ו;ן;ח;ח;ו;ר;ם;ל;ש;ו;ר
ד;פ;ס;ו;ו;ר;ק;ד;ר;ש;א;ת;א;י;ל;א;ו;ט;י;ב
מ;ה;ו;ד;י;ח;י;ה;ל;ע;ד;פ;ס;מ;כ;ו;י;ל;ע;ו
ם;ו;י;ב;ר;ו;כ;ב;ה;ל;ע;ר;מ;ה;כ;ו;י;ל;ע;ר
ם;ל;ש;ו;ר;י;ב;ד;פ;ס;מ;ה;ל;ד;ג;י;א;ו;ה;ה
ד;ג;מ;ת;ע;ק;ב;ב;ן;ו;מ;ר;ד;ד;ה;ד;פ;ס;מ;כ
פ;ש;מ;ת;ו;ח;פ;ש;מ;ץ;ר;א;ה;ה;ד;פ;ס;ו;ן;ו
ב;ל;ד;י;ו;ד;ת;י;ב;ת;ח;פ;ש;מ;ד;ב;ל;ת;ו;ח
ת;נ;ת;י;ב;ת;ח;פ;ש;מ;ד;ב;ל;ם;ה;י;ש;נ;ו;ד
י;ב;ת;ח;פ;ש;מ;ד;ב;ל;ם;ה;י;ש;נ;ו;ד;ב;ל;ן
ח;פ;ש;מ;ד;ב;ל;ם;ה;י;ש;נ;ו;ד;ב;ל;י;ו;ל;ת
ל;כ;ד;ב;ל;ם;ה;י;ש;נ;ו;ד;ב;ל;י;ע;מ;ש;ה;ת
מ;ת;ח;פ;ש;מ;ת;ו;ר;א;ש;נ;ה;ת;ו;ח;פ;ש;מ;ה
ם;ו;י;ב;ד;ב;ל;ם;ה;י;ש;נ;ו;ד;ב;ל;ת;ח;פ;ש
ת;י;ב;ל;ח;ת;פ;נ;ר;ו;ק;מ;ה;י;ה;י;א;ו;ה;ה
א;ט;ח;ל;ם;ל;ש;ו;ר;י;י;ב;ש;י;ל;ו;ד;י;ו;ד
א;נ;א;ו;ה;ה;ם;ו;י;ב;ה;י;ה;ו;ה;ד;נ;ל;ו;ת
ו;מ;ש;ת;א;ת;י;ר;כ;א;ת;ו;א;ב;צ;ה;ו;ה;י;ם
ר;כ;ז;י;א;ל;ו;ץ;ר;א;ה;ן;מ;ם;י;ב;צ;ע;ה;ת
ר;ת;א;ו;ם;י;א;י;ב;נ;ה;ת;א;ם;ג;ו;ד;ו;ע;ו
ה;ו;ץ;ר;א;ה;ן;מ;ר;י;ב;ע;א;ה;א;מ;ט;ה;ח;ו
א;ו;ר;מ;א;ו;ד;ו;ע;ש;י;א;א;ב;נ;י;י;כ;ה;י
ח;ת;א;ל;ו;י;ד;ל;י;ו;מ;א;ו;ו;י;ב;א;ו;י;ל
ד;ו;ה;ו;ה;י;ם;ש;ב;ת;ר;ב;ד;ר;ק;ש;י;כ;ה;י
ה;ב;ו;י;ד;ל;י;ו;מ;א;ו;ו;ה;י;ב;א;ו;ה;ר;ק
ו;ש;ב;י;א;ו;ה;ה;ם;ו;י;ב;ה;י;ה;ו;ו;א;ב;נ
ב;נ;ה;ב;ו;נ;י;ז;ח;מ;ש;י;א;ם;י;א;י;ב;נ;ה
מ;ל;ר;ע;ש;ת;ר;ד;א;ו;ש;ב;ל;י;א;ל;ו;ו;ת;א
א;י;כ;נ;א;א;י;ב;נ;א;ל;ר;מ;א;ו;ש;ח;כ;ן;ע
ק;ה;ם;ד;א;י;כ;י;כ;נ;א;ה;מ;ד;א;ד;ב;ע;ש;י
ה;ה;מ;ו;י;ל;א;ר;מ;א;ו;י;ר;ו;ע;נ;מ;י;נ;נ
א;ר;מ;א;ו;ך;י;ד;י;ן;י;ב;ה;ל;א;ה;ת;ו;כ;מ
ו;ע;ב;ר;ח;י;ב;ה;א;מ;ת;י;ב;י;ת;י;כ;ה;ר;ש
א;נ;י;ת;י;מ;ע;ר;ב;ג;ל;ע;ו;י;ע;ר;ל;ע;י;ר
ת;ו;ה;ע;ר;ה;ת;א;ך;ה;ת;ו;א;ב;צ;ה;ו;ה;י;ם
ל;ע;י;ד;י;י;ת;ב;ש;ה;ו;ן;א;צ;ה;ן;י;צ;ו;פ
ם;א;נ;ץ;ר;א;ה;ל;כ;ב;ה;י;ה;ו;ם;י;ר;ע;צ;ה
ו;ג;י;ו;ת;ר;כ;י;ה;ב;ם;י;נ;ש;י;פ;ה;ו;ה;י
ת;א;ב;ה;ו;ה;ב;ר;ת;ו;י;ת;י;ש;ל;ש;ה;ו;ו;ע
כ;ם;י;ת;פ;ר;צ;ו;ש;א;ב;ת;י;ש;ל;ש;ה;ת;א;י
ן;ח;ב;כ;ם;י;ת;נ;ח;ב;ו;ף;ס;כ;ה;ת;א;ף;ר;צ
נ;א;ו;י;מ;ש;ב;א;ר;ק;י;א;ו;ה;ב;ה;ז;ה;ת;א
ו;א;ו;ה;י;מ;ע;י;ת;ר;מ;א;ו;ת;א;ה;נ;ע;א;י
ו;י;ה;נ;ה;י;ה;ל;א;ה;ו;ה;י;ר;מ;א;י;א;ו;ה
ב;ר;ק;ב;ך;ל;ל;ש;ק;ל;ח;ו;ה;ו;ה;י;ל;א;ב;ם
ר;י;ל;א;ם;י;ו;ג;ה;ל;כ;ת;א;י;ת;פ;ס;א;ו;ך
ר;י;ע;ה;ה;ד;כ;ל;נ;ו;ה;מ;ח;ל;מ;ל;ם;ל;ש;ו
ל;ג;ש;ת;ם;י;ש;נ;ה;ו;ם;י;ת;ב;ה;ו;ס;ש;נ;ו
י;ו;ה;ל;ו;ג;ב;ר;י;ע;ה;י;צ;ח;א;צ;י;ו;ה;נ
צ;י;ו;ר;י;ע;ה;ן;מ;ת;ר;כ;י;א;ל;ם;ע;ה;ר;ת
י;כ;ם;ה;ה;ם;י;ו;ג;ב;ם;ח;ל;נ;ו;ה;ו;ה;י;א
ר;ו;ד;מ;ע;ו;ב;ר;ק;ם;ו;י;ב;ו;מ;ח;ל;ה;ם;ו
י;ת;ז;ה;ר;ה;ל;ע;א;ו;ה;ה;ם;ו;י;ב;ו;י;ל;ג
ו;ם;ד;ק;מ;ם;ל;ש;ו;ר;י;י;נ;פ;ל;ע;ר;ש;א;ם
ר;ז;מ;ו;י;צ;ח;מ;ם;י;ת;י;ז;ה;ר;ה;ע;ק;ב;נ
ש;מ;ו;ד;א;מ;ה;ל;ו;ד;ג;א;י;ג;ה;מ;י;ו;ה;ח
ה;ב;ג;נ;ו;י;צ;ח;ו;ה;נ;ו;פ;צ;ר;ה;ה;י;צ;ח
ה;י;ג;ע;י;ג;י;י;כ;י;ר;ה;א;י;ג;ם;ת;ס;נ;ו
ת;ס;נ;ר;ש;א;כ;ם;ת;ס;נ;ו;ל;צ;א;ל;א;ם;י;ר
ך;ל;מ;ה;י;ז;ע;י;מ;י;ב;ש;ע;ר;ה;י;נ;פ;מ;ם
ד;ק;ל;כ;י;ה;ל;א;ה;ו;ה;י;א;ב;ו;ה;ד;ו;ה;י
א;ל;א;ו;ה;ה;ם;ו;י;ב;ה;י;ה;ו;ך;מ;ע;ם;י;ש
ה;ו;ן;ו;א;פ;ק;י;ת;ו;ר;ק;י;ר;ו;א;ה;י;ה;י
ה;ו;ה;י;ל;ע;ד;ו;י;א;ו;ה;ד;ח;א;ם;ו;י;ה;י
ע;ת;ע;ל;ה;י;ה;ו;ה;ל;י;ל;א;ל;ו;ם;ו;י;א;ל
ו;ה;ה;ם;ו;י;ב;ה;י;ה;ו;ר;ו;א;ה;י;ה;י;ב;ר
ח;ם;ל;ש;ו;ר;י;מ;ם;י;י;ח;ם;י;מ;ו;א;צ;י;א
ם;י;צ;ח;ו;י;נ;ו;מ;ד;ק;ה;ם;י;ה;ל;א;ם;י;צ
ף;ר;ח;ב;ו;ץ;י;ק;ב;ן;ו;ר;ח;א;ה;ם;י;ה;ל;א
ל;כ;ל;ע;ך;ל;מ;ל;ה;ו;ה;י;ה;י;ה;ו;ה;י;ה;י
ה;ו;ה;י;ה;י;ה;י;א;ו;ה;ה;ם;ו;י;ב;ץ;ר;א;ה
ץ;ר;א;ה;ל;כ;ב;ו;ס;י;ד;ח;א;ו;מ;ש;ו;ד;ח;א
ו;ר;י;ב;ג;נ;ן;ו;מ;ר;ל;ע;ב;ג;מ;ה;ב;ר;ע;כ
מ;ל;ה;י;ת;ח;ת;ה;ב;ש;י;ו;ה;מ;א;ר;ו;ם;ל;ש
א;ר;ה;ר;ע;ש;ם;ו;ק;מ;ד;ע;ן;מ;י;נ;ב;ר;ע;ש
נ;ח;ל;ד;ג;מ;ו;ם;י;נ;פ;ה;ר;ע;ש;ד;ע;ן;ו;ש
ה;ב;ו;ב;ש;י;ו;ך;ל;מ;ה;י;ב;ק;י;ד;ע;ל;א;נ
ר;י;ה;ב;ש;י;ו;ד;ו;ע;ה;י;ה;י;א;ל;ם;ר;ח;ו
פ;ג;מ;ה;ה;י;ה;ת;ת;א;ז;ו;ח;ט;ב;ל;ם;ל;ש;ו
ם;י;מ;ע;ה;ל;כ;ת;א;ה;ו;ה;י;ף;ג;י;ר;ש;א;ה
ש;ב;ק;מ;ה;ם;ל;ש;ו;ר;י;ל;ע;ו;א;ב;צ;ר;ש;א
נ;י;ע;ו;ו;י;ל;ג;ר;ל;ע;ד;מ;ע;א;ו;ה;ו;ו;ר
ת;ו;נ;ו;ש;ל;ו;ן;ה;י;ר;ח;ב;ה;נ;ק;מ;ת;ו;י
ת;א;ו;ה;ה;ם;ו;י;ב;ה;י;ה;ו;ם;ה;י;פ;ב;ק;מ
ה;ו;ם;ה;ב;ה;ב;ר;ה;ו;ה;י;ת;מ;ו;ה;מ;ה;י;ה
י;ה;ת;ל;ע;ו;ו;ה;ע;ר;ד;י;ש;י;א;ו;ק;י;ז;ח
ל;ת;ה;ד;ו;ה;י;ם;ג;ו;ו;ה;ע;ר;ד;י;ל;ע;ו;ד
ג;ה;ל;כ;ל;י;ח;ף;ס;א;ו;ם;ל;ש;ו;ר;י;ב;ם;ח
ם;י;ד;ג;ב;ו;ף;ס;כ;ו;ב;ה;ז;ב;י;ב;ס;ם;י;ו
ו;ס;ה;ת;פ;ג;מ;ה;י;ה;ת;ן;כ;ו;ד;א;מ;ב;ר;ל
ב;ה;ל;כ;ו;ר;ו;מ;ח;ה;ו;ל;מ;ג;ה;ד;ר;פ;ה;ס
ה;מ;ה;ה;ת;ו;נ;ח;מ;ב;ה;י;ה;י;ר;ש;א;ה;מ;ה
ר;ת;ו;נ;ה;ל;כ;ה;י;ה;ו;ת;א;ז;ה;ה;פ;ג;מ;כ
ל;ש;ו;ר;י;ל;ע;ם;י;א;ב;ה;ם;י;ו;ג;ה;ל;כ;מ
ח;ת;ש;ה;ל;ה;נ;ש;ב;ה;נ;ש;י;ד;מ;ו;ל;ע;ו;ם
א;ג;ח;ל;ו;ת;ו;א;ב;צ;ה;ו;ה;י;ך;ל;מ;ל;ת;ו
ל;ע;י;א;ל;ר;ש;א;ה;י;ה;ו;ת;ו;כ;ס;ה;ג;ח;ת
ש;ו;ר;י;ל;א;ץ;ר;א;ה;ת;ו;ח;פ;ש;מ;ת;א;מ;ה
א;ב;צ;ה;ו;ה;י;ך;ל;מ;ל;ת;ו;ח;ת;ש;ה;ל;ם;ל
א;ו;ם;ש;ג;ה;ה;י;ה;י;ם;ה;י;ל;ע;א;ל;ו;ת;ו
א;ל;ו;ה;ל;ע;ת;א;ל;ם;י;ר;צ;מ;ת;ח;פ;ש;מ;ם
ה;פ;ג;מ;ה;ה;י;ה;ת;ם;ה;י;ל;ע;א;ל;ו;ה;א;ב
ר;ש;א;ם;י;ו;ג;ה;ת;א;ה;ו;ה;י;ף;ג;י;ר;ש;א
א;ז;ת;ו;כ;ס;ה;ג;ח;ת;א;ג;ח;ל;ו;ל;ע;י;א;ל
כ;ת;א;ט;ח;ו;ם;י;ר;צ;מ;ת;א;ט;ח;ה;י;ה;ת;ת
ת;א;ג;ח;ל;ו;ל;ע;י;א;ל;ר;ש;א;ם;י;ו;ג;ה;ל
ע;ה;י;ה;י;א;ו;ה;ה;ם;ו;י;ב;ת;ו;כ;ס;ה;ג;ח
ה;ו;ה;ו;ה;י;ל;ש;ד;ק;ס;ו;ס;ה;ת;ו;ל;צ;מ;ל
ר;ז;מ;כ;ה;ו;ה;י;ת;י;ב;ב;ת;ו;ר;י;ס;ה;ה;י
י;ס;ל;כ;ה;י;ה;ו;ח;ב;ז;מ;ה;י;נ;פ;ל;ם;י;ק
י;ל;ש;ד;ק;ה;ד;ו;ה;י;ב;ו;ם;ל;ש;ו;ר;י;ב;ר
ם;י;ח;ב;ז;ה;ל;כ;ו;א;ב;ו;ת;ו;א;ב;צ;ה;ו;ה
י;א;ל;ו;ם;ה;ב;ו;ל;ש;ב;ו;ם;ה;מ;ו;ח;ק;ל;ו
צ;ה;ו;ה;י;ת;י;ב;ב;ד;ו;ע;י;נ;ע;נ;כ;ה;י;ה
 ; ; ; ; ; ; ; ;א;ו;ה;ה;ם;ו;י;ב;ת;ו;א;ב
