ל;ס;ר;פ;ך;ל;מ;ש;ר;ו;כ;ל;ת;ח;א;ת;נ;ש;ב;ו;(36, 1, 1, 1, 1)
ה;ה;י;מ;ר;י;י;פ;מ;ה;ו;ה;י;ר;ב;ד;ת;ו;ל;כ;(36, 1, 1, 21, 21)
ר;פ;ך;ל;מ;ש;ר;כ;ח;ו;ר;ת;א;ה;ו;ה;י;ר;י;ע;(36, 1, 1, 41, 41)
ג;ו;ו;ת;ו;כ;ל;מ;ל;כ;ב;ל;ו;ק;ר;ב;ע;י;ו;ס;(36, 1, 1, 61, 61)
ל;מ;ש;ר;כ;ר;מ;א;ה;כ;ר;מ;א;ל;ב;ת;כ;מ;ב;ם;(36, 1, 1, 81, 81)
ל;ן;ת;נ;ץ;ר;א;ה;ת;ו;כ;ל;מ;מ;ל;כ;ס;ר;פ;ך;(36, 1, 2, 11, 101)
ק;פ;א;ו;ה;ו;ם;י;מ;ש;ה;י;ה;ל;א;ה;ו;ה;י;י;(36, 1, 2, 31, 121)
ל;ש;ו;ר;י;ב;ת;י;ב;ו;ל;ת;ו;נ;ב;ל;י;ל;ע;ד;(36, 1, 2, 51, 141)
מ;ע;ל;כ;מ;ם;כ;ב;י;מ;ה;ד;ו;ה;י;ב;ר;ש;א;ם;(36, 1, 2, 71, 161)
ו;ר;י;ל;ל;ע;י;ו;ו;מ;ע;ו;י;ה;ל;א;י;ה;י;ו;(36, 1, 3, 11, 181)
י;ב;ת;א;ן;ב;י;ו;ה;ד;ו;ה;י;ב;ר;ש;א;ם;ל;ש;(36, 1, 3, 31, 201)
ל;א;ה;א;ו;ה;ל;א;ר;ש;י;י;ה;ל;א;ה;ו;ה;י;ת;(36, 1, 3, 51, 221)
א;ש;נ;ה;ל;כ;ו;ם;ל;ש;ו;ר;י;ב;ר;ש;א;ם;י;ה;(36, 1, 3, 71, 241)
ם;ש;ר;ג;א;ו;ה;ר;ש;א;ת;ו;מ;ק;מ;ה;ל;כ;מ;ר;(36, 1, 4, 8, 261)
ו;ף;ס;כ;ב;ו;מ;ק;מ;י;ש;נ;א;ו;ה;ו;א;ש;נ;י;(36, 1, 4, 28, 281)
נ;ה;ם;ע;ה;מ;ה;ב;ב;ו;ש;ו;כ;ר;ב;ו;ב;ה;ז;ב;(36, 1, 4, 48, 301)
ו;ר;י;ב;ר;ש;א;ם;י;ה;ל;א;ה;ת;י;ב;ל;ה;ב;ד;(36, 1, 4, 68, 321)
י;ל;ת;ו;ב;א;ה;י;ש;א;ר;ו;מ;ו;ק;י;ו;ם;ל;ש;(36, 1, 4, 88, 341)
ל;ה;ו;ם;י;נ;ה;כ;ה;ו;ן;מ;י;נ;ב;ו;ה;ד;ו;ה;(36, 1, 5, 18, 361)
ו;ר;ת;א;ם;י;ה;ל;א;ה;ר;י;ע;ה;ל;כ;ל;ם;י;ו;(36, 1, 5, 38, 381)
ו;ה;י;ת;י;ב;ת;א;ת;ו;נ;ב;ל;ת;ו;ל;ע;ל;ו;ח;(36, 1, 5, 58, 401)
י;ת;ב;י;ב;ס;ל;כ;ו;ם;ל;ש;ו;ר;י;ב;ר;ש;א;ה;(36, 1, 5, 78, 421)
ב;ף;ס;כ;י;ל;כ;ב;ם;ה;י;ד;י;ב;ו;ק;ז;ח;ם;ה;(36, 1, 6, 10, 441)
נ;ד;ג;מ;ב;ו;ה;מ;ה;ב;ב;ו;ש;ו;כ;ר;ב;ב;ה;ז;(36, 1, 6, 30, 461)
כ;ך;ל;מ;ה;ו;ב;ד;נ;ת;ה;ל;כ;ל;ע;ד;ב;ל;ת;ו;(36, 1, 6, 50, 481)
ה;ו;ה;י;ת;י;ב;י;ל;כ;ת;א;א;י;צ;ו;ה;ש;ר;ו;(36, 1, 7, 7, 501)
ו;ר;י;מ;ר;צ;נ;ד;כ;ו;ב;נ;א;י;צ;ו;ה;ר;ש;א;(36, 1, 7, 27, 521)
ו;י;ו;ו;י;ה;ל;א;ת;י;ב;ב;ם;נ;ת;י;ו;ם;ל;ש;(36, 1, 7, 47, 541)
ת;מ;ד;י;ל;ע;ס;ר;פ;ך;ל;מ;ש;ר;ו;כ;ם;א;י;צ;(36, 1, 8, 4, 561)
ר;צ;ב;ש;ש;ל;ם;ר;פ;ס;י;ו;ר;ב;ז;ג;ה;ת;ד;ר;(36, 1, 8, 24, 581)
ם;ר;פ;ס;מ;ה;ל;א;ו;ה;ד;ו;ה;י;ל;א;י;ש;נ;ה;(36, 1, 8, 44, 601)
י;ל;ט;ר;ג;א;ם;י;ש;ל;ש;ב;ה;ז;י;ל;ט;ר;ג;א;(36, 1, 9, 10, 621)
ר;ש;ע;ו;ה;ע;ש;ת;ם;י;פ;ל;ח;מ;ף;ל;א;ף;ס;כ;(36, 1, 9, 30, 641)
י;ר;ו;פ;כ;ם;י;ש;ל;ש;ב;ה;ז;י;ר;ו;פ;כ;ם;י;(36, 1, 9, 50, 661)
ר;ש;ע;ו;ת;ו;א;מ;ע;ב;ר;א;ם;י;נ;ש;מ;ף;ס;כ;(36, 1, 10, 19, 681)
ל;ם;י;ל;כ;ל;כ;ף;ל;א;ם;י;ר;ח;א;ם;י;ל;כ;ה;(36, 1, 10, 39, 701)
ר;א;ו;ם;י;פ;ל;א;ת;ש;מ;ח;ף;ס;כ;ל;ו;ב;ה;ז;(36, 1, 11, 8, 721)
ם;ע;ר;צ;ב;ש;ש;ה;ל;ע;ה;ל;כ;ה;ת;ו;א;מ;ע;ב;(36, 1, 11, 28, 741)
ל;ש;ו;ר;י;ל;ל;ב;ב;מ;ה;ל;ו;ג;ה;ת;ו;ל;ע;ה;(36, 1, 11, 48, 761)
מ;ם;י;ל;ע;ה;ה;נ;י;ד;מ;ה;י;נ;ב;ה;ל;א;ו;ם;(36, 1, 11, 68, 781)
ד;כ;ו;ב;נ;ה;ל;ג;ה;ר;ש;א;ה;ל;ו;ג;ה;י;ב;ש;(36, 2, 1, 20, 801)
ו;ב;ו;ש;י;ו;ל;ב;ב;ל;ל;ב;ב;ך;ל;מ;ר;ו;צ;נ;(36, 2, 1, 40, 821)
ר;י;ע;ל;ש;י;א;ה;ד;ו;ה;י;ו;ם;ל;ש;ו;ר;י;ל;(36, 2, 1, 60, 841)
ח;נ;ע;ו;ש;י;ל;ב;ב;ר;ז;ם;ע;ו;א;ב;ר;ש;א;ו;(36, 2, 1, 80, 861)
ש;ל;ב;י;כ;ד;ר;מ;ה;י;ל;ע;ר;ה;י;ר;ש;ה;י;מ;(36, 2, 2, 20, 881)
פ;ס;מ;ה;נ;ע;ב;ם;ו;ח;ר;י;ו;ג;ב;ר;פ;ס;מ;ן;(36, 2, 2, 40, 901)
א;ש;ע;ר;פ;י;נ;ב;ל;א;ר;ש;י;ם;ע;י;ש;נ;א;ר;(36, 2, 2, 60, 921)
י;נ;ב;ם;י;נ;ש;ו;ם;י;ע;ב;ש;ה;א;מ;ם;י;פ;ל;(36, 2, 3, 9, 941)
נ;ש;ו;ם;י;ע;ב;ש;ת;ו;א;מ;ש;ל;ש;ה;י;ט;פ;ש;(36, 2, 4, 4, 961)
ו;ה;ש;מ;ח;ת;ו;א;מ;ע;ב;ש;ח;ר;א;י;נ;ב;ם;י;(36, 2, 4, 24, 981)
י;י;נ;ב;ל;ב;א;ו;מ;ת;ח;פ;י;נ;ב;ם;י;ע;ב;ש;(36, 2, 5, 19, 1001)
ת;ו;א;מ;ה;נ;מ;ש;ם;י;פ;ל;א;ב;א;ו;י;ע;ו;ש;(36, 2, 6, 16, 1021)
א;מ;ף;ל;א;ם;ל;י;ע;י;נ;ב;ר;ש;ע;ם;י;נ;ש;ו;(36, 2, 6, 36, 1041)
ו;ת;ז;י;נ;ב;ה;ע;ב;ר;א;ו;ם;י;ש;מ;ח;ם;י;ת;(36, 2, 7, 13, 1061)
ה;ש;מ;ח;ו;ם;י;ע;ב;ר;א;ו;ת;ו;א;מ;ע;ש;ת;א;(36, 2, 8, 7, 1081)
נ;ב;ם;י;ש;ש;ו;ת;ו;א;מ;ע;ב;ש;י;כ;ז;י;נ;ב;(36, 2, 9, 1, 1101)
י;נ;ש;ו;ם;י;ע;ב;ר;א;ת;ו;א;מ;ש;ש;י;נ;ב;י;(36, 2, 10, 3, 1121)
ש;ו;ם;י;ר;ש;ע;ת;ו;א;מ;ש;ש;י;ב;ב;י;נ;ב;ם;(36, 2, 10, 23, 1141)
ש;ע;ם;י;ת;א;מ;ף;ל;א;ד;ג;ז;ע;י;נ;ב;ה;ש;ל;(36, 2, 11, 20, 1161)
מ;ש;ש;ם;ק;י;נ;ד;א;י;נ;ב;ם;י;נ;ש;ו;ם;י;ר;(36, 2, 12, 18, 1181)
ל;א;י;ו;ג;ב;י;נ;ב;ה;ש;ש;ו;ם;י;ש;ש;ת;ו;א;(36, 2, 13, 13, 1201)
א;ן;י;ד;ע;י;נ;ב;ה;ש;ש;ו;ם;י;ש;מ;ח;ם;י;פ;(36, 2, 14, 10, 1221)
נ;ב;ה;ע;ב;ר;א;ו;ם;י;ש;מ;ח;ת;ו;א;מ;ע;ב;ר;(36, 2, 15, 9, 1241)
נ;מ;ש;ו;ם;י;ע;ש;ת;ה;י;ק;ז;ח;י;ל;ר;ט;א;י;(36, 2, 16, 3, 1261)
ו;ם;י;ר;ש;ע;ת;ו;א;מ;ש;ל;ש;י;צ;ב;י;נ;ב;ה;(36, 2, 16, 23, 1281)
ע;ם;י;נ;ש;ו;ה;א;מ;ה;ר;ו;י;י;נ;ב;ה;ש;ל;ש;(36, 2, 17, 20, 1301)
ש;ו;ם;י;ר;ש;ע;ם;י;ת;א;מ;ם;ש;ח;י;נ;ב;ר;ש;(36, 2, 18, 17, 1321)
ב;ה;ש;מ;ח;ו;ם;י;ע;ש;ת;ר;ב;ג;י;נ;ב;ה;ש;ל;(36, 2, 19, 19, 1341)
ש;ל;ש;ו;ם;י;ר;ש;ע;ה;א;מ;ם;ח;ל;ת;י;ב;י;נ;(36, 2, 21, 2, 1361)
נ;א;ה;ש;ש;ו;ם;י;ש;מ;ח;ה;פ;ט;נ;י;ש;נ;א;ה;(36, 2, 21, 22, 1381)
ה;נ;מ;ש;ו;ם;י;ר;ש;ע;ה;א;מ;ת;ו;ת;נ;ע;י;ש;(36, 2, 23, 3, 1401)
ב;ם;י;נ;ש;ו;ם;י;ע;ב;ר;א;ת;ו;מ;ז;ע;י;נ;ב;(36, 2, 24, 1, 1421)
ו;ר;א;ב;ו;ה;ר;י;פ;כ;ם;י;ר;ע;ת;י;ר;ק;י;נ;(36, 2, 25, 2, 1441)
ה;ש;ל;ש;ו;ם;י;ע;ב;ר;א;ו;ת;ו;א;מ;ע;ב;ש;ת;(36, 2, 25, 22, 1461)
ר;ש;ע;ת;ו;א;מ;ש;ש;ע;ב;ג;ו;ה;מ;ר;ה;י;נ;ב;(36, 2, 26, 1, 1481)
ר;ש;ע;ה;א;מ;ס;מ;כ;מ;י;ש;נ;א;ד;ח;א;ו;ם;י;(36, 2, 26, 21, 1501)
י;ע;ה;ו;ל;א;ת;י;ב;י;ש;נ;א;ם;י;נ;ש;ו;ם;י;(36, 2, 27, 15, 1521)
ב;נ;י;נ;ב;ה;ש;ל;ש;ו;ם;י;ר;ש;ע;ם;י;ת;א;מ;(36, 2, 28, 14, 1541)
מ;ש;י;ב;ג;מ;י;נ;ב;ם;י;נ;ש;ו;ם;י;ש;מ;ח;ו;(36, 2, 29, 6, 1561)
ח;א;ם;ל;י;ע;י;נ;ב;ה;ש;ש;ו;ם;י;ש;מ;ח;ה;א;(36, 2, 30, 10, 1581)
ה;ע;ב;ר;א;ו;ם;י;ש;מ;ח;ם;י;ת;א;מ;ף;ל;א;ר;(36, 2, 31, 10, 1601)
ב;ם;י;ר;ש;ע;ו;ת;ו;א;מ;ש;ל;ש;ם;ר;ח;י;נ;ב;(36, 2, 32, 1, 1621)
ת;ו;א;מ;ע;ב;ש;ו;נ;ו;א;ו;ד;י;ד;ח;ד;ל;י;נ;(36, 2, 33, 2, 1641)
ש;ל;ש;ו;ח;ר;י;י;נ;ב;ה;ש;מ;ח;ו;ם;י;ר;ש;ע;(36, 2, 33, 22, 1661)
נ;ס;י;נ;ב;ה;ש;מ;ח;ו;ם;י;ע;ב;ר;א;ת;ו;א;מ;(36, 2, 34, 11, 1681)
ש;ו;ת;ו;א;מ;ש;ש;ו;ם;י;פ;ל;א;ת;ש;ל;ש;ה;א;(36, 2, 35, 6, 1701)
ב;ל;ה;י;ע;ד;י;י;נ;ב;ם;י;נ;ה;כ;ה;ם;י;ש;ל;(36, 2, 35, 26, 1721)
ש;ו;ם;י;ע;ב;ש;ת;ו;א;מ;ע;ש;ת;ע;ו;ש;י;ת;י;(36, 2, 36, 17, 1741)
נ;ש;ו;ם;י;ש;מ;ח;ף;ל;א;ר;מ;א;י;נ;ב;ה;ש;ל;(36, 2, 36, 37, 1761)
ר;א;ם;י;ת;א;מ;ף;ל;א;ר;ו;ח;ש;פ;י;נ;ב;ם;י;(36, 2, 37, 18, 1781)
ש;ו;ף;ל;א;ם;ר;ח;י;נ;ב;ה;ע;ב;ש;ו;ם;י;ע;ב;(36, 2, 38, 19, 1801)
ק;ו;ע;ו;ש;י;י;נ;ב;ם;י;ו;ל;ה;ר;ש;ע;ה;ע;ב;(36, 2, 39, 12, 1821)
ם;י;ע;ב;ש;ה;י;ו;ד;ו;ה;י;נ;ב;ל;ל;א;י;מ;ד;(36, 2, 40, 15, 1841)
מ;ף;ס;א;י;נ;ב;ם;י;ר;ר;ש;מ;ה;ה;ע;ב;ר;א;ו;(36, 2, 40, 35, 1861)
י;ר;ע;ש;ה;י;נ;ב;ה;נ;מ;ש;ו;ם;י;ר;ש;ע;ה;א;(36, 2, 41, 15, 1881)
מ;ל;ט;י;נ;ב;ר;ט;א;י;נ;ב;ם;ו;ל;ש;י;נ;ב;ם;(36, 2, 42, 9, 1901)
י;נ;ב;א;ט;י;ט;ח;י;נ;ב;ב;ו;ק;ע;י;נ;ב;ן;ו;(36, 2, 42, 29, 1921)
ה;ה;ע;ש;ת;ו;ם;י;ש;ל;ש;ה;א;מ;ל;כ;ה;י;ב;ש;(36, 2, 42, 49, 1941)
פ;ו;ש;ח;י;נ;ב;א;ח;י;צ;י;נ;ב;ם;י;נ;י;ת;נ;(36, 2, 43, 2, 1961)
י;ס;י;נ;ב;ס;ר;ק;י;נ;ב;ת;ו;ע;ב;ט;י;נ;ב;א;(36, 2, 43, 22, 1981)
י;נ;ב;ה;נ;ב;ל;י;נ;ב;ן;ו;ד;פ;י;נ;ב;א;ה;ע;(36, 2, 44, 12, 2001)
י;נ;ב;ב;ג;ח;י;נ;ב;ב;ו;ק;ע;י;נ;ב;ה;ב;ג;ח;(36, 2, 45, 11, 2021)
ג;י;נ;ב;ל;ד;ג;י;נ;ב;ן;נ;ח;י;נ;ב;י;ל;מ;ש;(36, 2, 46, 10, 2041)
נ;י;נ;ב;ן;י;צ;ר;י;נ;ב;ה;י;א;ר;י;נ;ב;ר;ח;(36, 2, 47, 11, 2061)
פ;י;נ;ב;א;ז;ע;י;נ;ב;ם;ז;ג;י;נ;ב;א;ד;ו;ק;(36, 2, 48, 12, 2081)
ע;מ;י;נ;ב;ה;נ;ס;א;י;נ;ב;י;ס;ב;י;נ;ב;ח;ס;(36, 2, 49, 11, 2101)
ו;ב;ק;ב;י;נ;ב;ם;י;ס;י;פ;נ;י;נ;ב;ם;י;נ;י;(36, 2, 50, 13, 2121)
י;נ;ב;ר;ו;ח;ר;ח;י;נ;ב;א;פ;ו;ק;ח;י;נ;ב;ק;(36, 2, 51, 8, 2141)
א;ש;ר;ח;י;נ;ב;א;ד;י;ח;מ;י;נ;ב;ת;ו;ל;צ;ב;(36, 2, 52, 4, 2161)
ת;י;נ;ב;א;ר;ס;י;ס;י;נ;ב;ס;ו;ק;ר;ב;י;נ;ב;(36, 2, 53, 1, 2181)
י;נ;ב;א;פ;י;ט;ח;י;נ;ב;ח;י;צ;נ;י;נ;ב;ח;מ;(36, 2, 53, 21, 2201)
פ;ס;ה;י;נ;ב;י;ט;ס;י;נ;ב;ה;מ;ל;ש;י;ד;ב;ע;(36, 2, 55, 4, 2221)
י;נ;ב;ה;ל;ע;י;י;נ;ב;א;ד;ו;ר;פ;י;נ;ב;ת;ר;(36, 2, 55, 24, 2241)
ב;ה;י;ט;פ;ש;י;נ;ב;ל;ד;ג;י;נ;ב;ן;ו;ק;ר;ד;(36, 2, 56, 11, 2261)
ב;ם;י;י;ב;צ;ה;ת;ר;כ;פ;י;נ;ב;ל;י;ט;ח;י;נ;(36, 2, 57, 10, 2281)
ב;ע;י;נ;ב;ו;ם;י;נ;י;ת;נ;ה;ל;כ;י;מ;א;י;נ;(36, 2, 57, 30, 2301)
ש;ו;ם;י;ע;ש;ת;ת;ו;א;מ;ש;ל;ש;ה;מ;ל;ש;י;ד;(36, 2, 58, 16, 2321)
ל;ת;ח;ל;מ;ל;ת;מ;ם;י;ל;ע;ה;ה;ל;א;ו;ם;י;נ;(36, 2, 58, 36, 2341)
ל;כ;י;א;ל;ו;ר;מ;א;ן;ד;א;ב;ו;ר;כ;א;ש;ר;ח;(36, 2, 59, 18, 2361)
א;ם;ע;ר;ז;ו;ם;ת;ו;ב;א;ת;י;ב;ד;י;ג;ה;ל;ו;(36, 2, 59, 38, 2381)
ט;י;נ;ב;ה;י;ל;ד;י;נ;ב;ם;ה;ל;א;ר;ש;י;מ;ם;(36, 2, 59, 58, 2401)
מ;ח;ת;ו;א;מ;ש;ש;א;ד;ו;ק;נ;י;נ;ב;ה;י;ב;ו;(36, 2, 60, 12, 2421)
ב;ם;י;נ;ה;כ;ה;י;נ;ב;מ;ו;ם;י;נ;ש;ו;ם;י;ש;(36, 2, 60, 32, 2441)
ל;ז;ר;ב;י;נ;ב;ץ;ו;ק;ה;י;נ;ב;ה;י;ב;ח;י;נ;(36, 2, 61, 13, 2461)
ל;ג;ה;י;ל;ז;ר;ב;ת;ו;נ;ב;מ;ח;ק;ל;ר;ש;א;י;(36, 2, 61, 33, 2481)
ב;ה;ל;א;ם;מ;ש;ל;ע;א;ר;ק;י;ו;ה;ש;א;י;ד;ע;(36, 2, 61, 53, 2501)
מ;נ;א;ל;ו;ם;י;ש;ח;י;ת;מ;ה;ם;ב;ת;כ;ו;ש;ק;(36, 2, 62, 5, 2521)
מ;א;י;ו;ה;נ;ה;כ;ה;ן;מ;ו;ל;א;ג;י;ו;ו;א;צ;(36, 2, 62, 25, 2541)
ו;ל;כ;א;י;א;ל;ר;ש;א;ם;ה;ל;א;ת;ש;ר;ת;ה;ר;(36, 2, 63, 5, 2561)
א;ל;ן;ה;כ;ד;מ;ע;ד;ע;ם;י;ש;ד;ק;ה;ש;ד;ק;מ;(36, 2, 63, 25, 2581)
ד;ח;א;כ;ל;ה;ק;ה;ל;כ;ם;י;מ;ת;ל;ו;ם;י;ר;ו;(36, 2, 63, 45, 2601)
ת;ו;א;מ;ש;ל;ש;ם;י;פ;ל;א;א;ו;ב;ר;ע;ב;ר;א;(36, 2, 64, 11, 2621)
י;ת;ה;מ;א;ו;ם;ה;י;ד;ב;ע;ד;ב;ל;מ;ם;י;ש;ש;(36, 2, 64, 31, 2641)
ו;א;מ;ש;ל;ש;ם;י;פ;ל;א;ת;ע;ב;ש;ה;ל;א;ם;ה;(36, 2, 65, 17, 2661)
י;ר;ר;ש;מ;ם;ה;ל;ו;ה;ע;ב;ש;ו;ם;י;ש;ל;ש;ת;(36, 2, 65, 37, 2681)
ש;ם;ה;י;ס;ו;ס;ם;י;ת;א;מ;ת;ו;ר;ר;ש;מ;ו;ם;(36, 2, 65, 57, 2701)
ה;י;ד;ר;פ;ה;ש;ש;ו;ם;י;ש;ל;ש;ת;ו;א;מ;ע;ב;(36, 2, 66, 8, 2721)
ל;מ;ג;ה;ש;מ;ח;ו;ם;י;ע;ב;ר;א;ם;י;ת;א;מ;ם;(36, 2, 66, 28, 2741)
ש;מ;ח;ו;ם;י;ש;ל;ש;ת;ו;א;מ;ע;ב;ר;א;ם;ה;י;(36, 2, 67, 4, 2761)
ו;א;מ;ע;ב;ש;ם;י;פ;ל;א;ת;ש;ש;ם;י;ר;מ;ח;ה;(36, 2, 67, 24, 2781)
ב;ב;ת;ו;ב;א;ה;י;ש;א;ר;מ;ו;ם;י;ר;ש;ע;ו;ת;(36, 2, 67, 44, 2801)
ל;ש;ו;ר;י;ב;ר;ש;א;ה;ו;ה;י;ת;י;ב;ל;ם;א;ו;(36, 2, 68, 14, 2821)
ע;ה;ל;ם;י;ה;ל;א;ה;ת;י;ב;ל;ו;ב;ד;נ;ת;ה;ם;(36, 2, 68, 34, 2841)
ל;ו;נ;ת;נ;ם;ח;כ;כ;ו;נ;ו;כ;מ;ל;ע;ו;ד;י;מ;(36, 2, 68, 54, 2861)
י;נ;ו;מ;כ;ר;ד;ב;ה;ז;ה;כ;א;ל;מ;ה;ר;צ;ו;א;(36, 2, 69, 10, 2881)
ם;י;נ;מ;ף;ס;כ;ו;ף;ל;א;ו;ת;ו;א;ב;ר;ש;ש;ם;(36, 2, 69, 30, 2901)
מ;ם;י;נ;ה;כ;ת;נ;ת;כ;ו;ם;י;פ;ל;א;ת;ש;מ;ח;(36, 2, 69, 50, 2921)
ו;ם;י;ו;ל;ה;ו;ם;י;נ;ה;כ;ה;ו;ב;ש;י;ו;ה;א;(36, 2, 69, 70, 2941)
י;ר;ע;ו;ש;ה;ו;ם;י;ר;ר;ש;מ;ה;ו;ם;ע;ה;ן;מ;(36, 2, 70, 19, 2961)
ש;י;ל;כ;ו;ם;ה;י;ר;ע;ב;ם;י;נ;י;ת;נ;ה;ו;ם;(36, 2, 70, 39, 2981)
ב;ש;ה;ש;ד;ח;ה;ע;ג;י;ו;ם;ה;י;ר;ע;ב;ל;א;ר;(36, 2, 70, 59, 3001)
א;י;ו;ם;י;ר;ע;ב;ל;א;ר;ש;י;י;נ;ב;ו;י;ע;י;(36, 3, 1, 12, 3021)
ל;ש;ו;ר;י;ל;א;ד;ח;א;ש;י;א;כ;ם;ע;ה;ו;פ;ס;(36, 3, 1, 32, 3041)
י;ח;א;ו;ק;ד;צ;ו;י;ן;ב;ע;ו;ש;י;ם;ק;י;ו;ם;(36, 3, 1, 52, 3061)
י;ת;ל;א;ש;ן;ב;ל;ב;ב;ר;ז;ו;ם;י;נ;ה;כ;ה;ו;(36, 3, 2, 20, 3081)
ל;א;ח;ב;ז;מ;ת;א;ו;נ;ב;י;ו;ו;י;ח;א;ו;ל;א;(36, 3, 2, 40, 3101)
ו;ל;ע;ו;י;ל;ע;ת;ו;ל;ע;ה;ל;ל;א;ר;ש;י;י;ה;(36, 3, 2, 60, 3121)
ל;א;ה;ש;י;א;ה;ש;מ;ת;ר;ו;ת;ב;ב;ו;ת;כ;כ;ת;(36, 3, 2, 80, 3141)
נ;ו;כ;מ;ל;ע;ח;ב;ז;מ;ה;ו;נ;י;כ;י;ו;ם;י;ה;(36, 3, 2, 100, 3161)
ה;י;מ;ע;מ;ם;ה;י;ל;ע;ה;מ;י;א;ב;י;כ;ו;י;ת;(36, 3, 3, 18, 3181)
ה;י;ל;ת;ו;ל;ע;ו;י;ל;ע;ל;ע;י;ו;ת;ו;צ;ר;א;(36, 3, 3, 38, 3201)
ו;ש;ע;י;ו;ב;ר;ע;ל;ו;ר;ק;ב;ל;ת;ו;ל;ע;ה;ו;(36, 3, 3, 58, 3221)
ו;י;ת;ל;ע;ו;ב;ו;ת;כ;כ;ת;ו;כ;ס;ה;ג;ח;ת;א;(36, 3, 4, 6, 3241)
ו;י;ר;ב;ד;ט;פ;ש;מ;כ;ר;פ;ס;מ;ב;ם;ו;י;ב;ם;(36, 3, 4, 26, 3261)
ד;י;מ;ת;ת;ל;ע;ן;כ;י;ר;ח;א;ו;ו;מ;ו;י;ב;ם;(36, 3, 4, 46, 3281)
ה;ו;ה;י;י;ד;ע;ו;מ;ל;כ;ל;ו;ם;י;ש;ד;ח;ל;ו;(36, 3, 5, 15, 3301)
ה;ב;ד;נ;ב;ד;נ;ת;מ;ל;כ;ל;ו;ם;י;ש;ד;ק;מ;ה;(36, 3, 5, 35, 3321)
י;ב;ש;ה;ש;ד;ח;ל;ד;ח;א;ם;ו;י;מ;ה;ו;ה;י;ל;(36, 3, 5, 55, 3341)
ו;ה;י;ל;ת;ו;ל;ע;ת;ו;ל;ע;ה;ל;ו;ל;ח;ה;י;ע;(36, 3, 6, 16, 3361)
ו;נ;ת;י;ו;ד;ס;י;א;ל;ה;ו;ה;י;ל;כ;י;ה;ו;ה;(36, 3, 6, 36, 3381)
כ;א;מ;ו;ם;י;ש;ר;ח;ל;ו;ם;י;ב;צ;ח;ל;ף;ס;כ;(36, 3, 7, 6, 3401)
ר;צ;ל;ו;ם;י;נ;ד;צ;ל;ן;מ;ש;ו;ה;ת;ש;מ;ו;ל;(36, 3, 7, 26, 3421)
ב;ל;ה;ן;מ;ם;י;ז;ר;א;י;צ;ע;א;י;ב;ה;ל;ם;י;(36, 3, 7, 46, 3441)
ר;ו;כ;ן;ו;י;ש;ר;כ;א;ו;פ;י;ם;י;ל;א;ן;ו;נ;(36, 3, 7, 66, 3461)
נ;ש;ה;ה;נ;ש;ב;ו;ם;ה;י;ל;ע;ס;ר;פ;ך;ל;מ;ש;(36, 3, 7, 86, 3481)
י;ל;ם;י;ה;ל;א;ה;ת;י;ב;ל;א;ם;א;ו;ב;ל;ת;י;(36, 3, 8, 9, 3501)
ב;ר;ז;ו;ל;ח;ה;י;נ;ש;ה;ש;ד;ח;ב;ם;ל;ש;ו;ר;(36, 3, 8, 29, 3521)
ו;י;ן;ב;ע;ו;ש;י;ו;ל;א;י;ת;ל;א;ש;ן;ב;ל;ב;(36, 3, 8, 49, 3541)
ה;ו;ם;י;נ;ה;כ;ה;ם;ה;י;ח;א;ר;א;ש;ו;ק;ד;צ;(36, 3, 8, 69, 3561)
ו;ר;י;י;ב;ש;ה;מ;ם;י;א;ב;ה;ל;כ;ו;ם;י;ו;ל;(36, 3, 8, 89, 3581)
ן;ב;מ;ם;י;ו;ל;ה;ת;א;ו;ד;י;מ;ע;י;ו;ם;ל;ש;(36, 3, 8, 109, 3601)
מ;ל;ע;ח;צ;נ;ל;ה;ל;ע;מ;ו;ה;נ;ש;ם;י;ר;ש;ע;(36, 3, 8, 129, 3621)
ע;ו;ש;י;ד;מ;ע;י;ו;ה;ו;ה;י;ת;י;ב;ת;כ;א;ל;(36, 3, 8, 149, 3641)
ו;י;נ;ב;ו;ל;א;י;מ;ד;ק;ו;י;ח;א;ו;ו;י;נ;ב;(36, 3, 9, 10, 3661)
ש;ע;ל;ע;ח;צ;נ;ל;ד;ח;א;כ;ה;ד;ו;ה;י;י;נ;ב;(36, 3, 9, 30, 3681)
י;נ;ב;ם;י;ה;ל;א;ה;ת;י;ב;ב;ה;כ;א;ל;מ;ה;ה;(36, 3, 9, 50, 3701)
ם;י;ו;ל;ה;ם;ה;י;ח;א;ו;ם;ה;י;נ;ב;ד;ד;נ;ח;(36, 3, 9, 70, 3721)
ה;ו;ה;י;ל;כ;י;ה;ת;א;ם;י;נ;ב;ה;ו;ד;ס;י;ו;(36, 3, 10, 1, 3741)
ב;ם;י;ש;ב;ל;מ;ם;י;נ;ה;כ;ה;ו;ד;י;מ;ע;י;ו;(36, 3, 10, 21, 3761)
מ;ב;ף;ס;א;י;נ;ב;ם;י;ו;ל;ה;ו;ת;ו;ר;צ;צ;ח;(36, 3, 10, 41, 3781)
י;ד;י;ל;ע;ה;ו;ה;י;ת;א;ל;ל;ה;ל;ם;י;ת;ל;צ;(36, 3, 10, 61, 3801)
ל;ה;ב;ו;נ;ע;י;ו;ל;א;ר;ש;י;ך;ל;מ;ד;י;ו;ד;(36, 3, 10, 81, 3821)
ל;י;כ;ב;ו;ט;י;כ;ה;ו;ה;י;ל;ת;ד;ו;ה;ב;ו;ל;(36, 3, 11, 9, 3841)
ע;ה;ל;כ;ו;ל;א;ר;ש;י;ל;ע;ו;ד;ס;ח;ם;ל;ו;ע;(36, 3, 11, 29, 3861)
ל;ל;ה;ב;ה;ל;ו;ד;ג;ה;ע;ו;ר;ת;ו;ע;י;ר;ה;ם;(36, 3, 11, 49, 3881)
ר;ו;ה;ו;ה;י;ת;י;ב;ד;ס;ו;ה;ל;ע;ה;ו;ה;י;ל;(36, 3, 11, 69, 3901)
ש;א;ר;ו;ם;י;ו;ל;ה;ו;ם;י;נ;ה;כ;ה;מ;ם;י;ב;(36, 3, 12, 3, 3921)
ת;א;ו;א;ר;ר;ש;א;ם;י;נ;ק;ז;ה;ת;ו;ב;א;ה;י;(36, 3, 12, 23, 3941)
י;ב;ה;ה;ז;ו;ד;ס;י;ב;ן;ו;ש;א;ר;ה;ת;י;ב;ה;(36, 3, 12, 43, 3961)
ל;ו;ד;ג;ל;ו;ק;ב;ם;י;כ;ב;ם;ה;י;נ;י;ע;ב;ת;(36, 3, 12, 63, 3981)
י;ר;ה;ל;ה;ח;מ;ש;ב;ה;ע;ו;ר;ת;ב;ם;י;ב;ר;ו;(36, 3, 12, 83, 4001)
ל;ו;ק;ם;י;ר;י;כ;מ;ם;ע;ה;ן;י;א;ו;ל;ו;ק;ם;(36, 3, 12, 103, 4021)
ם;ע;ה;י;כ;ב;ל;ו;ק;ל;ה;ח;מ;ש;ה;ת;ע;ו;ר;ת;(36, 3, 13, 17, 4041)
ל;ו;ד;ג;ה;ע;ו;ר;ת;ם;י;ע;י;ר;מ;ם;ע;ה;י;כ;(36, 3, 13, 37, 4061)
י;ו;ק;ו;ח;ר;מ;ל;ד;ע;ע;מ;ש;נ;ל;ו;ק;ה;ו;ה;(36, 3, 13, 57, 4081)
י;כ;ן;מ;י;נ;ב;ו;ה;ד;ו;ה;י;י;ר;צ;ו;ע;מ;ש;(36, 4, 1, 3, 4101)
ה;י;ל;ל;כ;י;ה;ם;י;נ;ו;ב;ה;ל;ו;ג;ה;י;נ;ב;(36, 4, 1, 23, 4121)
ר;ז;ל;א;ו;ש;ג;י;ו;ל;א;ר;ש;י;י;ה;ל;א;ה;ו;(36, 4, 1, 43, 4141)
ר;מ;א;י;ו;ת;ו;ב;א;ה;י;ש;א;ר;ל;א;ו;ל;ב;ב;(36, 4, 2, 10, 4161)
ר;ד;נ;ם;כ;כ;י;כ;ם;כ;מ;ע;ה;נ;ב;נ;ם;ה;ל;ו;(36, 4, 2, 30, 4181)
ח;ב;ז;ו;נ;ח;נ;א;א;ל;ו;ם;כ;י;ה;ל;א;ל;ש;ו;(36, 4, 2, 50, 4201)
ה;ר;ו;ש;א;ך;ל;מ;ן;ד;ח;ר;ס;א;י;מ;י;מ;ם;י;(36, 4, 2, 70, 4221)
ר;ז;ם;ה;ל;ר;מ;א;י;ו;ה;פ;ו;נ;ת;א;ה;ל;ע;מ;(36, 4, 2, 90, 4241)
ו;ב;א;ה;י;ש;א;ר;ר;א;ש;ו;ע;ו;ש;י;ו;ל;ב;ב;(36, 4, 3, 11, 4261)
ו;נ;ב;ל;ו;נ;ל;ו;ם;כ;ל;א;ל;ל;א;ר;ש;י;ל;ת;(36, 4, 3, 31, 4281)
ח;י;ו;נ;ח;נ;א;י;כ;ו;נ;י;ה;ל;א;ל;ת;י;ב;ת;(36, 4, 3, 51, 4301)
כ;ל;א;ר;ש;י;י;ה;ל;א;ה;ו;ה;י;ל;ה;נ;ב;נ;ד;(36, 4, 3, 71, 4321)
ר;פ;ך;ל;מ;ש;ר;ו;כ;ך;ל;מ;ה;ו;נ;ו;צ;ר;ש;א;(36, 4, 3, 91, 4341)
ע;י;ד;י;ם;י;פ;ר;מ;ץ;ר;א;ה;ם;ע;י;ה;י;ו;ס;(36, 4, 3, 111, 4361)
נ;ב;ל;ם;ת;ו;א;ם;י;ה;ל;ב;מ;ו;ה;ד;ו;ה;י;ם;(36, 4, 4, 20, 4381)
ל;ם;י;צ;ע;ו;י;ם;ה;י;ל;ע;ם;י;ר;כ;ס;ו;ת;ו;(36, 4, 4, 40, 4401)
פ;ך;ל;מ;ש;ר;ו;כ;י;מ;י;ל;כ;ם;ת;צ;ע;ר;פ;ה;(36, 4, 5, 19, 4421)
ר;פ;ך;ל;מ;ש;ו;י;ר;ד;ת;ו;כ;ל;מ;ד;ע;ו;ס;ר;(36, 4, 5, 39, 4441)
ת;ל;ח;ת;ב;ש;ו;ר;ו;ש;ח;א;ת;ו;כ;ל;מ;ב;ו;ס;(36, 4, 5, 59, 4461)
י;ב;ש;י;ל;ע;ה;נ;ט;ש;ו;ב;ת;כ;ו;ת;ו;כ;ל;מ;(36, 4, 6, 20, 4481)
ת;ר;א;י;מ;י;ב;ו;ם;ל;ש;ו;ר;י;ו;ה;ד;ו;ה;י;(36, 4, 6, 40, 4501)
א;ב;ט;ת;ד;ר;ת;מ;ם;ל;ש;ב;ב;ת;כ;א;ת;ש;ש;ח;(36, 4, 7, 9, 4521)
א;ת;ש;ש;ח;ת;ר;א;ל;ע;ו;ת;ו;נ;כ;ר;א;ש;ו;ל;(36, 4, 7, 29, 4541)
ב;ו;ת;כ;ן;ו;ת;ש;נ;ה;ב;ת;כ;ו;ס;ר;פ;ך;ל;מ;(36, 4, 7, 49, 4561)
ם;ו;ח;ר;ת;י;מ;ר;א;ם;ג;ר;ת;מ;ו;ת;י;מ;ר;א;(36, 4, 7, 69, 4581)
א;ו;ב;ת;כ;א;ר;פ;ס;י;ש;מ;ש;ו;ם;ע;ט;ל;ע;ב;(36, 4, 8, 5, 4601)
ש;ח;ת;ר;א;ל;ם;ל;ש;ו;ר;י;ל;ע;ה;ד;ח;ה;ר;ג;(36, 4, 8, 25, 4621)
ב;ם;ו;ח;ר;ן;י;ד;א;א;מ;נ;כ;א;כ;ל;מ;א;ת;ש;(36, 4, 8, 45, 4641)
נ;כ;ר;א;ש;ו;א;ר;פ;ס;י;ש;מ;ש;ו;ם;ע;ט;ל;ע;(36, 4, 9, 10, 4661)
ט;א;י;כ;ת;ס;ר;פ;א;ו;א;י;נ;י;ד;ן;ו;ה;ת;ו;(36, 4, 9, 30, 4681)
י;ל;ב;ב;י;ו;כ;ר;א;א;י;ס;ר;פ;א;א;י;ל;פ;ר;(36, 4, 9, 50, 4701)
א;ש;ו;א;י;מ;ל;ע;א;ו;ה;ד;א;י;כ;נ;ש;ו;ש;א;(36, 4, 9, 70, 4721)
ו;א;ב;ר;ר;פ;נ;ס;א;י;ל;ג;ה;י;ד;א;י;מ;א;ר;(36, 4, 10, 4, 4741)
י;ד;ה;י;ר;ק;ב;ו;מ;ה;ב;ת;ו;ה;ו;א;ר;י;ק;י;(36, 4, 10, 24, 4761)
נ;ע;כ;ו;ה;ר;ה;נ;ר;ב;ע;ר;א;ש;ו;ן;י;ר;מ;ש;(36, 4, 10, 44, 4781)
ו;ח;ל;ש;י;ד;א;ת;ר;ג;א;ן;ג;ש;ר;פ;ה;נ;ד;ת;(36, 4, 10, 64, 4801)
ע;א;כ;ל;מ;א;ת;ש;ש;ח;ת;ר;א;ל;ע;י;ה;ו;ל;ע;(36, 4, 11, 20, 4821)
י;ת;נ;ע;כ;ו;ה;ר;ה;נ;ר;ב;ע;ש;נ;א;ך;י;ד;ב;(36, 4, 11, 40, 4841)
א;י;ד;ו;ה;י;י;ד;א;כ;ל;מ;ל;א;ו;ה;ל;ע;י;ד;(36, 4, 12, 2, 4861)
ו;ת;א;א;נ;י;ל;ע;ך;ת;ו;ל;ן;מ;ו;ק;ל;ס;י;ד;(36, 4, 12, 22, 4881)
א;ב;ו;א;ת;ד;ר;מ;א;ת;י;ר;ק;ם;ל;ש;ו;ר;י;ל;(36, 4, 12, 42, 4901)
ו;ו;ל;ל;כ;ש;א;י;ר;ו;ש;ו;ן;י;נ;ב;א;ת;ש;י;(36, 4, 12, 62, 4921)
א;ו;ה;ל;ע;י;ד;י;ן;ע;כ;ו;ט;י;ח;י;א;י;ש;א;(36, 4, 12, 82, 4941)
נ;ב;ת;ת;ך;ד;א;ת;י;ר;ק;ן;ה;י;ד;א;כ;ל;מ;ל;(36, 4, 13, 12, 4961)
ב;ה;ד;נ;מ;ן;ו;ל;ל;כ;ת;ש;י;ה;י;ר;ו;ש;ו;א;(36, 4, 13, 32, 4981)
מ;ם;ת;פ;א;ו;ן;ו;נ;ת;נ;י;א;ל;ך;ל;ה;ו;ו;ל;(36, 4, 13, 52, 5001)
מ;י;ד;ל;ב;ק;ל;כ;ן;ע;כ;ק;ז;נ;ה;ת;ם;י;כ;ל;(36, 4, 13, 72, 5021)
כ;ל;מ;ת;ו;ר;ע;ו;א;נ;ח;ל;מ;א;ל;כ;י;ה;ח;ל;(36, 4, 14, 12, 5041)
ה;נ;ד;ל;ע;א;ז;ח;מ;ל;א;נ;ל;ך;י;ר;א;א;ל;א;(36, 4, 14, 32, 5061)
י;י;ד;א;כ;ל;מ;ל;א;נ;ע;ד;ו;ה;ו;א;נ;ח;ל;ש;(36, 4, 14, 52, 5081)
ך;ת;ה;ב;א;י;ד;א;י;נ;ר;כ;ד;ר;פ;ס;ב;ר;ק;ב;(36, 4, 15, 4, 5101)
ד;נ;ת;ו;א;י;נ;ר;כ;ד;ר;פ;ס;ב;ח;כ;ש;ה;ת;ו;(36, 4, 15, 24, 5121)
מ;ו;א;ד;ר;מ;א;י;ר;ק;ך;ד;א;ת;י;ר;ק;י;ד;ע;(36, 4, 15, 44, 5141)
ד;ת;ש;א;ו;ן;נ;ד;מ;ו;ן;י;כ;ל;מ;ת;ק;ז;נ;ה;(36, 4, 15, 64, 5161)
מ;ל;ע;ת;מ;ו;י;ן;מ;ה;ו;ג;ב;ן;י;ד;ב;ע;ר;ו;(36, 4, 15, 84, 5181)
ה;מ;ת;ב;ר;ח;ה;ך;ד;א;ת;י;ר;ק;ה;נ;ד;ל;ע;א;(36, 4, 15, 104, 5201)
ק;ן;ה;י;ד;א;כ;ל;מ;ל;ה;נ;ח;נ;א;ן;י;ע;ד;ו;(36, 4, 16, 3, 5221)
ת;ש;י;ה;י;ר;ו;ש;ו;א;נ;ב;ת;ת;ך;ד;א;ת;י;ר;(36, 4, 16, 23, 5241)
נ;ר;ב;ע;ב;ק;ל;ח;ה;נ;ד;ל;ב;ק;ל;ן;ו;ל;ל;כ;(36, 4, 16, 43, 5261)
מ;ח;ל;ש;א;מ;ג;ת;פ;ך;ל;י;ת;י;א;א;ל;א;ר;ה;(36, 4, 16, 63, 5281)
י;ש;מ;ש;ו;ם;ע;ט;ל;ע;ב;ם;ו;ח;ר;ל;ע;א;כ;ל;(36, 4, 17, 10, 5301)
ב;ת;י;י;ד;ן;ו;ה;ת;ו;נ;כ;ר;א;ש;ו;א;ר;פ;ס;(36, 4, 17, 30, 5321)
ש;ה;ר;ה;נ;ר;ב;ע;ר;א;ש;ו;ן;י;ר;מ;ש;ב;ן;י;(36, 4, 17, 50, 5341)
ן;ו;ת;ח;ל;ש;י;ד;א;נ;ו;ת;ש;נ;ת;ע;כ;ו;ם;ל;(36, 4, 17, 70, 5361)
י;נ;מ;ו;י;מ;ד;ק;י;ר;ק;ש;ר;פ;מ;א;נ;י;ל;ע;(36, 4, 18, 15, 5381)
ק;י;ד;ו;ח;כ;ש;ה;ו;ו;ר;ק;ב;ו;ם;ע;ט;ם;י;ש;(36, 4, 19, 5, 5401)
ל;מ;ל;ע;א;מ;ל;ע;ת;מ;ו;י;ן;מ;ך;ד;א;ת;י;ר;(36, 4, 19, 25, 5421)
ר;ו;ד;ת;ש;א;ו;ד;ר;מ;ו;ה;א;ש;נ;ת;מ;ן;י;כ;(36, 4, 19, 45, 5441)
ה;ן;י;פ;י;ק;ת;ן;י;כ;ל;מ;ו;ה;ב;ד;ב;ע;ת;מ;(36, 4, 19, 65, 5461)
ל;כ;ב;ן;י;ט;י;ל;ש;ו;ם;ל;ש;ו;ר;י;ל;ע;ו;ו;(36, 4, 20, 14, 5481)
ת;מ;ך;ל;ה;ו;ו;ל;ב;ה;ד;מ;ו;ה;ר;ה;נ;ר;ב;ע;(36, 4, 20, 34, 5501)
ט;ב;ל;ם;ע;ט;ו;מ;י;ש;ן;ע;כ;ן;ו;ה;ל;ב;ה;י;(36, 4, 20, 54, 5521)
א;ל;ך;ד;א;ת;י;ר;ק;ו;ך;ל;א;א;י;ר;ב;ג;א;ל;(36, 4, 21, 14, 5541)
ז;ו;ם;ש;ת;י;א;מ;ע;ט;י;נ;מ;ד;ע;א;נ;ב;ת;ת;(36, 4, 21, 34, 5561)
נ;ד;ל;ע;ד;ב;ע;מ;ל;ו;ל;ש;ו;ו;ה;ן;י;ר;י;ה;(36, 4, 22, 3, 5581)
ל;מ;ת;ק;ז;נ;ה;ל;א;ל;ב;ח;א;ג;ש;י;ה;מ;ל;ה;(36, 4, 22, 23, 5601)
ו;ת;ש;נ;ן;ג;ש;ר;פ;י;ד;ן;מ;ן;י;ד;א;ן;י;כ;(36, 4, 22, 43, 5621)
ק;י;ר;ק;א;כ;ל;מ;א;ת;ש;ש;ח;ת;ר;א;י;ד;א;נ;(36, 4, 23, 18, 5641)
ת;ו;נ;כ;ו;א;ר;פ;ס;י;ש;מ;ש;ו;ם;ו;ח;ר;ם;ד;(36, 4, 23, 38, 5661)
ם;ל;ש;ו;ר;י;ל;ו;ל;י;ה;ב;ב;ו;ל;ז;א;ן;ו;ה;(36, 4, 23, 58, 5681)
ר;ד;א;ב;ו;מ;ה;ו;ל;ט;ב;ו;א;י;ד;ו;ה;י;ל;ע;(36, 4, 23, 78, 5701)
ב;ת;ד;י;ב;ע;ת;ל;ט;ב;ן;י;ד;א;ב;ל;י;ח;ו;ע;(36, 4, 23, 98, 5721)
ב;ת;ו;ה;ו;ם;ל;ש;ו;ר;י;ב;י;ד;א;ה;ל;א;ת;י;(36, 4, 24, 16, 5741)
ד;ת;ו;כ;ל;מ;ל;ן;י;ת;ר;ת;ת;נ;ש;ד;ע;א;ל;ט;(36, 4, 24, 36, 5761)
נ;י;ג;ח;י;ב;נ;ת;ה;ו;ס;ר;פ;ך;ל;מ;ש;ו;י;ר;(36, 4, 24, 56, 5781)
א;י;ב;נ;א;ו;ד;ע;ר;ב;ה;י;ר;כ;ז;ו;ה;א;י;ב;(36, 5, 1, 11, 5801)
י;ב;ו;ד;ו;ה;י;ב;י;ד;א;י;ד;ו;ה;י;ל;ע;א;י;(36, 5, 1, 31, 5821)
ה;י;ל;ע;ל;א;ר;ש;י;ה;ל;א;ם;ש;ב;ם;ל;ש;ו;ר;(36, 5, 1, 51, 5841)
ל;א;ש;ר;ב;ל;ב;ב;ר;ז;ו;מ;ק;ן;י;ד;א;ב;ן;ו;(36, 5, 1, 71, 5861)
י;ר;ש;ו;ק;ד;צ;ו;י;ר;ב;ע;ו;ש;י;ו;ל;א;י;ת;(36, 5, 2, 19, 5881)
ש;ו;ר;י;ב;י;ד;א;ה;ל;א;ת;י;ב;א;נ;ב;מ;ל;ו;(36, 5, 2, 39, 5901)
א;ה;ל;א;י;ד;א;י;א;י;ב;נ;ן;ו;ה;מ;ע;ו;ם;ל;(36, 5, 2, 59, 5921)
ע;א;ת;א;א;נ;מ;ז;ה;ב;ן;ו;ה;ל;ן;י;ד;ע;ס;מ;(36, 5, 2, 79, 5941)
ו;ה;ר;ה;נ;ר;ב;ע;ת;ח;פ;י;נ;ת;ת;ן;ו;ה;י;ל;(36, 5, 3, 11, 5961)
א;ן;כ;ו;ן;ו;ה;ת;ו;נ;כ;ו;י;נ;ז;ו;ב;ר;ת;ש;(36, 5, 3, 31, 5981)
ת;י;ב;ם;ע;ט;ם;כ;ל;ם;ש;ן;מ;ם;ה;ל;ן;י;ר;מ;(36, 5, 3, 51, 6001)
כ;ש;ל;ה;נ;ד;א;נ;ר;ש;א;ו;א;נ;ב;ל;ה;נ;ד;א;(36, 5, 3, 71, 6021)
מ;ם;ה;ל;א;נ;ר;מ;א;א;מ;נ;כ;ן;י;ד;א;ה;ל;ל;(36, 5, 3, 91, 6041)
ב;ה;נ;ד;י;ד;א;י;ר;ב;ג;ת;ה;מ;ש;ן;ו;נ;א;ן;(36, 5, 4, 18, 6061)
ת;ו;ה;ם;ה;ה;ל;א;ן;י;ע;ו;ן;י;נ;ב;א;נ;י;נ;(36, 5, 4, 38, 6081)
מ;ה;ו;ל;ט;ב;א;ל;ו;א;י;ד;ו;ה;י;י;ב;ש;ל;ע;(36, 5, 5, 13, 6101)
י;ד;א;ו;ך;ה;י;ש;ו;י;ר;ד;ל;א;מ;ע;ט;ד;ע;ו;(36, 5, 5, 33, 6121)
ר;פ;ה;נ;ד;ל;ע;א;נ;ו;ת;ש;נ;ן;ו;ב;י;ת;י;ן;(36, 5, 5, 53, 6141)
ת;ח;פ;י;נ;ת;ת;ח;ל;ש;י;ד;א;ת;ר;ג;א;ן;ג;ש;(36, 5, 6, 3, 6161)
ו;נ;כ;ו;י;נ;ז;ו;ב;ר;ת;ש;ו;ה;ר;ה;נ;ר;ב;ע;(36, 5, 6, 23, 6181)
ע;ה;ר;ה;נ;ר;ב;ע;ב;י;ד;א;י;כ;ס;ר;פ;א;ה;ת;(36, 5, 6, 43, 6201)
ע;ו;ח;ל;ש;א;מ;ג;ת;פ;א;כ;ל;מ;ש;ו;י;ר;ד;ל;(36, 5, 6, 63, 6221)
ר;ד;ל;ה;ו;ג;ב;ב;י;ת;כ;ה;נ;ד;כ;ו;י;ה;ו;ל;(36, 5, 7, 11, 6241)
ה;ל;ע;י;ד;י;א;ל;כ;א;מ;ל;ש;א;כ;ל;מ;ש;ו;י;(36, 5, 7, 31, 6261)
מ;ד;ו;ה;י;ל;א;נ;ל;ז;א;י;ד;א;כ;ל;מ;ל;א;ו;(36, 5, 8, 7, 6281)
א;ו;ה;ו;א;ב;ר;א;ה;ל;א;ת;י;ב;ל;א;ת;נ;י;ד;(36, 5, 8, 27, 6301)
כ;ב;ם;ש;ת;מ;ע;א;ו;ל;ל;ג;ן;ב;א;א;נ;ב;ת;מ;(36, 5, 8, 47, 6321)
מ;א;נ;ר;פ;ס;א;ך;ד;א;ת;ד;י;ב;ע;ו;א;י;ל;ת;(36, 5, 8, 67, 6341)
ש;ן;י;ד;א;ם;ה;ד;י;ב;ח;ל;צ;מ;ו;א;ד;ב;ע;ת;(36, 5, 8, 87, 6361)
נ;ר;מ;א;א;מ;נ;כ;ך;ל;א;א;י;ב;ש;ל;א;נ;ל;א;(36, 5, 9, 6, 6381)
נ;ד;א;ת;י;ב;ם;ע;ט;ם;כ;ל;ם;ש;ן;מ;ם;ה;ל;א;(36, 5, 9, 26, 6401)
ל;כ;ש;ל;ה;נ;ד;א;נ;ר;ש;א;ו;ה;י;נ;ב;מ;ל;ה;(36, 5, 9, 46, 6421)
ל;ם;ה;ל;א;נ;ל;א;ש;ם;ה;ת;ה;מ;ש;ף;א;ו;ה;ל;(36, 5, 9, 66, 6441)
א;י;ר;ב;ג;ם;ש;ב;ת;כ;נ;י;ד;ך;ת;ו;ע;ד;ו;ה;(36, 5, 10, 19, 6461)
ה;א;מ;ג;ת;פ;א;מ;נ;כ;ו;ם;ה;י;ש;א;ר;ב;י;ד;(36, 5, 10, 39, 6481)
ב;ע;ו;מ;ה;א;נ;ח;נ;א;ר;מ;מ;ל;א;נ;ו;ב;י;ת;(36, 5, 11, 12, 6501)
ב;ו;א;ע;ר;א;ו;א;י;מ;ש;ה;ל;א;י;ד;י;ה;ו;ד;(36, 5, 11, 32, 6521)
ת;מ;ד;ק;מ;ה;נ;ב;א;ו;ה;י;ד;א;ת;י;ב;ן;י;נ;(36, 5, 11, 52, 6541)
ר;ש;י;ל;ך;ל;מ;ו;ן;א;י;ג;ש;ן;י;נ;ש;ה;נ;ד;(36, 5, 11, 72, 6561)
ד;ן;מ;ן;ה;ל;ה;ל;ל;כ;ש;ו;י;ה;נ;ב;ב;ר;ל;א;(36, 5, 11, 92, 6581)
א;י;מ;ש;ה;ל;א;ל;א;נ;ת;ה;ב;א;ו;ז;ג;ר;ה;י;(36, 5, 12, 7, 6601)
ך;ל;מ;ר;צ;נ;ד;כ;ו;ב;נ;ד;י;ב;ו;מ;ה;ב;ה;י;(36, 5, 12, 27, 6621)
ה;ר;ת;ס;ה;נ;ד;ה;ת;י;ב;ו;א;י;ד;ס;כ;ל;ב;ב;(36, 5, 12, 47, 6641)
ח;ת;נ;ש;ב;ם;ר;ב;ל;ב;ב;ל;י;ל;ג;ה;ה;מ;ע;ו;(36, 5, 12, 67, 6661)
ש;ר;ו;כ;ל;ב;ב;י;ד;א;כ;ל;מ;ש;ר;ו;כ;ל;ה;ד;(36, 5, 13, 9, 6681)
ל;ה;נ;ד;א;ה;ל;א;ת;י;ב;ם;ע;ט;ם;ש;א;כ;ל;מ;(36, 5, 13, 29, 6701)
א;ה;ל;א;ת;י;ב;י;ד;א;י;נ;א;מ;ף;א;ו;א;נ;ב;(36, 5, 13, 49, 6721)
צ;נ;ד;כ;ו;ב;נ;י;ד;א;פ;ס;כ;ו;ה;ב;ה;ד;י;ד;(36, 5, 14, 18, 6741)
ל;ש;ו;ר;י;ב;י;ד;א;ל;כ;י;ה;ן;מ;ק;פ;נ;ה;ר;(36, 5, 14, 38, 6761)
ל;ב;ב;י;ד;א;ל;כ;י;ה;ל;ו;מ;ה;ל;ב;י;ה;ו;ם;(36, 5, 14, 58, 6781)
כ;י;ה;ן;מ;א;כ;ל;מ;ש;ר;ו;כ;ו;מ;ה;ק;פ;נ;ה;(36, 5, 14, 78, 6801)
ש;ר;צ;ב;ש;ש;ל;ו;ב;י;ה;י;ו;ל;ב;ב;י;ד;א;ל;(36, 5, 14, 98, 6821)
מ;ה;ל;א;ה;ל;ר;מ;א;ו;ה;מ;ש;ה;ח;פ;י;ד;ה;מ;(36, 5, 14, 118, 6841)
ל;כ;י;ה;ב;ו;מ;ה;ת;ח;א;ל;ז;א;א;ש;א;י;נ;א;(36, 5, 15, 11, 6861)
ת;י;א;ה;ל;א;ת;י;ב;ו;ם;ל;ש;ו;ר;י;ב;י;ד;א;(36, 5, 15, 31, 6881)
ך;ד;ר;צ;ב;ש;ש;ן;י;ד;א;ה;ר;ת;א;ל;ע;א;נ;ב;(36, 5, 15, 51, 6901)
ד;א;ה;ל;א;ת;י;ב;י;ד;א;י;ש;א;ב;ה;י;א;ת;א;(36, 5, 16, 12, 6921)
ע;כ;ד;ע;ו;ן;י;ד;א;ן;מ;ו;ם;ל;ש;ו;ר;י;ב;י;(36, 5, 16, 32, 6941)
ל;ע;ן;ה;ן;ע;כ;ו;ם;ל;ש;א;ל;ו;א;נ;ב;ת;מ;ן;(36, 5, 16, 52, 6961)
א;י;ז;נ;ג;ת;י;ב;ב;ר;ק;ב;ת;י;ב;ט;א;כ;ל;מ;(36, 5, 17, 9, 6981)
ת;י;א;ן;ה;ל;ב;ב;ב;י;ד;ה;מ;ת;א;כ;ל;מ;י;ד;(36, 5, 17, 29, 7001)
ל;ם;ע;ט;ם;י;ש;א;כ;ל;מ;ש;ר;ו;כ;ן;מ;י;ד;י;(36, 5, 17, 49, 7021)
ם;ל;ש;ו;ר;י;ב;ך;ד;א;ה;ל;א;ת;י;ב;א;נ;ב;מ;(36, 5, 17, 69, 7041)
ל;ע;ח;ל;ש;י;ה;נ;ד;ל;ע;א;כ;ל;מ;ת;ו;ע;ר;ו;(36, 5, 17, 89, 7061)
ט;ם;ש;א;כ;ל;מ;ש;ו;י;ר;ד;ן;י;ד;א;ב;א;נ;י;(36, 5, 17, 109, 7081)
נ;ג;י;ד;א;י;ר;פ;ס;ת;י;ב;ב;ו;ר;ק;ב;ו;ם;ע;(36, 6, 1, 18, 7101)
ת;ש;ה;ו;ל;ב;ב;ב;ה;מ;ת;ן;י;ת;ח;ה;מ;א;י;ז;(36, 6, 1, 38, 7121)
י;ד;מ;ב;י;ד;א;ת;ר;י;ב;ב;א;ת;מ;ח;א;ב;ח;כ;(36, 6, 2, 5, 7141)
ב;י;ת;כ;ן;כ;ו;ה;ד;ח;ה;ל;ג;מ;ה;ת;נ;י;ד;מ;(36, 6, 2, 25, 7161)
ו;כ;ל;ה;ד;ח;ת;נ;ש;ב;ה;נ;ו;ר;כ;ד;ה;ו;ג;ב;(36, 6, 2, 45, 7181)
ב;ם;ע;ט;ם;ש;א;כ;ל;מ;ש;ר;ו;כ;א;כ;ל;מ;ש;ר;(36, 6, 3, 11, 7201)
ב;ת;י;א;ת;י;ב;ם;ל;ש;ו;ר;י;ב;א;ה;ל;א;ת;י;(36, 6, 3, 31, 7221)
ש;א;ו;ן;י;ח;ב;ד;ן;י;ח;ב;ד;י;ד;ר;ת;א;א;נ;(36, 6, 3, 51, 7241)
ת;ש;ן;י;מ;א;ה;מ;ו;ר;ן;י;ל;ב;ו;ס;מ;י;ה;ו;(36, 6, 3, 71, 7261)
ן;י;כ;ב;ד;נ;ן;י;ת;ש;ן;י;מ;א;ה;י;ת;פ;ן;י;(36, 6, 3, 91, 7281)
א;י;ד;ך;ב;ד;נ;ו;א;ת;ל;ת;ל;ל;ג;ן;ב;א;י;ד;(36, 6, 4, 7, 7301)
ת;א;כ;ל;מ;ת;י;ב;ן;מ;א;ת;ק;פ;נ;ו;ת;ד;ח;ע;(36, 6, 4, 27, 7321)
י;ד;א;ה;ל;א;ת;י;ב;י;נ;א;מ;ף;א;ו;ב;ה;י;ת;(36, 6, 4, 47, 7341)
ה;ר;צ;נ;ד;כ;ו;ב;נ;י;ד;א;פ;ס;כ;ו;ה;ב;ה;ד;(36, 6, 5, 17, 7361)
ו;ם;ל;ש;ו;ר;י;ב;י;ד;א;ל;כ;י;ה;ן;מ;ק;פ;נ;(36, 6, 5, 37, 7381)
ל;ך;ה;י;ו;ן;ו;ב;י;ת;ה;י;ל;ב;ב;ל;ל;ב;י;ה;(36, 6, 5, 57, 7401)
ו;ה;ר;ת;א;ל;ם;ל;ש;ו;ר;י;ב;י;ד;א;ל;כ;י;ה;(36, 6, 5, 77, 7421)
ח;פ;י;נ;ת;ת;ן;ע;כ;א;ה;ל;א;ת;י;ב;ב;ת;ח;ת;(36, 6, 5, 97, 7441)
ו;נ;כ;ו;י;נ;ז;ו;ב;ר;ת;ש;ה;ר;ה;נ;ר;ב;ע;ת;(36, 6, 6, 10, 7461)
ר;ה;נ;ר;ב;ע;ב;י;ד;א;י;כ;ס;ר;פ;א;ן;ו;ה;ת;(36, 6, 6, 30, 7481)
ל;ו;ק;ב;ש;ה;מ;ת;ן;מ;ו;ו;ה;ן;י;ק;י;ח;ר;ה;(36, 6, 6, 50, 7501)
ו;ה;י;ת;ח;פ;ך;ד;א;ה;ל;א;ת;י;ב;ת;ד;י;ב;ע;(36, 6, 7, 6, 7521)
ה;ל;א;ת;י;ב;א;י;ד;ו;ה;י;י;ב;ש;ל;ו;א;י;ד;(36, 6, 7, 26, 7541)
י;ש;י;נ;מ;ו;ה;ר;ת;א;ל;ע;ן;ו;נ;ב;י;ך;ד;א;(36, 6, 7, 46, 7561)
י;ב;ש;ם;ע;ן;ו;ד;ב;ע;ת;י;ד;א;מ;ל;ם;ע;ט;ם;(36, 6, 8, 7, 7581)
ה;ל;א;ת;י;ב;א;נ;ב;מ;ל;ך;ל;א;א;י;ד;ו;ה;י;(36, 6, 8, 27, 7601)
ב;ע;ת;ד;מ;י;ד;א;כ;ל;מ;י;ס;כ;נ;מ;ו;ך;ד;א;(36, 6, 8, 47, 7621)
א;ו;ה;ת;א;ת;ק;פ;נ;א;נ;ר;פ;ס;א;ה;ר;ה;נ;ר;(36, 6, 8, 67, 7641)
ל;א;ל;י;ד;ך;ל;א;א;י;ר;ב;ג;ל;א;ב;ה;י;ת;מ;(36, 6, 8, 87, 7661)
ן;י;ר;ו;ת;י;נ;ב;ו;ן;ח;ש;ח;ה;מ;ו;א;ל;ט;ב;(36, 6, 8, 107, 7681)
ל;א;ל;ן;ו;ל;ע;ל;ן;י;ר;מ;א;ו;ן;י;ר;כ;ד;ו;(36, 6, 9, 17, 7701)
ח;ש;מ;ו;ר;מ;ח;ח;ל;מ;ן;י;ט;נ;ח;א;י;מ;ש;ה;(36, 6, 9, 37, 7721)
ל;ם;ל;ש;ו;ר;י;ב;י;ד;א;י;נ;ה;כ;ר;מ;א;מ;כ;(36, 6, 9, 57, 7741)
י;ד;ם;ו;י;ב;ם;ו;י;ם;ה;ל;ב;ה;י;ת;מ;א;ו;ה;(36, 6, 9, 77, 7761)
י;נ;ן;י;ב;ר;ק;ה;מ;ן;ו;ה;ל;י;ד;ו;ל;ש;א;ל;(36, 6, 9, 97, 7781)
ל;ן;י;ל;צ;מ;ו;א;י;מ;ש;ה;ל;א;ל;ן;י;ח;ו;ח;(36, 6, 10, 16, 7801)
ם;י;ש;י;נ;מ;ו;י;ה;ו;נ;ב;ו;א;כ;ל;מ;י;י;ח;(36, 6, 10, 36, 7821)
ג;ת;פ;א;נ;ש;ה;י;י;ד;ש;נ;א;ל;כ;י;ד;ם;ע;ט;(36, 6, 11, 8, 7841)
ז;ו;ה;ת;י;ב;ן;מ;ע;א;ח;ס;נ;ת;י;ה;נ;ד;א;מ;(36, 6, 11, 28, 7861)
ל;ו;נ;ה;ת;י;ב;ו;י;ה;ל;ע;א;ח;מ;ת;י;ף;י;ק;(36, 6, 11, 48, 7881)
כ;ש;י;ד;א;ה;ל;א;ו;ה;נ;ד;ל;ע;ד;ב;ע;ת;י;ו;(36, 6, 11, 68, 7901)
ד;ם;ע;ו;ך;ל;מ;ל;כ;ר;ג;מ;י;ה;מ;ת;ה;מ;ש;ן;(36, 6, 12, 10, 7921)
ב;ה;ל;ב;ח;ל;ה;י;נ;ש;ה;ל;ה;ד;י;ח;ל;ש;י;י;(36, 6, 12, 30, 7941)
ה;נ;א;ם;ל;ש;ו;ר;י;ב;י;ד;ך;ד;א;ה;ל;א;ת;י;(36, 6, 12, 50, 7961)
ע;ת;י;א;נ;ר;פ;ס;א;ם;ע;ט;ת;מ;ש;ש;ו;י;ר;ד;(36, 6, 12, 70, 7981)
ה;ר;ה;נ;ר;ב;ע;ת;ח;פ;י;נ;ת;ת;ן;י;ד;א;ד;ב;(36, 6, 12, 90, 8001)
ל;ב;ק;ל;ן;ו;ה;ת;ו;נ;כ;ו;י;נ;ז;ו;ב;ר;ת;ש;(36, 6, 13, 19, 8021)
ס;א;א;מ;נ;כ;א;כ;ל;מ;ש;ו;י;ר;ד;ח;ל;ש;י;ד;(36, 6, 13, 39, 8041)
נ;ב;א;י;ד;ו;ה;י;י;ב;ש;ו;ו;ד;ב;ע;א;נ;ר;פ;(36, 6, 13, 59, 8061)
ב;נ;י;ג;ח;ת;א;ו;ב;נ;ב;ן;י;ח;ל;צ;מ;ו;ן;י;(36, 6, 14, 13, 8081)
ו;ו;נ;ב;ו;א;ו;ד;ע;ר;ב;ה;י;ר;כ;ז;ו;ה;א;י;(36, 6, 14, 33, 8101)
מ;ו;ל;א;ר;ש;י;ה;ל;א;ם;ע;ט;ן;מ;ו;ל;ל;כ;ש;(36, 6, 14, 53, 8121)
ש;ש;ח;ת;ר;א;ו;ש;ו;י;ר;ד;ו;ש;ר;ו;כ;ם;ע;ט;(36, 6, 14, 73, 8141)
נ;ד;ה;ת;י;ב;א;י;צ;י;ש;ו;ס;ר;פ;ך;ל;מ;א;ת;(36, 6, 14, 93, 8161)
ה;י;ד;ר;ד;א;ח;ר;י;ל;ה;ת;ל;ת;ם;ו;י;ד;ע;ה;(36, 6, 15, 13, 8181)
ל;מ;ש;ו;י;ר;ד;ת;ו;כ;ל;מ;ל;ת;ש;ת;נ;ש;א;י;(36, 6, 15, 33, 8201)
א;י;נ;ה;כ;ל;א;ר;ש;י;י;נ;ב;ו;ד;ב;ע;ו;א;כ;(36, 6, 15, 53, 8221)
כ;נ;ח;א;ת;ו;ל;ג;י;נ;ב;ר;א;ש;ו;א;י;ו;ל;ו;(36, 6, 16, 19, 8241)
ר;ק;ה;ו;ה;ו;ד;ח;ב;ה;נ;ד;א;ה;ל;א;ת;י;ב;ת;(36, 6, 16, 39, 8261)
ר;ו;ת;ה;נ;ד;א;ה;ל;א;ת;י;ב;ת;כ;נ;ח;ל;ו;ב;(36, 6, 17, 5, 8281)
ן;י;ר;מ;א;ן;י;ת;א;מ;ן;י;ר;כ;ד;ה;א;מ;ן;י;(36, 6, 17, 25, 8301)
ט;ח;ל;ן;י;ז;ע;י;ר;י;פ;צ;ו;ה;א;מ;ע;ב;ר;א;(36, 6, 17, 45, 8321)
נ;מ;ל;ר;ש;ע;י;ר;ת;ל;א;ר;ש;י;ל;כ;ל;ע;א;י;(36, 6, 17, 65, 8341)
נ;ה;כ;ו;מ;י;ק;ה;ו;ל;א;ר;ש;י;י;ט;ב;ש;ן;י;(36, 6, 17, 85, 8361)
ק;ל;ח;מ;ב;א;י;ו;ל;ו;ן;ו;ה;ת;ג;ל;פ;ב;א;י;(36, 6, 18, 10, 8381)
ר;י;ב;י;ד;א;ה;ל;א;ת;ד;י;ב;ע;ל;ע;ן;ו;ה;ת;(36, 6, 18, 30, 8401)
ב;ו;ש;ע;י;ו;ה;ש;מ;ר;פ;ס;ב;ת;כ;כ;ם;ל;ש;ו;(36, 6, 18, 50, 8421)
ע;ה;ע;ב;ר;א;ב;ח;ס;פ;ה;ת;א;ה;ל;ו;ג;ה;י;נ;(36, 6, 19, 7, 8441)
ה;ו;ר;ה;ט;ה;י;כ;ן;ו;ש;א;ר;ה;ש;ד;ח;ל;ר;ש;(36, 6, 19, 27, 8461)
ה;ט;ם;ל;כ;ד;ח;א;כ;ם;י;ו;ל;ה;ו;ם;י;נ;ה;כ;(36, 6, 20, 9, 8481)
י;נ;ב;ל;כ;ל;ח;ס;פ;ה;ו;ט;ח;ש;י;ו;ם;י;ר;ו;(36, 6, 20, 29, 8501)
ל;ו;ם;י;נ;ה;כ;ה;ם;ה;י;ח;א;ל;ו;ה;ל;ו;ג;ה;(36, 6, 20, 49, 8521)
י;ב;ש;ה;ל;א;ר;ש;י;י;נ;ב;ו;ל;כ;א;י;ו;ם;ה;(36, 6, 20, 69, 8541)
ת;א;מ;ט;מ;ל;ד;ב;נ;ה;ל;כ;ו;ה;ל;ו;ג;ה;מ;ם;(36, 6, 21, 19, 8561)
ה;ו;ה;י;ל;ש;ר;ד;ל;ם;ה;ל;א;ץ;ר;א;ה;י;ו;ג;(36, 6, 21, 39, 8581)
ת;ו;צ;מ;ג;ח;ו;ש;ע;י;ו;ל;א;ר;ש;י;י;ה;ל;א;(36, 6, 21, 59, 8601)
י;ם;ח;מ;ש;י;כ;ה;ח;מ;ש;ב;ם;י;מ;י;ת;ע;ב;ש;(36, 6, 22, 12, 8621)
ה;י;ל;ע;ר;ו;ש;א;ך;ל;מ;ב;ל;ב;ס;ה;ו;ה;ו;ה;(36, 6, 22, 32, 8641)
ה;ת;י;ב;ת;כ;א;ל;מ;ב;ם;ה;י;ד;י;ק;ז;ח;ל;ם;(36, 6, 22, 52, 8661)
ד;ה;ר;ח;א;ו;ל;א;ר;ש;י;י;ה;ל;א;ם;י;ה;ל;א;(36, 6, 22, 72, 8681)
ס;ש;ח;ת;ר;א;ת;ו;כ;ל;מ;ב;ה;ל;א;ה;ם;י;ר;ב;(36, 7, 1, 7, 8701)
ן;ב;ה;י;ר;ש;ן;ב;א;ר;ז;ע;ס;ר;פ;ך;ל;מ;א;ת;(36, 7, 1, 27, 8721)
ן;ב;ם;ו;ל;ש;ן;ב;ה;י;ק;ל;ח;ן;ב;ה;י;ר;ז;ע;(36, 7, 1, 47, 8741)
ב;ה;י;ר;מ;א;ן;ב;ב;ו;ט;י;ח;א;ן;ב;ק;ו;ד;צ;(36, 7, 2, 9, 8761)
ה;י;ח;ר;ז;ן;ב;ת;ו;י;ר;מ;ן;ב;ה;י;ר;ז;ע;ן;(36, 7, 3, 9, 8781)
ן;ב;ע;ו;ש;י;ב;א;ן;ב;י;ק;ב;ן;ב;י;ז;ע;ן;ב;(36, 7, 4, 8, 8801)
כ;ה;ן;ר;ה;א;ן;ב;ר;ז;ע;ל;א;ן;ב;ס;ח;נ;י;פ;(36, 7, 5, 11, 8821)
ל;ב;ב;מ;ה;ל;ע;א;ר;ז;ע;א;ו;ה;ש;א;ר;ה;ן;ה;(36, 7, 5, 31, 8841)
א;ה;ש;מ;ת;ר;ו;ת;ב;ר;י;ה;מ;ר;פ;ס;א;ו;ה;ו;(36, 7, 6, 15, 8861)
י;ו;ל;א;ר;ש;י;י;ה;ל;א;ה;ו;ה;י;ן;ת;נ;ר;ש;(36, 7, 6, 35, 8881)
ו;י;ה;ל;א;ה;ו;ה;י;ד;י;כ;ך;ל;מ;ה;ו;ל;ן;ת;(36, 7, 6, 55, 8901)
י;נ;ב;מ;ו;ל;ע;י;ו;ו;ת;ש;ק;ב;ל;כ;ו;י;ל;ע;(36, 7, 6, 75, 8921)
ם;י;ו;ל;ה;ו;ם;י;נ;ה;כ;ה;ן;מ;ו;ל;א;ר;ש;י;(36, 7, 7, 10, 8941)
י;ת;נ;ה;ו;ם;י;ר;ע;ש;ה;ו;ם;י;ר;ר;ש;מ;ה;ו;(36, 7, 7, 30, 8961)
א;ל;ע;ב;ש;ת;נ;ש;ב;ם;ל;ש;ו;ר;י;ל;א;ם;י;נ;(36, 7, 7, 50, 8981)
ל;ש;ו;ר;י;א;ב;י;ו;ך;ל;מ;ה;א;ת;ס;ש;ח;ת;ר;(36, 7, 7, 70, 9001)
ב;ש;ה;ת;נ;ש;א;י;ה;י;ש;י;מ;ח;ה;ש;ד;ח;ב;ם;(36, 7, 8, 10, 9021)
ר;ה;ש;ד;ח;ל;ד;ח;א;ב;י;כ;ך;ל;מ;ל;ת;י;ע;י;(36, 7, 8, 30, 9041)
ו;ל;ב;ב;מ;ה;ל;ע;מ;ה;ד;ס;י;א;ו;ה;ן;ו;ש;א;(36, 7, 9, 13, 9061)
ר;י;ל;א;א;ב;י;ש;י;מ;ח;ה;ש;ד;ח;ל;ד;ח;א;ב;(36, 7, 9, 33, 9081)
י;ל;ע;ה;ב;ו;ט;ה;ו;י;ה;ל;א;ד;י;כ;ם;ל;ש;ו;(36, 7, 9, 53, 9101)
ש;ו;ר;ד;ל;ו;ב;ב;ל;ן;י;כ;ה;א;ר;ז;ע;י;כ;ו;(36, 7, 9, 73, 9121)
ד;מ;ל;ל;ו;ת;ש;ע;ל;ו;ה;ו;ה;י;ת;ר;ו;ת;ת;א;(36, 7, 10, 20, 9141)
ג;ש;ר;פ;ה;ז;ו;ט;פ;ש;מ;ו;ק;ח;ל;א;ר;ש;י;ב;(36, 7, 10, 40, 9161)
ת;ר;א;ך;ל;מ;ה;ן;ת;נ;ר;ש;א;ן;ו;ת;ש;נ;ה;ן;(36, 7, 11, 8, 9181)
פ;ס;ר;פ;ס;ה;ן;ה;כ;ה;א;ר;ז;ע;ל;א;ת;ס;ש;ח;(36, 7, 11, 28, 9201)
ל;ע;ו;י;ק;ח;ו;ה;ו;ה;י;ת;ו;צ;מ;י;ר;ב;ד;ר;(36, 7, 11, 48, 9221)
י;כ;ל;מ;ך;ל;מ;א;ת;ס;ש;ח;ת;ר;א;ל;א;ר;ש;י;(36, 7, 11, 68, 9241)
ל;א;י;ד;א;ת;ד;ר;פ;ס;א;נ;ה;כ;א;ר;ז;ע;ל;א;(36, 7, 12, 16, 9261)
ם;י;ש;י;נ;מ;ת;נ;ע;כ;ו;ר;י;מ;ג;א;י;מ;ש;ה;(36, 7, 12, 36, 9281)
מ;י;ת;ו;כ;ל;מ;ב;ב;ד;נ;ת;מ;ל;כ;י;ד;ם;ע;ט;(36, 7, 13, 7, 9301)
י;ו;ל;ו;י;ה;ו;נ;ה;כ;ו;ל;א;ר;ש;י;ה;מ;ע;ן;(36, 7, 13, 27, 9321)
ל;כ;ך;ה;י;ך;מ;ע;ם;ל;ש;ו;ר;י;ל;ך;ה;מ;ל;א;(36, 7, 13, 47, 9341)
י;ת;ע;ב;ש;ו;א;כ;ל;מ;ם;ד;ק;ן;מ;י;ד;ל;ב;ק;(36, 7, 14, 3, 9361)
ו;ד;ו;ה;י;ל;ע;א;ר;ק;ב;ל;ח;י;ל;ש;י;ה;ט;ע;(36, 7, 14, 23, 9381)
ך;ד;י;ב;י;ד;ך;ה;ל;א;ת;ד;ב;ם;ל;ש;ו;ר;י;ל;(36, 7, 14, 43, 9401)
א;כ;ל;מ;י;ד;ב;ה;ד;ו;ף;ס;כ;ה;ל;ב;י;ה;ל;ו;(36, 7, 15, 1, 9421)
ר;ש;י;ה;ל;א;ל;ו;ב;ד;נ;ת;ה;י;ה;ו;ט;ע;י;ו;(36, 7, 15, 21, 9441)
כ;ל;כ;ו;ה;נ;כ;ש;מ;ם;ל;ש;ו;ר;י;ב;י;ד;ל;א;(36, 7, 15, 41, 9461)
נ;י;ד;מ;ל;כ;ב;ח;כ;ש;ה;ת;י;ד;ב;ה;ד;ו;ף;ס;(36, 7, 16, 5, 9481)
נ;ה;כ;ו;א;מ;ע;ת;ו;ב;ד;נ;ת;ה;ם;ע;ל;ב;ב;ת;(36, 7, 16, 25, 9501)
י;ד;ם;ה;ה;ל;א;ת;י;ב;ל;ן;י;ב;ד;נ;ת;מ;א;י;(36, 7, 16, 45, 9521)
נ;ר;פ;ס;א;ה;נ;ד;ל;ב;ק;ל;כ;ם;ל;ש;ו;ר;י;ב;(36, 7, 16, 65, 9541)
כ;ד;ן;י;ר;ו;ת;ה;נ;ד;א;פ;ס;כ;ב;א;נ;ק;ת;א;(36, 7, 17, 14, 9561)
כ;ס;נ;ו;ן;ו;ה;ת;ח;נ;מ;ו;ן;י;ר;מ;א;ן;י;ר;(36, 7, 17, 34, 9581)
ד;ה;ח;ב;ד;מ;ל;ע;ו;מ;ה;ב;ר;ק;ת;ו;ן;ו;ה;י;(36, 7, 17, 54, 9601)
מ;ו;ם;ל;ש;ו;ר;י;ב;י;ד;ם;כ;ה;ל;א;ת;י;ב;י;(36, 7, 17, 74, 9621)
ש;ב;ב;ט;י;י;ך;י;ח;א;ל;ע;ו;ך;י;ל;ע;י;ד;ה;(36, 7, 18, 3, 9641)
ו;ע;ר;כ;ד;ב;ע;מ;ל;ה;ב;ה;ד;ו;א;פ;ס;כ;ר;א;(36, 7, 18, 23, 9661)
י;ד;א;י;נ;א;מ;ו;ן;ו;ד;ב;ע;ת;ם;כ;ה;ל;א;ת;(36, 7, 18, 43, 9681)
ה;ל;א;ת;י;ב;ן;ח;ל;פ;ל;ך;ל;ן;י;ב;ה;י;ת;מ;(36, 7, 19, 9, 9701)
א;ש;ו;ם;ל;ש;ו;ר;י;ה;ל;א;ם;ד;ק;ם;ל;ש;ה;ך;(36, 7, 19, 29, 9721)
ך;ל;ל;פ;י;י;ד;ך;ה;ל;א;ת;י;ב;ת;ו;ח;ש;ח;ר;(36, 7, 20, 4, 9741)
ל;מ;י;ז;נ;ג;ת;י;ב;ן;מ;ן;ת;נ;ת;ן;ת;נ;מ;ל;(36, 7, 20, 24, 9761)
כ;ל;מ;א;ת;ס;ש;ח;ת;ר;א;ה;נ;א;י;נ;מ;ו;א;כ;(36, 7, 20, 44, 9781)
ע;ב;י;ד;א;י;ר;ב;ז;ג;ל;כ;ל;ם;ע;ט;ם;י;ש;א;(36, 7, 21, 19, 9801)
ן;ו;כ;נ;ל;א;ש;י;י;ד;ל;כ;י;ד;ה;ר;ה;נ;ר;ב;(36, 7, 21, 39, 9821)
ש;ה;ל;א;י;ד;א;ת;ד;ר;פ;ס;ה;נ;ה;כ;א;ר;ז;ע;(36, 7, 21, 59, 9841)
כ;ף;ס;כ;ד;ע;ד;ב;ע;ת;י;א;נ;ר;פ;ס;א;א;י;מ;(36, 7, 21, 79, 9861)
מ;ן;י;ר;כ;ן;י;ט;נ;ח;ד;ע;ו;ה;א;מ;ן;י;ר;כ;(36, 7, 22, 7, 9881)
ת;ב;ד;ע;ו;ה;א;מ;ן;י;ת;ב;ר;מ;ח;ד;ע;ו;ה;א;(36, 7, 22, 27, 9901)
כ;ב;ת;כ;א;ל;י;ד;ח;ל;מ;ו;ה;א;מ;ח;ש;מ;ן;י;(36, 7, 22, 47, 9921)
ד;ב;ע;ת;י;א;י;מ;ש;ה;ל;א;ם;ע;ט;ן;מ;י;ד;ל;(36, 7, 23, 2, 9941)
ל;י;ד;א;י;מ;ש;ה;ל;א;ת;י;ב;ל;א;ד;ז;ר;ד;א;(36, 7, 23, 22, 9961)
א;כ;ל;מ;ת;ו;כ;ל;מ;ל;ע;ף;צ;ק;א;ו;ה;ל;ה;מ;(36, 7, 23, 42, 9981)
כ;י;ד;ן;י;ע;ד;ו;ה;מ;ם;כ;ל;ו;י;ה;ו;נ;ב;ו;(36, 7, 23, 62, 10001)
י;ע;ר;ת;א;י;ר;מ;ז;א;י;ו;ל;ו;א;י;נ;ה;כ;ל;(36, 7, 24, 15, 10021)
ד;א;ה;ל;א;ת;י;ב;י;ח;ל;פ;ו;א;י;נ;י;ת;נ;א;(36, 7, 24, 35, 10041)
ל;ט;י;ל;ש;א;ל;ך;ל;ה;ו;ו;ל;ב;ה;ד;נ;מ;ה;נ;(36, 7, 24, 55, 10061)
כ;ח;כ;א;ר;ז;ע;ת;נ;א;ו;ם;ה;י;ל;ע;א;מ;ר;מ;(36, 7, 24, 75, 10081)
ן;י;ט;פ;ש;י;נ;מ;ך;ד;י;ב;י;ד;ך;ה;ל;א;ת;מ;(36, 7, 25, 12, 10101)
ל;כ;ל;ן;י;נ;א;ד;ן;ו;ה;ל;י;ד;ן;י;נ;י;ד;ו;(36, 7, 25, 32, 10121)
י;ע;ד;י;ל;כ;ל;ה;ר;ה;נ;ר;ב;ע;ב;י;ד;ה;מ;ע;(36, 7, 25, 52, 10141)
ע;ד;ו;ה;ת;ע;ד;י;א;ל;י;ד;ו;ך;ה;ל;א;י;ת;ד;(36, 7, 25, 72, 10161)
ד;א;ת;ד;ד;ב;ע;א;ו;ה;ל;א;ל;י;ד;ל;כ;ו;ן;ו;(36, 7, 25, 92, 10181)
נ;ר;פ;ס;א;א;כ;ל;מ;י;ד;א;ת;ד;ו;ך;ה;ל;א;י;(36, 7, 26, 19, 10201)
ל;ן;ה;ה;נ;מ;ד;ב;ע;ת;מ;א;ו;ה;ל;ה;נ;י;ד;א;(36, 7, 26, 39, 10221)
י;ס;כ;נ;ש;נ;ע;ל;ן;ה;ו;ש;ר;ש;ל;ן;ה;ת;ו;מ;(36, 7, 26, 59, 10241)
ה;ל;א;ה;ו;ה;י;ך;ו;ר;ב;ן;י;ר;ו;ס;א;ל;ו;ן;(36, 7, 26, 79, 10261)
ל;ב;ת;א;ז;כ;ן;ת;נ;ר;ש;א;ו;נ;י;ת;ו;ב;א;י;(36, 7, 27, 12, 10281)
ש;א;ה;ו;ה;י;ת;י;ב;ת;א;ר;א;פ;ל;ך;ל;מ;ה;ב;(36, 7, 27, 32, 10301)
פ;ל;ד;ס;ח;ה;ט;ה;י;ל;ע;ו;ם;ל;ש;ו;ר;י;ב;ר;(36, 7, 27, 52, 10321)
י;ר;ש;ל;כ;ל;ו;ו;י;צ;ע;ו;י;ו;ך;ל;מ;ה;י;נ;(36, 7, 28, 13, 10341)
ת;ק;ז;ח;ת;ה;י;נ;א;ו;ם;י;ר;ב;ג;ה;ך;ל;מ;ה;(36, 7, 28, 33, 10361)
צ;ב;ק;א;ו;י;ל;ע;י;ה;ל;א;ה;ו;ה;י;ד;י;כ;י;(36, 7, 28, 53, 10381)
י;מ;ע;ת;ו;ל;ע;ל;ם;י;ש;א;ר;ל;א;ר;ש;י;מ;ה;(36, 7, 28, 73, 10401)
ש;ח;י;ת;ה;ו;ם;ה;י;ת;ב;א;י;ש;א;ר;ה;ל;א;ו;(36, 8, 1, 1, 10421)
ש;ח;ת;ר;א;ת;ו;כ;ל;מ;ב;י;מ;ע;ם;י;ל;ע;ה;ם;(36, 8, 1, 21, 10441)
ס;ח;נ;י;פ;י;נ;ב;מ;ל;ב;ב;מ;ך;ל;מ;ה;א;ת;ס;(36, 8, 1, 41, 10461)
ב;מ;ל;א;י;נ;ד;ר;מ;ת;י;א;י;נ;ב;מ;ם;ש;ר;ג;(36, 8, 2, 10, 10481)
מ;ה;י;נ;כ;ש;י;נ;ב;מ;ש;ו;ט;ח;ד;י;ו;ד;י;נ;(36, 8, 2, 30, 10501)
ח;י;ת;ה;ו;מ;ע;ו;ה;י;ר;כ;ז;ש;ע;ר;פ;י;נ;ב;(36, 8, 3, 11, 10521)
י;נ;ב;מ;ם;י;ש;מ;ח;ו;ה;א;מ;ם;י;ר;כ;ז;ל;ש;(36, 8, 3, 31, 10541)
ר;ז;ן;ב;י;נ;י;ע;ו;ה;י;ל;א;ב;א;ו;מ;ת;ח;פ;(36, 8, 4, 5, 10561)
ב;מ;ם;י;ר;כ;ז;ה;ם;י;ת;א;מ;ו;מ;ע;ו;ה;י;ח;(36, 8, 4, 25, 10581)
ש;ו;מ;ע;ו;ל;א;י;ז;ח;י;ן;ב;ה;י;נ;כ;ש;י;נ;(36, 8, 5, 3, 10601)
י;ד;ע;י;נ;ב;מ;ו;ם;י;ר;כ;ז;ה;ת;ו;א;מ;ש;ל;(36, 8, 5, 23, 10621)
ם;י;ש;מ;ח;ו;מ;ע;ו;ן;ת;נ;ו;י;ן;ב;ד;ב;ע;ן;(36, 8, 6, 9, 10641)
ה;י;ע;ש;י;ם;ל;י;ע;י;נ;ב;מ;ו;ם;י;ר;כ;ז;ה;(36, 8, 6, 29, 10661)
ר;כ;ז;ה;ם;י;ע;ב;ש;ו;מ;ע;ו;ה;י;ל;ת;ע;ן;ב;(36, 8, 7, 15, 10681)
מ;ן;ב;ה;י;ד;ב;ז;ה;י;ט;פ;ש;י;נ;ב;מ;ו;ם;י;(36, 8, 7, 35, 10701)
מ;ם;י;ר;כ;ז;ה;ם;י;נ;מ;ש;ו;מ;ע;ו;ל;א;כ;י;(36, 8, 8, 19, 10721)
ו;ל;א;י;ח;י;ן;ב;ה;י;ד;ב;ע;ב;א;ו;י;י;נ;ב;(36, 8, 9, 2, 10741)
ר;כ;ז;ה;ר;ש;ע;ה;נ;מ;ש;ו;ם;י;ת;א;מ;ו;מ;ע;(36, 8, 9, 22, 10761)
י;פ;ס;ו;י;ן;ב;ת;י;מ;ו;ל;ש;י;נ;ב;מ;ו;ם;י;(36, 8, 9, 42, 10781)
ו;ם;י;ר;כ;ז;ה;ם;י;ש;ש;ו;ה;א;מ;ו;מ;ע;ו;ה;(36, 8, 10, 19, 10801)
מ;ע;ו;י;ב;ב;ן;ב;ה;י;ר;כ;ז;י;ב;ב;י;נ;ב;מ;(36, 8, 11, 2, 10821)
ב;מ;ו;ם;י;ר;כ;ז;ה;ה;נ;מ;ש;ו;ם;י;ר;ש;ע;ו;(36, 8, 11, 22, 10841)
מ;ע;ו;ן;ט;ק;ה;ן;ב;ן;נ;ח;ו;י;ד;ג;ז;ע;י;נ;(36, 8, 12, 4, 10861)
י;נ;ב;מ;ו;ם;י;ר;כ;ז;ה;ה;ר;ש;ע;ו;ה;א;מ;ו;(36, 8, 12, 24, 10881)
ת;ו;מ;ש;ה;ל;א;ו;ם;י;נ;ר;ח;א;ם;ק;י;נ;ד;א;(36, 8, 13, 6, 10901)
ע;ו;ה;י;ע;מ;ש;ו;ל;א;י;ע;י;ט;ל;פ;י;ל;א;ם;(36, 8, 13, 26, 10921)
ג;ב;י;נ;ב;מ;ו;ם;י;ר;כ;ז;ה;ם;י;ש;ש;ם;ה;מ;(36, 8, 13, 46, 10941)
ם;י;ע;ב;ש;ו;מ;ע;ו;ד;ו;ב;ז;ו;י;ת;ו;ע;י;ו;(36, 8, 14, 8, 10961)
ב;ה;ר;ה;נ;ה;ל;א;ם;צ;ב;ק;א;ו;ם;י;ר;כ;ז;ה;(36, 8, 14, 28, 10981)
ל;ש;ם;י;מ;י;ם;ש;ה;נ;ח;נ;ו;א;ו;ה;א;ל;א;א;(36, 8, 15, 15, 11001)
מ;ו;ם;י;נ;ה;כ;ב;ו;ם;ע;ב;ה;נ;י;ב;א;ו;ה;ש;(36, 8, 15, 35, 11021)
ח;ל;ש;א;ו;ם;ש;י;ת;א;צ;מ;א;ל;י;ו;ל;י;נ;ב;(36, 8, 15, 55, 11041)
ה;י;ע;מ;ש;ל;ל;א;י;ר;א;ל;ר;ז;ע;י;ל;א;ל;ה;(36, 8, 16, 6, 11061)
ן;ת;נ;ל;א;ל;ו;ב;י;ר;י;ל;ו;ן;ת;נ;ל;א;ל;ו;(36, 8, 16, 26, 11081)
א;ר;ם;ל;ש;מ;ל;ו;ה;י;ר;כ;ז;ל;ו;ן;ת;נ;ל;ו;(36, 8, 16, 46, 11101)
ב;מ;ן;ת;נ;ל;א;ל;ו;ב;י;ר;י;ו;י;ל;ו;ם;י;ש;(36, 8, 16, 66, 11121)
ה;ו;ד;א;ל;ע;ם;ת;ו;א;ה;א;צ;ו;א;ו;ם;י;נ;י;(36, 8, 16, 86, 11141)
ה;מ;י;ש;א;ו;ם;ו;ק;מ;ה;א;י;פ;ס;כ;ב;ש;א;ר;(36, 8, 17, 17, 11161)
א;ו;ד;א;ל;א;ר;ב;ד;ל;ם;י;ר;ב;ד;ם;ה;י;פ;ב;(36, 8, 17, 37, 11181)
ו;ק;מ;ה;א;י;פ;ס;כ;ב;ם;י;נ;ו;ת;נ;ה;ו;י;ח;(36, 8, 17, 57, 11201)
א;ת;י;ב;ל;ם;י;ת;ר;ש;מ;ו;נ;ל;א;י;ב;ה;ל;ם;(36, 8, 17, 77, 11221)
ה;ל;א;ד;י;כ;ו;נ;ל;ו;א;י;ב;י;ו;ו;נ;י;ה;ל;(36, 8, 17, 97, 11241)
מ;ל;כ;ש;ש;י;א;ו;נ;י;ל;ע;ה;ב;ו;ט;ה;ו;נ;י;(36, 8, 18, 16, 11261)
ו;ל;א;ר;ש;י;ן;ב;י;ו;ל;ן;ב;י;ל;ח;מ;י;נ;ב;(36, 8, 18, 36, 11281)
ע;ה;נ;מ;ש;ו;י;ח;א;ו;ו;י;נ;ב;ו;ה;י;ב;ר;ש;(36, 8, 18, 56, 11301)
מ;ה;י;ע;ש;י;ו;ת;א;ו;ה;י;ב;ש;ח;ת;א;ו;ר;ש;(36, 8, 18, 76, 11321)
ר;ש;ע;ם;ה;י;נ;ב;ו;ו;י;ח;א;י;ר;ר;מ;י;נ;ב;(36, 8, 19, 19, 11341)
ד;י;ו;ד;ן;ת;נ;ש;ם;י;נ;י;ת;נ;ה;ן;מ;ו;ם;י;(36, 8, 19, 39, 11361)
נ;י;ת;נ;ם;י;ו;ל;ה;ת;ד;ב;ע;ל;ם;י;ר;ש;ה;ו;(36, 8, 20, 19, 11381)
ו;ב;ק;נ;ם;ל;כ;ם;י;ר;ש;ע;ו;ם;י;ת;א;מ;ם;י;(36, 8, 20, 39, 11401)
ה;נ;ה;ל;ע;ם;ו;צ;ם;ש;א;ר;ק;א;ו;ת;ו;מ;ש;ב;(36, 8, 20, 59, 11421)
י;ה;ל;א;י;נ;פ;ל;ת;ו;נ;ע;ת;ה;ל;א;ו;ה;א;ר;(36, 8, 21, 16, 11441)
ו;נ;ל;ה;ר;ש;י;ך;ר;ד;ו;נ;מ;מ;ש;ק;ב;ל;ו;נ;(36, 8, 21, 36, 11461)
ש;ב;י;כ;ו;נ;ש;ו;כ;ר;ל;כ;ל;ו;ו;נ;פ;ט;ל;ו;(36, 8, 21, 56, 11481)
ש;ר;פ;ו;ל;י;ח;ך;ל;מ;ה;ן;מ;ל;ו;א;ש;ל;י;ת;(36, 8, 22, 5, 11501)
א;י;כ;ך;ר;ד;ב;ב;י;ו;א;מ;ו;נ;ר;ז;ע;ל;ם;י;(36, 8, 22, 25, 11521)
ו;נ;י;ה;ל;א;ד;י;ר;מ;א;ל;ך;ל;מ;ל;ו;נ;ר;מ;(36, 8, 22, 45, 11541)
ו;ו;ז;ע;ו;ה;ב;ו;ט;ל;ו;י;ש;ק;ב;מ;ל;כ;ל;ע;(36, 8, 22, 65, 11561)
נ;ו;ה;מ;ו;צ;נ;ו;ו;י;ב;ז;ע;ל;כ;ל;ע;ו;פ;א;(36, 8, 22, 85, 11581)
ת;ע;י;ו;ת;א;ז;ל;ע;ו;נ;י;ה;ל;א;מ;ה;ש;ק;ב;(36, 8, 23, 9, 11601)
י;נ;ה;כ;ה;י;ר;ש;מ;ה;ל;י;ד;ב;א;ו;ו;נ;ל;ר;(36, 8, 23, 29, 11621)
ו;ה;י;ב;ש;ח;ה;י;ב;ר;ש;ל;ר;ש;ע;ם;י;נ;ש;ם;(36, 8, 24, 17, 11641)
ל;ו;ק;ש;א;ו;ה;ר;ש;ע;ם;ה;י;ח;א;מ;ם;ה;מ;ע;(36, 8, 24, 37, 11661)
ת;א;ו;ב;ה;ז;ה;ת;א;ו;ף;ס;כ;ה;ת;א;ם;ה;ל;ה;(36, 8, 25, 7, 11681)
ה;ו;נ;י;ה;ל;א;ת;י;ב;ת;מ;ו;ר;ת;ם;י;ל;כ;ה;(36, 8, 25, 27, 11701)
ו;י;ר;ש;ו;ו;י;צ;ע;י;ו;ך;ל;מ;ה;ו;מ;י;ר;ה;(36, 8, 25, 47, 11721)
ל;ק;ש;א;ו;ם;י;א;צ;מ;נ;ה;ל;א;ר;ש;י;ל;כ;ו;(36, 8, 25, 67, 11741)
ת;ו;א;מ;ש;ש;ם;י;ר;כ;כ;ף;ס;כ;ם;ד;י;ל;ע;ה;(36, 8, 26, 6, 11761)
ר;כ;כ;ל;ה;א;מ;ף;ס;כ;י;ל;כ;ו;ם;י;ש;מ;ח;ו;(36, 8, 26, 26, 11781)
ע;ב;ה;ז;י;ר;פ;כ;ו;ר;כ;כ;ה;א;מ;ב;ה;ז;ם;י;(36, 8, 26, 46, 11801)
נ;י;ל;כ;ו;ף;ל;א;ם;י;נ;כ;ר;ד;א;ל;ם;י;ר;ש;(36, 8, 27, 10, 11821)
ת;ד;ו;מ;ח;ם;י;נ;ש;ה;ב;ו;ט;ב;ה;צ;מ;ת;ש;ח;(36, 8, 27, 30, 11841)
ל;ש;ד;ק;ם;ת;א;ם;ה;ל;א;ה;ר;מ;א;ו;ב;ה;ז;כ;(36, 8, 27, 50, 11861)
ה;ו;ף;ס;כ;ה;ו;ש;ד;ק;ם;י;ל;כ;ה;ו;ה;ו;ה;י;(36, 8, 28, 17, 11881)
י;ת;ב;א;י;ה;ל;א;ה;ו;ה;י;ל;ה;ב;ד;נ;ב;ה;ז;(36, 8, 28, 37, 11901)
פ;ל;ו;ל;ק;ש;ת;ד;ע;ו;ר;מ;ש;ו;ו;ד;ק;ש;ם;כ;(36, 8, 28, 57, 11921)
ר;ש;ו;ם;י;ו;ל;ה;ו;ם;י;נ;ה;כ;ה;י;ר;ש;י;נ;(36, 8, 29, 19, 11941)
ה;ם;ל;ש;ו;ר;י;ב;ל;א;ר;ש;י;ל;ת;ו;ב;א;ה;י;(36, 8, 29, 39, 11961)
ה;כ;ה;ו;ל;ב;ק;ו;ה;ו;ה;י;ת;י;ב;ת;ו;כ;ש;ל;(36, 8, 29, 59, 11981)
ז;ה;ו;ף;ס;כ;ה;ל;ק;ש;מ;ם;י;ו;ל;ה;ו;ם;י;נ;(36, 8, 30, 9, 12001)
ם;ל;ש;ו;ר;י;ל;א;י;ב;ה;ל;ם;י;ל;כ;ה;ו;ב;ה;(36, 8, 30, 29, 12021)
א;ר;ה;נ;מ;ה;ע;ס;נ;ו;ו;נ;י;ה;ל;א;ת;י;ב;ל;(36, 8, 30, 49, 12041)
ו;ש;א;ר;ה;ש;ד;ח;ל;ר;ש;ע;ם;י;נ;ש;ב;א;ו;ה;(36, 8, 31, 11, 12061)
ו;נ;י;ה;ל;א;ד;י;ו;ם;ל;ש;ו;ר;י;ת;כ;ל;ל;ן;(36, 8, 31, 31, 12081)
א;ף;כ;מ;ו;נ;ל;י;צ;י;ו;ו;נ;י;ל;ע;ה;ת;י;ה;(36, 8, 31, 51, 12101)
י;א;ו;ב;נ;ו;ך;ר;ד;ה;ל;ע;ב;ר;ו;א;ו;ב;י;ו;(36, 8, 31, 71, 12121)
ו;ה;ש;ל;ש;ם;י;מ;י;ם;ש;ב;ש;נ;ו;ם;ל;ש;ו;ר;(36, 8, 32, 7, 12141)
ה;ו;ף;ס;כ;ה;ל;ק;ש;נ;י;ע;י;ב;ר;ה;ם;ו;י;ב;(36, 8, 33, 2, 12161)
ע;ו;נ;י;ה;ל;א;ת;י;ב;ב;ם;י;ל;כ;ה;ו;ב;ה;ז;(36, 8, 33, 22, 12181)
ו;ן;ה;כ;ה;ה;י;ר;ו;א;ן;ב;ת;ו;מ;ר;מ;ד;י;ל;(36, 8, 33, 42, 12201)
ם;ה;מ;ע;ו;ס;ח;נ;י;פ;ן;ב;ר;ז;ע;ל;א;ו;מ;ע;(36, 8, 33, 62, 12221)
ן;ב;ה;י;ד;ע;ו;נ;ו;ע;ו;ש;י;ן;ב;ד;ב;ז;ו;י;(36, 8, 33, 82, 12241)
ל;ל;ק;ש;מ;ב;ר;פ;ס;מ;ב;ם;י;ו;ל;ה;י;ו;נ;ב;(36, 8, 33, 102, 12261)
י;ה;ה;ת;ע;ב;ל;ק;ש;מ;ה;ל;כ;ב;ת;כ;י;ו;ל;כ;(36, 8, 34, 12, 12281)
ה;ה;ל;ו;ג;ה;י;נ;ב;י;ב;ש;ה;מ;ם;י;א;ב;ה;א;(36, 8, 34, 32, 12301)
פ;ל;א;ר;ש;י;י;ה;ל;א;ל;ת;ו;ל;ע;ו;ב;י;ר;ק;(36, 8, 35, 20, 12321)
א;ל;א;ר;ש;י;ל;כ;ל;ע;ר;ש;ע;ם;י;נ;ש;ם;י;ר;(36, 8, 35, 40, 12341)
ב;ש;ם;י;ש;ב;כ;ה;ש;ש;ו;ם;י;ע;ש;ת;ם;י;ל;י;(36, 8, 35, 60, 12361)
י;נ;ש;ת;א;ט;ח;י;ר;י;פ;צ;ה;ע;ב;ש;ו;ם;י;ע;(36, 8, 35, 80, 12381)
נ;ת;י;ו;ה;ו;ה;י;ל;ה;ל;ו;ע;ל;כ;ה;ר;ש;ע;ם;(36, 8, 35, 100, 12401)
ה;י;נ;פ;ר;ד;ש;ח;א;ל;ך;ל;מ;ה;י;ת;ד;ת;א;ו;(36, 8, 36, 5, 12421)
א;ש;נ;ו;ר;ה;נ;ה;ר;ב;ע;ת;ו;ו;ח;פ;ו;ך;ל;מ;(36, 8, 36, 25, 12441)
כ;ו;ם;י;ה;ל;א;ה;ת;י;ב;ת;א;ו;ם;ע;ה;ת;א;ו;(36, 8, 36, 45, 12461)
ל;ם;י;ר;ש;ה;י;ל;א;ו;ש;ג;נ;ה;ל;א;ת;ו;ל;כ;(36, 9, 1, 3, 12481)
ה;ו;ל;א;ר;ש;י;ם;ע;ה;ו;ל;ד;ב;נ;א;ל;ר;מ;א;(36, 9, 1, 23, 12501)
ו;צ;ר;א;ה;י;מ;ע;מ;ם;י;ו;ל;ה;ו;ם;י;נ;ה;כ;(36, 9, 1, 43, 12521)
י;ת;ח;ה;י;נ;ע;נ;כ;ל;ם;ה;י;ת;ב;ע;ו;ת;כ;ת;(36, 9, 1, 63, 12541)
ב;א;מ;ה;י;נ;מ;ע;ה;י;ס;ו;ב;י;ה;י;ז;ר;פ;ה;(36, 9, 1, 83, 12561)
ב;מ;ו;א;ש;נ;י;כ;י;ר;מ;א;ה;ו;י;ר;צ;מ;ה;י;(36, 9, 1, 103, 12581)
ר;ע;ת;ה;ו;ם;ה;י;נ;ב;ל;ו;ם;ה;ל;ם;ה;י;ת;נ;(36, 9, 2, 9, 12601)
ו;ת;ו;צ;ר;א;ה;י;מ;ע;ב;ש;ד;ק;ה;ע;ר;ז;ו;ב;(36, 9, 2, 29, 12621)
מ;ב;ה;ת;י;ה;ם;י;נ;ג;ס;ה;ו;ם;י;ר;ש;ה;ד;י;(36, 9, 2, 49, 12641)
ה;ת;א;י;ע;מ;ש;כ;ו;ה;נ;ו;ש;א;ר;ה;ז;ה;ל;ע;(36, 9, 2, 69, 12661)
ע;מ;ו;י;ד;ג;ב;ת;א;י;ת;ע;ר;ק;ה;ז;ה;ר;ב;ד;(36, 9, 3, 10, 12681)
ק;ז;ו;י;ש;א;ר;ר;ע;ש;מ;ה;ט;ר;מ;א;ו;י;ל;י;(36, 9, 3, 30, 12701)
פ;ס;א;י;י;ל;א;ו;ם;מ;ו;ש;מ;ה;ב;ש;א;ו;י;נ;(36, 9, 3, 50, 12721)
ל;א;ר;ש;י;י;ה;ל;א;י;ר;ב;ד;ב;ד;ר;ח;ל;כ;ו;(36, 9, 4, 9, 12741)
ו;ש;מ;ב;ש;י;י;נ;א;ו;ה;ל;ו;ג;ה;ל;ע;מ;ל;ע;(36, 9, 4, 29, 12761)
ה;ת;ח;נ;מ;ב;ו;ב;ר;ע;ה;ת;ח;נ;מ;ל;ד;ע;ם;מ;(36, 9, 4, 49, 12781)
י;ע;ר;ק;ב;ו;י;ת;י;נ;ע;ת;מ;י;ת;מ;ק;ב;ר;ע;(36, 9, 5, 8, 12801)
ר;ב;ל;ע;ה;ע;ר;כ;א;ו;י;ל;י;ע;מ;ו;י;ד;ג;ב;(36, 9, 5, 28, 12821)
ה;ל;א;ה;ו;ה;י;ל;א;י;פ;כ;ה;ש;ר;פ;א;ו;י;כ;(36, 9, 5, 48, 12841)
ת;מ;ל;כ;נ;ו;י;ת;ש;ב;י;ה;ל;א;ה;ר;מ;א;ו;י;(36, 9, 5, 68, 12861)
ע;י;כ;ך;י;ל;א;י;נ;פ;י;ה;ל;א;ם;י;ר;ה;ל;י;(36, 9, 6, 20, 12881)
ש;א;ו;ש;א;ר;ה;ל;ע;מ;ל;ו;ב;ר;ו;נ;י;ת;נ;ו;(36, 9, 6, 40, 12901)
א;י;מ;י;מ;ם;י;מ;ש;ל;ד;ע;ה;ל;ד;ג;ו;נ;ת;מ;(36, 9, 6, 60, 12921)
ע;ה;ל;ד;ג;ה;מ;ש;א;ב;ו;נ;ח;נ;א;ו;נ;י;ת;ב;(36, 9, 7, 6, 12941)
נ;ת;נ;ו;נ;י;ת;נ;ו;ע;ב;ו;ה;ז;ה;ם;ו;י;ה;ד;(36, 9, 7, 26, 12961)
י;ב;ו;נ;י;נ;ה;כ;ו;נ;י;כ;ל;מ;ו;נ;ח;נ;א;ו;(36, 9, 7, 46, 12981)
ו;י;ב;ש;ב;ב;ר;ח;ב;ת;ו;צ;ר;א;ה;י;כ;ל;מ;ד;(36, 9, 7, 66, 13001)
ז;ה;ם;ו;י;ה;כ;ם;י;נ;פ;ת;ש;ב;ב;ו;ה;ז;ב;ב;(36, 9, 7, 86, 13021)
ה;נ;ח;ת;ה;ת;י;ה;ע;ג;ר;ט;ע;מ;כ;ה;ת;ע;ו;ה;(36, 9, 7, 106, 13041)
ל;ר;י;א;ש;ה;ל;ו;נ;י;ה;ל;א;ה;ו;ה;י;ת;א;מ;(36, 9, 8, 20, 13061)
ק;מ;ב;ד;ת;י;ו;נ;ל;ת;ת;ל;ו;ה;ט;י;ל;פ;ו;נ;(36, 9, 8, 40, 13081)
ה;ל;א;ו;נ;י;נ;י;ע;ר;י;א;ה;ל;ו;ש;ד;ק;ם;ו;(36, 9, 8, 60, 13101)
ד;ב;ע;ב;ט;ע;מ;ה;י;ח;מ;ו;נ;ת;ת;ל;ו;ו;נ;י;(36, 9, 8, 80, 13121)
ד;ב;ע;ב;ו;ו;נ;ח;נ;א;ם;י;ד;ב;ע;י;כ;ו;נ;ת;(36, 9, 8, 100, 13141)
ע;ט;י;ו;ו;נ;י;ה;ל;א;ו;נ;ב;ז;ע;א;ל;ו;נ;ת;(36, 9, 9, 18, 13161)
ת;ל;ס;ר;פ;י;כ;ל;מ;י;נ;פ;ל;ד;ס;ח;ו;נ;י;ל;(36, 9, 9, 38, 13181)
ל;א;ת;י;ב;ת;א;ם;מ;ו;ר;ל;ה;י;ח;מ;ו;נ;ל;ת;(36, 9, 9, 58, 13201)
ו;ו;י;ת;ב;ר;ח;ת;א;ד;י;מ;ע;ה;ל;ו;ו;נ;י;ה;(36, 9, 9, 78, 13221)
ו;ר;י;ב;ו;ה;ד;ו;ה;י;ב;ר;ד;ג;ו;נ;ל;ת;ת;ל;(36, 9, 9, 98, 13241)
א;ו;נ;י;ה;ל;א;ר;מ;א;נ;ה;מ;ה;ת;ע;ו;ם;ל;ש;(36, 9, 9, 118, 13261)
א;ך;י;ת;ו;צ;מ;ו;נ;ב;ז;ע;י;כ;ת;א;ז;י;ר;ח;(36, 9, 10, 18, 13281)
י;א;י;ב;נ;ה;ך;י;ד;ב;ע;ד;י;ב;ת;י;ו;צ;ר;ש;(36, 9, 11, 2, 13301)
ל;ם;י;א;ב;ם;ת;א;ר;ש;א;ץ;ר;א;ה;ר;מ;א;ל;ם;(36, 9, 11, 22, 13321)
י;מ;ע;ת;ד;נ;ב;א;י;ה;ה;ד;נ;ץ;ר;א;ה;ת;ש;ר;(36, 9, 11, 42, 13341)
ל;מ;ר;ש;א;ם;ה;י;ת;ב;ע;ו;ת;ב;ת;ו;צ;ר;א;ה;(36, 9, 11, 62, 13361)
ה;ת;ע;ו;ם;ת;א;מ;ט;ב;ה;פ;ל;א;ה;פ;מ;ה;ו;א;(36, 9, 11, 82, 13381)
ו;ם;ה;י;נ;ב;ל;ו;נ;ת;ת;ל;א;ם;כ;י;ת;ו;נ;ב;(36, 9, 12, 5, 13401)
ל;ו;ם;כ;י;נ;ב;ל;ו;א;ש;ת;ל;א;ם;ה;י;ת;נ;ב;(36, 9, 12, 25, 13421)
ו;ע;ד;ע;ם;ת;ב;ו;ט;ו;ם;מ;ל;ש;ו;ש;ר;ד;ת;א;(36, 9, 12, 45, 13441)
ט;ת;א;ם;ת;ל;כ;א;ו;ו;ק;ז;ח;ת;ן;ע;מ;ל;ם;ל;(36, 9, 12, 65, 13461)
ע;ם;כ;י;נ;ב;ל;ם;ת;ש;ר;ו;ה;ו;ץ;ר;א;ה;ב;ו;(36, 9, 12, 85, 13481)
ו;נ;י;ל;ע;א;ב;ה;ל;כ;י;ר;ח;א;ו;ם;ל;ו;ע;ד;(36, 9, 12, 105, 13501)
ו;נ;ת;מ;ש;א;ב;ו;ם;י;ע;ר;ה;ו;נ;י;ש;ע;מ;ב;(36, 9, 13, 16, 13521)
ת;כ;ש;ח;ו;נ;י;ה;ל;א;ה;ת;א;י;כ;ה;ל;ד;ג;ה;(36, 9, 13, 36, 13541)
ל;פ;ו;נ;ל;ה;ת;ת;נ;ו;ו;נ;נ;ו;ע;מ;ה;ט;מ;ל;(36, 9, 13, 56, 13561)
ת;ו;צ;מ;ר;פ;ה;ל;ב;ו;ש;נ;ה;ת;א;ז;כ;ה;ט;י;(36, 9, 13, 76, 13581)
ה;ת;ו;ב;ע;ת;ה;י;מ;ע;ב;ן;ת;ח;ת;ה;ל;ו;ך;י;(36, 9, 14, 14, 13601)
ל;ה;ל;כ;ד;ע;ו;נ;ב;ף;נ;א;ת;א;ו;ל;ה;ה;ל;א;(36, 9, 14, 34, 13621)
ל;א;ה;ו;ה;י;ה;ט;י;ל;פ;ו;ת;י;ר;א;ש;ן;י;א;(36, 9, 14, 54, 13641)
ר;א;ש;נ;י;כ;ה;ת;א;ק;י;ד;צ;ל;א;ר;ש;י;י;ה;(36, 9, 15, 7, 13661)
ל;ו;נ;נ;ה;ה;ז;ה;ם;ו;י;ה;כ;ה;ט;י;ל;פ;ו;נ;(36, 9, 15, 27, 13681)
מ;ע;ל;ן;י;א;י;כ;ו;נ;י;ת;מ;ש;א;ב;ך;י;נ;פ;(36, 9, 15, 47, 13701)
ע;ל;ל;פ;ת;ה;כ;ו;ת;א;ז;ל;ע;ך;י;נ;פ;ל;ד;ו;(36, 9, 15, 67, 13721)
ל;פ;נ;ת;מ;ו;ה;כ;ב;ו;ת;ד;ו;ת;ה;כ;ו;א;ר;ז;(36, 10, 1, 9, 13741)
ל;א;ו;צ;ב;ק;נ;ם;י;ה;ל;א;ה;ת;י;ב;י;נ;פ;ל;(36, 10, 1, 29, 13761)
י;ש;נ;א;ד;א;מ;ב;ר;ל;ה;ק;ל;א;ר;ש;י;מ;ו;י;(36, 10, 1, 49, 13781)
ם;ע;ה;ו;כ;ב;י;כ;ם;י;ד;ל;י;ו;ם;י;ש;נ;ו;ם;(36, 10, 1, 69, 13801)
ח;י;ן;ב;ה;י;נ;כ;ש;ן;ע;י;ו;ה;כ;ב;ה;ב;ר;ה;(36, 10, 1, 89, 13821)
ר;ז;ע;ל;ר;מ;א;י;ו;ם;ל;ו;ע;י;נ;ב;מ;ל;א;י;(36, 10, 2, 14, 13841)
נ;ו;ו;נ;י;ה;ל;א;ב;ו;נ;ל;ע;מ;ו;נ;ח;נ;א;א;(36, 10, 2, 34, 13861)
ץ;ר;א;ה;י;מ;ע;מ;ת;ו;י;ר;כ;נ;ם;י;ש;נ;ב;ש;(36, 10, 2, 54, 13881)
א;ז;ל;ע;ל;א;ר;ש;י;ל;ה;ו;ק;מ;ש;י;ה;ת;ע;ו;(36, 10, 2, 74, 13901)
ו;נ;י;ה;ל;א;ל;ת;י;ר;ב;ת;ר;כ;נ;ה;ת;ע;ו;ת;(36, 10, 2, 94, 13921)
ה;מ;ד;ל;ו;נ;ה;ו;ם;י;ש;נ;ל;כ;א;י;צ;ו;ה;ל;(36, 10, 3, 20, 13941)
ו;צ;מ;ב;ם;י;ד;ר;ח;ה;ו;י;נ;ד;א;ת;צ;ע;ב;ם;(36, 10, 3, 40, 13961)
ם;ו;ק;ה;ש;ע;י;ה;ר;ו;ת;כ;ו;ו;נ;י;ה;ל;א;ת;(36, 10, 3, 60, 13981)
ח;ך;מ;ע;ו;נ;ח;נ;א;ו;ר;ב;ד;ה;ך;י;ל;ע;י;כ;(36, 10, 4, 4, 14001)
א;ע;ב;ש;י;ו;א;ר;ז;ע;ם;ק;י;ו;ה;ש;ע;ו;ק;ז;(36, 10, 4, 24, 14021)
ש;י;ל;כ;ו;ם;י;ו;ל;ה;ם;י;נ;ה;כ;ה;י;ר;ש;ת;(36, 10, 5, 15, 14041)
ע;ב;ש;י;ו;ה;ז;ה;ר;ב;ד;כ;ת;ו;ש;ע;ל;ל;א;ר;(36, 10, 5, 35, 14061)
ל;א;ה;ת;י;ב;י;נ;פ;ל;מ;א;ר;ז;ע;ם;ק;י;ו;ו;(36, 10, 5, 55, 14081)
ב;ן;נ;ח;ו;ה;י;ת;כ;ש;ל;ל;א;ך;ל;י;ו;ם;י;ה;(36, 10, 6, 20, 14101)
כ;א;א;ל;ם;ח;ל;ם;ש;ך;ל;י;ו;ב;י;ש;י;ל;א;ן;(36, 10, 6, 40, 14121)
מ;ל;ע;ל;ב;א;ת;מ;י;כ;ה;ת;ש;א;ל;ם;י;מ;ו;ל;(36, 10, 6, 60, 14141)
ה;י;ב;ל;ו;ק;ו;ר;י;ב;ע;י;ו;ה;ל;ו;ג;ה;ל;ע;(36, 10, 6, 80, 14161)
ל;ו;ג;ה;י;נ;ב;ל;כ;ל;ם;ל;ש;ו;ר;י;ו;ה;ד;ו;(36, 10, 7, 14, 14181)
א;ל;ר;ש;א;ל;כ;ו;ם;ל;ש;ו;ר;י;ץ;ב;ק;ה;ל;ה;(36, 10, 7, 34, 14201)
ש;ה;ת;צ;ע;כ;ם;י;מ;י;ה;ת;ש;ל;ש;ל;א;ו;ב;י;(36, 10, 8, 9, 14221)
ש;ו;כ;ר;ל;כ;ם;ר;ח;י;ם;י;נ;ק;ז;ה;ו;ם;י;ר;(36, 10, 8, 29, 14241)
י;ו;ה;ל;ו;ג;ה;ל;ה;ק;מ;ל;ד;ב;י;א;ו;ה;ו;ו;(36, 10, 8, 49, 14261)
מ;י;נ;ב;ו;ה;ד;ו;ה;י;י;ש;נ;א;ל;כ;ו;צ;ב;ק;(36, 10, 9, 3, 14281)
א;ו;ה;ם;י;מ;י;ה;ת;ש;ל;ש;ל;ם;ל;ש;ו;ר;י;ן;(36, 10, 9, 23, 14301)
ו;ש;ד;ח;ב;ם;י;ר;ש;ע;ב;י;ע;י;ש;ת;ה;ש;ד;ח;(36, 10, 9, 43, 14321)
ל;א;ה;ת;י;ב;ב;ו;ח;ר;ב;ם;ע;ה;ל;כ;ו;ב;ש;י;(36, 10, 9, 63, 14341)
ג;ה;מ;ו;ר;ב;ד;ה;ל;ע;ם;י;ד;י;ע;ר;מ;ם;י;ה;(36, 10, 9, 83, 14361)
מ;א;י;ו;ן;ה;כ;ה;א;ר;ז;ע;ם;ק;י;ו;ם;י;מ;ש;(36, 10, 9, 103, 14381)
נ;ו;ב;י;ש;ת;ו;ם;ת;ל;ע;מ;ם;ת;א;ם;ה;ל;א;ר;(36, 10, 10, 17, 14401)
מ;ש;א;ל;ע;ף;י;ס;ו;ה;ל;ת;ו;י;ר;כ;נ;ם;י;ש;(36, 10, 10, 37, 14421)
ה;י;ל;ה;ד;ו;ת;ו;נ;ת;ה;ת;ע;ו;ל;א;ר;ש;י;ת;(36, 10, 10, 57, 14441)
נ;ו;צ;ר;ו;ש;ע;ו;ם;כ;י;ת;ב;א;י;ה;ל;א;ה;ו;(36, 10, 11, 15, 14461)
נ;ה;ן;מ;ו;ץ;ר;א;ה;י;מ;ע;מ;ו;ל;ד;ב;ה;ו;ו;(36, 10, 11, 35, 14481)
ה;ק;ה;ל;כ;ו;נ;ע;י;ו;ת;ו;י;ר;כ;נ;ה;ם;י;ש;(36, 10, 11, 55, 14501)
ר;ב;ד;כ;ן;כ;ל;ו;ד;ג;ל;ו;ק;ו;ר;מ;א;י;ו;ל;(36, 10, 12, 11, 14521)
ב;ר;ם;ע;ה;ל;ב;א;ת;ו;ש;ע;ל;ו;נ;י;ל;ע;ך;י;(36, 10, 12, 31, 14541)
ד;ו;מ;ע;ל;ח;כ;ן;י;א;ו;ם;י;מ;ש;ג;ת;ע;ה;ו;(36, 10, 13, 9, 14561)
ד;ח;א;ם;ו;י;ל;א;ל;ה;כ;א;ל;מ;ה;ו;ץ;ו;ח;ב;(36, 10, 13, 29, 14581)
ע;ש;פ;ל;ו;נ;י;ב;ר;ה;י;כ;ם;י;נ;ש;ל;א;ל;ו;(36, 10, 13, 49, 14601)
ל;ו;נ;י;ר;ש;א;נ;ו;ד;מ;ע;י;ה;ז;ה;ר;ב;ד;ב;(36, 10, 13, 69, 14621)
ה;ה;ו;נ;י;ר;ע;ב;ר;ש;א;ל;כ;ו;ל;ה;ק;ה;ל;כ;(36, 10, 14, 14, 14641)
י;ת;ע;ל;א;ב;י;ת;ו;י;ר;כ;נ;ם;י;ש;נ;ב;י;ש;(36, 10, 14, 34, 14661)
ו;ר;י;ע;י;נ;ק;ז;ם;ה;מ;ע;ו;ם;י;נ;מ;ז;מ;ם;(36, 10, 14, 54, 14681)
ן;ו;ר;ח;ב;י;ש;ה;ל;ד;ע;ה;י;ט;פ;ש;ו;ר;י;ע;(36, 10, 14, 74, 14701)
ז;ה;ר;ב;ד;ל;ד;ע;ו;נ;מ;מ;ו;נ;י;ה;ל;א;ף;א;(36, 10, 14, 94, 14721)
י;ז;ח;י;ו;ל;א;ה;ש;ע;ן;ב;ן;ת;נ;ו;י;ך;א;ה;(36, 10, 14, 114, 14741)
ל;ש;מ;ו;ת;א;ז;ל;ע;ו;ד;מ;ע;ה;ו;ק;ת;ן;ב;ה;(36, 10, 15, 20, 14761)
כ;ו;ש;ע;י;ו;ם;ר;ז;ע;י;ו;ל;ה;י;ת;ב;ש;ו;ם;(36, 10, 15, 40, 14781)
ה;א;ר;ז;ע;ו;ל;ד;ב;י;ו;ה;ל;ו;ג;ה;י;נ;ב;ן;(36, 10, 16, 7, 14801)
י;ב;ל;ת;ו;ב;א;ה;י;ש;א;ר;ם;י;ש;נ;א;ן;ה;כ;(36, 10, 16, 27, 14821)
ב;ו;ב;ש;י;ו;ת;ו;מ;ש;ב;ם;ל;כ;ו;ם;ת;ב;א;ת;(36, 10, 16, 47, 14841)
י;ר;ד;ל;י;ר;י;ש;ע;ה;ש;ד;ח;ל;ד;ח;א;ם;ו;י;(36, 10, 16, 67, 14861)
ה;ם;י;ש;נ;א;ל;כ;ב;ו;ל;כ;י;ו;ר;ב;ד;ה;ש;ו;(36, 10, 16, 87, 14881)
ם;ו;י;ד;ע;ת;ו;י;ר;כ;נ;ם;י;ש;נ;ו;ב;י;ש;ה;(36, 10, 17, 15, 14901)
ב;מ;א;צ;מ;י;ו;ן;ו;ש;א;ר;ה;ש;ד;ח;ל;ד;ח;א;(36, 10, 17, 35, 14921)
ם;י;ש;נ;ו;ב;י;ש;ה;ר;ש;א;ם;י;נ;ה;כ;ה;י;נ;(36, 10, 18, 8, 14941)
ד;צ;ו;י;ן;ב;ע;ו;ש;י;י;נ;ב;מ;ת;ו;י;ר;כ;נ;(36, 10, 18, 28, 14961)
י;ו;ר;ז;ע;י;ל;א;ו;ה;י;ש;ע;מ;ו;י;ח;א;ו;ק;(36, 10, 18, 48, 14981)
ו;ה;ל;ם;ד;י;ו;נ;ת;י;ו;ה;י;ל;ד;ג;ו;ב;י;ר;(36, 10, 18, 68, 15001)
ן;א;צ;ל;י;א;ם;י;מ;ש;א;ו;ם;ה;י;ש;נ;א;י;צ;(36, 10, 19, 12, 15021)
ו;י;נ;נ;ח;ר;מ;א;י;נ;ב;מ;ו;ם;ת;מ;ש;א;ל;ע;(36, 10, 19, 32, 15041)
א;ו;ה;י;ש;ע;מ;ם;ר;ח;י;נ;ב;מ;ו;ה;י;ד;ב;ז;(36, 10, 20, 14, 15061)
ה;י;ז;ע;ו;ל;א;י;ח;י;ו;ה;י;ע;מ;ש;ו;ה;י;ל;(36, 10, 21, 16, 15081)
ע;מ;י;נ;י;ע;ו;י;ל;א;ר;ו;ח;ש;פ;י;נ;ב;מ;ו;(36, 10, 22, 1, 15101)
ו;ד;ב;ז;ו;י;ל;א;נ;ת;נ;ל;א;ע;מ;ש;י;ה;י;ש;(36, 10, 22, 21, 15121)
ש;ו;ד;ב;ז;ו;י;ם;י;ו;ל;ה;ן;מ;ו;ה;ש;ע;ל;א;(36, 10, 22, 41, 15141)
י;ח;ת;פ;א;ט;י;ל;ק;א;ו;ה;ה;י;ל;ק;ו;י;ע;מ;(36, 10, 23, 16, 15161)
ר;ש;מ;ה;ן;מ;ו;ר;ז;ע;י;ל;א;ו;ה;ד;ו;ה;י;ה;(36, 10, 23, 36, 15181)
ל;ש;ם;י;ר;ע;ש;ה;ן;מ;ו;ב;י;ש;י;ל;א;ם;י;ר;(36, 10, 24, 8, 15201)
נ;ב;מ;ל;א;ר;ש;י;מ;ו;י;ר;ו;א;ו;ם;ל;ט;ו;ם;(36, 10, 24, 28, 15221)
ה;י;כ;ל;מ;ו;ה;י;ז;י;ו;ה;י;מ;ר;ש;ע;ר;פ;י;(36, 10, 25, 11, 15241)
נ;ב;ו;ה;י;כ;ל;מ;ו;ר;ז;ע;ל;א;ו;ן;מ;י;מ;ו;(36, 10, 25, 31, 15261)
י;ר;כ;ז;ה;י;נ;ת;מ;ם;ל;י;ע;י;נ;ב;מ;ו;ה;י;(36, 10, 25, 51, 15281)
א;ו;ת;ו;מ;ר;י;ו;י;ד;ב;ע;ו;ל;א;י;ח;י;ו;ה;(36, 10, 26, 19, 15301)
א;י;נ;ע;ו;י;ל;א;א;ו;ת;ז;י;נ;ב;מ;ו;ה;י;ל;(36, 10, 26, 39, 15321)
ד;ב;ז;ו;ת;ו;מ;ר;י;ו;ה;י;נ;ת;מ;ב;י;ש;י;ל;(36, 10, 27, 18, 15341)
ן;נ;ח;ו;ה;י;י;ב;ב;י;נ;ב;מ;ו;א;ז;י;ז;ע;ו;(36, 10, 27, 38, 15361)
י;נ;ב;י;נ;ב;מ;ו;י;ל;ת;ע;י;ב;ז;ה;י;נ;נ;ח;(36, 10, 28, 15, 15381)
א;ש;ו;ב;ו;ש;י;ה;י;ד;ע;ו;ך;ו;ל;מ;ם;ל;ש;מ;(36, 10, 29, 9, 15401)
ד;ע;ב;א;ו;מ;ת;ח;פ;י;נ;ב;מ;ו;ת;ו;מ;ר;י;ל;(36, 10, 29, 29, 15421)
ה;י;נ;ת;מ;ה;י;ש;ע;מ;ה;י;נ;ב;ל;ל;כ;ו;א;נ;(36, 10, 30, 15, 15441)
ח;י;נ;ב;ו;ה;ש;נ;מ;ו;י;ו;נ;ב;ו;ל;א;ל;צ;ב;(36, 10, 30, 35, 15461)
ע;מ;ש;ה;י;כ;ל;מ;ה;י;ש;י;ר;ז;ע;י;ל;א;ם;ר;(36, 10, 31, 6, 15481)
י;ר;מ;ש;ך;ו;ל;מ;ן;מ;י;נ;ב;ן;ו;ע;מ;ש;ה;י;(36, 10, 31, 26, 15501)
א;ד;ב;ז;ה;ת;ת;מ;י;נ;ת;מ;ם;ש;ח;י;נ;ב;מ;ה;(36, 10, 32, 14, 15521)
נ;ב;מ;י;ע;מ;ש;ה;ש;נ;מ;י;מ;ר;י;ט;ל;פ;י;ל;(36, 10, 33, 20, 15541)
י;נ;ב;ל;א;ו;א;ו;ם;ר;מ;ע;י;ד;ע;מ;י;נ;ב;י;(36, 10, 34, 4, 15561)
ל;א;ת;ו;מ;ר;מ;ה;י;נ;ו;י;ה;ל;כ;ה;י;ד;ב;ה;(36, 10, 35, 4, 15581)
ב;ו;ו;ש;ע;י;ו;י;נ;ת;מ;ה;י;נ;ת;מ;ב;י;ש;י;(36, 10, 36, 12, 15601)
ת;נ;ו;ה;י;מ;ל;ש;ו;י;ע;מ;ש;י;ו;נ;ב;ו;י;נ;(36, 10, 38, 3, 15621)
ז;ע;י;ר;ש;י;ש;ש;י;ב;ד;נ;כ;מ;ה;י;ד;ע;ו;ן;(36, 10, 39, 10, 15641)
א;ם;ו;ל;ש;ה;י;ר;מ;ש;ו;ה;י;מ;ל;ש;ו;ל;א;ר;(36, 10, 41, 3, 15661)
ל;א;י;ע;י;ו;ב;נ;י;נ;ב;מ;ף;ס;ו;י;ה;י;ר;מ;(36, 10, 42, 6, 15681)
א;ו;י;ו;ו;ד;י;א;נ;י;ב;ז;ד;ב;ז;ה;י;ת;ת;מ;(36, 10, 43, 13, 15701)
כ;נ;ם;י;ש;נ;י;א;ש;נ;ה;ל;א;ל;כ;ה;י;נ;ב;ל;(36, 10, 43, 33, 15721)
ו;מ;י;ש;י;ו;ם;י;ש;נ;ם;ה;מ;ש;י;ו;ת;ו;י;ר;(36, 10, 44, 16, 15741)
 ; ; ; ; ; ; ; ; ; ; ; ; ; ; ; ;ם;י;נ;ב;(36, 10, 44, 36, 15761)
