ב;ע;ש;ו;ה;ל;א;ה;י;ה;ר;ש;א;ה;ו;ה;י;ר;ב;ד;(15, 1, 1, 1, 1)
ז;ח;א;ם;ת;ו;י;ה;י;ז;ע;י;מ;י;ב;י;ר;א;ב;ן;(15, 1, 1, 21, 21)
י;מ;י;ב;ו;ה;ד;ו;ה;י;י;כ;ל;מ;ה;י;ק;ז;ח;י;(15, 1, 1, 41, 41)
ת;ל;א;ר;ש;י;ך;ל;מ;ש;א;ו;י;ן;ב;ם;ע;ב;ר;י;(15, 1, 1, 61, 61)
ר;מ;א;י;ו;ע;ש;ו;ה;ב;ה;ו;ה;י;ר;ב;ד;ת;ל;ח;(15, 1, 2, 2, 81)
ז;ת;ש;א;ך;ל;ח;ק;ך;ל;ע;ש;ו;ה;ל;א;ה;ו;ה;י;(15, 1, 2, 22, 101)
נ;ז;י;כ;ם;י;נ;ו;נ;ז;י;ד;ל;י;ו;ם;י;נ;ו;נ;(15, 1, 2, 42, 121)
י;ו;ה;ו;ה;י;י;ר;ח;א;מ;ץ;ר;א;ה;ה;נ;ז;ת;ה;(15, 1, 2, 62, 141)
ת;ו;ם;י;ל;ב;ד;ת;ב;ר;מ;ג;ת;א;ח;ק;י;ו;ך;ל;(15, 1, 3, 3, 161)
א;ה;ו;ה;י;ר;מ;א;י;ו;ן;ב;ו;ל;ד;ל;ת;ו;ר;ה;(15, 1, 3, 23, 181)
ד;ו;ע;י;כ;ל;א;ע;ר;ז;י;ו;מ;ש;א;ר;ק;ו;י;ל;(15, 1, 4, 11, 201)
ל;א;ע;ר;ז;י;י;מ;ד;ת;א;י;ת;ד;ק;פ;ו;ט;ע;מ;(15, 1, 4, 31, 221)
ו;כ;ל;מ;מ;י;ת;ב;ש;ה;ו;א;ו;ה;י;ת;י;ב;ל;ע;(15, 1, 4, 51, 241)
ו;ה;ה;ם;ו;י;ב;ה;י;ה;ו;ל;א;ר;ש;י;ת;י;ב;ת;(15, 1, 4, 71, 261)
מ;ע;ב;ל;א;ר;ש;י;ת;ש;ק;ת;א;י;ת;ר;ב;ש;ו;א;(15, 1, 5, 12, 281)
ת;ב;ד;ל;ת;ו;ד;ו;ע;ר;ה;ת;ו;ל;א;ע;ר;ז;י;ק;(15, 1, 5, 32, 301)
כ;ה;מ;ח;ר;א;ל;ה;מ;ש;א;ר;ק;ו;ל;ר;מ;א;י;ו;(15, 1, 6, 14, 321)
ת;י;ב;ת;א;ם;ח;ר;א;ד;ו;ע;ף;י;ס;ו;א;א;ל;י;(15, 1, 6, 34, 341)
ב;ת;א;ו;ם;ה;ל;א;ש;א;א;ש;נ;י;כ;ל;א;ר;ש;י;(15, 1, 6, 54, 361)
ב;ם;י;ת;ע;ש;ו;ה;ו;ם;ח;ר;א;ה;ד;ו;ה;י;ת;י;(15, 1, 7, 5, 381)
ב;ם;ע;י;ש;ו;א;א;ל;ו;ם;ה;י;ה;ל;א;ה;ו;ה;י;(15, 1, 7, 25, 401)
י;ס;ו;ס;ב;ה;מ;ח;ל;מ;ב;ו;ב;ר;ח;ב;ו;ת;ש;ק;(15, 1, 7, 45, 421)
מ;ח;ר;א;ל;ת;א;ל;מ;ג;ת;ו;ם;י;ש;ר;פ;ב;ו;ם;(15, 1, 7, 65, 441)
ש;א;ר;ק;ר;מ;א;י;ו;ן;ב;ד;ל;ת;ו;ר;ה;ת;ו;ה;(15, 1, 8, 13, 461)
נ;א;ו;י;מ;ע;א;ל;ם;ת;א;י;כ;י;מ;ע;א;ל;ו;מ;(15, 1, 9, 10, 481)
ב;ר;פ;ס;מ;ה;י;ה;ו;ם;כ;ל;ה;י;ה;א;א;ל;י;כ;(15, 1, 9, 30, 501)
י;א;ל;ר;ש;א;ם;י;ה;ל;ו;ח;כ;ל;א;ר;ש;י;י;נ;(15, 2, 1, 10, 521)
ש;א;ם;ו;ק;מ;ב;ה;י;ה;ו;ר;פ;ס;י;א;ל;ו;ד;מ;(15, 2, 1, 30, 541)
ר;מ;א;י;ם;ת;א;י;מ;ע;א;ל;ם;ה;ל;ר;מ;א;י;ר;(15, 2, 1, 50, 561)
י;י;נ;ב;ו;צ;ב;ק;נ;ו;י;ח;ל;א;י;נ;ב;ם;ה;ל;(15, 2, 1, 70, 581)
מ;ש;ו;ו;ד;ח;י;ל;א;ר;ש;י;י;נ;ב;ו;ה;ד;ו;ה;(15, 2, 2, 11, 601)
ץ;ר;א;ה;ן;מ;ו;ל;ע;ו;ד;ח;א;ש;א;ר;ם;ה;ל;ו;(15, 2, 2, 31, 621)
ל;ו;ר;מ;א;ל;א;ע;ר;ז;י;ם;ו;י;ל;ו;ד;ג;י;כ;(15, 2, 2, 51, 641)
מ;ח;ר;ם;כ;י;ת;ו;ח;א;ל;ו;י;מ;ע;ם;כ;י;ח;א;(15, 2, 3, 6, 661)
ל;א;י;ה;י;כ;ו;ב;י;ר;ם;כ;מ;א;ב;ו;ב;י;ר;ה;(15, 2, 3, 26, 681)
ר;ס;ת;ו;ה;ש;י;א;א;ל;י;כ;נ;א;ו;י;ת;ש;א;א;(15, 2, 4, 20, 701)
מ;ה;י;פ;ו;פ;א;נ;ו;ה;י;נ;פ;מ;ה;י;נ;ו;נ;ז;(15, 2, 4, 40, 721)
ה;מ;ר;ע;ה;נ;ט;י;ש;פ;א;ן;פ;ה;י;ד;ש;ן;י;ב;(15, 2, 4, 60, 741)
ת;מ;ש;ו;ה;ד;ל;ו;ה;ם;ו;י;כ;ה;י;ת;ג;צ;ה;ו;(15, 2, 5, 14, 761)
ה;ו;ה;י;צ;ץ;ר;א;כ;ה;ת;ש;ו;ר;ב;ד;מ;כ;ה;י;(15, 2, 5, 34, 781)
ח;ר;א;א;ל;ה;י;נ;ב;ת;א;ו;א;מ;צ;ב;ה;י;ת;מ;(15, 2, 5, 54, 801)
ת;נ;ז;י;כ;ה;מ;ה;ם;י;נ;ו;נ;ז;י;נ;ב;י;כ;ם;(15, 2, 6, 13, 821)
ה;ר;מ;א;י;כ;ם;ת;ר;ו;ה;ה;ש;י;ב;ה;ם;מ;א;ה;(15, 2, 7, 6, 841)
מ;ח;ל;י;נ;ת;נ;י;ב;ה;א;מ;י;ר;ח;א;ה;כ;ל;א;(15, 2, 7, 26, 861)
ו;י;נ;מ;ש;י;ת;ש;פ;ו;י;ר;מ;צ;י;מ;י;מ;ו;י;(15, 2, 7, 46, 881)
ך;כ;ר;ד;ת;א;ך;ש;י;נ;נ;ה;ן;כ;ל;י;י;ו;ק;ש;(15, 2, 7, 66, 901)
נ;ו;ה;ר;ד;ג;ת;א;י;ת;ר;ד;ג;ו;ם;י;ר;י;ס;ב;(15, 2, 8, 16, 921)
ת;א;ה;פ;ד;ר;ו;א;צ;מ;ת;א;ל;ה;י;ת;ו;ב;י;ת;(15, 2, 8, 36, 941)
ש;ק;ב;ו;ם;ת;א;ג;י;ש;ת;א;ל;ו;ה;י;ב;ה;א;מ;(15, 2, 9, 8, 961)
א;ו;ה;כ;ל;א;ה;ר;מ;א;ו;א;צ;מ;ת;א;ל;ו;ם;ת;(15, 2, 9, 28, 981)
ו;ט;י;כ;ן;ו;ש;א;ר;ה;י;ש;י;א;ל;א;ה;ב;ו;ש;(15, 2, 9, 48, 1001)
כ;ה;ע;ד;י;א;ל;א;י;ה;ו;ה;ת;ע;מ;ז;א;י;ל;ב;(15, 2, 9, 68, 1021)
ר;י;ת;ה;ו;ן;ג;ד;ה;ה;ל;י;ת;ת;נ;י;כ;נ;א;י;(15, 2, 10, 12, 1041)
ה;ל;י;ת;י;ב;ר;ה;ף;ס;כ;ו;ר;ה;צ;י;ה;ו;ש;ו;(15, 2, 10, 32, 1061)
ל;ו;ב;ו;ש;א;ן;כ;ל;ל;ע;ב;ל;ו;ש;ע;ב;ה;ז;ו;(15, 2, 10, 52, 1081)
ב;י;ש;ו;ר;י;ת;ו;ו;ת;ע;ב;י;נ;ג;ד;י;ת;ח;ק;(15, 2, 11, 10, 1101)
י;ת;ש;פ;ו;י;ר;מ;צ;י;ת;ל;צ;ה;ו;ו;ד;ע;ו;מ;(15, 2, 11, 30, 1121)
ה;ל;ג;א;ה;ת;ע;ו;ה;ת;ו;ר;ע;ת;א;ת;ו;ס;כ;ל;(15, 2, 11, 50, 1141)
א;ו;ה;י;ב;ה;א;מ;י;נ;י;ע;ל;ה;ת;ל;ב;נ;ת;א;(15, 2, 12, 9, 1161)
י;ת;ב;ש;ה;ו;י;ד;י;מ;ה;נ;ל;י;צ;י;א;ל;ש;י;(15, 2, 12, 29, 1181)
ו;ה;ת;ב;ש;ו;ה;ש;ד;ח;ה;ג;ח;ה;ש;ו;ש;מ;ל;כ;(15, 2, 13, 7, 1201)
א;ת;ו;ה;נ;פ;ג;י;ת;מ;ש;ה;ו;ה;ד;ע;ו;מ;ל;כ;(15, 2, 13, 27, 1221)
א;י;ל;ה;מ;ה;ה;נ;ת;א;ה;ר;מ;א;ר;ש;א;ה;ת;נ;(15, 2, 14, 14, 1241)
ל;ם;י;ת;מ;ש;ו;י;ב;ה;א;מ;י;ל;ו;נ;ת;נ;ר;ש;(15, 2, 14, 34, 1261)
ד;ק;פ;ו;ה;ד;ש;ה;ת;י;ח;ם;ת;ל;כ;א;ו;ר;ע;י;(15, 2, 14, 54, 1281)
ר;ש;א;ם;י;ל;ע;ב;ה;י;מ;י;ת;א;ה;י;ל;ע;י;ת;(15, 2, 15, 5, 1301)
י;ל;ח;ו;ה;מ;ז;נ;ד;ע;ת;ו;ם;ה;ל;ר;י;ט;ק;ת;(15, 2, 15, 25, 1321)
י;ת;א;ו;ה;י;ב;ה;א;מ;י;ר;ח;א;ך;ל;ת;ו;ה;ת;(15, 2, 15, 45, 1341)
כ;נ;א;ה;נ;ה;ן;כ;ל;ה;ו;ה;י;ם;א;נ;ה;ח;כ;ש;(15, 2, 15, 65, 1361)
ד;ו;ר;ב;ד;מ;ה;ה;י;ת;כ;ל;ה;ו;ה;י;ת;פ;מ;י;(15, 2, 16, 10, 1381)
ר;כ;ת;א;ה;ל;י;ת;ת;נ;ו;ה;ב;ל;ל;ע;י;ת;ר;ב;(15, 2, 16, 30, 1401)
ח;ת;פ;ל;ר;ו;כ;ע;ק;מ;ע;ת;א;ו;ם;ש;מ;ה;י;מ;(15, 2, 17, 12, 1421)
ר;ו;ע;נ;י;מ;י;כ;ה;מ;ש;ה;ת;נ;ע;ו;ה;ו;ק;ת;(15, 2, 17, 32, 1441)
ם;י;ר;צ;מ;ץ;ר;א;מ;ה;ת;ל;ע;ם;ו;י;כ;ו;ה;י;(15, 2, 17, 52, 1461)
ת;ה;ו;ה;י;ם;א;נ;א;ו;ה;ה;ם;ו;י;ב;ה;י;ה;ו;(15, 2, 18, 1, 1481)
ו;ע;י;ל;י;א;ר;ק;ת;א;ל;ו;י;ש;י;א;י;א;ר;ק;(15, 2, 18, 21, 1501)
ע;ב;ה;ת;ו;מ;ש;ת;א;י;ת;ר;ס;ה;ו;י;ל;ע;ב;ד;(15, 2, 18, 41, 1521)
ש;ב;ד;ו;ע;ו;ר;כ;ז;י;א;ל;ו;ה;י;פ;מ;ם;י;ל;(15, 2, 19, 16, 1541)
ה;ה;ם;ו;י;ב;ת;י;ר;ב;ם;ה;ל;י;ת;ר;כ;ו;ם;מ;(15, 2, 19, 36, 1561)
מ;ש;ה;ף;ו;ע;ם;ע;ו;ה;ד;ש;ה;ת;י;ח;ם;ע;א;ו;(15, 2, 20, 19, 1581)
ו;ב;ר;ח;ו;ת;ש;ק;ו;ה;מ;ד;א;ה;ש;מ;ר;ו;ם;י;(15, 2, 20, 39, 1601)
כ;ש;ה;ו;ץ;ר;א;ה;ן;מ;ר;ו;ב;ש;א;ה;מ;ח;ל;מ;(15, 2, 20, 59, 1621)
ו;ע;ל;י;ל;ך;י;ת;ש;ר;א;ו;ח;ט;ב;ל;ם;י;ת;ב;(15, 2, 20, 79, 1641)
פ;ש;מ;ב;ו;ק;ד;צ;ב;י;ל;ך;י;ת;ש;ר;א;ו;ם;ל;(15, 2, 21, 13, 1661)
ך;י;ת;ש;ר;א;ו;ם;י;מ;ח;ר;ב;ו;ד;ס;ח;ב;ו;ט;(15, 2, 21, 33, 1681)
ו;ה;ו;ה;י;ת;א;ת;ע;ד;י;ו;ה;נ;ו;מ;א;ב;י;ל;(15, 2, 22, 8, 1701)
ה;י;ם;א;נ;ה;נ;ע;א;א;ו;ה;ה;ם;ו;י;ב;ה;י;ה;(15, 2, 23, 2, 1721)
ו;נ;ע;י;ם;ה;ו;ם;י;מ;ש;ה;ת;א;ה;נ;ע;א;ה;ו;(15, 2, 23, 22, 1741)
ג;ד;ה;ת;א;ה;נ;ע;ת;ץ;ר;א;ה;ו;ץ;ר;א;ה;ת;א;(15, 2, 23, 42, 1761)
ה;ו;ר;ה;צ;י;ה;ת;א;ו;ש;ו;ר;י;ת;ה;ת;א;ו;ן;(15, 2, 24, 15, 1781)
ה;י;ת;ע;ר;ז;ו;ל;א;ע;ר;ז;י;ת;א;ו;נ;ע;י;ם;(15, 2, 24, 35, 1801)
ה;מ;ח;ר;א;ל;ת;א;י;ת;מ;ח;ר;ו;ץ;ר;א;ב;י;ל;(15, 2, 25, 8, 1821)
ה;ו;ה;ת;א;י;מ;ע;י;מ;ע;א;ל;ל;י;ת;ר;מ;א;ו;(15, 2, 25, 28, 1841)
א;ה;ו;ה;י;ר;מ;א;י;ו;י;ה;ל;א;ר;מ;א;י;א;ו;(15, 2, 25, 48, 1861)
ו;ע;ר;ת;ב;ה;א;ה;ש;א;ב;ה;א;ך;ל;ד;ו;ע;י;ל;(15, 3, 1, 11, 1881)
י;י;נ;ב;ת;א;ה;ו;ה;י;ת;ב;ה;א;כ;ת;פ;א;נ;מ;(15, 3, 1, 31, 1901)
ח;א;ם;י;ה;ל;א;ל;א;ם;י;נ;פ;ם;ה;ו;ל;א;ר;ש;(15, 3, 1, 51, 1921)
א;ו;ם;י;ב;נ;ע;י;ש;י;ש;א;י;ב;ה;א;ו;ם;י;ר;(15, 3, 1, 71, 1941)
ר;מ;ח;ו;ף;ס;כ;ר;ש;ע;ה;ש;מ;ח;ב;י;ל;ה;ר;כ;(15, 3, 2, 3, 1961)
ל;א;ר;מ;א;ו;ם;י;ר;ע;ש;ך;ת;ל;ו;ם;י;ר;ע;ש;(15, 3, 2, 23, 1981)
ז;ת;א;ל;י;ל;י;ב;ש;ת;ם;י;ב;ר;ם;י;מ;י;ה;י;(15, 3, 3, 7, 2001)
א;י;נ;א;ם;ג;ו;ש;י;א;ל;י;י;ה;ת;א;ל;ו;י;נ;(15, 3, 3, 27, 2021)
י;נ;ב;ו;ב;ש;י;ם;י;ב;ר;ם;י;מ;י;י;כ;ך;י;ל;(15, 3, 3, 47, 2041)
י;א;ו;ר;ש;ן;י;א;ו;ך;ל;מ;ן;י;א;ל;א;ר;ש;י;(15, 3, 4, 18, 2061)
ד;ו;פ;א;ן;י;א;ו;ה;ב;צ;מ;ן;י;א;ו;ח;ב;ז;ן;(15, 3, 4, 38, 2081)
א;ר;ש;י;י;נ;ב;ו;ב;ש;י;ר;ח;א;ם;י;פ;ר;ת;ו;(15, 3, 4, 58, 2101)
א;ו;ם;ה;י;ה;ל;א;ה;ו;ה;י;ת;א;ו;ש;ק;ב;ו;ל;(15, 3, 5, 15, 2121)
ו;ה;ו;ה;י;ל;א;ו;ד;ח;פ;ו;ם;כ;ל;מ;ד;ו;ד;ת;(15, 3, 5, 35, 2141)
ע;מ;ש;ם;י;מ;י;ה;ת;י;ר;ח;א;ב;ו;ב;ו;ט;ל;א;(15, 3, 5, 55, 2161)
י;ר;י;כ;ל;א;ר;ש;י;י;נ;ב;ה;ו;ה;י;ר;ב;ד;ו;(15, 4, 1, 4, 2181)
א;י;כ;ץ;ר;א;ה;י;ב;ש;ו;י;ם;ע;ה;ו;ה;י;ל;ב;(15, 4, 1, 24, 2201)
א;ת;ע;ד;ן;י;א;ו;ד;ס;ח;ן;י;א;ו;ת;מ;א;ן;י;(15, 4, 1, 44, 2221)
ו;ח;צ;ר;ו;ש;ח;כ;ו;ה;ל;א;ץ;ר;א;ב;ם;י;ה;ל;(15, 4, 1, 64, 2241)
י;מ;ד;ב;ם;י;מ;ד;ו;ו;צ;ר;פ;ף;א;נ;ו;ב;נ;ג;(15, 4, 2, 13, 2261)
מ;א;ו;ץ;ר;א;ה;ל;ב;א;ת;ן;כ;ל;ע;ו;ע;ג;נ;ם;(15, 4, 2, 33, 2281)
ב;ו;ה;ד;ש;ה;ת;י;ח;ב;ה;ב;ב;ש;ו;י;ל;כ;ל;ל;(15, 4, 3, 16, 2301)
ס;א;י;ם;י;ה;י;ג;ד;ם;ג;ו;ם;י;מ;ש;ה;ף;ו;ע;(15, 4, 3, 36, 2321)
א;ח;כ;ו;י;ל;א;ו;ב;ר;י;ל;א;ש;י;א;ך;א;ו;פ;(15, 4, 3, 56, 2341)
ת;ל;ש;כ;ו;ן;ה;כ;י;ב;י;ר;מ;כ;ך;מ;ע;ו;ש;י;(15, 4, 4, 19, 2361)
ל;י;ל;ך;מ;ע;א;י;ב;נ;ם;ג;ל;ש;כ;ו;ם;ו;י;ה;(15, 4, 5, 6, 2381)
ל;ב;מ;י;מ;ע;ו;מ;ד;נ;ך;מ;א;י;ת;י;מ;ד;ו;ה;(15, 4, 5, 26, 2401)
א;ו;ת;ס;א;מ;ת;ע;ד;ה;ה;ת;א;י;כ;ת;ע;ד;ה;י;(15, 4, 6, 11, 2421)
ת;ר;ו;ת;ח;כ;ש;ת;ו;י;ל;ן;ה;כ;מ;ך;א;ס;א;מ;(15, 4, 6, 31, 2441)
ר;כ;י;נ;א;ם;ג;ך;י;נ;ב;ח;כ;ש;א;ך;י;ה;ל;א;(15, 4, 6, 51, 2461)
ן;ו;ל;ק;ב;ם;ד;ו;ב;כ;י;ל;ו;א;ט;ח;ן;כ;ם;ב;(15, 4, 7, 3, 2481)
ע;ל;א;ו;ו;ל;כ;א;י;י;מ;ע;ת;א;ט;ח;ר;י;מ;א;(15, 4, 7, 23, 2501)
כ;כ;ם;ע;כ;ה;י;ה;ו;ו;ש;פ;נ;ו;א;ש;י;ם;נ;ו;(15, 4, 8, 17, 2521)
ע;מ;ו;ו;י;כ;ר;ד;ו;י;ל;ע;י;ת;ד;ק;פ;ו;ן;ה;(15, 4, 9, 10, 2541)
ש;י;א;ל;ו;ו;ל;כ;א;ו;ו;ל;ב;י;ש;א;ו;י;ל;ל;(15, 4, 9, 30, 2561)
י;ת;א;י;כ;ו;צ;ר;פ;י;א;ל;ו;ו;נ;ז;ה;ו;ע;ב;(15, 4, 10, 11, 2581)
ו;ן;י;י;ו;ת;ו;נ;ז;ר;מ;ש;ל;ו;ב;ז;ע;ה;ו;ה;(15, 4, 10, 31, 2601)
א;ש;י;ו;צ;ע;ב;י;מ;ע;ב;ל;ח;ק;י;ש;ו;ר;י;ת;(15, 4, 11, 10, 2621)
ו;נ;ז;ח;ו;ר;י;כ;ו;ל;ד;י;ג;י;ו;ל;ק;מ;ו;ל;(15, 4, 12, 11, 2641)
י;ה;ל;א;ת;ח;ת;מ;ו;נ;ז;י;ו;ה;ע;ת;ה;ם;י;נ;(15, 4, 12, 31, 2661)
ע;ו;ו;ח;ב;ז;י;ם;י;ר;ה;ה;י;ש;א;ר;ל;ע;ם;ה;(15, 4, 12, 51, 2681)
ו;ן;ו;ל;א;ת;ח;ת;ו;ר;ט;ק;י;ת;ו;ע;ב;ג;ה;ל;(15, 4, 13, 19, 2701)
ן;כ;ל;ע;ה;ל;צ;ב;ו;ט;י;כ;ה;ל;א;ו;ה;נ;ב;ל;(15, 4, 13, 39, 2721)
כ;י;ת;ו;ל;כ;ו;ם;כ;י;ת;ו;נ;ב;ה;נ;י;נ;ז;ת;(15, 4, 13, 59, 2741)
ת;ו;נ;ב;ל;ע;ד;ו;ק;פ;א;א;ל;ה;נ;פ;א;נ;ת;ם;(15, 4, 13, 79, 2761)
כ;י;ת;ו;ל;כ;ל;ע;ו;ה;נ;י;נ;ז;ת;י;כ;ם;כ;י;(15, 4, 14, 14, 2781)
ת;ו;נ;ז;ה;ם;ע;ם;ה;י;כ;ה;נ;פ;א;נ;ת;י;כ;ם;(15, 4, 14, 34, 2801)
ו;ו;ח;ב;ז;י;ת;ו;ש;ד;ק;ה;ם;ע;ו;ו;ד;ר;פ;י;(15, 4, 14, 54, 2821)
ה;ת;א;ה;נ;ז;ם;א;ט;ב;ל;י;ן;י;ב;י;א;ל;ם;ע;(15, 4, 14, 74, 2841)
ת;ל;א;ו;ה;ד;ו;ה;י;ם;ש;א;י;ל;א;ל;א;ר;ש;י;(15, 4, 15, 9, 2861)
ו;א;ת;י;ב;ו;ל;ע;ת;ל;א;ו;ל;ג;ל;ג;ה;ו;א;ב;(15, 4, 15, 29, 2881)
ר;פ;כ;י;כ;ה;ו;ה;י;י;ח;ו;ע;ב;ש;ת;ל;א;ו;ן;(15, 4, 15, 49, 2901)
ם;ע;ר;י;ה;ת;ע;ל;א;ר;ש;י;ר;ר;ס;ה;ר;ר;ס;ה;(15, 4, 16, 6, 2921)
ב;צ;ע;ר;ו;ב;ח;ב;ח;ר;מ;ב;ש;ב;כ;כ;ה;ו;ה;י;(15, 4, 16, 26, 2941)
ז;ה;ם;א;ב;ס;ר;ס;ו;ל;ח;נ;ה;ם;י;ר;פ;א;ם;י;(15, 4, 17, 8, 2961)
נ;ג;מ;ן;ו;ל;ק;ו;ב;ה;ו;ב;ה;א;ו;נ;ז;ה;ה;נ;(15, 4, 18, 9, 2981)
י;ו;ה;י;פ;נ;כ;ב;ה;ת;ו;א;ח;ו;ר;ר;ר;צ;ה;י;(15, 4, 18, 29, 3001)
ה;כ;ה;ת;א;ז;ו;ע;מ;ש;ם;ת;ו;ח;ב;ז;מ;ו;ש;ב;(15, 4, 19, 19, 3021)
ב;ו;ל;א;ר;ש;י;ת;י;ב;ו;ב;י;ש;ק;ה;ו;ם;י;נ;(15, 5, 1, 11, 3041)
ש;מ;ה;ם;כ;ל;י;כ;ו;נ;י;ז;א;ה;ך;ל;מ;ה;ת;י;(15, 5, 1, 31, 3061)
ת;ש;ר;ו;ה;פ;צ;מ;ל;ם;ת;י;י;ה;ח;פ;י;כ;ט;פ;(15, 5, 1, 51, 3081)
ם;י;ט;ש;ה;ט;ח;ש;ו;ר;ו;ב;ת;ל;ע;ה;ש;ו;ר;פ;(15, 5, 1, 71, 3101)
נ;א;ם;ל;כ;ל;ר;ס;ו;מ;י;נ;א;ו;ו;ק;י;מ;ע;ה;(15, 5, 2, 10, 3121)
נ;א;ל;ל;א;ר;ש;י;ו;ם;י;ר;פ;א;י;ת;ע;ד;י;י;(15, 5, 3, 3, 3141)
ר;פ;א;ת;י;נ;ז;ה;ה;ת;ע;י;כ;י;נ;מ;מ;ד;ח;כ;(15, 5, 3, 23, 3161)
ל;ע;מ;ו;נ;ת;י;א;ל;ל;א;ר;ש;י;א;מ;ט;נ;ם;י;(15, 5, 3, 43, 3181)
ו;ר;י;כ;ם;ה;י;ה;ל;א;ל;א;ב;ו;ש;ל;ם;ה;י;ל;(15, 5, 4, 10, 3201)
ל;ה;ו;ה;י;ת;א;ו;ם;ב;ר;ק;ב;ם;י;נ;ו;נ;ז;ח;(15, 5, 4, 30, 3221)
פ;ב;ל;א;ר;ש;י;ן;ו;א;ג;ה;נ;ע;ו;ו;ע;ד;י;א;(15, 5, 4, 50, 3241)
ו;ל;ש;כ;י;ם;י;ר;פ;א;ו;ל;א;ר;ש;י;ו;ו;י;נ;(15, 5, 5, 16, 3261)
צ;ב;ם;מ;ע;ה;ד;ו;ה;י;ם;ג;ל;ש;כ;ם;נ;ו;ע;ב;(15, 5, 5, 36, 3281)
י;ת;א;ש;ק;ב;ל;ו;כ;ל;י;ם;ר;ק;ב;ב;ו;ם;נ;א;(15, 5, 6, 3, 3301)
ה;י;ב;ם;ה;מ;ץ;ל;ח;ו;א;צ;מ;י;א;ל;ו;ה;ו;ה;(15, 5, 6, 23, 3321)
ו;ד;ל;י;ם;י;ר;ז;ם;י;נ;ב;י;כ;ו;ד;ג;ב;ה;ו;(15, 5, 7, 4, 3341)
ת;ם;ה;י;ק;ל;ח;ת;א;ש;ד;ח;ם;ל;כ;א;י;ה;ת;ע;(15, 5, 7, 24, 3361)
מ;ר;ב;ה;ר;צ;צ;ח;ה;ע;ב;ג;ב;ר;פ;ו;ש;ו;ע;ק;(15, 5, 8, 2, 3381)
י;נ;ב;ך;י;ר;ח;א;ן;ו;א;ת;י;ב;ו;ע;י;ר;ה;ה;(15, 5, 8, 22, 3401)
ם;ו;י;ב;ה;י;ה;ת;ה;מ;ש;ל;ם;י;ר;פ;א;ן;י;מ;(15, 5, 8, 42, 3421)
ת;ע;ד;ו;ה;ל;א;ר;ש;י;י;ט;ב;ש;ב;ה;ח;כ;ו;ת;(15, 5, 9, 18, 3441)
ס;מ;כ;ה;ד;ו;ה;י;י;ר;ש;ו;י;ה;ה;נ;מ;א;נ;י;(15, 5, 9, 38, 3461)
י;מ;כ;ך;ו;פ;ש;א;ם;ה;י;ל;ע;ל;ו;ב;ג;י;ג;י;(15, 5, 10, 15, 3481)
מ;ץ;ו;צ;ר;ם;י;ר;פ;א;ק;ו;ש;ע;י;ת;ר;ב;ע;ם;(15, 5, 10, 35, 3501)
ו;ו;צ;י;ר;ח;א;ך;ל;ה;ל;י;א;ו;ה;י;כ;ט;פ;ש;(15, 5, 11, 15, 3521)
י;ב;ל;ב;ק;ר;כ;ו;ם;י;ר;פ;א;ל;ש;ע;כ;י;נ;א;(15, 5, 12, 2, 3541)
י;ל;ח;ת;א;ם;י;ר;פ;א;א;ר;י;ו;ה;ד;ו;ה;י;ת;(15, 5, 12, 22, 3561)
ר;פ;א;ך;ל;י;ו;ו;ר;ז;מ;ת;א;ה;ד;ו;ה;י;ו;ו;(15, 5, 13, 15, 3581)
ר;י;ך;ל;מ;ל;א;ח;ל;ש;י;ו;ר;ו;ש;א;ל;א;ם;י;(15, 5, 13, 35, 3601)
ל;ו;ם;כ;ל;א;פ;ר;ל;ל;כ;ו;י;א;ל;א;ו;ה;ו;ב;(15, 5, 13, 55, 3621)
ש;כ;י;כ;נ;א;י;כ;ר;ו;ז;מ;ם;כ;מ;ה;ה;ג;י;א;(15, 5, 13, 75, 3641)
ה;י;ת;י;ב;ל;ר;י;פ;כ;כ;ו;ם;י;ר;פ;א;ל;ל;ח;(15, 5, 14, 9, 3661)
א;ש;א;ך;ל;א;ו;ף;ר;ט;א;י;נ;א;י;נ;א;ה;ד;ו;(15, 5, 14, 29, 3681)
ק;מ;ל;א;ה;ב;ו;ש;א;ך;ל;א;ל;י;צ;מ;ן;י;א;ו;(15, 5, 14, 49, 3701)
נ;פ;ו;ש;ק;ב;ו;ו;מ;ש;א;י;ר;ש;א;ד;ע;י;מ;ו;(15, 5, 15, 13, 3721)
ש;נ;ו;ו;כ;ל;י;נ;נ;ר;ח;ש;י;ם;ה;ל;ר;צ;ב;י;(15, 5, 15, 33, 3741)
ר;י;ו;ף;ר;ט;א;ו;ה;י;כ;ה;ו;ה;י;ל;א;ה;ב;ו;(15, 6, 1, 7, 3761)
י;מ;ו;נ;י;ח;י;ו;נ;ש;ב;ח;י;ו;ך;י;ו;נ;א;פ;(15, 6, 1, 27, 3781)
נ;ו;ו;נ;מ;ק;י;י;ש;י;ל;ש;ה;ם;ו;י;ב;ם;י;מ;(15, 6, 2, 8, 3801)
ד;ל;ה;פ;ד;ר;נ;ה;ע;ד;נ;ו;ו;י;נ;פ;ל;ה;י;ח;(15, 6, 2, 28, 3821)
א;צ;ו;מ;ן;ו;כ;נ;ר;ח;ש;כ;ה;ו;ה;י;ת;א;ת;ע;(15, 6, 3, 13, 3841)
י;ש;ו;ק;ל;מ;כ;ו;נ;ל;ם;ש;ג;כ;א;ו;ב;י;ו;ו;(15, 6, 3, 33, 3861)
מ;ם;י;ר;פ;א;ך;ל;ה;ש;ע;א;ה;מ;ץ;ר;א;ה;ר;ו;(15, 6, 3, 53, 3881)
ע;כ;ם;כ;ד;ס;ח;ו;ה;ד;ו;ה;י;ך;ל;ה;ש;ע;א;ה;(15, 6, 4, 15, 3901)
כ;ל;ע;ך;ל;ה;ם;י;כ;ש;מ;ל;ט;כ;ו;ר;ק;ב;ן;נ;(15, 6, 4, 35, 3921)
ב;ם;י;ת;ג;ר;ה;ם;י;א;י;ב;נ;ב;י;ת;ב;צ;ח;ן;(15, 6, 5, 4, 3941)
כ;א;צ;י;ר;ו;א;ך;י;ט;פ;ש;מ;ו;י;פ;י;ר;מ;א;(15, 6, 5, 24, 3961)
א;ת;ע;ד;ו;ח;ב;ז;א;ל;ו;י;ת;צ;פ;ח;ד;ס;ח;י;(15, 6, 6, 2, 3981)
ר;ב;ע;ם;ד;א;כ;ה;מ;ה;ו;ת;ו;ל;ע;מ;ם;י;ה;ל;(15, 6, 6, 22, 4001)
י;ר;ק;ד;ע;ל;ג;י;ב;ו;ד;ג;ב;ם;ש;ת;י;ר;ב;ו;(15, 6, 7, 12, 4021)
י;כ;ח;כ;ו;ם;ד;מ;ה;ב;ק;ע;ן;ו;א;י;ל;ע;פ;ת;(15, 6, 8, 8, 4041)
ך;ר;ד;ם;י;נ;ה;כ;ר;ב;ח;ם;י;ד;ו;ד;ג;ש;י;א;(15, 6, 9, 6, 4061)
י;ב;ב;ו;ש;ע;ה;מ;ז;י;כ;ה;מ;כ;ש;ו;ח;צ;ר;י;(15, 6, 9, 26, 4081)
ם;ש;ה;י;ר;י;ר;ע;ש;י;ת;י;א;ר;ל;א;ר;ש;י;ת;(15, 6, 10, 4, 4101)
ג;ל;א;ר;ש;י;א;מ;ט;נ;ם;י;ר;פ;א;ל;ת;ו;נ;ז;(15, 6, 10, 24, 4121)
ש;י;ב;ו;ש;ב;ך;ל;ר;י;צ;ק;ת;ש;ה;ד;ו;ה;י;ם;(15, 6, 11, 2, 4141)
ג;נ;ו;ל;א;ר;ש;י;ל;י;א;פ;ר;כ;י;מ;ע;ת;ו;ב;(15, 6, 11, 22, 4161)
ן;ו;ר;מ;ש;ת;ו;ע;ר;ו;ם;י;ר;פ;א;ן;ו;ע;ה;ל;(15, 7, 1, 15, 4181)
ט;ש;פ;א;ו;ב;י;ב;נ;ג;ו;ר;ק;ש;ו;ל;ע;פ;י;כ;(15, 7, 1, 35, 4201)
ב;ב;ל;ל;ו;ר;מ;א;י;ל;ב;ו;ץ;ו;ח;ב;ד;ו;ד;ג;(15, 7, 1, 55, 4221)
ם;ו;ב;ב;ס;ה;ת;ע;י;ת;ר;כ;ז;ם;ת;ע;ר;ל;כ;ם;(15, 7, 2, 13, 4241)
ת;ע;ר;ב;ו;י;ה;י;נ;פ;ד;ג;נ;ם;ה;י;ל;ל;ע;מ;(15, 7, 2, 33, 4261)
י;ר;ש;ם;ה;י;ש;ח;כ;ב;ו;ך;ל;מ;ו;ח;מ;ש;י;ם;(15, 7, 3, 5, 4281)
ר;ע;ב;ר;ו;נ;ת;ו;מ;כ;ם;י;פ;א;נ;מ;ם;ל;כ;ם;(15, 7, 3, 25, 4301)
צ;ב;ש;ו;ל;מ;ר;י;ע;מ;ת;ו;ב;ש;י;ה;פ;א;מ;ה;(15, 7, 4, 20, 4321)
ו;ל;ח;ה;ו;נ;כ;ל;מ;ם;ו;י;ו;ת;צ;מ;ח;ד;ע;ק;(15, 7, 4, 40, 4341)
ל;ת;א;ו;ד;י;ך;ש;מ;ן;י;י;מ;ת;מ;ח;ם;י;ר;ש;(15, 7, 5, 13, 4361)
א;ב;ם;ב;ל;ר;ו;נ;ת;כ;ו;ב;ר;ק;י;כ;ם;י;צ;צ;(15, 7, 5, 33, 4381)
ר;ק;ב;ם;ה;פ;א;ן;ש;י;ה;ל;י;ל;ה;ל;כ;ם;ב;ר;(15, 7, 6, 17, 4401)
ו;מ;ח;י;ם;ל;כ;ה;ב;ה;ל;ש;א;כ;ר;ע;ב;א;ו;ה;(15, 7, 6, 37, 4421)
ל;כ;ם;ה;י;ט;פ;ש;ת;א;ו;ל;כ;א;ו;ר;ו;נ;ת;כ;(15, 7, 7, 8, 4441)
א;ם;ה;ב;א;ר;ק;ן;י;א;ו;ל;פ;נ;ם;ה;י;כ;ל;מ;(15, 7, 7, 28, 4461)
ל;ו;ב;ת;י;א;ו;ה;ם;י;מ;ע;ב;ם;י;ר;פ;א;י;ל;(15, 7, 7, 48, 4481)
ה;כ;ו;פ;ה;י;ל;ב;ה;ג;ע;ה;י;ה;ם;י;ר;פ;א;ל;(15, 7, 8, 19, 4501)
ע;ד;י;א;ל;א;ו;ה;ו;ו;ח;כ;ם;י;ר;ז;ו;ל;כ;א;(15, 7, 9, 1, 4521)
ד;י;א;ל;א;ו;ה;ו;ו;ב;ה;ק;ר;ז;ה;ב;י;ש;ם;ג;(15, 7, 9, 21, 4541)
ו;ו;י;נ;פ;ב;ל;א;ר;ש;י;ן;ו;א;ג;ה;נ;ע;ו;ע;(15, 7, 9, 41, 4561)
א;ל;ו;ם;ה;י;ה;ל;א;ה;ו;ה;י;ל;א;ו;ב;ש;א;ל;(15, 7, 10, 20, 4581)
ם;י;ר;פ;א;י;ה;י;ו;ת;א;ז;ל;כ;ב;ו;ה;ש;ק;ב;(15, 7, 10, 40, 4601)
ק;ם;י;ר;צ;מ;ב;ל;ן;י;א;ה;ת;ו;פ;ה;נ;ו;י;כ;(15, 7, 11, 10, 4621)
א;ו;כ;ל;י;ר;ש;א;כ;ו;כ;ל;ה;ר;ו;ש;א;ו;א;ר;(15, 7, 11, 30, 4641)
מ;ש;ה;ף;ו;ע;כ;י;ת;ש;ר;ם;ה;י;ל;ע;ש;ו;ר;פ;(15, 7, 12, 10, 4661)
ד;ע;ל;ע;מ;ש;כ;ם;ר;ס;י;א;ם;ד;י;ר;ו;א;ם;י;(15, 7, 12, 30, 4681)
ד;ש;י;נ;מ;מ;ו;ד;ד;נ;י;כ;ם;ה;ל;י;ו;א;ם;ת;(15, 7, 12, 50, 4701)
ם;ד;פ;א;י;כ;נ;א;ו;י;ב;ו;ע;ש;פ;י;כ;ם;ה;ל;(15, 7, 13, 19, 4721)
ז;א;ל;ו;ם;י;ב;ז;כ;י;ל;ע;ו;ר;ב;ד;ה;מ;ה;ו;(15, 7, 13, 39, 4741)
ל;ע;ו;ל;י;ל;י;י;י;כ;ם;ב;ל;ב;י;ל;א;ו;ק;ע;(15, 7, 14, 5, 4761)
ת;י;ש;ו;ר;י;ת;ו;ן;ג;ד;ל;ע;ם;ת;ו;ב;כ;ש;מ;(15, 7, 14, 25, 4781)
ת;ר;ס;י;י;נ;א;ו;י;ב;ו;ר;ו;ס;י;ו;ר;ר;ו;ג;(15, 7, 14, 45, 4801)
ב;ש;ח;י;י;ל;א;ו;ם;ת;ע;ו;ר;ז;י;ת;ק;ז;ח;י;(15, 7, 15, 9, 4821)
ר;ת;ש;ק;כ;ו;י;ה;ל;ע;א;ל;ו;ב;ו;ש;י;ע;ר;ו;(15, 7, 15, 29, 4841)
ם;ע;ז;מ;ם;ה;י;ר;ש;ב;ר;ח;ב;ו;ל;פ;י;ה;י;מ;(15, 7, 16, 18, 4861)
ם;י;ר;צ;מ;ץ;ר;א;ב;ם;ג;ע;ל;ו;ז;ם;נ;ו;ש;ל;(15, 7, 16, 38, 4881)
ו;ה;י;ת;י;ב;ל;ע;ר;ש;נ;כ;ר;פ;ש;ך;כ;ח;ל;א;(15, 8, 1, 1, 4901)
ת;ר;ו;ת;ל;ע;ו;י;ת;י;ר;ב;ו;ר;ב;ע;ן;ע;י;ה;(15, 8, 1, 21, 4921)
נ;ע;ד;י;י;ה;ל;א;ו;ק;ע;ז;י;י;ל;ו;ע;ש;פ;י;(15, 8, 1, 41, 4941)
ו;א;ב;ו;ט;ל;א;ר;ש;י;ח;נ;ז;ל;א;ר;ש;י;ך;ו;(15, 8, 2, 16, 4961)
מ;מ;א;ל;ו;ו;כ;י;ל;מ;ה;ם;ה;ו;פ;ד;ר;י;ב;י;(15, 8, 3, 14, 4981)
ו;ם;פ;ס;כ;י;ת;ע;ד;י;א;ל;ו;ו;ר;י;ש;ה;י;נ;(15, 8, 4, 14, 5001)
י;ן;ע;מ;ל;ם;י;ב;צ;ע;ם;ה;ל;ו;ש;ע;ם;ב;ה;ז;(15, 8, 4, 34, 5021)
פ;א;ה;ר;ח;ן;ו;ר;מ;ש;ך;ל;ג;ע;ח;נ;ז;ת;ר;כ;(15, 8, 4, 54, 5041)
כ;ן;י;ק;נ;ו;ל;כ;ו;י;א;ל;י;ת;מ;ד;ע;ם;ב;י;(15, 8, 5, 18, 5061)
ל;ו;ו;ה;ש;ע;ש;ר;ח;א;ו;ה;ו;ל;א;ר;ש;י;מ;י;(15, 8, 6, 2, 5081)
ה;י;ה;י;ם;י;ב;ב;ש;י;כ;א;ו;ה;ם;י;ה;ל;א;א;(15, 8, 6, 22, 5101)
ס;ו;ו;ע;ר;ז;י;ח;ו;ר;י;כ;ן;ו;ר;מ;ש;ל;ג;ע;(15, 8, 6, 42, 5121)
ח;מ;צ;ו;ל;ן;י;א;ה;מ;ק;ו;ר;צ;ק;י;ה;ת;פ;ו;(15, 8, 7, 13, 5141)
ר;ז;ה;ש;ע;י;י;ל;ו;א;ח;מ;ק;ה;ש;ע;י;י;ל;ב;(15, 8, 7, 33, 5161)
ה;ת;ע;ל;א;ר;ש;י;ע;ל;ב;נ;ו;ה;ע;ל;ב;י;ם;י;(15, 8, 7, 53, 5181)
ו;ב;ץ;פ;ח;ן;י;א;י;ל;כ;כ;ם;י;ו;ג;ב;ו;י;ה;(15, 8, 8, 13, 5201)
ל;ד;ד;ו;ב;א;ר;פ;ר;ו;ש;א;ו;ל;ע;ה;מ;ה;י;כ;(15, 8, 9, 1, 5221)
י;י;כ;ם;ג;ם;י;ב;ה;א;ו;נ;ת;ה;ם;י;ר;פ;א;ו;(15, 8, 9, 21, 5241)
ל;ח;י;ו;ם;צ;ב;ק;א;ה;ת;ע;ם;י;ו;ג;ב;ו;נ;ת;(15, 8, 10, 6, 5261)
ב;ר;ה;י;כ;ם;י;ר;ש;ך;ל;מ;א;ש;מ;מ;ט;ע;מ;ו;(15, 8, 10, 26, 5281)
ו;ל;ו;י;ה;א;ט;ח;ל;ת;ח;ב;ז;מ;ם;י;ר;פ;א;ה;(15, 8, 11, 6, 5301)
ו;ב;ר;ו;ל;ב;ו;ת;כ;א;א;ט;ח;ל;ת;ו;ח;ב;ז;מ;(15, 8, 11, 26, 5321)
ה;י;ח;ב;ז;ו;ב;ש;ח;נ;ר;ז;ו;מ;כ;י;ת;ר;ו;ת;(15, 8, 12, 11, 5341)
ה;י;ו;ל;כ;א;י;ו;ר;ש;ב;ו;ח;ב;ז;י;י;ב;ה;ב;(15, 8, 13, 6, 5361)
י;ו;ם;נ;ו;ע;ר;כ;ז;י;ה;ת;ע;ם;צ;ר;א;ל;ה;ו;(15, 8, 13, 26, 5381)
ו;ש;י;ם;י;ר;צ;מ;ה;מ;ה;ם;ת;ו;א;ט;ח;ד;ק;פ;(15, 8, 13, 46, 5401)
י;ו;ו;ה;ש;ע;ת;א;ל;א;ר;ש;י;ח;כ;ש;י;ו;ו;ב;(15, 8, 13, 66, 5421)
ר;ע;ה;ב;ר;ה;ה;ד;ו;ה;י;ו;ת;ו;ל;כ;י;ה;ן;ב;(15, 8, 14, 19, 5441)
ו;י;ר;ע;ב;ש;א;י;ת;ח;ל;ש;ו;ת;ו;ר;צ;ב;ם;י;(15, 8, 14, 39, 5461)
ש;י;ח;מ;ש;ת;ל;א;ה;י;ת;נ;מ;ר;א;ה;ל;כ;א;ו;(15, 8, 14, 59, 5481)
מ;ת;י;נ;ז;י;כ;ם;י;מ;ע;כ;ל;י;ג;ל;א;ל;א;ר;(15, 9, 1, 9, 5501)
ג;ל;כ;ל;ע;ן;נ;ת;א;ת;ב;ה;א;ך;י;ה;ל;א;ל;ע;(15, 9, 1, 29, 5521)
ם;ע;ר;י;א;ל;ב;ק;י;ו;ן;ר;ג;ן;ג;ד;ת;ו;נ;ר;(15, 9, 1, 49, 5541)
א;ב;ו;ב;ש;י;א;ל;ה;ב;ש;ח;כ;י;ש;ו;ר;י;ת;ו;(15, 9, 2, 14, 5561)
ו;ם;י;ר;צ;מ;ם;י;ר;פ;א;ב;ש;ו;ה;ו;ה;י;ץ;ר;(15, 9, 3, 9, 5581)
ל;ו;כ;ס;י;א;ל;ו;ל;כ;א;י;א;מ;ט;ר;ו;ש;א;ב;(15, 9, 3, 29, 5601)
ח;ב;ז;ו;ל;ו;ב;ר;ע;י;א;ל;ו;ן;י;י;ה;ו;ה;י;(15, 9, 4, 8, 5621)
ל;כ;א;ל;כ;ם;ה;ל;ם;י;נ;ו;א;ם;ח;ל;כ;ם;ה;י;(15, 9, 4, 28, 5641)
א;ל;ם;ש;פ;נ;ל;ם;מ;ח;ל;י;כ;ו;א;מ;ט;י;ו;י;(15, 9, 4, 48, 5661)
ו;י;ל;ו;ש;ע;ת;ה;מ;ה;ו;ה;י;ת;י;ב;א;ו;ב;י;(15, 9, 4, 68, 5681)
נ;ה;י;כ;ה;ו;ה;י;ג;ח;ם;ו;י;ל;ו;ד;ע;ו;מ;ם;(15, 9, 5, 10, 5701)
ף;מ;ם;צ;ב;ק;ת;ם;י;ר;צ;מ;ד;ש;מ;ו;כ;ל;ה;ה;(15, 9, 6, 5, 5721)
י;י;ש;ו;מ;ק;ם;פ;ס;כ;ל;ד;מ;ח;מ;ם;ר;ב;ק;ת;(15, 9, 6, 25, 5741)
ה;י;מ;י;ו;א;ב;ם;ה;י;ל;ה;א;ב;ח;ו;ח;ם;ש;ר;(15, 9, 6, 45, 5761)
ש;י;ו;ע;ד;י;ם;ל;ש;ה;י;מ;י;ו;א;ב;ה;ד;ק;פ;(15, 9, 7, 8, 5781)
ה;ש;י;א;ע;ג;ש;מ;א;י;ב;נ;ה;ל;י;ו;א;ל;א;ר;(15, 9, 7, 28, 5801)
ה;מ;ט;ש;מ;ה;ב;ר;ו;ך;נ;ו;ע;ב;ר;ל;ע;ח;ו;ר;(15, 9, 7, 48, 5821)
ח;פ;א;י;ב;נ;י;ה;ל;א;ם;ע;ם;י;ר;פ;א;ה;פ;צ;(15, 9, 8, 1, 5841)
ב;ב;ה;מ;ט;ש;מ;ו;י;כ;ר;ד;ל;כ;ל;ע;ש;ו;ק;י;(15, 9, 8, 21, 5861)
מ;י;כ;ו;ת;ח;ש;ו;ק;י;מ;ע;ה;ו;י;ה;ל;א;ת;י;(15, 9, 8, 41, 5881)
ד;ו;ק;פ;י;ם;נ;ו;ע;ר;ו;כ;ז;י;ה;ע;ב;ג;ה;י;(15, 9, 9, 14, 5901)
א;צ;מ;ר;ב;ד;מ;ב;ם;י;ב;נ;ע;כ;ם;ת;ו;א;ט;ח;(15, 9, 9, 34, 5921)
ר;ב;ה;נ;א;ת;ב;ה;ר;ו;כ;ב;כ;ל;א;ר;ש;י;י;ת;(15, 9, 10, 15, 5941)
ה;מ;ה;ם;כ;י;ת;ו;ב;א;י;ת;י;א;ר;ה;ת;י;ש;א;(15, 9, 10, 35, 5961)
ת;ש;ב;ל;ו;ר;ז;נ;י;ו;ר;ו;ע;פ;ל;ע;ב;ו;א;ב;(15, 9, 10, 55, 5981)
י;ר;פ;א;ם;ב;ה;א;כ;ם;י;צ;ו;ק;ש;ו;י;ה;י;ו;(15, 9, 10, 75, 6001)
ה;ד;ל;מ;ם;ד;ו;ב;כ;ף;פ;ו;ע;ת;י;ף;ו;ע;כ;ם;(15, 9, 11, 5, 6021)
ל;ד;ג;י;ם;א;י;כ;ן;ו;י;ר;ה;מ;ו;ן;ט;ב;מ;ו;(15, 9, 11, 25, 6041)
כ;ם;ד;א;מ;ם;י;ת;ל;כ;ש;ו;ם;ה;י;נ;ב;ת;א;ו;(15, 9, 12, 9, 6061)
ר;פ;א;ם;ה;מ;י;ר;ו;ש;ב;ם;ה;ל;י;ו;א;ם;ג;י;(15, 9, 12, 29, 6081)
ה;ל;ו;ת;ש;ר;ו;צ;ל;י;ת;י;א;ר;ר;ש;א;כ;ם;י;(15, 9, 13, 4, 6101)
ר;ה;ל;א;א;י;צ;ו;ה;ל;ם;י;ר;פ;א;ו;ה;ו;נ;ב;(15, 9, 13, 24, 6121)
ת;ן;ת;ת;ה;מ;ה;ו;ה;י;ם;ה;ל;ן;ת;ו;י;נ;ב;ג;(15, 9, 13, 44, 6141)
ק;מ;צ;ם;י;ד;ש;ו;ל;י;כ;ש;מ;ם;ח;ר;ם;ה;ל;ן;(15, 9, 14, 16, 6161)
א;נ;ש;ם;ש;י;כ;ל;ג;ל;ג;ב;ם;ת;ע;ר;ל;כ;ם;י;(15, 9, 14, 36, 6181)
א;י;ת;י;ב;מ;ם;ה;י;ל;ל;ע;מ;ע;ר;ל;ע;ם;י;ת;(15, 9, 15, 19, 6201)
י;ר;ש;ל;כ;ם;ת;ב;ה;א;ף;ס;ו;א;א;ל;ם;ש;ר;ג;(15, 9, 15, 39, 6221)
י;ם;ש;ר;ש;ם;י;ר;פ;א;ה;כ;ה;ם;י;ר;ר;ס;ם;ה;(15, 9, 15, 59, 6241)
ד;ל;י;י;כ;ם;ג;ן;ו;ש;ע;י;י;ל;ב;י;ר;פ;ש;ב;(15, 9, 16, 14, 6261)
ס;א;מ;י;ם;נ;ט;ב;י;ד;מ;ח;מ;י;ת;מ;ה;ו;ן;ו;(15, 9, 16, 34, 6281)
ו;י;ה;י;ו;ו;ל;ו;ע;מ;ש;א;ל;י;כ;י;ה;ל;א;ם;(15, 9, 17, 5, 6301)
ר;ש;י;ק;ק;ו;ב;ן;פ;ג;ם;י;ו;ג;ב;ם;י;ד;ד;נ;(15, 9, 17, 25, 6321)
ה;ו;י;ר;פ;ל;ב;ר;כ;ו;ל;ה;ו;ש;י;י;ר;פ;ל;א;(15, 10, 1, 11, 6341)
ה;ו;צ;ר;א;ל;ב;ו;ט;כ;ת;ו;ח;ב;ז;מ;ל;ה;ב;ר;(15, 10, 1, 31, 6361)
י;ה;ת;ע;ם;ב;ל;ק;ל;ח;ת;ו;ב;צ;מ;ו;ב;י;ט;י;(15, 10, 1, 51, 6381)
ש;י;ם;ת;ו;ח;ב;ז;מ;ף;ר;ע;י;א;ו;ה;ו;מ;ש;א;(15, 10, 2, 11, 6401)
י;א;ו;ר;מ;א;י;ה;ת;ע;י;כ;ם;ת;ו;ב;צ;מ;ד;ד;(15, 10, 2, 31, 6421)
ה;י;ת;א;ו;נ;א;ר;י;א;ל;י;כ;ו;נ;ל;ך;ל;מ;ן;(15, 10, 3, 13, 6441)
ו;ר;ב;ד;ו;נ;ל;ה;ש;ע;י;ה;מ;ך;ל;מ;ה;ו;ה;ו;(15, 10, 3, 33, 6461)
ו;ת;י;ר;ב;ת;ר;כ;א;ו;ש;ת;ו;ל;א;ם;י;ר;ב;ד;(15, 10, 4, 5, 6481)
י;ד;ש;י;מ;ל;ת;ל;ע;ט;פ;ש;מ;ש;א;ר;כ;ח;ר;פ;(15, 10, 4, 25, 6501)
ן;כ;ש;ו;ר;ו;ג;י;ן;ו;א;ת;י;ב;ת;ו;ל;ג;ע;ל;(15, 10, 5, 1, 6521)
מ;כ;ו;ו;מ;ע;ו;י;ל;ע;ל;ב;א;י;כ;ן;ו;ר;מ;ש;(15, 10, 5, 21, 6541)
כ;ו;ד;ו;ב;כ;ל;ע;ו;ל;י;ג;י;ו;י;ל;ע;ו;י;ר;(15, 10, 5, 41, 6561)
י;ר;ו;ש;א;ל;ו;ת;ו;א;ם;ג;ו;נ;מ;מ;ה;ל;ג;י;(15, 10, 5, 61, 6581)
פ;א;ה;נ;ש;ב;ב;ר;י;ך;ל;מ;ל;ה;ח;נ;מ;ל;ב;ו;(15, 10, 6, 13, 6601)
ת;צ;ע;מ;ל;א;ר;ש;י;ש;ו;ב;י;ו;ח;ק;י;ם;י;ר;(15, 10, 6, 33, 6621)
ל;ע;ף;צ;ק;כ;ה;כ;ל;מ;ן;ו;ר;מ;ש;ה;מ;ד;נ;ו;(15, 10, 6, 53, 6641)
ח;ן;ו;א;ת;ו;מ;ב;ו;ד;מ;ש;נ;ו;ם;י;מ;י;נ;פ;(15, 10, 7, 20, 6661)
ה;ל;ע;י;ר;ד;ר;ד;ו;ץ;ו;ק;ל;א;ר;ש;י;ת;א;ט;(15, 10, 8, 15, 6681)
כ;ם;י;ר;ה;ל;ו;ר;מ;א;ו;ם;ת;ו;ח;ב;ז;מ;ל;ע;(15, 10, 8, 35, 6701)
ו;נ;י;ל;ע;ו;ל;פ;נ;ת;ו;ע;ב;ג;ל;ו;ו;נ;ו;ס;(15, 10, 8, 55, 6721)
ם;ש;ל;א;ר;ש;י;ת;א;ט;ח;ה;ע;ב;ג;ה;י;מ;י;מ;(15, 10, 9, 1, 6741)
מ;ח;ל;מ;ה;ע;ב;ג;ב;ם;ג;י;ש;ת;א;ל;ו;ד;מ;ע;(15, 10, 9, 21, 6761)
ם;ר;ס;א;ו;י;ת;ו;א;ב;ה;ו;ל;ע;י;נ;ב;ל;ע;ה;(15, 10, 9, 41, 6781)
ל;ם;ר;ס;א;ב;ם;י;מ;ע;ם;ה;י;ל;ע;ו;פ;ס;א;ו;(15, 10, 10, 11, 6801)
ל;מ;ה;ל;ג;ע;ם;י;ר;פ;א;ו;ם;ת;נ;י;ע;י;ת;ש;(15, 10, 10, 31, 6821)
ת;ר;ב;ע;י;נ;א;ו;ש;ו;ד;ל;י;ת;ב;ה;א;ה;ד;מ;(15, 10, 11, 13, 6841)
י;ר;פ;א;ב;י;כ;ר;א;ה;ר;א;ו;צ;ב;ו;ט;ל;ע;י;(15, 10, 11, 33, 6861)
ק;ע;י;ו;ל;ד;ד;ש;י;ה;ד;ו;ה;י;ש;ו;ר;ח;י;ם;(15, 10, 11, 53, 6881)
י;פ;ל;ו;ר;צ;ק;ה;ק;ד;צ;ל;ם;כ;ל;ו;ע;ר;ז;ב;(15, 10, 11, 73, 6901)
ו;ר;ד;ל;ת;ע;ו;ר;י;נ;ם;כ;ל;ו;ר;י;נ;ד;ס;ח;(15, 10, 12, 20, 6921)
ק;ד;צ;ה;ר;י;ו;א;ו;ב;י;ד;ע;ה;ו;ה;י;ת;א;ש;(15, 10, 12, 40, 6941)
ת;ר;צ;ק;ה;ת;ל;ו;ע;ע;ש;ר;ם;ת;ש;ר;ח;ם;כ;ל;(15, 10, 12, 60, 6961)
ד;ב;ת;ח;ט;ב;י;כ;ש;ח;כ;י;ר;פ;ם;ת;ל;כ;א;ם;(15, 10, 13, 18, 6981)
ן;ו;א;ש;ם;א;ק;ו;ך;י;ר;ו;ב;ג;ב;ר;ב;ך;כ;ר;(15, 10, 13, 38, 7001)
ד;ש;כ;ד;ש;ו;י;ך;י;ר;צ;ב;מ;ל;כ;ו;ך;מ;ע;ב;(15, 10, 14, 9, 7021)
מ;ח;ל;מ;ם;ו;י;ב;ל;א;ב;ר;א;ת;י;ב;ן;מ;ל;ש;(15, 10, 14, 29, 7041)
ל;ה;ש;ע;ה;כ;כ;ה;ש;ט;ר;ם;י;נ;ב;ל;ע;ם;א;ה;(15, 10, 14, 49, 7061)
ב;ם;כ;ת;ע;ר;ת;ע;ר;י;נ;פ;מ;ל;א;ת;י;ב;ם;כ;(15, 10, 15, 8, 7081)
כ;ל;א;ר;ש;י;ך;ל;מ;ה;מ;ד;נ;ה;מ;ד;נ;ר;ח;ש;(15, 10, 15, 28, 7101)
ר;צ;מ;מ;ו;ו;ה;ב;ה;א;ו;ל;א;ר;ש;י;ר;ע;נ;י;(15, 11, 1, 2, 7121)
ן;כ;ם;ה;ל;ו;א;ר;ק;י;נ;ב;ל;י;ת;א;ר;ק;ם;י;(15, 11, 1, 22, 7141)
ח;ב;ז;י;ם;י;ל;ע;ב;ל;ם;ה;י;נ;פ;מ;ו;כ;ל;ה;(15, 11, 2, 10, 7161)
ת;י;כ;נ;א;ו;ן;ו;ר;ט;ק;י;ם;י;ל;ס;פ;ל;ו;ו;(15, 11, 2, 30, 7181)
ע;ו;ר;ז;ל;ע;ם;ח;ק;ם;י;ר;פ;א;ל;י;ת;ל;ג;ר;(15, 11, 3, 7, 7201)
ח;ב;ם;י;ת;א;פ;ר;י;כ;ו;ע;ד;י;א;ל;ו;ו;י;ת;(15, 11, 3, 27, 7221)
ב;ה;א;ת;ו;ת;ב;ע;ב;ם;כ;ש;מ;א;ם;ד;א;י;ל;ב;(15, 11, 4, 3, 7241)
ל;ל;ע;ל;ע;י;מ;י;ר;מ;כ;ם;ה;ל;ה;י;ה;א;ו;ה;(15, 11, 4, 23, 7261)
ש;י;א;ל;ל;י;כ;ו;א;ו;י;ל;א;ט;א;ו;ם;ה;י;ח;(15, 11, 4, 43, 7281)
א;ו;ה;ר;ו;ש;א;ו;ם;י;ר;צ;מ;ץ;ר;א;ל;א;ב;ו;(15, 11, 5, 5, 7301)
ר;ח;ה;ל;ח;ו;ב;ו;ש;ל;ו;נ;א;מ;י;כ;ו;כ;ל;מ;(15, 11, 5, 25, 7321)
ה;ל;כ;א;ו;ו;י;ד;ב;ה;ת;ל;כ;ו;ו;י;ר;ע;ב;ב;(15, 11, 6, 7, 7341)
ל;ם;י;א;ו;ל;ת;י;מ;ע;ו;ם;ה;י;ת;ו;צ;ע;מ;מ;(15, 11, 6, 27, 7361)
ד;ח;י;ו;ה;א;ר;ק;י;ל;ע;ל;א;ו;י;ת;ב;ו;ש;מ;(15, 11, 7, 12, 7381)
א;ם;י;ר;פ;א;ך;נ;ת;א;ך;י;א;ם;מ;ו;ר;י;א;ל;(15, 11, 7, 32, 7401)
מ;ד;א;כ;ך;נ;ת;א;ך;י;א;ל;א;ר;ש;י;ך;נ;ג;מ;(15, 11, 8, 14, 7421)
ל;י;ל;ע;ך;פ;ה;נ;ם;י;א;ב;צ;כ;ך;מ;י;ש;א;ה;(15, 11, 8, 34, 7441)
ש;ע;א;א;ל;י;מ;ו;ח;נ;ו;ר;מ;כ;נ;ד;ח;י;י;ב;(15, 11, 8, 54, 7461)
פ;א;ת;ח;ש;ל;ב;ו;ש;א;א;ל;י;פ;א;ן;ו;ר;ח;ה;(15, 11, 9, 6, 7481)
ר;ק;ב;ש;י;א;א;ל;ו;י;כ;נ;א;ל;א;י;כ;ם;י;ר;(15, 11, 9, 26, 7501)
ר;ח;א;ר;י;ע;ב;א;ו;ב;א;א;ל;ו;ש;ו;ד;ק;ך;ב;(15, 11, 9, 46, 7521)
י;כ;ג;א;ש;י;ה;י;ר;א;כ;ו;כ;ל;י;ה;ו;ה;י;י;(15, 11, 10, 4, 7541)
ם;י;מ;ם;י;נ;ב;ו;ד;ר;ח;י;ו;ג;א;ש;י;א;ו;ה;(15, 11, 10, 24, 7561)
ו;י;כ;ו;ם;י;ר;צ;מ;מ;ר;ו;פ;צ;כ;ו;ד;ר;ח;י;(15, 11, 11, 1, 7581)
ל;ע;ם;י;ת;ב;ש;ו;ה;ו;ר;ו;ש;א;ץ;ר;א;מ;ה;נ;(15, 11, 11, 21, 7601)
ח;כ;ב;י;נ;ב;ב;ס;ה;ו;ה;י;ם;א;נ;ם;ה;י;ת;ב;(15, 11, 11, 41, 7621)
ל;א;ר;ש;י;ת;י;ב;ה;מ;ר;מ;ב;ו;ם;י;ר;פ;א;ש;(15, 12, 1, 9, 7641)
ו;ד;ק;ם;ע;ו;ל;א;ם;ע;ד;ר;ד;ע;ה;ד;ו;ה;י;ו;(15, 12, 1, 29, 7661)
ר;ו;ח;ו;ר;ה;ע;ר;ם;י;ר;פ;א;ן;מ;א;נ;ם;י;ש;(15, 12, 1, 49, 7681)
ר;י;ד;ש;ו;ב;ז;כ;ם;ו;י;ה;ל;כ;ם;י;ד;ק;ף;ד;(15, 12, 2, 14, 7701)
ש;ו;ו;ת;ר;כ;י;ר;ו;ש;א;ם;ע;ת;י;ר;ב;ו;ה;ב;(15, 12, 2, 34, 7721)
ו;ה;י;ל;ב;י;ר;ו;ל;ב;ו;י;ם;י;ר;צ;מ;ל;ן;מ;(15, 12, 2, 54, 7741)
כ;ב;ק;ע;י;ל;ע;ד;ק;פ;ל;ו;ה;ד;ו;ה;י;ם;ע;ה;(15, 12, 3, 9, 7761)
ב;ב;ו;ל;ב;י;ש;י;ו;י;ל;ל;ע;מ;כ;ו;י;כ;ר;ד;(15, 12, 3, 29, 7781)
ה;ר;ש;ו;נ;ו;א;ב;ו;ו;י;ח;א;ת;א;ב;ק;ע;ן;ט;(15, 12, 4, 3, 7801)
כ;י;ו;ך;א;ל;מ;ל;א;ר;ש;י;ו;ם;י;ה;ל;א;ת;א;(15, 12, 4, 23, 7821)
צ;מ;י;ל;א;ת;י;ב;ו;ל;ן;נ;ח;ת;י;ו;ה;כ;ב;ל;(15, 12, 5, 14, 7841)
א;ה;ו;ה;י;ו;ו;נ;מ;ע;ר;ב;ד;י;ם;ש;ו;ו;נ;א;(15, 12, 5, 34, 7861)
ת;א;ו;ו;ר;כ;ז;ה;ו;ה;י;ת;ו;א;ב;צ;ה;י;ה;ל;(15, 12, 6, 7, 7881)
ש;ט;פ;ש;מ;ו;ד;ס;ח;ב;ו;ש;ת;ך;י;ה;ל;א;ב;ה;(15, 12, 7, 4, 7901)
ע;נ;כ;ד;י;מ;ת;ך;י;ה;ל;א;ל;א;ה;ו;ק;ו;ר;מ;(15, 12, 7, 24, 7921)
ה;א;ק;ש;ע;ל;ה;מ;ר;מ;י;נ;ז;א;מ;ו;ד;י;ב;ן;(15, 12, 8, 4, 7941)
צ;מ;י;ת;ר;ש;ע;ך;א;ם;י;ר;פ;א;ר;מ;א;י;ו;ב;(15, 12, 8, 24, 7961)
צ;מ;י;א;ל;י;ע;י;ג;י;ל;כ;י;ל;ן;ו;א;י;ת;א;(15, 12, 9, 20, 7981)
ה;י;י;כ;נ;א;ו;א;ט;ח;ר;ש;א;ן;ו;ע;י;ל;ו;א;(15, 12, 9, 40, 8001)
ו;א;ד;ע;ם;י;ר;צ;מ;ץ;ר;א;מ;ך;י;ה;ל;א;ה;ו;(15, 12, 10, 8, 8021)
ד;ו;ד;ע;ו;מ;י;מ;י;כ;ם;י;ל;ה;א;ב;ך;ב;י;ש;(15, 12, 10, 28, 8041)
ז;ח;י;כ;נ;א;ו;ם;י;א;י;ב;נ;ה;ל;ע;י;ת;ר;ב;(15, 12, 11, 3, 8061)
א;ם;י;א;י;ב;נ;ה;ד;י;ב;ו;י;ת;י;ב;ר;ה;ן;ו;(15, 12, 11, 23, 8081)
ו;י;ה;א;ו;ש;ך;א;ן;ו;א;ד;ע;ל;ג;ם;א;ה;מ;ד;(15, 12, 11, 43, 8101)
ח;ב;ז;מ;ם;ג;ו;ח;ב;ז;ם;י;ר;ו;ש;ל;ג;ל;ג;ב;(15, 12, 12, 18, 8121)
ב;י;ו;י;ד;ש;י;מ;ל;ת;ל;ע;ם;י;ל;ג;כ;ם;ת;ו;(15, 12, 12, 38, 8141)
ר;ש;י;ד;ב;ע;י;ו;ם;ר;א;ה;ד;ש;ב;ק;ע;י;ח;ר;(15, 12, 13, 4, 8161)
א;י;ב;נ;ב;ו;ר;מ;ש;ה;ש;א;ב;ו;ה;ש;א;ב;ל;א;(15, 12, 13, 24, 8181)
י;ר;צ;מ;מ;ל;א;ר;ש;י;ת;א;ה;ו;ה;י;ה;ל;ע;ה;(15, 12, 14, 7, 8201)
י;ר;פ;א;ס;י;ע;כ;ה;ר;מ;ש;נ;א;י;ב;נ;ב;ו;ם;(15, 12, 14, 27, 8221)
ו;ט;י;ו;י;ל;ע;ו;י;מ;ד;ו;ם;י;ר;ו;ר;מ;ת;ם;(15, 12, 15, 10, 8241)
ד;כ;ו;י;נ;ד;א;ו;ל;ב;י;ש;י;ו;ת;פ;ר;ח;ו;ש;(15, 12, 15, 30, 8261)
ר;ש;י;ב;א;ו;ה;א;ש;נ;ת;ת;ר;ם;י;ר;פ;א;ר;ב;(15, 13, 1, 3, 8281)
י;ה;ת;ע;ו;ת;מ;י;ו;ל;ע;ב;ב;ם;ש;א;י;ו;ל;א;(15, 13, 1, 23, 8301)
ה;כ;ס;מ;ם;ה;ל;ו;ש;ע;י;ו;א;ט;ח;ל;ו;פ;ס;ו;(15, 13, 2, 6, 8321)
ה;ש;ע;מ;ם;י;ב;צ;ע;ם;נ;ו;ב;ת;כ;ם;פ;ס;כ;מ;(15, 13, 2, 26, 8341)
ב;ז;ם;י;ר;מ;א;ם;ה;ם;ה;ל;ה;ל;כ;ם;י;ש;ר;ח;(15, 13, 2, 46, 8361)
ה;י;ן;כ;ל;ן;ו;ק;ש;י;ם;י;ל;ג;ע;ם;ד;א;י;ח;(15, 13, 2, 66, 8381)
ל;ה;ם;י;כ;ש;מ;ל;ט;כ;ו;ר;ק;ב;ן;נ;ע;כ;ו;י;(15, 13, 3, 6, 8401)
ר;א;מ;ן;ש;ע;כ;ו;ן;ר;ג;מ;ר;ע;ס;י;ץ;מ;כ;ך;(15, 13, 3, 26, 8421)
ץ;ר;א;מ;ך;י;ה;ל;א;ה;ו;ה;י;י;כ;נ;א;ו;ה;ב;(15, 13, 3, 46, 8441)
ד;ת;א;ל;י;ת;ל;ו;ז;ם;י;ה;ל;א;ו;ם;י;ר;צ;מ;(15, 13, 4, 19, 8461)
ע;ד;י;י;נ;א;י;ת;ל;ב;ן;י;א;ע;י;ש;ו;מ;ו;ע;(15, 13, 4, 39, 8481)
מ;כ;ת;ו;ב;א;ל;ת;ץ;ר;א;ב;ר;ב;ד;מ;ב;ך;י;ת;(15, 13, 5, 7, 8501)
ל;ם;ר;י;ו;ו;ע;ב;ש;ו;ע;ב;ש;י;ו;ם;ת;י;ע;ר;(15, 13, 6, 3, 8521)
כ;ם;ה;ל;י;ה;א;ו;י;נ;ו;ח;כ;ש;ן;כ;ל;ע;ם;ב;(15, 13, 6, 23, 8541)
פ;א;ר;ו;ש;א;ך;ר;ד;ל;ע;ר;מ;נ;כ;ל;ח;ש;ו;מ;(15, 13, 7, 9, 8561)
ל;ר;ו;ג;ס;ע;ר;ק;א;ו;ל;ו;כ;ש;ב;ד;כ;ם;ש;ג;(15, 13, 8, 3, 8581)
ד;ש;ה;ת;י;ח;א;י;ב;ל;כ;ם;ש;ם;ל;כ;א;ו;ם;ב;(15, 13, 8, 23, 8601)
ב;י;ב;י;כ;ל;א;ר;ש;י;ך;ת;ח;ש;ם;ע;ק;ב;ת;ה;(15, 13, 8, 43, 8621)
י;ש;ו;י;ו;א;ו;פ;א;ך;כ;ל;מ;י;ה;א;ך;ר;ז;ע;(15, 13, 9, 15, 8641)
מ;א;ר;ש;א;ך;י;ט;פ;ש;ו;ך;י;ר;ע;ל;כ;ב;ך;ע;(15, 13, 10, 17, 8661)
ך;ל;ן;ת;א;ם;י;ר;ש;ו;ך;ל;מ;י;ל;ה;נ;ת;ת;ר;(15, 13, 10, 37, 8681)
ו;ר;צ;י;ת;ר;ב;ע;ב;ח;ק;א;ו;י;פ;א;ב;ך;ל;מ;(15, 13, 11, 6, 8701)
ח;ו;ת;א;ט;ח;ה;נ;ו;פ;צ;ם;י;ר;פ;א;ן;ו;ע;ר;(15, 13, 12, 4, 8721)
ל;ן;ב;א;ו;ה;ו;ל;ו;א;ב;י;ה;ד;ל;ו;י;י;ל;ב;(15, 13, 13, 2, 8741)
ב;ר;ב;ש;מ;ב;ד;מ;ע;י;א;ל;ת;ע;י;כ;ם;כ;ח;א;(15, 13, 13, 22, 8761)
ג;א;ת;ו;מ;מ;ם;ד;פ;א;ל;ו;א;ש;ד;י;מ;ם;י;נ;(15, 13, 13, 42, 8781)
ב;ט;ק;י;ה;א;ת;ו;מ;ך;י;ר;ב;ד;י;ה;א;ם;ל;א;(15, 13, 14, 18, 8801)
ה;י;כ;י;נ;י;ע;מ;ר;ת;ס;י;ם;ח;נ;ל;ו;א;ש;ך;(15, 13, 14, 38, 8821)
י;ד;ק;א;ו;ב;י;א;י;ר;פ;י;ם;י;ח;א;ן;ב;א;ו;(15, 13, 15, 4, 8841)
ו;ב;י;ו;ה;ל;ע;ר;ב;ד;מ;מ;ה;ו;ה;י;ח;ו;ר;ם;(15, 13, 15, 24, 8861)
י;א;ו;ה;ו;נ;י;ע;מ;ב;ר;ח;י;ו;ו;ר;ו;ק;מ;ש;(15, 13, 15, 44, 8881)
ם;ש;א;ת;ה;ד;מ;ח;י;ל;כ;ל;כ;ר;צ;ו;א;ה;ס;ש;(15, 13, 15, 64, 8901)
ר;ח;ב;ה;י;ה;ל;א;ב;ה;ת;ר;מ;י;כ;ן;ו;ר;מ;ש;(15, 14, 1, 5, 8921)
י;ר;ה;ו;ו;ש;ט;ר;י;ם;ה;י;ל;ל;ע;ו;ל;פ;י;ב;(15, 14, 1, 25, 8941)
ד;ע;ל;א;ר;ש;י;ה;ב;ו;ש;ו;ע;ק;ב;י;ו;י;ת;ו;(15, 14, 1, 45, 8961)
ך;נ;ו;ע;ב;ת;ל;ש;כ;י;כ;ך;י;ה;ל;א;ה;ו;ה;י;(15, 14, 2, 12, 8981)
י;ל;א;ו;ב;ו;ש;ו;ם;י;ר;ב;ד;ם;כ;מ;ע;ו;ח;ק;(15, 14, 3, 1, 9001)
ו;ן;ו;ע;א;ש;ת;ל;כ;ו;י;ל;א;ו;ר;מ;א;ה;ו;ה;(15, 14, 3, 21, 9021)
נ;י;ת;פ;ש;ם;י;ר;פ;ה;מ;ל;ש;נ;ו;ב;ו;ט;ח;ק;(15, 14, 3, 41, 9041)
ל;ס;ו;ס;ל;ע;ו;נ;ע;י;ש;ו;י;א;ל;ר;ו;ש;א;ו;(15, 14, 3, 61, 9061)
נ;י;ה;ל;א;ד;ו;ע;ר;מ;א;נ;א;ל;ו;ב;כ;ר;נ;א;(15, 14, 4, 20, 9081)
ם;ח;ר;י;ך;ב;ר;ש;א;ו;נ;י;ד;י;ה;ש;ע;מ;ל;ו;(15, 14, 4, 40, 9101)
ד;נ;ם;ב;ה;א;ם;ת;ב;ו;ש;מ;א;פ;ר;א;ם;ו;ת;י;(15, 14, 4, 60, 9121)
ל;ט;כ;ה;י;ה;א;ו;נ;מ;מ;י;פ;א;ב;ש;י;כ;ה;ב;(15, 14, 5, 17, 9141)
ש;ך;י;ו;ה;נ;ש;ו;ש;כ;ח;ר;פ;י;ל;א;ר;ש;י;ל;(15, 14, 6, 8, 9161)
י;ת;ו;ק;נ;י;ו;כ;ל;י;ן;ו;נ;ב;ל;כ;ו;י;ש;ר;(15, 14, 6, 28, 9181)
כ;ו;ל;ח;י;ר;ו;ו;ד;ו;ה;ת;י;ז;כ;י;ה;י;ו;ו;(15, 14, 7, 11, 9201)
י;ח;י;ו;ל;צ;ב;י;ב;ש;י;ו;ב;ש;י;ן;ו;נ;ב;ל;(15, 14, 7, 31, 9221)
י;כ;ו;ר;כ;ז;ן;פ;ג;כ;ו;ח;ר;פ;י;ו;ן;ג;ד;ו;(15, 14, 8, 16, 9241)
ל;ד;ו;ע;י;ל;ה;מ;ם;י;ר;פ;א;ן;ו;נ;ב;ל;ן;י;(15, 14, 8, 36, 9261)
ו;נ;ר;ו;ש;א;ו;י;ת;י;נ;ע;י;נ;א;ם;י;ב;צ;ע;(15, 14, 9, 14, 9281)
ך;י;ר;פ;י;נ;מ;מ;ן;נ;ע;ר;ש;ו;ר;ב;כ;י;נ;א;(15, 14, 9, 34, 9301)
ן;ו;ב;נ;ה;ל;א;ן;ב;י;ו;ם;כ;ח;י;מ;א;צ;מ;נ;(15, 14, 9, 54, 9321)
ה;ו;ה;י;י;כ;ר;ד;ם;י;ר;ש;י;י;כ;ם;ע;ד;י;ו;(15, 14, 10, 17, 9341)
כ;י;ם;י;ע;ש;פ;ו;ם;ב;ו;כ;ל;י;ם;י;ק;ד;צ;ו;(15, 14, 10, 37, 9361)
 ; ; ; ; ; ; ; ; ; ; ; ; ; ; ;ם;ב;ו;ל;ש;(15, 14, 10, 57, 9381)
