ב;ל;א;ו;י;ל;א;ה;י;ה;ר;ש;א;ה;ו;ה;י;ר;ב;ד
ו;ם;י;נ;ק;ז;ה;ת;א;ז;ו;ע;מ;ש;ל;א;ו;ת;פ;ן
י;ה;ה;ץ;ר;א;ה;י;ב;ש;ו;י;ל;כ;ו;נ;י;ז;א;ה
ב;א;י;מ;י;ב;ם;א;ו;ם;כ;י;מ;י;ב;ת;א;ז;ה;ת
ב;ו;ו;ר;פ;ס;ם;כ;י;נ;ב;ל;ה;י;ל;ע;ם;כ;י;ת
ר;ו;ד;ל;ם;ה;י;נ;ב;ו;ם;ה;י;נ;ב;ל;ם;כ;י;נ
י;ו;ה;ב;ר;א;ה;ל;כ;א;ם;ז;ג;ה;ר;ת;י;ר;ח;א
י;ה;ר;ת;י;ו;ק;ל;י;ה;ל;כ;א;ה;ב;ר;א;ה;ר;ת
י;ר;ו;כ;ש;ו;צ;י;ק;ה;ל;י;ס;ח;ה;ל;כ;א;ק;ל
ע;ן;י;י;י;ת;ש;ל;כ;ו;ל;ל;י;ה;ו;ו;כ;ב;ו;ם
ו;ג;י;כ;ם;כ;י;פ;מ;ת;ר;כ;נ;י;כ;ס;י;ס;ע;ל
ס;מ;ן;י;א;ו;ם;ו;צ;ע;י;צ;ר;א;ל;ע;ה;ל;ע;י
ת;ו;ע;ל;ת;מ;ו;ה;י;ר;א;י;נ;ש;ו;י;נ;ש;ר;פ
נ;א;ת;ו;ה;מ;ש;ל;י;נ;פ;ג;ם;ש;ו;ל;א;י;ב;ל
ך;י;ל;ש;ה;ו;ה;פ;ש;ח;ף;ש;ח;ה;פ;צ;ק;ל;י;ת
ל;ו;ת;ב;כ;י;ל;א;ה;י;ג;י;ר;ש;ו;נ;י;ב;ל;ה
כ;ה;ה;י;ר;ו;ע;נ;ל;ע;ב;ל;ע;ק;ש;ת;ר;ג;ח;ה
ב;א;ה;ו;ה;י;ת;י;ב;מ;ך;ס;נ;ו;ה;ח;נ;מ;ת;ר
ד;ד;ש;ה;ו;ה;י;י;ת;ר;ש;מ;ם;י;נ;ה;כ;ה;ו;ל
ה;ן;ג;ד;ד;ד;ש;י;כ;ה;מ;ד;א;ה;ל;ב;א;ה;ד;ש
י;ב;ה;ר;ה;צ;י;ל;ל;מ;א;ש;ו;ר;י;ת;ש;י;ב;ו
ל;ע;ם;י;מ;ר;כ;ו;ל;י;ל;י;ה;ם;י;ר;כ;א;ו;ש
ש;ר;י;צ;ק;ד;ב;א;י;כ;ה;ר;ע;ש;ל;ע;ו;ה;ט;ח
מ;א;ה;נ;א;ת;ה;ו;ה;ש;י;ב;ו;ה;ן;פ;ג;ה;ה;ד
ע;ל;כ;ח;ו;פ;ת;ו;ר;מ;ת;ם;ג;ן;ו;מ;ר;ה;ל;ל
ן;ו;ש;ש;ש;י;ב;ה;י;כ;ו;ש;ב;י;ה;ד;ש;ה;י;צ
ה;כ;ה;ו;ד;פ;ס;ו;ו;ר;ג;ח;ם;ד;א;י;נ;ב;ן;מ
א;ב;ח;ב;ז;מ;י;ת;ר;ש;מ;ו;ל;י;ל;י;ה;ם;י;נ
כ;י;ה;ל;א;י;ת;ר;ש;מ;ם;י;ק;ש;ב;ו;נ;י;ל;ו
ו;ה;ח;נ;מ;ם;כ;י;ה;ל;א;ת;י;ב;מ;ע;נ;מ;נ;י
ס;א;ה;ר;צ;ע;ו;א;ר;ק;ם;ו;צ;ו;ש;ד;ק;ך;ס;נ
ת;י;ב;ץ;ר;א;ה;י;ב;ש;י;ל;כ;ם;י;נ;ק;ז;ו;פ
ו;ה;י;ל;א;ו;ק;ע;ז;ו;ם;כ;י;ה;ל;א;ה;ו;ה;י
ו;ה;י;ם;ו;י;ב;ו;ר;ק;י;כ;ם;ו;י;ל;ה;ה;א;ה
ד;ג;נ;א;ו;ל;ה;א;ו;ב;י;י;ד;ש;מ;ד;ש;כ;ו;ה
ה;ל;א;ת;י;ב;מ;ת;ר;כ;נ;ל;כ;א;ו;נ;י;נ;י;ע
ת;ו;ד;ר;פ;ו;ש;ב;ע;ל;י;ג;ו;ה;ח;מ;ש;ו;נ;י
ת;ו;ר;צ;א;ו;מ;ש;נ;ם;ה;י;ת;פ;ר;ג;מ;ת;ח;ת
ן;ג;ד;ש;י;ב;ה;י;כ;ת;ו;ר;ג;מ;מ;ו;ס;ר;ה;נ
ב;י;ר;ד;ע;ו;כ;ב;נ;ה;מ;ה;ב;ה;ח;נ;א;נ;ה;מ
י;ר;ד;ע;ם;ג;ם;ה;ל;ה;ע;ר;מ;ן;י;א;י;כ;ר;ק
ר;ק;א;ה;ו;ה;י;ך;י;ל;א;ו;מ;ש;א;נ;ן;א;צ;ה
ה;ל;ו;ר;ב;ד;מ;ת;ו;א;נ;ה;ל;כ;א;ש;א;י;כ;א
מ;ה;ב;ם;ג;ה;ד;ש;ה;י;צ;ע;ל;כ;ה;ט;ה;ל;ה;ב
ו;ש;ב;י;י;כ;ך;י;ל;א;ג;ו;ר;ע;ת;ה;ד;ש;ת;ו
ה;ת;ו;א;נ;ה;ל;כ;א;ש;א;ו;ם;י;מ;י;ק;י;פ;א
ר;ה;ו;ן;ו;י;צ;ב;ר;פ;ו;ש;ו;ע;ק;ת;ר;ב;ד;מ
ב;ש;י;ל;כ;ו;ז;ג;ר;י;י;ש;ד;ק;ר;ה;ב;ו;ע;י
ר;ק;י;כ;ה;ו;ה;י;ם;ו;י;א;ב;י;כ;ץ;ר;א;ה;י
ו;ן;נ;ע;ם;ו;י;ה;ל;פ;א;ו;ך;ש;ח;ם;ו;י;ב;ו
ם;ע;ם;י;ר;ה;ה;ל;ע;ש;ר;פ;ר;ח;ש;כ;ל;פ;ר;ע
ה;ן;מ;ה;י;ה;נ;א;ל;ו;ה;מ;כ;ם;ו;צ;ע;ו;ב;ר
נ;ש;ד;ע;ף;ס;ו;י;א;ל;ו;י;ר;ח;א;ו;ם;ל;ו;ע
ו;ש;א;ה;ל;כ;א;ו;י;נ;פ;ל;ר;ו;ד;ו;ר;ו;ד;י
ה;ן;ד;ע;ן;ג;כ;ה;ב;ה;ל;ט;ה;ל;ת;ו;י;ר;ח;א
מ;ש;ר;ב;ד;מ;ו;י;ר;ח;א;ו;ו;י;נ;פ;ל;ץ;ר;א
מ;כ;ו;ל;ה;ת;י;ה;א;ל;ה;ט;י;ל;פ;ם;ג;ו;ה;מ
ם;י;ש;ר;פ;כ;ו;ו;ה;א;ר;מ;ם;י;ס;ו;ס;ה;א;ר
ל;ע;ת;ו;ב;כ;ר;מ;ל;ו;ק;כ;ן;ו;צ;ו;ר;י;ן;כ
ל;ל;ו;ק;כ;ן;ו;ד;ק;ר;י;ם;י;ר;ה;ה;י;ש;א;ר
ו;ר;ע;ם;ו;צ;ע;ם;ע;כ;ש;ק;ה;ל;כ;א;ש;א;ב;ה
ם;י;מ;ע;ו;ל;י;ח;י;ו;י;נ;פ;מ;ה;מ;ח;ל;מ;ך
ר;ו;ב;ג;כ;ר;ו;ר;א;פ;ו;צ;ב;ק;ם;י;נ;פ;ל;כ
ל;ע;י;ה;מ;ח;ל;מ;י;ש;נ;א;כ;ן;ו;צ;ר;י;ם;י
ן;ו;כ;ל;י;ו;י;כ;ר;ד;ב;ש;י;א;ו;ה;מ;ו;ח;ו
א;ש;י;א;ו;ם;ת;ו;ח;ר;א;ן;ו;ט;ב;ע;י;א;ל;ו
ו;ת;ל;ס;מ;ב;ר;ב;ג;ן;ו;ק;ח;ד;י;א;ל;ו;י;ח
י;א;ל;ו;ל;פ;י;ח;ל;ש;ה;ד;ע;ב;ו;ן;ו;כ;ל;י
צ;ר;י;ה;מ;ו;ח;ב;ו;ק;ש;י;ר;י;ע;ב;ו;ע;צ;ב
י;נ;ו;ל;ח;ה;ד;ע;ב;ו;ל;ע;י;ם;י;ת;ב;ב;ן;ו
ר;א;ה;ז;ג;ר;ו;י;נ;פ;ל;ב;נ;ג;כ;ו;א;ב;י;ם
ו;ר;ד;ק;ח;ר;י;ו;ש;מ;ש;ם;י;מ;ש;ו;ש;ע;ר;ץ
ה;ו;ה;י;ו;ם;ה;ג;נ;ו;פ;ס;א;ם;י;ב;כ;ו;כ;ו
מ;ב;ר;י;כ;ו;ל;י;ח;י;נ;פ;ל;ו;ל;ו;ק;ן;ת;נ
ו;ר;ב;ד;ה;ש;ע;ם;ו;צ;ע;י;כ;ו;ה;נ;ח;מ;ד;א
א;מ;א;ר;ו;נ;ו;ה;ו;ה;י;ם;ו;י;ל;ו;ד;ג;י;כ
י;ם;א;נ;ה;ת;ע;ם;ג;ו;ו;נ;ל;י;כ;י;י;מ;ו;ד
צ;ב;ו;ם;כ;ב;ב;ל;ל;כ;ב;י;ד;ע;ו;ב;ש;ה;ו;ה
ב;ל;ו;ע;ר;ק;ו;ד;פ;ס;מ;ב;ו;י;כ;ב;ב;ו;ם;ו
י;ל;א;ו;ב;ו;ש;ו;ם;כ;י;ד;ג;ב;ל;א;ו;ם;כ;ב
ם;ו;ח;ר;ו;ן;ו;נ;ח;י;כ;ם;כ;י;ה;ל;א;ה;ו;ה
ם;ח;נ;ו;ד;ס;ח;ב;ר;ו;ם;י;פ;א;ך;ר;א;א;ו;ה
ם;ח;נ;ו;ב;ו;ש;י;ע;ד;ו;י;י;מ;ה;ע;ר;ה;ל;ע
ו;ה;ח;נ;מ;ה;כ;ר;ב;ו;י;ר;ח;א;ר;י;א;ש;ה;ו
ו;ש;ו;ע;ק;ת;ם;כ;י;ה;ל;א;ה;ו;ה;י;ל;ך;ס;נ
צ;ע;ו;א;ר;ק;ם;ו;צ;ו;ש;ד;ק;ן;ו;י;צ;ב;ר;פ
ז;ו;צ;ב;ק;ל;ה;ק;ו;ש;ד;ק;ם;ע;ו;פ;ס;א;ה;ר
ש;י;ק;נ;י;ו;ם;י;ל;ל;ו;ע;ו;פ;ס;א;ם;י;נ;ק
ח;מ;ה;ל;כ;ו;ו;ר;ד;ח;מ;ן;ת;ח;א;צ;י;ם;י;ד
כ;ב;י;ח;ב;ז;מ;ל;ו;ם;ל;ו;א;ה;ן;י;ב;ה;ת;פ
מ;א;י;ו;ה;ו;ה;י;י;ת;ר;ש;מ;ם;י;נ;ה;כ;ה;ו
ת;ת;ל;א;ו;ך;מ;ע;ל;ע;ה;ו;ה;י;ה;ס;ו;ח;ו;ר
י;ו;ג;ם;ב;ל;ש;מ;ל;ה;פ;ר;ח;ל;ך;ת;ל;ח;נ;ן
ה;ל;א;ה;י;א;ם;י;מ;ע;ב;ו;ר;מ;א;י;ה;מ;ל;ם
ח;י;ו;ו;צ;ר;א;ל;ה;ו;ה;י;א;נ;ק;י;ו;ם;ה;י
ר;מ;א;י;ו;ה;ו;ה;י;ן;ע;י;ו;ו;מ;ע;ל;ע;ל;מ
ן;ג;ד;ה;ת;א;ם;כ;ל;ח;ל;ש;י;נ;נ;ה;ו;מ;ע;ל
א;ם;ת;ע;ב;ש;ו;ר;ה;צ;י;ה;ו;ש;ו;ר;י;ת;ה;ו
ב;ה;פ;ר;ח;ד;ו;ע;ם;כ;ת;א;ן;ת;א;א;ל;ו;ו;ת
ע;מ;ק;י;ח;ר;א;י;נ;ו;פ;צ;ה;ת;א;ו;ם;י;ו;ג
ו;ה;י;צ;ץ;ר;א;ל;א;ו;י;ת;ח;ד;ה;ו;ם;כ;י;ל
נ;מ;ד;ק;ה;ם;י;ה;ל;א;ו;י;נ;פ;ת;א;ה;מ;מ;ש
ה;ל;ע;ו;ן;ו;ר;ח;א;ה;ם;י;ה;ל;א;ו;פ;ס;ו;י
ל;י;ד;ג;ה;י;כ;ו;ת;נ;ח;צ;ל;ע;ת;ו;ו;ש;א;ב
י;ל;י;ג;ה;מ;ד;א;י;א;ר;י;ת;ל;א;ת;ו;ש;ע;ל
ו;ש;ע;ל;ה;ו;ה;י;ל;י;ד;ג;ה;י;כ;י;ח;מ;ש;ו
ש;ד;י;כ;י;ד;ש;ת;ו;מ;ה;ב;ו;א;ר;י;ת;ל;א;ת
י;ר;פ;א;ש;נ;ץ;ע;י;כ;ר;ב;ד;מ;ת;ו;א;נ;ו;א
נ;ב;ו;ם;ל;י;ח;ו;נ;ת;נ;ן;פ;ג;ו;ה;נ;א;ת;ו
א;ה;ו;ה;י;ב;ו;ח;מ;ש;ו;ו;ל;י;ג;ן;ו;י;צ;י
ה;ר;ו;מ;ה;ת;א;ם;כ;ל;ן;ת;נ;י;כ;ם;כ;י;ה;ל
ה;ר;ו;מ;ם;ש;ג;ם;כ;ל;ד;ר;ו;י;ו;ה;ק;ד;צ;ל
ר;ג;ה;ו;א;ל;מ;ו;ן;ו;ש;א;ר;ב;ש;ו;ק;ל;מ;ו
ר;י;ת;ם;י;ב;ק;י;ה;ו;ק;י;ש;ה;ו;ר;ב;ת;ו;נ
ש;ה;ת;א;ם;כ;ל;י;ת;מ;ל;ש;ו;ר;ה;צ;י;ו;ש;ו
ה;ו;ק;ל;י;ה;ה;ב;ר;א;ה;ל;כ;א;ר;ש;א;ם;י;נ
ש;א;ל;ו;ד;ג;ה;י;ל;י;ח;ם;ז;ג;ה;ו;ל;י;ס;ח
ו;ל;ו;כ;א;ם;ת;ל;כ;א;ו;ם;כ;ב;י;ת;ח;ל;ש;ר
ל;א;ה;ו;ה;י;ם;ש;ת;א;ם;ת;ל;ל;ה;ו;ע;ו;ב;ש
א;י;ל;פ;ה;ל;ם;כ;מ;ע;ה;ש;ע;ר;ש;א;ם;כ;י;ה
ת;ע;ד;י;ו;ם;ל;ו;ע;ל;י;מ;ע;ו;ש;ב;י;א;ל;ו
י;י;נ;א;ו;י;נ;א;ל;א;ר;ש;י;ב;ר;ק;ב;י;כ;ם
י;א;ל;ו;ד;ו;ע;ן;י;א;ו;ם;כ;י;ה;ל;א;ה;ו;ה
כ;י;ר;ח;א;ה;י;ה;ו;ם;ל;ו;ע;ל;י;מ;ע;ו;ש;ב
ו;ר;ש;ב;ל;כ;ל;ע;י;ח;ו;ר;ת;א;ך;ו;פ;ש;א;ן
נ;ק;ז;ם;כ;י;ת;ו;נ;ב;ו;ם;כ;י;נ;ב;ו;א;ב;נ
כ;י;ר;ו;ח;ב;ן;ו;מ;ל;ח;י;ת;ו;מ;ל;ח;ם;כ;י
ד;ב;ע;ה;ל;ע;ם;ג;ו;ו;א;ר;י;ת;ו;נ;י;ז;ח;ם
ה;מ;ה;ה;ם;י;מ;י;ב;ת;ו;ח;פ;ש;ה;ל;ע;ו;ם;י
ת;פ;ו;מ;י;ת;ת;נ;ו;י;ח;ו;ר;ת;א;ך;ו;פ;ש;א
י;ת;ו;ש;א;ו;ם;ד;ץ;ר;א;ב;ו;ם;י;מ;ש;ב;ם;י
ו;ך;ש;ח;ל;ך;פ;ה;י;ש;מ;ש;ה;ן;ש;ע;ת;ו;ר;מ
ו;ה;י;ם;ו;י;א;ו;ב;י;נ;פ;ל;ם;ד;ל;ח;ר;י;ה
ש;א;ל;כ;ה;י;ה;ו;א;ר;ו;נ;ה;ו;ל;ו;ד;ג;ה;ה
ה;ב;י;כ;ט;ל;מ;י;ה;ו;ה;י;ם;ש;ב;א;ר;ק;י;ר
י;ל;פ;ה;י;ה;ת;ם;ל;ש;ו;ר;י;ב;ו;ן;ו;י;צ;ר
י;ד;י;ר;ש;ב;ו;ה;ו;ה;י;ר;מ;א;ר;ש;א;כ;ה;ט
י;מ;י;ב;ה;נ;ה;י;כ;א;ר;ק;ה;ו;ה;י;ר;ש;א;ם
ב;ו;ש;א;ר;ש;א;א;י;ה;ה;ת;ע;ב;ו;ה;מ;ה;ה;ם
ק;ו;ם;ל;ש;ו;ר;י;ו;ה;ד;ו;ה;י;ת;ו;ב;ש;ת;א
י;ת;ד;ר;ו;ה;ו;ם;י;ו;ג;ה;ל;כ;ת;א;י;ת;צ;ב
ע;י;ת;ט;פ;ש;נ;ו;ט;פ;ש;ו;ה;י;ק;מ;ע;ל;א;ם
ל;א;ר;ש;י;י;ת;ל;ח;נ;ו;י;מ;ע;ל;ע;ם;ש;ם;מ
ח;י;צ;ר;א;ת;א;ו;ם;י;ו;ג;ב;ו;ר;ז;פ;ר;ש;א
נ;ת;י;ו;ל;ר;ו;ג;ו;ד;י;י;מ;ע;ל;א;ו;ו;ק;ל
ו;ר;כ;מ;ה;ד;ל;י;ה;ו;ה;נ;ו;ז;ב;ד;ל;י;ה;ו
צ;י;ל;ם;ת;א;ה;מ;ם;ג;ו;ו;ת;ש;י;ו;ן;י;י;ב
ת;ש;ל;פ;ת;ו;ל;י;ל;ג;ל;כ;ו;ן;ו;ד;י;צ;ו;ר
ם;א;ו;י;ל;ע;ם;י;מ;ל;ש;מ;ם;ת;א;ל;ו;מ;ג;ה
י;ש;א;ה;ר;ה;מ;ל;ק;י;ל;ע;ם;ת;א;ם;י;ל;מ;ג
ו;י;פ;ס;כ;ר;ש;א;ם;כ;ש;א;ר;ב;ם;כ;ל;מ;ג;ב
ם;י;ב;ט;ה;י;ד;מ;ח;מ;ו;ם;ת;ח;ק;ל;י;ב;ה;ז
ו;ה;י;י;נ;ב;ו;ם;כ;י;ל;כ;י;ה;ל;ם;ת;א;ב;ה
נ;ב;ל;ם;ת;ר;כ;מ;ם;ל;ש;ו;ר;י;י;נ;ב;ו;ה;ד
ל;ע;מ;ם;ק;י;ח;ר;ה;ן;ע;מ;ל;ם;י;נ;ו;י;ה;י
ו;ק;מ;ה;ן;מ;ם;ר;י;ע;מ;י;נ;נ;ה;ם;ל;ו;ב;ג
ת;ב;ש;ה;ו;ה;מ;ש;ם;ת;א;ם;ת;ר;כ;מ;ר;ש;א;ם
ת;א;י;ת;ר;כ;מ;ו;ם;כ;ש;א;ר;ב;ם;כ;ל;מ;ג;י
נ;ב;ד;י;ב;ם;כ;י;ת;ו;נ;ב;ת;א;ו;ם;כ;י;נ;ב
ל;א;ם;י;א;ב;ש;ל;ם;ו;ר;כ;מ;ו;ה;ד;ו;ה;י;י
ו;א;ר;ק;ר;ב;ד;ה;ו;ה;י;י;כ;ק;ו;ח;ר;י;ו;ג
י;ע;ה;ה;מ;ח;ל;מ;ו;ש;ד;ק;ם;י;ו;ג;ב;ת;א;ז
א;ל;כ;ו;ל;ע;י;ו;ש;ג;י;ם;י;ר;ו;ב;ג;ה;ו;ר
ר;ח;ל;ם;כ;י;ת;א;ו;ת;כ;ה;מ;ח;ל;מ;ה;י;ש;נ
ח;ה;ם;י;ח;מ;ר;ל;ם;כ;י;ת;ר;מ;ז;מ;ו;ת;ו;ב
א;ב;ו;ו;ש;ו;ע;י;נ;א;ר;ו;ב;ג;ר;מ;א;י;ש;ל
ש;ו;צ;ב;ק;נ;ו;ב;י;ב;ס;מ;ם;י;ו;ג;ה;ל;כ;ו
ר;ו;ע;י;ך;י;ר;ו;ב;ג;ה;ו;ה;י;ת;ח;נ;ה;ה;מ
ש;ו;ה;י;ק;מ;ע;ל;א;ם;י;ו;ג;ה;ו;ל;ע;י;ו;ו
ו;ג;ה;ל;כ;ת;א;ט;פ;ש;ל;ב;ש;א;ם;ש;י;כ;ט;פ
ק;ל;ש;ב;י;כ;ל;ג;מ;ו;ח;ל;ש;ב;י;ב;ס;מ;ם;י
י;ש;ה;ת;ג;ה;א;ל;מ;י;כ;ו;ד;ר;ו;א;ב;ר;י;צ
ו;מ;ה;ם;ת;ע;ר;ה;ב;ר;י;כ;ם;י;ב;ק;י;ה;ו;ק
י;כ;ץ;ו;ר;ח;ה;ק;מ;ע;ב;ם;י;נ;ו;מ;ה;ם;י;נ
ץ;ו;ר;ח;ה;ק;מ;ע;ב;ה;ו;ה;י;ם;ו;י;ב;ו;ר;ק
ס;א;ם;י;ב;כ;ו;כ;ו;ו;ר;ד;ק;ח;ר;י;ו;ש;מ;ש
ג;א;ש;י;ן;ו;י;צ;מ;ה;ו;ה;י;ו;ם;ה;ג;נ;ו;פ
ו;ש;ע;ר;ו;ו;ל;ו;ק;ן;ת;י;ם;ל;ש;ו;ר;י;מ;ו
מ;ע;ל;ה;ס;ח;מ;ה;ו;ה;י;ו;ץ;ר;א;ו;ם;י;מ;ש
ת;ע;ד;י;ו;ל;א;ר;ש;י;י;נ;ב;ל;ז;ו;ע;מ;ו;ו
ב;ן;כ;ש;ם;כ;י;ה;ל;א;ה;ו;ה;י;י;נ;א;י;כ;ם
ל;ש;ו;ר;י;ה;ת;י;ה;ו;י;ש;ד;ק;ר;ה;ן;ו;י;צ
ו;ע;ה;ב;ו;ר;ב;ע;י;א;ל;ם;י;ר;ז;ו;ש;ד;ק;ם
ר;ה;ה;ו;פ;ט;י;א;ו;ה;ה;ם;ו;י;ב;ה;י;ה;ו;ד
ל;ח;ה;נ;כ;ל;ת;ת;ו;ע;ב;ג;ה;ו;ס;י;ס;ע;ם;י
י;מ;ו;כ;ל;י;ה;ד;ו;ה;י;י;ק;י;פ;א;ל;כ;ו;ב
ש;ה;ו;א;צ;י;ה;ו;ה;י;ת;י;ב;מ;ן;י;ע;מ;ו;ם
מ;ש;ל;ם;י;ר;צ;מ;ם;י;ט;ש;ה;ל;ח;נ;ת;א;ה;ק
ה;מ;מ;ש;ר;ב;ד;מ;ל;ם;ו;ד;א;ו;ה;י;ה;ת;ה;מ
ש;ר;ש;א;ה;ד;ו;ה;י;י;נ;ב;ס;מ;ח;מ;ה;י;ה;ת
ה;ד;ו;ה;י;ו;ם;צ;ר;א;ב;א;י;ק;נ;ם;ד;ו;כ;פ
ו;ר;ו;ד;ל;ם;ל;ש;ו;ר;י;ו;ב;ש;ת;ם;ל;ו;ע;ל
ו;י;ת;י;ק;נ;א;ל;ם;מ;ד;י;ת;י;ק;נ;ו;ר;ו;ד
 ; ; ; ; ; ; ; ;ן;ו;י;צ;ב;ן;כ;ש;ה;ו;ה;י
