ד;י;ב;ל;א;ר;ש;י;ל;א;ה;ו;ה;י;ר;ב;ד;א;ש;מ
ו;ה;י;ר;מ;א;ם;כ;ת;א;י;ת;ב;ה;א;י;כ;א;ל;מ
א;ו;ל;ה;ו;נ;ת;ב;ה;א;ה;מ;ב;ם;ת;ר;מ;א;ו;ה
ה;א;ו;ה;ו;ה;י;ם;א;נ;ב;ק;ע;י;ל;ו;ש;ע;ח;א
א;ו;י;ת;א;נ;ש;ו;ש;ע;ת;א;ו;ב;ק;ע;י;ת;א;ב
ת;ל;ח;נ;ת;א;ו;ה;מ;מ;ש;ו;י;ר;ה;ת;א;ם;י;ש
ם;ו;ד;א;ר;מ;א;ת;י;כ;ר;ב;ד;מ;ת;ו;נ;ת;ל;ו
ת;ו;ב;ר;ח;ה;נ;ב;נ;ו;ב;ו;ש;נ;ו;ו;נ;ש;ש;ר
נ;ב;י;ה;מ;ה;ת;ו;א;ב;צ;ה;ו;ה;י;ר;מ;א;ה;כ
ב;ג;ם;ה;ל;ו;א;ר;ק;ו;ס;ו;ר;ה;א;י;נ;א;ו;ו
ה;ו;ה;י;ם;ע;ז;ר;ש;א;ם;ע;ה;ו;ה;ע;ש;ר;ל;ו
ו;ה;נ;י;א;ר;ת;ם;כ;י;נ;י;ע;ו;ם;ל;ו;ע;ד;ע
ל;ל;ע;מ;ה;ו;ה;י;ל;ד;ג;י;ו;ר;מ;א;ת;ם;ת;א
ב;ע;ו;ב;א;ד;ב;כ;י;ן;ב;ל;א;ר;ש;י;ל;ו;ב;ג
ו;ב;כ;ה;י;א;י;נ;א;ב;א;ם;א;ו;ו;י;נ;ד;א;ד
ר;ו;מ;ה;י;א;י;נ;א;ם;י;נ;ו;ד;א;ם;א;ו;י;ד
ה;כ;ה;ם;כ;ל;ת;ו;א;ב;צ;ה;ו;ה;י;ר;מ;א;י;א
ב;ה;מ;ב;ם;ת;ר;מ;א;ו;י;מ;ש;י;ז;ו;ב;ם;י;נ
ב;ז;מ;ל;ע;ם;י;ש;י;ג;מ;ך;מ;ש;ת;א;ו;נ;י;ז
א;ג;ה;מ;ב;ם;ת;ר;מ;א;ו;ל;א;ג;מ;ם;ח;ל;י;ח
ב;נ;ה;ו;ה;י;ן;ח;ל;ש;ם;כ;ר;מ;א;ב;ך;ו;נ;ל
ח;ב;ז;ל;ר;ו;ע;ן;ו;ש;ג;ת;י;כ;ו;א;ו;ה;ה;ז
ה;ל;ח;ו;ח;ס;פ;ו;ש;י;ג;ת;י;כ;ו;ע;ר;ן;י;א
ה;ך;ת;ח;פ;ל;א;נ;ו;ה;ב;י;ר;ק;ה;ע;ר;ן;י;א
ו;ה;י;ר;מ;א;ך;י;נ;פ;א;ש;י;ה;ו;א;ך;צ;ר;י
ל;א;י;נ;פ;א;נ;ו;ל;ח;ה;ת;ע;ו;ת;ו;א;ב;צ;ה
י;ה;ת;א;ז;ה;ת;י;ה;ם;כ;ד;י;מ;ו;נ;נ;ח;י;ו
ו;א;ב;צ;ה;ו;ה;י;ר;מ;א;ם;י;נ;פ;ם;כ;מ;א;ש
ל;ו;ם;י;ת;ל;ד;ר;ג;ס;י;ו;ם;כ;ב;ם;ג;י;מ;ת
ח;י;ל;ן;י;א;ם;נ;ח;י;ח;ב;ז;מ;ו;ר;י;א;ת;א
נ;מ;ו;ת;ו;א;ב;צ;ה;ו;ה;י;ר;מ;א;ם;כ;ב;ץ;פ
ח;ר;ז;מ;מ;י;כ;ם;כ;ד;י;מ;ה;צ;ר;א;א;ל;ה;ח
ג;ב;י;מ;ש;ל;ו;ד;ג;ו;א;ו;ב;מ;ד;ע;ו;ש;מ;ש
ש;ל;ש;ג;מ;ר;ט;ק;מ;ם;ו;ק;מ;ל;כ;ב;ו;ם;י;ו
מ;ש;ל;ו;ד;ג;י;כ;ה;ר;ו;ה;ט;ה;ח;נ;מ;ו;י;מ
א;ו;ת;ו;א;ב;צ;ה;ו;ה;י;ר;מ;א;ם;י;ו;ג;ב;י
ל;ש;ם;כ;ר;מ;א;ב;ו;ת;ו;א;ם;י;ל;ל;ח;מ;ם;ת
ב;נ;ו;ב;י;נ;ו;א;ו;ה;ל;א;ג;מ;י;נ;ד;א;ן;ח
ה;א;ל;ת;מ;ה;נ;ה;ם;ת;ר;מ;א;ו;ו;ל;כ;א;ה;ז
א;ב;צ;ה;ו;ה;י;ר;מ;א;ו;ת;ו;א;ם;ת;ח;פ;ה;ו
ו;ח;ס;פ;ה;ת;א;ו;ל;ו;ז;ג;ם;ת;א;ב;ה;ו;ת;ו
ה;ח;נ;מ;ה;ת;א;ם;ת;א;ב;ה;ו;ה;ל;ו;ח;ה;ת;א
ו;ה;י;ר;מ;א;ם;כ;ד;י;מ;ה;ת;ו;א;ה;צ;ר;א;ה
כ;ז;ו;ר;ד;ע;ב;ש;י;ו;ל;כ;ו;נ;ר;ו;ר;א;ו;ה
י;כ;י;נ;ד;א;ל;ת;ח;ש;מ;ח;ב;ז;ו;ר;ד;נ;ו;ר
א;ב;צ;ה;ו;ה;י;ר;מ;א;י;נ;א;ל;ו;ד;ג;ך;ל;מ
א;ה;ת;ע;ו;ם;י;ו;ג;ב;א;ר;ו;נ;י;מ;ש;ו;ת;ו
א;ם;י;נ;ה;כ;ה;ת;א;ז;ה;ה;ו;צ;מ;ה;ם;כ;י;ל
ל;ע;ו;מ;י;ש;ת;א;ל;ם;א;ו;ו;ע;מ;ש;ת;א;ל;ם
ה;ו;ה;י;ר;מ;א;י;מ;ש;ל;ד;ו;ב;כ;ת;ת;ל;ב;ל
ר;א;מ;ה;ת;א;ם;כ;ב;י;ת;ח;ל;ש;ו;ת;ו;א;ב;צ
ם;ג;ו;ם;כ;י;ת;ו;כ;ר;ב;ת;א;י;ת;ו;ר;א;ו;ה
ל;ל;ע;ם;י;מ;ש;ם;כ;נ;י;א;י;כ;ה;י;ת;ו;ר;א
ר;ז;ו;ע;ר;ז;ה;ת;א;ם;כ;ל;ר;ע;ג;י;נ;נ;ה;ב
כ;י;ג;ח;ש;ר;פ;ם;כ;י;נ;פ;ל;ע;ש;ר;פ;י;ת;י
כ;ם;ת;ע;ד;י;ו;ו;י;ל;א;ם;כ;ת;א;א;ש;נ;ו;ם
ז;ה;ה;ו;צ;מ;ה;ת;א;ם;כ;י;ל;א;י;ת;ח;ל;ש;י
ר;מ;א;י;ו;ל;ת;א;י;ת;י;ר;ב;ת;ו;י;ה;ל;ת;א
ת;א;ה;ת;י;ה;י;ת;י;ר;ב;ת;ו;א;ב;צ;ה;ו;ה;י
מ;ו;ל;ם;נ;ת;א;ו;ם;ו;ל;ש;ה;ו;ם;י;י;ח;ה;ו
ח;נ;י;מ;ש;י;נ;פ;מ;ו;י;נ;א;ר;י;י;ו;א;ר;ו
ו;ה;י;פ;ב;ה;ת;י;ה;ת;מ;א;ת;ר;ו;ת;א;ו;ה;ת
ל;ש;ב;ו;י;ת;פ;ש;ב;א;צ;מ;נ;א;ל;ה;ל;ו;ע;ו
ם;י;ב;ר;ו;י;ת;א;ך;ל;ה;ר;ו;ש;י;מ;ב;ו;ם;ו
מ;ש;י;ן;ה;כ;י;ת;פ;ש;י;כ;ן;ו;ע;מ;ב;י;ש;ה
ו;ה;י;פ;מ;ו;ש;ק;ב;י;ה;ר;ו;ת;ו;ת;ע;ד;ו;ר
א;ו;א;ו;ה;ת;ו;א;ב;צ;ה;ו;ה;י;ך;א;ל;מ;י;כ
ב;ר;ם;ת;ל;ש;כ;ה;ך;ר;ד;ה;ן;מ;ם;ת;ר;ס;ם;ת
א;י;ו;ל;ה;ת;י;ר;ב;ם;ת;ח;ש;ה;ר;ו;ת;ב;ם;י
ת;ת;נ;י;נ;א;ם;ג;ו;ת;ו;א;ב;צ;ה;ו;ה;י;ר;מ
ה;ל;כ;ל;ם;י;ל;פ;ש;ו;ם;י;ז;ב;נ;ם;כ;ת;א;י
ת;א;ם;י;ר;מ;ש;ם;כ;נ;י;א;ר;ש;א;י;פ;כ;ם;ע
ה;ה;ר;ו;ת;ב;ם;י;נ;פ;ם;י;א;ש;נ;ו;י;כ;ר;ד
א;ל;א;א;ו;ל;ה;ו;נ;ל;כ;ל;ד;ח;א;ב;א;א;ו;ל
א;ב;ש;י;א;ד;ג;ב;נ;ע;ו;ד;מ;ו;נ;א;ר;ב;ד;ח
ד;ג;ב;ו;נ;י;ת;ב;א;ת;י;ר;ב;ל;ל;ח;ל;ו;י;ח
ש;י;ב;ה;ת;ש;ע;נ;ה;ב;ע;ו;ת;ו;ה;ד;ו;ה;י;ה
ד;ו;ה;י;ל;ל;ח;י;כ;ם;ל;ש;ו;ר;י;ב;ו;ל;א;ר
ת;ב;ל;ע;ב;ו;ב;ה;א;ר;ש;א;ה;ו;ה;י;ש;ד;ק;ה
ר;ש;א;ש;י;א;ל;ה;ו;ה;י;ת;ר;כ;י;ר;כ;נ;ל;א
ב;ק;ע;י;י;ל;ה;א;מ;ה;נ;ע;ו;ר;ע;ה;נ;ש;ע;י
ו;ת;ו;א;ב;צ;ה;ו;ה;י;ל;ה;ח;נ;מ;ש;י;ג;מ;ו
א;ה;ע;מ;ד;ת;ו;ס;כ;ו;ש;ע;ת;ת;י;נ;ש;ת;א;ז
י;א;מ;ה;ק;נ;א;ו;י;כ;ב;ה;ו;ה;י;ח;ב;ז;מ;ת
ת;ח;ק;ל;ו;ה;ח;נ;מ;ה;ל;א;ת;ו;נ;פ;ד;ו;ע;ן
ע;ה;מ;ל;ע;ם;ת;ר;מ;א;ו;ם;כ;ד;י;מ;ן;ו;צ;ר
א;ן;י;ב;ו;ך;נ;י;ב;ד;י;ע;ה;ה;ו;ה;י;י;כ;ל
ב;ה;ת;ד;ג;ב;ה;ת;א;ר;ש;א;ך;י;ר;ו;ע;נ;ת;ש
ו;ך;ת;י;ר;ב;ת;ש;א;ו;ך;ת;ר;ב;ח;א;י;ה;ו;ה
ה;מ;ו;ו;ל;ח;ו;ר;ר;א;ש;ו;ה;ש;ע;ד;ח;א;א;ל
מ;ש;נ;ו;ם;י;ה;ל;א;ע;ר;ז;ש;ק;ב;מ;ד;ח;א;ה
ך;י;ר;ו;ע;נ;ת;ש;א;ב;ו;ם;כ;ח;ו;ר;ב;ם;ת;ר
ו;ה;י;ר;מ;א;ח;ל;ש;א;נ;ש;י;כ;ד;ג;ב;י;ל;א
ל;ל;ע;ס;מ;ח;ה;ס;כ;ו;ל;א;ר;ש;י;י;ה;ל;א;ה
מ;ש;נ;ו;ת;ו;א;ב;צ;ה;ו;ה;י;ר;מ;א;ו;ש;ו;ב
ג;ו;ה;ו;ד;ג;ב;ת;א;ל;ו;ם;כ;ח;ו;ר;ב;ם;ת;ר
ם;ת;ר;מ;א;ו;ם;כ;י;ר;ב;ד;ב;ה;ו;ה;י;ם;ת;ע
ה;ש;ע;ל;כ;ם;כ;ר;מ;א;ב;ו;נ;ע;ג;ו;ה;ה;מ;ב
ו;ה;ם;ה;ב;ו;ה;ו;ה;י;י;נ;י;ע;ב;ב;ו;ט;ע;ר
נ;ה;ט;פ;ש;מ;ה;י;ה;ל;א;ה;י;א;ו;א;ץ;פ;ח;א
נ;פ;ל;ך;ר;ד;ה;נ;פ;ו;י;כ;א;ל;מ;ח;ל;ש;י;נ
ד;א;ה;ו;ל;כ;י;ה;ל;א;א;ו;ב;י;ם;א;ת;פ;ו;י
ה;ך;א;ל;מ;ו;ם;י;ש;ק;ב;מ;ם;ת;א;ר;ש;א;ן;ו
א;ב;ה;נ;ה;ם;י;צ;פ;ח;ם;ת;א;ר;ש;א;ת;י;ר;ב
ל;כ;ל;כ;מ;י;מ;ו;ת;ו;א;ב;צ;ה;ו;ה;י;ר;מ;א
א;ר;ה;ב;ד;מ;ע;ה;י;מ;ו;ו;א;ו;ב;ם;ו;י;ת;א
י;ר;ב;כ;ו;ף;ר;צ;מ;ש;א;כ;א;ו;ה;י;כ;ו;ת;ו
ר;ה;ט;מ;ו;ף;ר;צ;מ;ב;ש;י;ו;ם;י;ס;ב;כ;מ;ת
א;ק;ק;ז;ו;י;ו;ל;י;נ;ב;ת;א;ר;ה;ט;ו;ף;ס;כ
ה;ו;ה;י;ל;ו;י;ה;ו;ף;ס;כ;כ;ו;ב;ה;ז;כ;ם;ת
ל;ה;ב;ר;ע;ו;ה;ק;ד;צ;ב;ה;ח;נ;מ;י;ש;י;ג;מ
ם;ל;ש;ו;ר;י;ו;ה;ד;ו;ה;י;ת;ח;נ;מ;ה;ו;ה;י
ו;י;נ;מ;ד;ק;ם;י;נ;ש;כ;ו;ם;ל;ו;ע;י;מ;י;כ
י;ה;ו;ט;פ;ש;מ;ל;ם;כ;י;ל;א;י;ת;ב;ר;ק;ו;ת
נ;מ;ב;ו;ם;י;פ;ש;כ;מ;ב;ר;ה;מ;מ;ד;ע;י;ת;י
ש;ע;ב;ו;ר;ק;ש;ל;ם;י;ע;ב;ש;נ;ב;ו;ם;י;פ;א
ו;ם;ו;ת;י;ו;ה;נ;מ;ל;א;ר;י;כ;ש;ר;כ;ש;י;ק
ו;ה;י;ר;מ;א;י;נ;ו;א;ר;י;א;ל;ו;ר;ג;י;ט;מ
י;נ;ש;א;ל;ה;ו;ה;י;י;נ;א;י;כ;ת;ו;א;ב;צ;ה
ם;ת;י;ל;כ;א;ל;ב;ק;ע;י;י;נ;ב;ם;ת;א;ו;י;ת
ו;י;ק;ח;מ;ם;ת;ר;ס;ם;כ;י;ת;ב;א;י;מ;י;מ;ל
ה;ב;ו;ש;א;ו;י;ל;א;ו;ב;ו;ש;ם;ת;ר;מ;ש;א;ל
מ;א;ו;ת;ו;א;ב;צ;ה;ו;ה;י;ר;מ;א;ם;כ;י;ל;א
ל;א;ם;ד;א;ע;ב;ק;י;ה;ב;ו;ש;נ;ה;מ;ב;ם;ת;ר
ר;מ;א;ו;י;ת;א;ם;י;ע;ב;ק;ם;ת;א;י;כ;ם;י;ה
ר;ת;ה;ו;ר;ש;ע;מ;ה;ך;ו;נ;ע;ב;ק;ה;מ;ב;ם;ת
י;ת;א;ו;ם;י;ר;א;נ;ם;ת;א;ה;ר;א;מ;ב;ה;מ;ו
ו;א;י;ב;ה;ו;ל;כ;י;ו;ג;ה;ם;י;ע;ב;ק;ם;ת;א
ו;ר;צ;ו;א;ה;ת;י;ב;ל;א;ר;ש;ע;מ;ה;ל;כ;ת;א
א;נ;י;נ;ו;נ;ח;ב;ו;י;ת;י;ב;ב;ף;ר;ט;י;ה;י
א;ל;ם;א;ת;ו;א;ב;צ;ה;ו;ה;י;ר;מ;א;ת;א;ז;ב
ו;ם;י;מ;ש;ה;ת;ו;ב;ר;א;ת;א;ם;כ;ל;ח;ת;פ;א
י;ד;י;ל;ב;ד;ע;ה;כ;ר;ב;ם;כ;ל;י;ת;ק;י;ר;ה
ת;ח;ש;י;א;ל;ו;ל;כ;א;ב;ם;כ;ל;י;ת;ר;ע;ג;ו
ל;כ;ש;ת;א;ל;ו;ה;מ;ד;א;ה;י;ר;פ;ת;א;ם;כ;ל
ב;צ;ה;ו;ה;י;ר;מ;א;ה;ד;ש;ב;ן;פ;ג;ה;ם;כ;ל
כ;ם;י;ו;ג;ה;ל;כ;ם;כ;ת;א;ו;ר;ש;א;ו;ת;ו;א
ו;ה;י;ר;מ;א;ץ;פ;ח;ץ;ר;א;ם;ת;א;ו;י;ה;ת;י
א;ם;כ;י;ר;ב;ד;י;ל;ע;ו;ק;ז;ח;ת;ו;א;ב;צ;ה
ו;נ;ר;ב;ד;נ;ה;מ;ם;ת;ר;מ;א;ו;ה;ו;ה;י;ר;מ
ם;י;ה;ל;א;ד;ב;ע;א;ו;ש;ם;ת;ר;מ;א;ך;י;ל;ע
ו;ו;ת;ר;מ;ש;מ;ו;נ;ר;מ;ש;י;כ;ע;צ;ב;ה;מ;ו
ו;ה;י;י;נ;פ;מ;ת;י;נ;ר;ד;ק;ו;נ;כ;ל;ה;י;כ
י;ר;ש;א;מ;ו;נ;ח;נ;א;ה;ת;ע;ו;ת;ו;א;ב;צ;ה
ם;ג;ה;ע;ש;ר;י;ש;ע;ו;נ;ב;נ;ם;ג;ם;י;ד;ז;ם
ב;ד;נ;ז;א;ו;ט;ל;מ;י;ו;ם;י;ה;ל;א;ו;נ;ח;ב
ו;ו;ה;ע;ר;ת;א;ש;י;א;ה;ו;ה;י;י;א;ר;י;ו;ר
פ;ס;ב;ת;כ;י;ו;ע;מ;ש;י;ו;ה;ו;ה;י;ב;ש;ק;י
ה;ו;ה;י;י;א;ר;י;ל;ו;י;נ;פ;ל;ן;ו;ר;כ;ז;ר
ה;י;ר;מ;א;י;ל;ו;י;ה;ו;ו;מ;ש;י;ב;ש;ח;ל;ו
ה;ש;ע;י;נ;א;ר;ש;א;ם;ו;י;ל;ת;ו;א;ב;צ;ה;ו
י;ר;ש;א;כ;ם;ה;י;ל;ע;י;ת;ל;מ;ח;ו;ה;ל;ג;ס
ש;ו;ו;ת;א;ד;ב;ע;ה;ו;נ;ב;ל;ע;ש;י;א;ל;מ;ח
ע;ש;ר;ל;ק;י;ד;צ;ן;י;ב;ם;ת;י;א;ר;ו;ם;ת;ב
ד;ב;ע;א;ל;ר;ש;א;ל;ם;י;ה;ל;א;ד;ב;ע;ן;י;ב
ר;ו;נ;ת;כ;ר;ע;ב;א;ב;ם;ו;י;ה;ה;נ;ה;י;כ;ו
ה;ע;ש;ר;ה;ש;ע;ל;כ;ו;ם;י;ד;ז;ל;כ;ו;י;ה;ו
י;ר;מ;א;א;ב;ה;ם;ו;י;ה;ם;ת;א;ט;ה;ל;ו;ש;ק
ם;ה;ל;ב;ז;ע;י;א;ל;ר;ש;א;ת;ו;א;ב;צ;ה;ו;ה
ש;י;א;ר;י;ם;כ;ל;ה;ח;ר;ז;ו;ף;נ;ע;ו;ש;ר;ש
ה;י;פ;נ;כ;ב;א;פ;ר;מ;ו;ה;ק;ד;צ;ש;מ;ש;י;מ
ק;ב;ר;מ;י;ל;ג;ע;כ;ם;ת;ש;פ;ו;ם;ת;א;צ;י;ו
ר;פ;א;ו;י;ה;י;י;כ;ם;י;ע;ש;ר;ם;ת;ו;ס;ע;ו
ר;ש;א;ם;ו;י;ב;ם;כ;י;ל;ג;ר;ת;ו;פ;כ;ת;ח;ת
כ;ז;ת;ו;א;ב;צ;ה;ו;ה;י;ר;מ;א;ה;ש;ע;י;נ;א
ת;י;ו;צ;ר;ש;א;י;ד;ב;ע;ה;ש;מ;ת;ר;ו;ת;ו;ר
ק;ח;ל;א;ר;ש;י;ל;כ;ל;ע;ב;ר;ח;ב;ו;ת;ו;א;י
ל;ח;ל;ש;י;כ;נ;א;ה;נ;ה;ם;י;ט;פ;ש;מ;ו;ם;י
א;ו;ב;י;נ;פ;ל;א;י;ב;נ;ה;ה;י;ל;א;ת;א;ם;כ
ה;ו;א;ר;ו;נ;ה;ו;ל;ו;ד;ג;ה;ה;ו;ה;י;ם;ו;י
נ;ב;ב;ל;ו;ם;י;נ;ב;ל;ע;ת;ו;ב;א;ב;ל;ב;י;ש
ת;י;כ;ה;ו;א;ו;ב;א;ן;פ;ם;ת;ו;ב;א;ל;ע;ם;י
 ; ; ; ; ; ; ; ; ; ;ם;ר;ח;ץ;ר;א;ה;ת;א;י
