י;ה;י;ו;ה;י;ל;כ;ח;ן;ב;ה;י;מ;ח;נ;י;ר;ב;ד
י;נ;א;ו;ם;י;ר;ש;ע;ת;נ;ש;ו;ל;ס;כ;ש;ד;ח;ב
ח;א;ב;י;ו;ה;ר;י;ב;ה;ן;ש;ו;ש;ב;י;ת;י;י;ה
מ;ם;י;ש;נ;א;ו;א;ו;ה;י;ח;א;מ;ד;ח;א;י;נ;נ
ם;י;ד;ו;ה;י;ה;ל;ע;ם;ל;א;ש;א;ו;ה;ד;ו;ה;י
י;ב;ש;ה;ן;מ;ו;ר;א;ש;נ;ר;ש;א;ה;ט;י;ל;פ;ה
ש;נ;ה;י;ל;ו;ר;מ;א;י;ו;ם;ל;ש;ו;ר;י;ל;ע;ו
ם;ש;י;ב;ש;ה;ן;מ;ו;ר;א;ש;נ;ר;ש;א;ם;י;ר;א
ה;פ;ר;ח;ב;ו;ה;ל;ד;ג;ה;ע;ר;ב;ה;נ;י;ד;מ;ב
ר;ע;ש;ו;ת;צ;ר;פ;מ;ם;ל;ש;ו;ר;י;ת;מ;ו;ח;ו
ת;א;י;ע;מ;ש;כ;י;ה;י;ו;ש;א;ב;ו;ת;צ;נ;ה;י
ה;כ;ב;א;ו;י;ת;ב;ש;י;ה;ל;א;ה;ם;י;ר;ב;ד;ה
ת;מ;ו;ם;צ;י;ה;א;ו;ם;י;מ;י;ה;ל;ב;א;ת;א;ו
ר;מ;א;ו;ם;י;מ;ש;ה;י;ה;ל;א;י;נ;פ;ל;ל;ל;פ
ה;ל;א;ה;ם;י;מ;ש;ה;י;ה;ל;א;ה;ו;ה;י;א;נ;א
ח;ו;ת;י;ר;ב;ה;ר;מ;ש;א;ר;ו;נ;ה;ו;ל;ו;ד;ג
ו;י;ת;ו;צ;מ;י;ר;מ;ש;ל;ו;ו;י;ב;ה;א;ל;ד;ס
פ;ך;י;נ;י;ע;ו;ת;ב;ש;ק;ך;נ;ז;א;א;נ;י;ה;ת
א;ך;ד;ב;ע;ת;ל;פ;ת;ל;א;ע;מ;ש;ל;ת;ו;ח;ו;ת
ם;ו;י;ה;ך;י;נ;פ;ל;ל;ל;פ;ת;מ;י;כ;נ;א;ר;ש
ע;ל;א;ר;ש;י;י;נ;ב;ל;ע;ה;ל;י;ל;ו;ם;מ;ו;י
י;נ;ב;ת;ו;א;ט;ח;ל;ע;ה;ד;ו;ת;מ;ו;ך;י;ד;ב
ו;י;נ;א;ו;ך;ל;ו;נ;א;ט;ח;ר;ש;א;ל;א;ר;ש;י
ל;ו;נ;ל;ב;ח;ל;ב;ח;ו;נ;א;ט;ח;י;ב;א;ת;י;ב
ה;ת;א;ו;ת;ו;צ;מ;ה;ת;א;ו;נ;ר;מ;ש;א;ל;ו;ך
י;ו;צ;ר;ש;א;ם;י;ט;פ;ש;מ;ה;ת;א;ו;ם;י;ק;ח
ב;ד;ה;ת;א;א;נ;ר;כ;ז;ך;ד;ב;ע;ה;ש;מ;ת;א;ת
מ;א;ל;ך;ד;ב;ע;ה;ש;מ;ת;א;ת;י;ו;צ;ר;ש;א;ר
ם;כ;ת;א;ץ;י;פ;א;י;נ;א;ו;ל;ע;מ;ת;ם;ת;א;ר
מ;ם;ת;ר;מ;ש;ו;י;ל;א;ם;ת;ב;ש;ו;ם;י;מ;ע;ב
נ;ה;י;ה;י;ם;א;ם;ת;א;ם;ת;י;ש;ע;ו;י;ת;ו;צ
צ;ב;ק;א;ם;ש;מ;ם;י;מ;ש;ה;ה;צ;ק;ב;ם;כ;ח;ד
ב;ר;ש;א;ם;ו;ק;מ;ה;ל;א;ם;י;ת;א;ו;ב;ה;ו;ם
ב;ע;ם;ה;ו;ם;ש;י;מ;ש;ת;א;ן;כ;ש;ל;י;ת;ר;ח
ג;ה;ך;ח;כ;ב;ת;י;ד;פ;ר;ש;א;ך;מ;ע;ו;ך;י;ד
י;נ;ד;א;א;נ;א;ה;ק;ז;ח;ה;ך;ד;י;ב;ו;ל;ו;ד
ע;ת;ל;פ;ת;ל;א;ת;ב;ש;ק;ך;נ;ז;א;א;נ;י;ה;ת
י;צ;פ;ח;ה;ך;י;ד;ב;ע;ת;ל;פ;ת;ל;א;ו;ך;ד;ב
א;נ;ה;ח;י;ל;צ;ה;ו;ך;מ;ש;ת;א;ה;א;ר;י;ל;ם
ם;י;מ;ח;ר;ל;ו;ה;נ;ת;ו;ם;ו;י;ה;ך;ד;ב;ע;ל
י;ת;י;י;ה;י;נ;א;ו;ה;ז;ה;ש;י;א;ה;י;נ;פ;ל
ן;ס;י;נ;ש;ד;ח;ב;י;ה;י;ו;ך;ל;מ;ל;ה;ק;ש;מ
ל;מ;ה;א;ת;ס;ש;ח;ת;ר;א;ל;ם;י;ר;ש;ע;ת;נ;ש
ו;ן;י;י;ה;ת;א;א;ש;א;ו;ו;י;נ;פ;ל;ן;י;י;ך
פ;ל;ע;ר;י;ת;י;י;ה;א;ל;ו;ך;ל;מ;ל;ה;נ;ת;א
נ;פ;ע;ו;ד;מ;ך;ל;מ;ה;י;ל;ר;מ;א;י;ו;ו;י;נ
י;א;ה;ל;ו;ח;ך;נ;י;א;ה;ת;א;ו;ם;י;ע;ר;ך;י
ה;ב;ר;ה;א;ר;י;א;ו;ב;ל;ע;ר;ם;א;י;כ;ה;ז;ן
ם;ל;ו;ע;ל;ך;ל;מ;ה;ך;ל;מ;ל;ר;מ;א;ו;ד;א;מ
ר;ש;א;י;נ;פ;ו;ע;ר;י;א;ל;ע;ו;ד;מ;ה;י;ח;י
ה;ב;ר;ח;י;ת;ב;א;ת;ו;ר;ב;ק;ת;י;ב;ר;י;ע;ה
י;ל;ר;מ;א;י;ו;ש;א;ב;ו;ל;כ;א;ה;י;ר;ע;ש;ו
ת;א;ו;ש;ק;ב;מ;ה;ת;א;ה;ז;ה;מ;ל;ע;ך;ל;מ;ה
מ;ל;ר;מ;א;ו;ם;י;מ;ש;ה;י;ה;ל;א;ל;א;ל;ל;פ
ב;ט;י;י;ם;א;ו;ב;ו;ט;ך;ל;מ;ה;ל;ע;ם;א;ך;ל
ל;א;י;נ;ח;ל;ש;ת;ר;ש;א;ך;י;נ;פ;ל;ך;ד;ב;ע
ו;י;ת;ב;א;ת;ו;ר;ב;ק;ר;י;ע;ל;א;ה;ד;ו;ה;י
ג;ש;ה;ו;ך;ל;מ;ה;י;ל;ר;מ;א;י;ו;ה;נ;נ;ב;א
מ;ה;י;ה;י;י;ת;מ;ד;ע;ו;ל;צ;א;ת;ב;ש;ו;י;ל
נ;פ;ל;ב;ט;י;י;ו;ב;ו;ש;ת;י;ת;מ;ו;ך;כ;ל;ה
ז;ו;ל;ה;נ;ת;א;ו;י;נ;ח;ל;ש;י;ו;ך;ל;מ;ה;י
ט;ך;ל;מ;ה;ל;ע;ם;א;ך;ל;מ;ל;ר;מ;ו;א;ו;ן;מ
ת;ו;ו;ח;פ;ל;ע;י;ל;ו;נ;ת;י;ת;ו;ר;ג;א;ב;ו
ד;ע;י;נ;ו;ר;י;ב;ע;י;ר;ש;א;ר;ה;נ;ה;ר;ב;ע
א;ת;ר;ג;א;ו;ה;ד;ו;ה;י;ל;א;א;ו;ב;א;ר;ש;א
א;ך;ל;מ;ל;ר;ש;א;ס;ד;ר;פ;ה;ר;מ;ש;ף;ס;א;ל
ע;ש;ת;א;ת;ו;ר;ק;ל;ם;י;צ;ע;י;ל;ן;ת;י;ר;ש
ת;מ;ו;ח;ל;ו;ת;י;ב;ל;ר;ש;א;ה;ר;י;ב;ה;י;ר
ו;י;ל;א;א;ו;ב;א;ר;ש;א;ת;י;ב;ל;ו;ר;י;ע;ה
ו;ט;ה;י;ה;ל;א;ד;י;כ;ך;ל;מ;ה;י;ל;ן;ת;י;ו
ר;ב;ע;ת;ו;ו;ח;פ;ל;א;א;ו;ב;א;ו;י;ל;ע;ה;ב
ה;ת;ו;ר;ג;א;ת;א;ם;ה;ל;ה;נ;ת;א;ו;ר;ה;נ;ה
י;ח;י;ר;ש;ך;ל;מ;ה;י;מ;ע;ח;ל;ש;י;ו;ך;ל;מ
ר;ח;ה;ט;ל;ב;נ;ס;ע;מ;ש;י;ו;ם;י;ש;ר;פ;ו;ל
ר;י;ו;י;נ;מ;ע;ה;ד;ב;ע;ה;ה;י;ב;ו;ט;ו;י;נ
ל;ם;ד;א;א;ב;ר;ש;א;ה;ל;ד;ג;ה;ע;ר;ם;ה;ל;ע
ו;ב;א;ו;ל;א;ר;ש;י;י;נ;ב;ל;ה;ב;ו;ט;ש;ק;ב
ש;ם;י;מ;י;ם;ש;י;ה;א;ו;ם;ל;ש;ו;ר;י;ל;א;א
י;ש;נ;א;ו;י;נ;א;ה;ל;י;ל;ם;ו;ק;א;ו;ה;ש;ל
מ;ם;ד;א;ל;י;ת;ד;ג;ה;א;ל;ו;י;מ;ע;ט;ע;מ;ם
י;ל;ת;ו;ש;ע;ל;י;ב;ל;ל;א;ן;ת;נ;י;ה;ל;א;ה
ם;א;י;כ;י;מ;ע;ן;י;א;ה;מ;ה;ב;ו;ם;ל;ש;ו;ר
א;צ;א;ו;ה;ב;ב;כ;ר;י;נ;א;ר;ש;א;ה;מ;ה;ב;ה
ע;י;נ;פ;ל;א;ו;ה;ל;י;ל;א;י;ג;ה;ר;ע;ש;ב;ה
א;ו;ת;פ;ש;א;ה;ר;ע;ש;ל;א;ו;ן;י;נ;ת;ה;ן;י
ה;ר;ש;א;ם;ל;ש;ו;ר;י;ת;מ;ו;ח;ב;ר;ב;ש;י;ה
ש;א;ב;ו;ל;כ;א;ה;י;ר;ע;ש;ו;ם;י;צ;ו;ר;פ;מ
כ;ר;ב;ל;א;ו;ן;י;ע;ה;ר;ע;ש;ל;א;ר;ב;ע;א;ו
ע;ל;ה;מ;ה;ב;ל;ם;ו;ק;מ;ן;י;א;ו;ך;ל;מ;ה;ת
ל;י;ל;ל;ח;נ;ב;ה;ל;ע;י;ה;א;ו;י;ת;ח;ת;ר;ב
א;ו;ב;ו;ש;א;ו;ה;מ;ו;ח;ב;ר;ב;ש;י;ה;א;ו;ה
ג;ס;ה;ו;ב;ו;ש;א;ו;א;י;ג;ה;ר;ע;ש;ב;א;ו;ב
ה;מ;ו;י;ת;כ;ל;ה;ה;נ;א;ו;ע;ד;י;א;ל;ם;י;נ
י;נ;ה;כ;ל;ו;ם;י;ד;ו;ה;י;ל;ו;ה;ש;ע;י;נ;א
ע;ר;ת;י;ל;ו;ם;י;נ;ג;ס;ל;ו;ם;י;ר;ח;ל;ו;ם
ו;י;ת;ד;ג;ה;א;ל;ן;כ;ד;ע;ה;כ;א;ל;מ;ה;ה;ש
א;ה;ע;ר;ה;ם;י;א;ר;ם;ת;א;ם;ה;ל;א;ר;מ;ו;א
ר;ח;ם;ל;ש;ו;ר;י;ר;ש;א;ה;ב;ו;נ;ח;נ;א;ר;ש
נ;ו;ו;כ;ל;ש;א;ב;ו;ת;צ;נ;ה;י;ר;ע;ש;ו;ה;ב
ה;נ;א;ל;ו;ם;ל;ש;ו;ר;י;ת;מ;ו;ח;ת;א;ה;נ;ב
י;ת;א;ם;ה;ל;ד;י;ג;א;ו;ה;פ;ר;ח;ד;ו;ע;ה;י
א;ו;י;ל;ע;ה;ב;ו;ט;א;י;ה;ר;ש;א;י;ה;ל;א;ד
א;י;ו;י;ל;ר;מ;א;ר;ש;א;ך;ל;מ;ה;י;ר;ב;ד;ף
י;ו;ק;ז;ח;י;ו;ו;נ;י;נ;ב;ו;ם;ו;ק;נ;ו;ר;מ
ה;ט;ל;ב;נ;ס;ע;מ;ש;י;ו;ה;ב;ו;ט;ל;ם;ה;י;ד
ו;י;נ;ו;מ;ע;ה;ד;ב;ע;ה;ה;י;ב;ט;ו;י;נ;ר;ח
ב;י;ו;ו;נ;ל;ו;ג;ע;ל;י;ו;י;ב;ר;ע;ה;ם;ש;ג
ה;ר;ב;ד;ה;ה;מ;ו;ר;מ;א;י;ו;ו;נ;י;ל;ע;ו;ז
א;ך;ל;מ;ה;ל;ע;ה;ם;י;ש;ע;ם;ת;א;ר;ש;א;ה;ז
ו;ר;ב;ד;ם;ת;ו;א;ב;י;ש;א;ו;ם;י;ד;ר;מ;ם;ת
י;א;ו;ה;ם;י;מ;ש;ה;י;ה;ל;א;ם;ה;ל;ר;מ;ו;א
ק;נ;ו;י;ד;ב;ע;ו;נ;ח;נ;א;ו;ו;נ;ל;ח;י;ל;צ
צ;ו;ק;ל;ח;ן;י;א;ם;כ;ל;ו;ו;נ;י;נ;ב;ו;ם;ו
ם;ק;י;ו;ם;ל;ש;ו;ר;י;ב;ן;ו;ר;כ;ז;ו;ה;ק;ד
ו;י;ח;א;ו;ל;ו;ד;ג;ה;ן;ה;כ;ה;ב;י;ש;י;ל;א
ן;א;צ;ה;ר;ע;ש;ת;א;ו;נ;ב;י;ו;ם;י;נ;ה;כ;ה
ת;ת;ל;ד;ו;ד;י;מ;ע;י;ו;ו;ה;ו;ש;ד;ק;ה;מ;ה
ע;ו;ה;ו;ש;ד;ק;ה;א;מ;ה;ל;ד;ג;מ;ד;ע;ו;ו;י
א;ו;נ;ב;ו;ד;י;ל;ע;ו;ל;א;נ;נ;ח;ל;ד;ג;מ;ד
ר;ו;כ;ז;ה;נ;ב;ו;ד;י;ל;ע;ו;ו;ח;ר;י;י;ש;נ
ו;נ;ב;ם;י;ג;ד;ה;ר;ע;ש;ת;א;ו;י;ר;מ;א;ן;ב
מ;ע;י;ו;ו;ה;ו;ר;ק;ה;מ;ה;ה;א;נ;ס;ה;י;נ;ב
י;ר;ב;ו;ו;י;ל;ו;ע;נ;מ;ו;י;ת;ת;ל;ד;ו;ד;י
ב;ת;ו;מ;ר;מ;ק;י;ז;ח;ה;ם;ד;י;ל;ע;ו;ו;י;ח
ח;ה;ם;ד;י;ל;ע;ו;ץ;ו;ק;ה;ן;ב;ה;י;ר;ו;א;ן
ז;י;ש;מ;ן;ב;ה;י;כ;ר;ב;ן;ב;ם;ל;ש;מ;ק;י;ז
ן;ב;ק;ו;ד;צ;ק;י;ז;ח;ה;ם;ד;י;ל;ע;ו;ל;א;ב
ו;ק;ת;ה;ו;ק;י;ז;ח;ה;ם;ד;י;ל;ע;ו;א;נ;ע;ב
ו;צ;ו;א;י;ב;ה;א;ל;ם;ה;י;ר;י;ד;א;ו;ם;י;ע
ה;ר;ע;ש;ת;א;ו;ם;ה;י;נ;ד;א;ת;ד;ב;ע;ב;ם;ר
ח;ס;פ;ן;ב;ע;ד;י;ו;י;ו;ק;י;ז;ח;ה;ה;נ;ש;י
ה;ו;ר;ק;ה;מ;ה;ה;י;ד;ו;ס;ב;ן;ב;ם;ל;ש;מ;ו
י;ל;ע;נ;מ;ו;ו;י;ת;ת;ל;ד;ו;ד;י;מ;ע;י;ו;ו
מ;ק;י;ז;ח;ה;ם;ד;י;ל;ע;ו;ו;י;ח;י;ר;ב;ו;ו
ת;נ;ר;מ;ה;ן;ו;ד;י;ו;י;נ;ע;ב;ג;ה;ה;י;ט;ל
א;ס;כ;ל;ה;פ;צ;מ;ה;ו;ן;ו;ע;ב;ג;י;ש;נ;א;י
ק;י;ז;ח;ה;ו;ד;י;ל;ע;ר;ה;נ;ה;ר;ב;ע;ת;ח;פ
ע;ו;ם;י;פ;ר;ו;צ;ה;י;ה;ר;ח;ן;ב;ל;א;י;ז;ע
ח;ק;ר;ה;ן;ב;ה;י;נ;נ;ח;ק;י;ז;ח;ה;ו;ד;י;ל
מ;ו;ח;ה;ד;ע;ם;ל;ש;ו;ר;י;ו;ב;ז;ע;י;ו;ם;י
י;פ;ר;ק;י;ז;ח;ה;ם;ד;י;ל;ע;ו;ה;ב;ח;ר;ה;ה
ם;ל;ש;ו;ר;י;ך;ל;פ;י;צ;ח;ר;ש;ר;ו;ח;ן;ב;ה
ו;ר;ח;ן;ב;ה;י;ד;י;ק;י;ז;ח;ה;ם;ד;י;ל;ע;ו
י;ז;ח;ה;ו;ד;י;ל;ע;ו;ו;ת;י;ב;ד;ג;נ;ו;ף;מ
ת;י;נ;ש;ה;ד;מ;ה;י;נ;ב;ש;ח;ן;ב;ש;ו;ט;ח;ק
ב;ו;ש;ח;ו;ם;ר;ח;ן;ב;ה;י;כ;ל;מ;ק;י;ז;ח;ה
ו;נ;ת;ה;ל;ד;ג;מ;ת;א;ו;ב;א;ו;מ;ת;ח;פ;ן;ב
ן;ב;ם;ו;ל;ש;ק;י;ז;ח;ה;ו;ד;י;ל;ע;ו;ם;י;ר
ה;ם;ל;ש;ו;ר;י;ך;ל;פ;י;צ;ח;ר;ש;ש;ח;ו;ל;ה
ח;ה;א;י;ג;ה;ר;ע;ש;ת;א;ו;י;ת;ו;נ;ב;ו;א;ו
ב;ה;מ;ה;ח;ו;נ;ז;י;ב;ש;י;ו;ן;ו;נ;ח;ק;י;ז
ע;נ;מ;ו;י;ת;ת;ל;ד;ו;ד;י;מ;ע;י;ו;ו;ה;ו;נ
ו;ח;ב;ה;מ;א;ף;ל;א;ו;ו;י;ח;י;ר;ב;ו;ו;י;ל
א;ה;ר;ע;ש;ת;א;ו;ת;ו;פ;ש;ה;ר;ע;ש;ד;ע;ה;מ
ש;ב;כ;ר;ן;ב;ה;י;כ;ל;מ;ק;י;ז;ח;ה;ת;ו;פ;ש
ו;ו;נ;נ;ב;י;א;ו;ה;ם;ר;כ;ה;ת;י;ב;ך;ל;פ;ר
ר;ב;ו;ו;י;ל;ע;נ;מ;ו;י;ת;ת;ל;ד;ד;י;מ;ע;י
ש;ק;י;ז;ח;ה;ן;י;ע;ה;ר;ע;ש;ת;א;ו;ו;י;ח;י
ה;פ;צ;מ;ה;ך;ל;פ;ר;ש;ה;ז;ח;ל;כ;ן;ב;ן;ו;ל
י;מ;ע;י;ו;ו;נ;ל;ל;ט;י;ו;ו;נ;נ;ב;י;א;ו;ה
י;ח;י;ר;ב;ו;ו;י;ל;ע;נ;מ;ו;י;ת;ת;ל;ד;ו;ד
ה;ן;ג;ל;ח;ל;ש;ה;ת;כ;ר;ב;ת;מ;ו;ח;ת;א;ו;ו
מ;ת;ו;ד;ר;ו;י;ה;ת;ו;ל;ע;מ;ה;ד;ע;ו;ך;ל;מ
מ;ח;נ;ק;י;ז;ח;ה;ו;י;ר;ח;א;ד;י;ו;ד;ר;י;ע
ת;י;ב;ך;ל;פ;י;צ;ח;ר;ש;ק;ו;ב;ז;ע;ן;ב;ה;י
ה;ד;ע;ו;ד;י;ו;ד;י;ר;ב;ק;ד;ג;נ;ד;ע;ר;ו;צ
ר;ב;ג;ה;ת;י;ב;ד;ע;ו;ה;י;ו;ש;ע;ה;ה;כ;ר;ב
ח;ר;ם;י;ו;ל;ה;ו;ק;י;ז;ח;ה;ו;י;ר;ח;א;ם;י
ב;ש;ח;ק;י;ז;ח;ה;ו;ד;י;ל;ע;י;נ;ב;ן;ב;ם;ו
ו;כ;ל;פ;ל;ה;ל;י;ע;ק;ך;ל;פ;י;צ;ח;ר;ש;ה;י
ב;י;ו;ב;ם;ה;י;ח;א;ו;ק;י;ז;ח;ה;ו;י;ר;ח;א
י;ו;ה;ל;י;ע;ק;ך;ל;פ;י;צ;ח;ר;ש;ד;ד;נ;ח;ן
ה;ר;ש;ע;ו;ש;י;ן;ב;ר;ז;ע;ו;ד;י;ל;ע;ק;ז;ח
נ;ה;ת;ל;ע;ד;ג;נ;מ;ת;י;נ;ש;ה;ד;מ;ה;פ;צ;מ
י;ז;ח;ה;ה;ר;ח;ה;ו;י;ר;ח;א;ע;צ;ק;מ;ה;ק;ש
ה;ן;מ;ת;י;נ;ש;ה;ד;מ;י;ב;ז;ן;ב;ך;ו;ר;ב;ק
ה;ב;י;ש;י;ל;א;ת;י;ב;ח;ת;פ;ד;ע;ע;ו;צ;ק;מ
ר;מ;ק;י;ז;ח;ה;ו;י;ר;ח;א;ל;ו;ד;ג;ה;ן;ה;כ
ש;ה;ד;מ;ץ;ו;ק;ה;ן;ב;ה;י;ר;ו;א;ן;ב;ת;ו;מ
ת;ד;ע;ו;ב;י;ש;י;ל;א;ת;י;ב;ח;ת;פ;מ;ת;י;נ
ה;ו;י;ר;ח;א;ו;ב;י;ש;י;ל;א;ת;י;ב;ת;י;ל;כ
א;ר;כ;כ;ה;י;ש;נ;א;ם;י;נ;ה;כ;ה;ו;ק;י;ז;ח
נ;ב;ו;ש;ח;ו;ן;מ;י;נ;ב;ק;י;ז;ח;ה;ו;י;ר;ח
י;ר;ז;ע;ק;י;ז;ח;ה;ו;י;ר;ח;א;ם;ת;י;ב;ד;ג
י;ב;ל;צ;א;ה;י;נ;נ;ע;ן;ב;ה;י;ש;ע;מ;ן;ב;ה
נ;ח;ן;ב;י;ו;נ;ב;ק;י;ז;ח;ה;ו;י;ר;ח;א;ו;ת
ד;ע;ה;י;ר;ז;ע;ת;י;ב;מ;ת;י;נ;ש;ה;ד;מ;ד;ד
ו;א;ן;ב;ל;ל;פ;ה;נ;פ;ה;ד;ע;ו;ע;ו;צ;ק;מ;ה
י;ה;ל;ד;ג;מ;ה;ו;ע;ו;צ;ק;מ;ה;ד;ג;נ;מ;י;ז
ר;ש;א;ן;ו;י;ל;ע;ה;ך;ל;מ;ה;ת;י;ב;מ;א;צ;ו
ן;ב;ה;י;ד;פ;ו;י;ר;ח;א;ה;ר;ט;מ;ה;ר;צ;ח;ל
ם;י;ב;ש;י;ו;י;ה;ם;י;נ;י;ת;נ;ה;ו;ש;ע;ר;פ
ר;ז;מ;ל;ם;י;מ;ה;ר;ע;ש;ד;ג;נ;ד;ע;ל;פ;ע;ב
ז;ח;ה;ו;י;ר;ח;א;א;צ;ו;י;ה;ל;ד;ג;מ;ה;ו;ח
ד;ג;נ;מ;ת;י;נ;ש;ה;ד;מ;ם;י;ע;ק;ת;ה;ו;ק;י
ו;ח;ד;ע;ו;א;צ;ו;י;ה;ל;ו;ד;ג;ה;ל;ד;ג;מ;ה
ח;ה;ם;י;ס;ו;ס;ה;ר;ע;ש;ל;ע;מ;ל;פ;ע;ה;ת;מ
ת;י;ב;ד;ג;נ;ל;ש;י;א;ם;י;נ;ה;כ;ה;ו;ק;י;ז
ר;מ;א;ן;ב;ק;ו;ד;צ;ק;י;ז;ח;ה;ו;י;ר;ח;א;ו
מ;ש;ק;י;ז;ח;ה;ו;י;ר;ח;א;ו;ו;ת;י;ב;ד;ג;נ
ר;ז;מ;ה;ר;ע;ש;ר;מ;ש;ה;י;נ;כ;ש;ן;ב;ה;י;ע
מ;ל;ש;ן;ב;ה;י;נ;נ;ח;ק;י;ז;ח;ה;י;ר;ח;א;ח
ש;ה;ד;מ;י;ש;ש;ה;ף;ל;צ;ן;ב;ן;ו;נ;ח;ו;ה;י
ר;ב;ן;ב;ם;ל;ש;מ;ק;י;ז;ח;ה;ו;י;ר;ח;א;י;נ
ק;י;ז;ח;ה;י;ר;ח;א;ו;ת;כ;ש;נ;ד;ג;נ;ה;י;כ
ת;נ;ה;ת;י;ב;ד;ע;י;פ;ר;צ;ה;ן;ב;ה;י;כ;ל;מ
פ;מ;ה;ר;ע;ש;ד;ג;נ;ם;י;ל;כ;ר;ה;ו;ם;י;נ;י
י;ל;ע;ן;י;ב;ו;ה;נ;פ;ה;ת;י;ל;ע;ד;ע;ו;ד;ק
ה;ו;ק;י;ז;ח;ה;ן;א;צ;ה;ר;ע;ש;ל;ה;נ;פ;ה;ת
ר;ש;א;כ;י;ה;י;ו;ם;י;ל;כ;ר;ה;ו;ם;י;פ;ר;צ
ם;י;נ;ו;ב;ו;נ;ח;נ;א;י;כ;ט;ל;ב;נ;ס;ע;מ;ש
ר;ה;ס;ע;כ;י;ו;ו;ל;ר;ח;י;ו;ה;מ;ו;ח;ה;ת;א
מ;א;י;ו;ם;י;ד;ו;ה;י;ה;ל;ע;ג;ע;ל;י;ו;ה;ב
י;ו;ן;ו;ר;מ;ש;ל;י;ח;ו;ו;י;ח;א;י;נ;פ;ל;ר
ע;ם;י;ל;ל;מ;א;ה;ם;י;ד;ו;ה;י;ה;ה;מ;ר;מ;א
י;ה;ו;ח;ב;ז;י;ה;ם;ה;ל;ו;ב;ז;ע;י;ה;ם;י;ש
ם;י;נ;ב;א;ה;ת;א;ו;י;ח;י;ה;ם;ו;י;ב;ו;ל;כ
ת;ו;פ;ו;ר;ש;ה;מ;ה;ו;ר;פ;ע;ה;ת;ו;מ;ר;ע;מ
ר;מ;א;י;ו;ו;ל;צ;א;י;נ;מ;ע;ה;ה;י;ב;ו;ט;ו
ו;ש;ה;ל;ע;י;ם;א;ם;י;נ;ו;ב;ם;ה;ר;ש;א;ם;ג
א;ע;מ;ש;ם;ה;י;נ;ב;א;ת;מ;ו;ח;ץ;ר;פ;ו;ל;ע
ב;ש;ה;ו;ה;ז;ו;ב;ו;נ;י;י;ה;י;כ;ו;נ;י;ה;ל
ב;ה;ז;ב;ל;ם;נ;ת;ו;ם;ש;א;ר;ל;א;ם;ת;פ;ר;ח
ו;ם;נ;ו;ע;ל;ע;ס;כ;ת;ל;א;ו;ה;י;ב;ש;ץ;ר;א
ה;י;כ;ה;ח;מ;ת;ל;א;ך;י;נ;פ;ל;מ;ם;ת;א;ט;ח
ה;נ;ב;נ;ו;ם;י;נ;ו;ב;ה;ד;ג;נ;ל;ו;ס;י;ע;כ
ע;ה;מ;ו;ח;ה;ל;כ;ר;ש;ק;ת;ו;ה;מ;ו;ח;ה;ת;א
ו;ת;ו;ש;ע;ל;ם;ע;ל;ב;ל;י;ה;י;ו;ה;י;צ;ח;ד
י;ב;ו;ט;ו;ט;ל;ב;נ;ס;ע;מ;ש;ר;ש;א;כ;י;ה;י
ד;ש;א;ה;ו;ם;י;נ;מ;ע;ה;ו;ם;י;ב;ר;ע;ה;ו;ה
ת;ו;מ;ח;ל;ה;כ;ו;ר;א;ה;ת;ל;ע;י;כ;ם;י;ד;ו
ה;ל;ם;י;צ;ר;פ;ה;ו;ל;ח;ה;י;כ;ם;ל;ש;ו;ר;י
כ;ו;ר;ש;ק;י;ו;ד;א;מ;ם;ה;ל;ר;ח;י;ו;ם;ת;ס
ש;ו;ר;י;ב;ם;ח;ל;ה;ל;א;ו;ב;ל;ו;ד;ח;י;ם;ל
ל;ל;פ;ת;נ;ו;ה;ע;ו;ת;ו;ל;ת;ו;ש;ע;ל;ו;ם;ל
ל;ע;ר;מ;ש;מ;ד;י;מ;ע;נ;ו;ו;נ;י;ה;ל;א;ל;א
י;ו;ם;ה;י;נ;פ;מ;ה;ל;י;ל;ו;ם;מ;ו;י;ם;ה;י
ע;ה;ו;ל;ב;ס;ה;ח;כ;ל;ש;כ;ה;ד;ו;ה;י;ר;מ;א
ב;ל;ל;כ;ו;נ;א;ל;ו;נ;ח;נ;א;ו;ה;ב;ר;ה;ר;פ
ל;ו;נ;י;ר;צ;ו;ר;מ;א;י;ו;ה;מ;ו;ח;ב;ת;ו;נ
ו;ב;נ;ר;ש;א;ד;ע;ו;א;ר;י;א;ל;ו;ו;ע;ד;י;א
נ;ת;ב;ש;ה;ו;ם;ו;נ;ג;ר;ה;ו;ם;כ;ו;ת;ל;א;א
ו;א;ב;ר;ש;א;כ;י;ה;י;ו;ה;כ;א;ל;מ;ה;ת;א;ו
א;י;ו;ם;ל;צ;א;ם;י;ב;ש;י;ה;ם;י;ד;ו;ה;י;ה
ק;מ;ה;ל;כ;מ;ם;י;מ;ע;פ;ר;ש;ע;ו;נ;ל;ו;ר;מ
מ;ע;א;ו;ו;נ;י;ל;ע;ו;ב;ו;ש;ת;ר;ש;א;ת;ו;מ
ל;י;ר;ח;א;מ;ם;ו;ק;מ;ל;ת;ו;י;ת;ח;ת;מ;ד;י
ה;ת;א;ד;י;מ;ע;א;ו;ם;י;י;ח;ח;צ;ב;ה;מ;ו;ח
מ;ר;ם;ה;י;ת;ב;ר;ח;ם;ע;ת;ו;ח;פ;ש;מ;ל;ם;ע
ו;ק;א;ו;א;ר;א;ו;ם;ה;י;ת;ת;ש;ק;ו;ם;ה;י;ח
י;נ;ג;ס;ה;ל;א;ו;ם;י;ר;ח;ה;ל;א;ר;מ;א;ו;ם
נ;פ;מ;ו;א;ר;י;ת;ל;א;ם;ע;ה;ר;ת;י;ל;א;ו;ם
א;ר;ו;נ;ה;ו;ל;ו;ד;ג;ה;י;נ;ד;א;ת;א;ם;ה;י
י;נ;ב;ם;כ;י;ח;א;ל;ע;ו;מ;ח;ל;ה;ו;ו;ר;כ;ז
ם;כ;י;ת;ב;ו;ם;כ;י;ש;נ;ם;כ;י;ת;נ;ב;ו;ם;כ
כ;ו;נ;י;ב;י;ו;א;ו;ע;מ;ש;ר;ש;א;כ;י;ה;י;ו
ת;א;ם;י;ה;ל;א;ה;ר;פ;י;ו;ו;נ;ל;ע;ד;ו;נ;י
ה;מ;ו;ח;ה;ל;א;ו;נ;ל;כ;ב;ו;ש;נ;ו;ם;ת;צ;ע
ו;י;ה;ן;מ;י;ה;י;ו;ו;ת;כ;א;ל;מ;ל;א;ש;י;א
א;ל;מ;ב;ם;י;ש;ע;י;ר;ע;נ;י;צ;ח;א;ו;ה;ה;ם
י;ח;מ;ר;ה;ו;ם;י;ק;י;ז;ח;מ;ם;י;צ;ח;ו;ה;כ
נ;י;ר;ש;ה;ו;ת;ו;ת;ש;ק;ה;ו;ם;י;נ;ג;מ;ה;ם
ו;ה;י;ת;י;ב;ל;כ;י;ר;ח;א;ם;י;ר;ש;ה;ו;ם;י
ם;י;א;ש;נ;ה;ו;ה;מ;ו;ח;ב;ם;י;נ;ו;ב;ה;ה;ד
ב;ה;ש;ע;ו;ד;י;ת;ח;א;ב;ם;י;ש;מ;ע;ל;ב;ס;ב
ה;ו;ח;ל;ש;ה;ת;ק;ז;ח;מ;ת;ח;א;ו;ה;כ;א;ל;מ
ל;ע;ם;י;ר;ו;ס;א;ו;ב;ר;ח;ש;י;א;ם;י;נ;ו;ב
ו;ש;ב;ע;ק;ו;ת;ה;ו;ם;י;נ;ו;ב;ו;ו;י;נ;ת;מ
ל;א;ו;ם;י;ר;ח;ה;ל;א;ר;מ;א;ו;י;ל;צ;א;ר;פ
כ;א;ל;מ;ה;ם;ע;ה;ר;ת;י;ל;א;ו;ם;י;נ;ג;ס;ה
ד;ר;פ;נ;ו;נ;ח;נ;א;ו;ה;ב;ח;ר;ו;ה;ב;ר;ה;ה
א;מ;ש;י;א;ם;י;ק;ו;ח;ר;ה;מ;ו;ח;ה;ל;ע;ם;י
ו;ק;ת;א;ו;ע;מ;ש;ת;ר;ש;א;ם;ו;ק;מ;ב;ו;י;ח
א;ו;נ;י;ל;א;ו;צ;ב;ק;ת;ה;מ;ש;ר;פ;ו;ש;ה;ל
ש;ע;ו;נ;ח;נ;א;ו;ו;נ;ל;ם;ח;ל;י;ו;נ;י;ה;ל
ם;י;ק;י;ז;ח;מ;ם;י;צ;ח;ו;ה;כ;א;ל;מ;ב;ם;י
ת;א;צ;ד;ע;ר;ח;ש;ה;ת;ו;ל;ע;מ;ם;י;ח;מ;ר;ב
ת;ר;מ;א;א;י;ה;ה;ת;ע;ב;ם;ג;ם;י;ב;כ;ו;כ;ה
ו;ת;ב;ו;נ;י;ל;י;ו;ר;ע;נ;ו;ש;י;א;ם;ע;ל;י
מ;ה;ל;י;ל;ה;ו;נ;ל;ו;י;ה;ו;ם;ל;ש;ו;ר;י;ך
י;נ;א;ן;י;א;ו;ה;כ;א;ל;מ;ם;ו;י;ה;ו;ר;מ;ש
א;ר;מ;ש;מ;ה;י;ש;נ;א;ו;י;ר;ע;נ;ו;י;ח;א;ו
ב;ם;י;ט;ש;פ;ו;נ;ח;נ;א;ן;י;א;י;ר;ח;א;ר;ש
י;ה;ת;ו;ם;י;מ;ה;ו;ח;ל;ש;ש;י;א;ו;נ;י;ד;ג
ל;א;ה;ל;ו;ד;ג;ם;ה;י;ש;נ;ו;ם;ע;ה;ת;ק;ע;צ
מ;א;ר;ש;א;ש;י;ו;ם;י;ד;ו;ה;י;ה;ם;ה;י;ח;א
ו;נ;ח;נ;א;ו;נ;י;ת;נ;ב;ו;ו;נ;י;נ;ב;ם;י;ר
נ;ו;ה;ל;כ;א;נ;ו;ן;ג;ד;ה;ח;ק;נ;ו;ם;י;ב;ר
ו;נ;י;ת;ד;ש;ם;י;ר;מ;א;ר;ש;א;ש;י;ו;ה;י;ח
ר;ע;ו;נ;ח;נ;א;ו;נ;י;ת;ב;ו;ו;נ;י;מ;ר;כ;ו
ש;א;ש;י;ו;ב;ע;ר;ב;ן;ג;ד;ה;ח;ק;נ;ו;ם;י;ב
מ;ה;ת;ד;מ;ל;ף;ס;כ;ו;נ;י;ו;ל;ם;י;ר;מ;א;ר
כ;ה;ת;ע;ו;ו;נ;י;מ;ר;כ;ו;ו;נ;י;ת;ד;ש;ך;ל
ב;ם;ה;י;נ;ב;כ;ו;נ;ר;ש;ב;ו;נ;י;ח;א;ר;ש;ב
ת;א;ם;י;ש;ב;כ;ו;נ;ח;נ;א;ה;נ;ה;ו;ו;נ;י;נ
ם;י;ד;ב;ע;ל;ו;נ;י;ת;נ;ב;ת;א;ו;ו;נ;י;נ;ב
ן;י;א;ו;ת;ו;ש;ב;כ;נ;ו;נ;י;ת;נ;ב;מ;ש;י;ו
נ;י;מ;ר;כ;ו;ו;נ;י;ת;ד;ש;ו;ו;נ;ד;י;ל;א;ל
ר;ש;א;כ;ד;א;מ;י;ל;ר;ח;י;ו;ם;י;ר;ח;א;ל;ו
י;ר;ב;ד;ה;ת;א;ו;ם;ת;ק;ע;ז;ת;א;י;ת;ע;מ;ש
י;ר;א;ו;י;ל;ע;י;ב;ל;ך;ל;מ;י;ו;ה;ל;א;ה;ם
א;ו;ם;י;נ;ג;ס;ה;ת;א;ו;ם;י;ר;ח;ה;ת;א;ה;ב
ם;ת;א;ו;י;ח;א;ב;ש;י;א;א;ש;מ;ם;ה;ל;ה;ר;מ
ד;ג;ה;ל;ה;ק;ם;ה;י;ל;ע;ן;ת;א;ו;ם;י;א;ש;נ
נ;י;נ;ק;ו;נ;ח;נ;א;ם;ה;ל;ה;ר;מ;א;ו;ה;ל;ו
ר;כ;מ;נ;ה;ם;י;ד;ו;ה;י;ה;ו;נ;י;ח;א;ת;א;ו
ת;ם;ת;א;ם;ג;ו;ו;נ;ב;י;ד;כ;ם;י;ו;ג;ל;ם;י
ו;נ;ל;ו;ר;כ;מ;נ;ו;ם;כ;י;ח;א;ת;א;ו;ר;כ;מ
א;י;ו;ר;ב;ד;ו;א;צ;מ;א;ל;ו;ו;ש;י;ר;ח;י;ו
י;ש;ע;ם;ת;א;ר;ש;א;ר;ב;ד;ה;ב;ו;ט;א;ל;ר;מ
ו;כ;ל;ת;ו;נ;י;ה;ל;א;ת;א;ר;י;ב;א;ו;ל;ה;ם
ם;ג;ו;ו;נ;י;ב;י;ו;א;ם;י;ו;ג;ה;ת;פ;ר;ח;מ
ס;כ;ם;ה;ב;ם;י;ש;נ;י;ר;ע;נ;ו;י;ח;א;י;נ;א
ז;ה;א;ש;מ;ה;ת;א;א;נ;ה;ב;ז;ע;נ;ן;ג;ד;ו;ף
י;ת;ד;ש;ם;ו;י;ה;כ;ם;ה;ל;א;נ;ו;ב;י;ש;ה;ה
ם;ה;י;ת;ב;ו;ם;ה;י;ת;י;ז;ם;ה;י;מ;ר;כ;ם;ה
ו;ש;ו;ר;י;ת;ה;ן;ג;ד;ה;ו;ף;ס;כ;ה;ת;א;מ;ו
י;ו;ם;ה;ב;ם;י;ש;נ;ם;ת;א;ר;ש;א;ר;ה;צ;י;ה
ן;כ;ש;ק;ב;נ;א;ל;ם;ה;מ;ו;ב;י;ש;נ;ו;ר;מ;א
א;ר;ק;א;ו;ר;מ;ו;א;ה;ת;א;ר;ש;א;כ;ה;ש;ע;נ
ת;ו;ש;ע;ל;ם;ע;י;ב;ש;א;ו;ם;י;נ;ה;כ;ה;ת;א
א;ו;י;ת;ר;ע;נ;י;נ;צ;ח;ם;ג;ה;ז;ה;ר;ב;ד;כ
ל;כ;ת;א;ם;י;ה;ל;א;ה;ר;ע;נ;י;ה;כ;כ;ה;ר;מ
ה;ר;ב;ד;ה;ת;א;ם;י;ק;י;א;ל;ר;ש;א;ש;י;א;ה
ה;י;ה;כ;כ;ו;ו;ע;י;ג;י;מ;ו;ו;ת;י;ב;מ;ה;ז
ה;ק;ה;ל;כ;ו;ר;מ;א;י;ו;ק;ר;ו;ר;ו;ע;נ;ה;י
ש;ע;י;ו;ה;ו;ה;י;ת;א;ו;ל;ל;ה;י;ו;ן;מ;א;ל
צ;ר;ש;א;ם;ו;י;מ;ם;ג;ה;ז;ה;ר;ב;ד;כ;ם;ע;ה
ו;ה;י;ץ;ר;א;ב;ם;ח;פ;ת;ו;י;ה;ל;י;ת;א;ה;ו
ש;ל;ש;ת;נ;ש;ד;ע;ו;ם;י;ר;ש;ע;ת;נ;ש;מ;ה;ד
ך;ל;מ;ה;א;ת;ס;ש;ח;ת;ר;א;ל;ם;י;ת;ש;ו;ם;י
ל;י;ח;א;ו;י;נ;א;ה;ר;ש;ע;ם;י;ת;ש;ם;י;נ;ש
ה;ת;ו;ח;פ;ה;ו;י;ת;ל;כ;א;א;ל;ה;ח;פ;ה;ם;ח
ע;ו;ד;י;ב;כ;ה;י;נ;פ;ל;ר;ש;א;ם;י;נ;ש;א;ר
ן;י;י;ו;ם;ח;ל;ב;ם;ה;מ;ו;ח;ק;י;ו;ם;ע;ה;ל
נ;ם;ג;ם;י;ע;ב;ר;א;ם;י;ל;ק;ש;ף;ס;כ;ר;ח;א
א;ל;י;נ;א;ו;ם;ע;ה;ל;ע;ו;ט;ל;ש;ם;ה;י;ר;ע
ם;י;ה;ל;א;ת;א;ר;י;י;נ;פ;מ;ן;כ;י;ת;י;ש;ע
ח;ה;ת;א;ז;ה;ה;מ;ו;ח;ה;ת;כ;א;ל;מ;ב;ם;ג;ו
ע;נ;ל;כ;ו;ו;נ;י;נ;ק;א;ל;ה;ד;ש;ו;י;ת;ק;ז
ה;ו;ה;כ;א;ל;מ;ה;ל;ע;ם;ש;ם;י;צ;ו;ב;ק;י;ר
ש;מ;ח;ו;ה;א;מ;ם;י;נ;ג;ס;ה;ו;ם;י;ד;ו;ה;י
ג;ה;ן;מ;ו;נ;י;ל;א;ם;י;א;ב;ה;ו;ש;י;א;ם;י
נ;ח;ל;ש;ל;ע;ו;נ;י;ת;ב;י;ב;ס;ר;ש;א;ם;י;ו
ש;ד;ח;א;ם;ו;י;ל;ה;ש;ע;נ;ה;י;ה;ר;ש;א;ו;י
י;ר;פ;צ;ו;ת;ו;ר;ר;ב;ש;ש;ן;א;צ;ד;ח;א;ר;ו
ב;ם;י;מ;י;ת;ר;ש;ע;ן;י;ב;ו;י;ל;ו;ש;ע;נ;ם
פ;ה;ם;ח;ל;ה;ז;ם;ע;ו;ה;ב;ר;ה;ל;ן;י;י;ל;כ
ה;ד;ב;ע;ה;ה;ד;ב;כ;י;כ;י;ת;ש;ק;ב;א;ל;ה;ח
ט;ל;י;ה;ל;א;י;ל;ה;ר;כ;ז;ה;ז;ה;ם;ע;ה;ל;ע
ז;ה;ם;ע;ה;ל;ע;י;ת;י;ש;ע;ר;ש;א;ל;כ;ה;ב;ו
ו;ט;ל;ב;נ;ס;ל;ע;מ;ש;נ;ר;ש;א;כ;י;ה;י;ו;ה
ר;ת;י;ל;ו;י;ב;ר;ע;ה;ם;ש;ג;ל;ו;ה;י;ב;ו;ט
ה;מ;ו;ח;ה;ת;א;י;ת;י;נ;ב;י;כ;ו;נ;י;ב;י;א
ה;ת;ע;ה;ד;ע;ם;ג;ץ;ר;פ;ה;ב;ר;ת;ו;נ;א;ל;ו
ר;ע;ש;ב;י;ת;ד;מ;ע;ה;א;ל;ת;ו;ת;ל;ד;א;י;ה
ל;י;ל;א;ם;ש;ג;ו;ט;ל;ב;נ;ס;ח;ל;ש;י;ו;ם;י
י;פ;כ;ב;ו;ד;ח;י;ה;ד;ע;ו;נ;ו;ה;כ;ל;ר;מ;א
י;ב;ש;ח;ה;מ;ה;ו;ו;נ;ו;א;ת;ע;ק;ב;ב;ם;י;ר
י;ל;ע;ה;ח;ל;ש;א;ו;ה;ע;ר;י;ל;ת;ו;ש;ע;ל;ם
ו;ד;ג;ה;כ;א;ל;מ;ר;מ;א;ל;ם;י;כ;א;ל;מ;ם;ה
ל;ת;ד;ר;ל;ל;כ;ו;א;א;ל;ו;ה;ש;ע;י;נ;א;ה;ל
ה;פ;ר;א;ר;ש;א;כ;ה;כ;א;ל;מ;ה;ת;ב;ש;ת;ה;מ
י;ל;א;ו;ח;ל;ש;י;ו;ם;כ;י;ל;א;י;ת;ד;ר;י;ו
י;ש;א;ו;ם;י;מ;ע;פ;ע;ב;ר;א;ה;ז;ה;ר;ב;ד;כ
י;ל;א;ח;ל;ש;י;ו;ה;ז;ה;ר;ב;ד;כ;ם;ת;ו;א;ב
י;ש;י;מ;ח;ם;ע;פ;ה;ז;ה;ר;ב;ד;כ;ט;ל;ב;נ;ס
ד;י;ב;ה;ח;ו;ת;פ;ת;ר;ג;א;ו;ו;ר;ע;נ;ת;א;ת
מ;ש;ג;ו;ע;מ;ש;נ;ם;י;ו;ג;ב;ה;ב;ב;ו;ת;כ;ו
ם;י;ב;ש;ח;ם;י;ד;ו;ה;י;ה;ו;ה;ת;א;ר;מ;א;ו
מ;ו;ח;ה;ה;נ;ו;ב;ה;ת;א;ן;כ;ל;ע;ד;ו;ר;מ;ל
י;ר;ב;ד;כ;ך;ל;מ;ל;ם;ה;ל;ה;ו;ה;ה;ת;א;ו;ה
ל;ת;ד;מ;ע;ה;ם;י;א;י;ב;נ;ם;ג;ו;ה;ל;א;ה;ם
ל;מ;ר;מ;א;ל;ם;ל;ש;ו;ר;י;ב;ך;י;ל;ע;א;ר;ק
כ;ך;ל;מ;ל;ע;מ;ש;י;ה;ת;ע;ו;ה;ד;ו;ה;י;ב;ך
ע;ו;נ;ו;ה;כ;ל;ה;ת;ע;ו;ה;ל;א;ה;ם;י;ר;ב;ד
ר;מ;א;ל;ו;י;ל;א;ה;ח;ל;ש;א;ו;ו;ד;ח;י;ה;צ
א;ר;ש;א;ה;ל;א;ה;ם;י;ר;ב;ד;כ;ה;י;ה;נ;א;ל
ם;א;ד;ו;ב;ה;ת;א;ך;ב;ל;מ;י;כ;ר;מ;ו;א;ה;ת
ר;מ;א;ל;ו;נ;ת;ו;א;ם;י;א;ר;י;מ;ם;ל;כ;י;כ
א;ל;ו;ה;כ;א;ל;מ;ה;ן;מ;ם;ה;י;ד;י;ו;פ;ר;י
י;נ;א;ו;י;ד;י;ת;א;ק;ז;ח;ה;ת;ע;ו;ה;ש;ע;ת
ן;ב;ה;י;ל;ד;ן;ב;ה;י;ע;מ;ש;ת;י;ב;י;ת;א;ב
ר;מ;א;י;ו;ר;ו;צ;ע;א;ו;ה;ו;ל;א;ב;ט;י;ה;מ
ך;ו;ת;ל;א;ם;י;ה;ל;א;ה;ת;י;ב;ל;א;ד;ע;ו;נ
כ;י;ה;ה;ת;ו;ת;ל;ד;ה;ר;ג;ס;נ;ו;ל;כ;י;ה;ה
י;א;ב;ה;ל;י;ל;ו;ך;ג;ר;ה;ל;ם;י;א;ב;י;כ;ל
י;נ;ו;מ;כ;ש;י;א;ה;ה;ר;מ;א;ו;ך;ג;ר;ה;ל;ם
א;א;ו;ב;י;ר;ש;א;י;נ;ו;מ;כ;י;מ;ו;ח;ר;ב;י
ר;י;כ;א;ו;א;ו;ב;א;א;ל;י;ח;ו;ל;כ;י;ה;ה;ל
נ;ה;י;כ;ו;ח;ל;ש;ם;י;ה;ל;א;א;ל;ה;נ;ה;ו;ה
ב;נ;ס;ו;ה;י;ב;ו;ט;ו;י;ל;ע;ר;ב;ד;ה;א;ו;ב
ע;מ;ל;א;ו;ה;ר;ו;כ;ש;ן;ע;מ;ל;ו;ר;כ;ש;ט;ל
ה;ו;י;ת;א;ט;ח;ו;ן;כ;ה;ש;ע;א;ו;א;ר;י;א;ן
נ;ו;פ;ר;ח;י;ן;ע;מ;ל;ע;ר;ם;ש;ל;ם;ה;ל;ה;י
ב;נ;ס;ל;ו;ה;י;ב;ו;ט;ל;י;ה;ל;א;ה;ר;כ;ז;י
י;ד;ע;ו;נ;ל;ם;ג;ו;ה;ל;א;ו;י;ש;ע;מ;כ;ט;ל
א;ם;י;א;י;ב;נ;ה;ר;ת;י;ל;ו;ה;א;י;ב;נ;ה;ה
ם;ל;ש;ת;ו;י;ת;ו;א;ם;י;א;ר;י;מ;ו;י;ה;ר;ש
ו;ל;א;ל;ה;ש;מ;ח;ו;ם;י;ר;ש;ע;ב;ה;מ;ו;ח;ה
כ;י;ה;י;ו;ם;ו;י;ם;י;נ;ש;ו;ם;י;ש;מ;ח;ל;ל
א;ר;י;ו;ו;נ;י;ב;י;ו;א;ל;כ;ו;ע;מ;ש;ר;ש;א
ו;ו;נ;י;ת;ב;י;ב;ס;ר;ש;א;ם;י;ו;ג;ה;ל;כ;ו
כ;ו;ע;ד;י;ו;ם;ה;י;נ;י;ע;ב;ד;א;מ;ו;ל;פ;י
כ;א;ל;מ;ה;ה;ת;ש;ע;נ;ו;נ;י;ה;ל;א;ת;א;מ;י
ם;י;ב;ר;מ;ם;ה;ה;ם;י;מ;י;ב;ם;ג;ת;א;ז;ה;ה
ו;כ;ל;ו;ה;ם;ה;י;ת;ר;ג;א;ה;ד;ו;ה;י;י;ר;ח
א;ב;ה;י;ב;ו;ט;ל;ר;ש;א;ו;ה;י;ב;ו;ט;ל;ע;ת
ב;ה;ד;ו;ה;י;ב;ם;י;ב;ר;י;כ;ם;ה;י;ל;א;ת;ו
ש;ל;א;ו;ה;ן;ת;ח;י;כ;ו;ל;ה;ע;ו;ב;ש;י;ל;ע
ל;ו;נ;ב;ן;נ;ח;ו;ה;י;ו;ח;ר;א;ן;ב;ה;י;נ;כ
ט;ם;ג;ה;י;כ;ר;ב;ן;ב;ם;ל;ש;מ;ת;ב;ת;א;ח;ק
ב;ד;ו;י;נ;פ;ל;ם;י;ר;מ;א;ו;י;ה;ו;י;ת;ב;ו
ש;ת;ו;ר;ג;א;ו;ל;ם;י;א;י;צ;ו;מ;ו;י;ה;י;ר
ש;א;כ;י;ה;י;ו;י;נ;א;ר;י;ל;ה;י;ב;ו;ט;ח;ל
ל;ד;ה;ד;י;מ;ע;א;ו;ה;מ;ו;ח;ה;ה;ת;נ;ב;נ;ר
ש;מ;ה;ו;ם;י;ר;ע;ו;ש;ה;ו;ד;ק;פ;י;ו;ת;ו;ת
נ;נ;ח;ת;א;ה;ו;צ;א;ו;ם;י;ו;ל;ה;ו;ם;י;ר;ר
ע;ה;ר;י;ב;ה;ר;ש;ה;י;נ;נ;ח;ת;א;ו;י;ח;א;י
ו;ת;מ;א;ש;י;א;כ;א;ו;ה;י;כ;ם;ל;ש;ו;ר;י;ל
מ;א;י;ו;ם;י;ב;ר;מ;ם;י;ה;ל;א;ה;ת;א;א;ר;י
ל;ש;ו;ר;י;י;ר;ע;ש;ו;ח;ת;פ;י;א;ל;ם;ה;ל;ר
י;ם;י;ד;מ;ע;ם;ה;ד;ע;ו;ש;מ;ש;ה;ם;ח;ד;ע;ם
י;מ;ע;ה;ו;ו;ז;ח;א;ו;ת;ו;ת;ל;ד;ה;ו;פ;י;ג
ש;י;א;ם;ל;ש;ו;ר;י;י;ב;ש;י;ת;ו;ר;מ;ש;מ;ד
ע;ה;ו;ו;ת;י;ב;ד;ג;נ;ש;י;א;ו;ו;ר;מ;ש;מ;ב
ם;ע;ה;ו;ה;ל;ו;ד;ג;ו;ם;י;ד;י;ת;ב;ח;ר;ר;י
י;ו;נ;ב;ם;י;ת;ב;ן;י;א;ו;ה;כ;ו;ת;ב;ט;ע;מ
ה;צ;ב;ק;א;ו;י;ב;ל;ל;א;י;ה;ל;א;ן;ת;י;ו;ם
ה;ת;א;ו;ם;י;נ;ג;ס;ה;ת;א;ו;ם;י;ר;ח;ה;ת;א
ש;ח;י;ה;ר;פ;ס;א;צ;מ;א;ו;ש;ח;י;ת;ה;ל;ם;ע
ת;כ;א;צ;מ;א;ו;ה;נ;ו;ש;א;ר;ב;ם;י;ל;ו;ע;ה
י;ל;ע;ה;ה;נ;י;ד;מ;ה;י;נ;ב;ה;ל;א;ו;ב;ב;ו
ו;ב;נ;ה;ל;ג;ה;ר;ש;א;ה;ל;ו;ג;ה;י;ב;ש;מ;ם
ר;י;ל;ו;ב;ו;ש;י;ו;ל;ב;ב;ך;ל;מ;ר;צ;נ;ד;כ
ה;ו;ר;י;ע;ל;ש;י;א;ה;ד;ו;ה;י;ל;ו;ם;ל;ש;ו
ה;י;מ;ח;נ;ע;ו;ש;י;ל;ב;ב;ר;ז;ם;ע;ם;י;א;ב
י;כ;ד;ר;מ;י;נ;מ;ח;נ;ה;י;מ;ע;ר;ה;י;ר;ז;ע
נ;ע;ב;ם;ו;ח;נ;י;ו;ג;ב;ת;ר;פ;ס;מ;ן;ש;ל;ב
פ;י;נ;ב;ל;א;ר;ש;י;ם;ע;י;ש;נ;א;ר;פ;ס;מ;ה
נ;ש;ו;ם;י;ע;ב;ש;ו;ה;א;מ;ם;י;פ;ל;א;ש;ע;ר
ע;ב;ש;ת;ו;א;מ;ש;ל;ש;ה;י;ט;פ;ש;י;נ;ב;ם;י
ח;ת;ו;א;מ;ש;ש;ח;ר;א;י;נ;ב;ם;י;נ;ש;ו;ם;י
ל;ב;א;ו;מ;ת;ח;פ;י;נ;ב;ם;י;נ;ש;ו;ם;י;ש;מ
מ;ש;ו;ם;י;פ;ל;א;ב;א;ו;י;ו;ע;ו;ש;י;י;נ;ב
ם;ל;י;ע;י;נ;ב;ר;ש;ע;ה;נ;מ;ש;ת;ו;א;מ;ה;נ
ב;ה;ע;ב;ר;א;ו;ם;י;ש;מ;ח;ם;י;ת;א;מ;ף;ל;א
ם;י;ע;ב;ר;א;ת;ו;א;מ;ה;נ;מ;ש;א;ו;ת;ז;י;נ
ש;ו;ת;ו;א;מ;ע;ב;ש;י;כ;ז;י;נ;ב;ה;ש;מ;ח;ו
ע;ב;ר;א;ת;ו;א;מ;ש;ש;י;ו;נ;ב;י;נ;ב;ם;י;ש
ע;ת;ו;א;מ;ש;ש;י;ב;ב;י;נ;ב;ה;נ;מ;ש;ו;ם;י
י;פ;ל;א;ד;ג;ז;ע;י;נ;ב;ה;נ;מ;ש;ו;ם;י;ר;ש
נ;ב;ם;י;נ;ש;ו;ם;י;ר;ש;ע;ת;ו;א;מ;ש;ל;ש;ם
ב;ש;ו;ם;י;ש;ש;ת;ו;א;מ;ש;ש;ם;ק;י;נ;ד;א;י
ש;ו;ם;י;ש;ש;ם;י;פ;ל;א;י;ו;ג;ב;י;נ;ב;ה;ע
י;ש;מ;ח;ת;ו;א;מ;ש;ש;ן;י;ד;ע;י;נ;ב;ה;ע;ב
ש;ת;ה;י;ק;ז;ח;ל;ר;ט;א;י;נ;ב;ה;ש;מ;ח;ו;ם
ו;א;מ;ש;ל;ש;ם;ש;ח;י;נ;ב;ה;נ;מ;ש;ו;ם;י;ע
ש;ל;ש;י;צ;ב;י;נ;ב;ה;נ;מ;ש;ו;ם;י;ר;ש;ע;ת
ר;ח;י;נ;ב;ה;ע;ב;ר;א;ו;ם;י;ר;ש;ע;ת;ו;א;מ
ן;ו;ע;ב;ג;י;נ;ב;ר;ש;ע;ם;י;נ;ש;ה;א;מ;ף;י
ם;ח;ל;ת;י;ב;י;ש;נ;א;ה;ש;מ;ח;ו;ם;י;ע;ש;ת
נ;א;ה;נ;מ;ש;ו;ם;י;נ;מ;ש;ה;א;מ;ה;פ;ט;נ;ו
ה;נ;מ;ש;ו;ם;י;ר;ש;ע;ה;א;מ;ת;ו;ת;נ;ע;י;ש
ש;ו;ם;י;ע;ב;ר;א;ת;ו;מ;ז;ע;ת;י;ב;י;ש;נ;א
ר;י;פ;כ;ם;י;ר;ע;י;ת;י;ר;ק;י;ש;נ;א;ם;י;נ
ם;י;ע;ב;ר;א;ת;ו;א;מ;ע;ב;ש;ת;ו;ר;א;ב;ו;ה
מ;ש;ש;ע;ב;ג;ו;ה;מ;ר;ה;י;ש;נ;א;ה;ש;ל;ש;ו
ס;מ;כ;מ;י;ש;נ;א;ד;ח;א;ו;ם;י;ר;ש;ע;ת;ו;א
י;ב;י;ש;נ;א;ם;י;נ;ש;ו;ם;י;ר;ש;ע;ו;ה;א;מ
ה;ש;ל;ש;ו;ם;י;ר;ש;ע;ה;א;מ;י;ע;ה;ו;ל;א;ת
ם;י;נ;ש;ו;ם;י;ש;מ;ח;ר;ח;א;ו;ב;נ;י;ש;נ;א
מ;ח;ם;י;ת;א;מ;ף;ל;א;ר;ח;א;ם;ל;י;ע;י;נ;ב
א;מ;ש;ל;ש;ם;ר;ח;י;נ;ב;ה;ע;ב;ר;א;ו;ם;י;ש
א;מ;ש;ל;ש;ו;ח;ר;י;י;נ;ב;ם;י;ר;ש;ע;ו;ת;ו
ד;ח;ד;ל;י;נ;ב;ה;ש;מ;ח;ו;ם;י;ע;ב;ר;א;ת;ו
ם;י;ר;ש;ע;ו;ת;ו;א;מ;ע;ב;ש;ו;נ;ו;א;ו;ד;י
ם;י;פ;ל;א;ת;ש;ל;ש;ה;א;נ;ס;י;נ;ב;ד;ח;א;ו
ב;ם;י;נ;ה;כ;ה;ם;י;ש;ל;ש;ו;ת;ו;א;מ;ע;ש;ת
א;מ;ע;ש;ת;ע;ו;ש;י;ת;י;ב;ל;ה;י;ע;ד;י;י;נ
ל;א;ר;מ;א;י;נ;ב;ה;ש;ל;ש;ו;ם;י;ע;ב;ש;ת;ו
א;ר;ו;ח;ש;פ;י;נ;ב;ם;י;נ;ש;ו;ם;י;ש;מ;ח;ף
נ;ב;ה;ע;ב;ש;ו;ם;י;ע;ב;ר;א;ם;י;ת;א;מ;ף;ל
ב;ם;י;ו;ל;ה;ר;ש;ע;ה;ע;ב;ש;ף;ל;א;ם;ר;ח;י
ו;ה;ל;י;נ;ב;ל;ל;א;י;מ;ד;ק;ל;ע;ו;ש;י;י;נ
י;ר;ר;ש;מ;ה;ה;ע;ב;ר;א;ו;ם;י;ע;ב;ש;ה;ו;ד
נ;מ;ש;ו;ם;י;ע;ב;ר;א;ה;א;מ;ף;ס;א;י;נ;ב;ם
ר;ט;א;י;נ;ב;ם;ו;ל;ש;י;נ;ב;ם;י;ר;ע;ש;ה;ה
י;ט;ח;י;נ;ב;ב;ו;ק;ע;י;נ;ב;ן;מ;ל;ט;י;נ;ב
נ;מ;ש;ו;ם;י;ש;ל;ש;ה;א;מ;י;ב;ש;י;נ;ב;א;ט
פ;ש;ח;י;נ;ב;א;ח;צ;י;נ;ב;ם;י;נ;י;ת;נ;ה;ה
ס;י;נ;ב;ס;ר;י;ק;י;נ;ב;ת;ו;ע;ב;ט;י;נ;ב;א
י;נ;ב;ה;נ;ב;ל;י;נ;ב;ן;ו;ד;פ;י;נ;ב;א;ע;י
י;נ;ב;ן;נ;ח;י;נ;ב;י;מ;ל;ש;י;נ;ב;ה;ב;ג;ח
ר;י;נ;ב;ה;י;א;ר;י;נ;ב;ר;ח;ג;י;נ;ב;ל;ד;ג
י;נ;ב;ם;ז;ג;י;נ;ב;א;ד;ו;ק;נ;י;נ;ב;ן;י;צ
ע;מ;י;נ;ב;י;ס;ב;י;נ;ב;ח;ס;פ;י;נ;ב;א;ז;ע
ב;ק;ב;י;נ;ב;ם;י;ס;ש;ו;פ;נ;י;נ;ב;ם;י;נ;ו
נ;ב;ר;ו;ח;ר;ח;י;נ;ב;א;פ;ו;ק;ח;י;נ;ב;ק;ו
ש;ר;ח;י;נ;ב;א;ד;י;ח;מ;י;נ;ב;ת;י;ל;צ;ב;י
י;נ;ב;א;ר;ס;י;ס;י;נ;ב;ס;ו;ק;ר;ב;י;נ;ב;א
נ;ב;א;פ;י;ט;ח;י;נ;ב;ח;י;צ;נ;י;נ;ב;ח;מ;ת
ס;י;נ;ב;י;ט;ו;ס;י;נ;ב;ה;מ;ל;ש;י;ד;ב;ע;י
ב;א;ל;ע;י;י;נ;ב;א;ד;י;ר;פ;י;נ;ב;ת;ר;פ;ו
י;ט;פ;ש;י;נ;ב;ל;ד;ג;י;נ;ב;ן;ו;ק;ר;ד;י;נ
י;י;ב;צ;ה;ת;ר;כ;פ;י;נ;ב;ל;י;ט;ח;י;נ;ב;ה
נ;ב;ו;ם;י;נ;י;ת;נ;ה;ל;כ;ן;ו;מ;א;י;נ;ב;ם
י;ע;ש;ת;ת;ו;א;מ;ש;ל;ש;ה;מ;ל;ש;י;ד;ב;ע;י
מ;ל;ת;מ;ם;י;ל;ו;ע;ה;ה;ל;א;ו;ם;י;נ;ש;ו;ם
ר;מ;א;ו;ן;ו;ד;א;ב;ו;ר;כ;א;ש;ר;ח;ל;ת;ח;ל
ם;ת;ו;ב;א;ת;י;ב;ד;י;ג;ה;ל;ו;ל;כ;י;א;ל;ו
ל;ד;י;נ;ב;ם;ה;ל;א;ר;ש;י;מ;ם;א;ם;ע;ר;ז;ו
ש;ש;א;ד;ו;ק;נ;י;נ;ב;ה;י;ב;ו;ט;י;נ;ב;ה;י
ה;ן;מ;ו;ם;י;נ;ש;ו;ם;י;ע;ב;ר;א;ו;ת;ו;א;מ
ב;ץ;ו;ק;ה;י;נ;ב;ה;י;ב;ח;י;נ;ב;ם;י;נ;ה;כ
ר;ב;ת;ו;נ;ב;מ;ח;ק;ל;ר;ש;א;י;ל;ז;ר;ב;י;נ
ש;ל;ע;א;ר;ק;י;ו;ה;ש;א;י;ד;ע;ל;ג;ה;י;ל;ז
י;ש;ח;י;ת;מ;ה;ם;ב;ת;כ;ו;ש;ק;ב;ה;ל;א;ם;מ
נ;ה;כ;ה;ן;מ;ו;ל;א;ג;י;ו;א;צ;מ;נ;א;ל;ו;ם
א;ל;ר;ש;א;ם;ה;ל;א;ת;ש;ר;ת;ה;ר;מ;א;י;ו;ה
ד;מ;ע;ד;ע;ם;י;ש;ד;ק;ה;ש;ד;ק;מ;ו;ל;כ;א;י
ק;ה;ל;כ;ם;י;מ;ו;ת;ו;ם;י;ר;ו;א;ל;ן;ה;כ;ה
ש;ם;י;פ;ל;א;א;ו;ב;ר;ע;ב;ר;א;ד;ח;א;כ;ל;ה
ה;י;ד;ב;ע;ד;ב;ל;מ;ם;י;ש;ש;ו;ת;ו;א;מ;ש;ל
י;פ;ל;א;ת;ע;ב;ש;ה;ל;א;ם;ה;י;ת;ה;מ;א;ו;ם
ל;ו;ה;ע;ב;ש;ו;ם;י;ש;ל;ש;ת;ו;א;מ;ש;ל;ש;ם
ם;י;ת;א;מ;ת;ו;ר;ר;ש;מ;ו;ם;י;ר;ר;ש;מ;ם;ה
ב;ר;א;ם;י;ל;מ;ג;ה;ש;מ;ח;ו;ם;י;ע;ב;ר;א;ו
ם;י;ר;מ;ח;ה;ש;מ;ח;ו;ם;י;ש;ל;ש;ת;ו;א;מ;ע
י;ר;ש;ע;ו;ת;ו;א;מ;ע;ב;ש;ם;י;פ;ל;א;ת;ש;ש
ל;ו;נ;ת;נ;ת;ו;ב;א;ה;י;ש;א;ר;ת;צ;ק;מ;ו;ם
ז;ר;צ;ו;א;ל;ן;ת;נ;א;ת;ש;ר;ת;ה;ה;כ;א;ל;מ
מ;ח;ת;ו;ק;ר;ז;מ;ף;ל;א;ם;י;נ;מ;כ;ר;ד;ב;ה
ח;ו;ם;י;ש;ל;ש;ם;י;נ;ה;כ;ת;ו;נ;ת;כ;ם;י;ש
נ;ת;נ;ת;ו;ב;א;ה;י;ש;א;ר;מ;ו;ת;ו;א;מ;ש;מ
ו;מ;כ;ר;ד;ב;ה;ז;ה;כ;א;ל;מ;ה;ר;צ;ו;א;ל;ו
ל;א;ם;י;נ;מ;ף;ס;כ;ו;ת;ו;ב;ר;י;ת;ש;ם;י;נ
ר;א;ש;ו;נ;ת;נ;ר;ש;א;ו;ם;י;ת;א;מ;ו;ם;י;פ
ר;י;ת;ש;ם;י;נ;ו;מ;כ;ר;ד;ב;ה;ז;ם;ע;ה;ת;י
נ;ת;כ;ו;ם;י;פ;ל;א;ם;י;נ;מ;ף;ס;כ;ו;א;ו;ב
ו;ב;ש;י;ו;ה;ע;ב;ש;ו;ם;י;ש;ש;ם;י;נ;ה;כ;ת
ם;י;ר;ע;ו;ש;ה;ו;ם;י;ו;ל;ה;ו;ם;י;נ;ה;כ;ה
נ;י;ת;נ;ה;ו;ם;ע;ה;ן;מ;ו;ם;י;ר;ר;ש;מ;ה;ו
ע;ג;י;ו;ם;ה;י;ר;ע;ב;ל;א;ר;ש;י;ל;כ;ו;ם;י
ב;ל;א;ר;ש;י;י;נ;ב;ו;י;ע;י;ב;ש;ה;ש;ד;ח;ה
ש;י;א;כ;ם;ע;ה;ל;כ;ו;פ;ס;א;י;ו;ם;ה;י;ר;ע
ר;ע;ש;י;נ;פ;ל;ר;ש;א;ב;ו;ח;ר;ה;ל;א;ד;ח;א
ל;ר;פ;ס;ה;א;ר;ז;ע;ל;ו;ר;מ;א;י;ו;ם;י;מ;ה
צ;ר;ש;א;ה;ש;מ;ת;ר;ו;ת;ר;פ;ס;ת;א;א;י;ב;ה
ז;ע;א;י;ב;י;ו;ל;א;ר;ש;י;ת;א;ה;ו;ה;י;ה;ו
ה;ק;ה;י;נ;פ;ל;ה;ר;ו;ת;ה;ת;א;ן;ה;כ;ה;א;ר
ש;ל;ן;י;ב;מ;ל;כ;ו;ה;ש;א;ד;ע;ו;ש;י;א;מ;ל
ו;י;ע;י;ב;ש;ה;ש;ד;ח;ל;ד;ח;א;ם;ו;י;ב;ע;מ
פ;ל;ר;ש;א;ב;ו;ח;ר;ה;י;נ;פ;ל;ו;ב;א;ר;ק;י
צ;ח;מ;ד;ע;ר;ו;א;ה;ן;מ;ם;י;מ;ה;ר;ע;ש;י;נ
י;ש;נ;ה;ו;ם;י;ש;נ;א;ה;ד;ג;נ;ם;ו;י;ה;ת;י
א;ם;ע;ה;ל;כ;י;נ;ז;א;ו;ם;י;נ;י;ב;מ;ה;ו;ם
ס;ה;א;ר;ז;ע;ד;מ;ע;י;ו;ה;ר;ו;ת;ה;ר;פ;ס;ל
ר;ב;ד;ל;ו;ש;ע;ר;ש;א;ץ;ע;ל;ד;ג;מ;ל;ע;ר;פ
ע;ו;ע;מ;ש;ו;ה;י;ת;ת;מ;ו;ל;צ;א;ד;מ;ע;י;ו
י;ש;ע;מ;ו;ה;י;ק;ל;ח;ו;ה;י;ר;ו;א;ו;ה;י;נ
ו;ה;י;ד;פ;ו;ל;א;מ;ש;מ;ו;ו;נ;י;מ;י;ל;ע;ה
ד;ב;ש;ח;ו;ם;ש;ח;ו;ה;י;כ;ל;מ;ו;ל;א;ש;י;מ
א;ר;ז;ע;ח;ת;פ;י;ו;ם;ל;ש;מ;ה;י;ר;כ;ז;ה;נ
כ;ל;ע;מ;י;כ;ם;ע;ה;ל;כ;י;נ;י;ע;ל;ר;פ;ס;ה
ה;ל;כ;ו;ד;מ;ע;ו;ח;ת;פ;כ;ו;ה;י;ה;ם;ע;ה;ל
ל;א;ה;ה;ו;ה;י;ת;א;א;ר;ז;ע;ך;ר;ב;י;ו;ם;ע
מ;א;ם;ע;ה;ל;כ;ו;נ;ע;י;ו;ל;ו;ד;ג;ה;ם;י;ה
י;ו;ו;ד;ק;י;ו;ם;ה;י;ד;י;ל;ע;מ;ב;ן;מ;א;ן
ש;י;ו;ה;צ;ר;א;ם;י;פ;א;ה;ו;ה;י;ל;ו;ח;ת;ש
ב;ו;ק;ע;ן;י;מ;י;ה;י;ב;ר;ש;ו;י;נ;ב;ו;ע;ו
ע;א;ט;י;ל;ק;ה;י;ש;ע;מ;ה;י;ד;ו;ה;י;ת;ב;ש
ל;ה;ו;ה;י;א;ל;פ;ן;נ;ח;ד;ב;ז;ו;י;ה;י;ר;ז
ו;ה;ר;ו;ת;ל;ם;ע;ה;ת;א;ם;י;נ;י;ב;מ;ם;י;ו
ב;ר;פ;ס;ב;ו;א;ר;ק;י;ו;ם;ד;מ;ע;ל;ע;ם;ע;ה
כ;ש;ם;ו;ש;ו;ש;ר;פ;מ;ם;י;ה;ל;א;ה;ת;ר;ו;ת
מ;ח;נ;ר;מ;א;י;ו;א;ר;ק;מ;ב;ו;נ;י;ב;י;ו;ל
ן;ה;כ;ה;א;ר;ז;ע;ו;א;ת;ש;ר;ת;ה;א;ו;ה;ה;י
ה;ת;א;ם;י;נ;י;ב;מ;ה;ם;י;ו;ל;ה;ו;ר;פ;ס;ה
י;ל;א;ו;ה;ש;ד;ק;ם;ו;י;ה;ם;ע;ה;ל;כ;ל;ם;ע
ל;א;ו;ו;ל;ב;א;ת;ת;ל;א;ם;כ;י;ה;ל;א;ה;ו;ה
ע;מ;ש;כ;ם;ע;ה;ל;כ;ם;י;כ;ו;ב;י;כ;ו;כ;ב;ת
ם;ה;ל;ר;מ;א;י;ו;ה;ר;ו;ת;ה;י;ר;ב;ד;ת;א;ם
ת;מ;מ;ו;ת;ש;ו;ם;י;נ;מ;ש;מ;ו;ל;כ;א;ו;כ;ל
ן;ו;כ;נ;ן;י;א;ל;ת;ו;נ;מ;ו;ח;ל;ש;ו;ם;י;ק
ו;ו;נ;י;נ;ד;א;ל;ם;ו;י;ה;ש;ו;ד;ק;י;כ;ו;ל
א;י;ה;ה;ו;ה;י;ת;ו;ד;ח;י;כ;ו;ב;צ;ע;ת;ל;א
ה;ל;כ;ל;ם;י;ש;ח;מ;ם;י;ו;ל;ה;ו;ם;כ;ז;ע;מ
א;ו;ש;ד;ק;ם;ו;י;ה;י;כ;ו;ס;ה;ר;מ;א;ל;ם;ע
ל;כ;א;ל;ם;ע;ה;ל;כ;ו;כ;ל;י;ו;ו;ב;צ;ע;ת;ל
ו;ש;ע;ל;ו;ת;ו;נ;מ;ח;ל;ש;ל;ו;ת;ו;ת;ש;ל;ו
ב;ד;ב;ו;נ;י;ב;ה;י;כ;ה;ל;ו;ד;ג;ה;ח;מ;ש;ת
ם;ו;י;ב;ו;ם;ה;ל;ו;ע;י;ד;ו;ה;ר;ש;א;ם;י;ר
כ;ל;ת;ו;ב;א;ה;י;ש;א;ר;ו;פ;ס;א;נ;י;נ;ש;ה
ז;ע;ל;א;ם;י;ו;ל;ה;ו;ם;י;נ;ה;כ;ה;ם;ע;ה;ל
ה;י;ר;ב;ד;ל;א;ל;י;כ;ש;ה;ל;ו;ר;פ;ס;ה;א;ר
א;ה;ר;ו;ת;ב;ב;ו;ת;כ;ו;א;צ;מ;י;ו;ה;ר;ו;ת
ש;י;ר;ש;א;ה;ש;מ;ד;י;ב;ה;ו;ה;י;ה;ו;צ;ר;ש
ח;ב;ג;ח;ב;ת;ו;כ;ס;ב;ל;א;ר;ש;י;י;נ;ב;ו;ב
י;ו;ו;ע;י;מ;ש;י;ר;ש;א;ו;י;ע;י;ב;ש;ה;ש;ד
ר;י;ב;ו;ם;ה;י;ר;ע;ל;כ;ב;ל;ו;ק;ו;ר;י;ב;ע
ו;א;י;ב;ה;ו;ר;ה;ה;ו;א;צ;ר;מ;א;ל;ם;ל;ש;ו
ה;י;ל;ע;ו;ן;מ;ש;ץ;ע;י;ל;ע;ו;ת;י;ז;י;ל;ע
ת;ב;ע;ץ;ע;י;ל;ע;ו;ם;י;ר;מ;ת;י;ל;ע;ו;ס;ד
ם;ע;ה;ו;א;צ;י;ו;ב;ו;ת;כ;כ;ת;כ;ס;ת;ש;ע;ל
י;א;ת;ו;כ;ס;ם;ה;ל;ו;ש;ע;י;ו;ו;א;י;ב;י;ו
ר;צ;ח;ב;ו;ם;ה;י;ת;ר;צ;ח;ב;ו;ו;ג;ג;ל;ע;ש
ר;ע;ש;ב;ו;ח;ר;ב;ו;ם;י;ה;ל;א;ה;ת;י;ב;ת;ו
י;ו;ם;י;ר;פ;א;ר;ע;ש;ב;ו;ח;ר;ב;ו;ם;י;מ;ה
י;ב;ש;ה;ן;מ;ם;י;ב;ש;ה;ל;ה;ק;ה;ל;כ;ו;ש;ע
ש;ע;א;ל;י;כ;ת;ו;כ;ס;ב;ו;ב;ש;י;ו;ת;ו;כ;ס
י;י;נ;ב;ן;כ;ן;ו;נ;ן;ב;ע;ו;ש;י;י;מ;י;מ;ו
מ;ש;י;ה;ת;ו;א;ו;ה;ה;ם;ו;י;ה;ד;ע;ל;א;ר;ש
ת;ר;פ;ס;ב;א;ר;ק;י;ו;ד;א;מ;ה;ל;ו;ד;ג;ה;ח
י;ה;ן;מ;ם;ו;י;ב;ם;ו;י;ם;י;ה;ל;א;ה;ת;ר;ו
ן;ו;ר;ח;א;ה;ם;ו;י;ה;ד;ע;ן;ו;ש;א;ר;ה;ם;ו
ם;ו;י;ב;ו;ם;י;מ;י;ת;ע;ב;ש;ג;ח;ו;ש;ע;י;ו
ם;ו;י;ב;ו;ט;פ;ש;מ;כ;ת;ר;צ;ע;י;נ;י;מ;ש;ה
א;נ;ה;ז;ה;ש;ד;ח;ל;ה;ע;ב;ר;א;ו;ם;י;ר;ש;ע
י;ק;ש;ב;ו;ם;ו;צ;ב;ל;א;ר;ש;י;י;נ;ב;ו;פ;ס
ע;ר;ז;ו;ל;ד;ב;י;ו;ם;ה;י;ל;ע;ה;מ;ד;א;ו;ם
ו;ד;מ;ע;י;ו;ר;כ;נ;י;נ;ב;ל;כ;מ;ל;א;ר;ש;י
ו;נ;ו;ע;ו;ם;ה;י;ת;א;ט;ח;ל;ע;ו;ד;ו;ת;י;ו
ו;ם;ד;מ;ע;ל;ע;ו;מ;ו;ק;י;ו;ם;ה;י;ת;ב;א;ת
ה;ל;א;ה;ו;ה;י;ת;ר;ו;ת;ר;פ;ס;ב;ו;א;ר;ק;י
ת;מ;ת;י;ע;ב;ר;ו;ם;ו;י;ה;ת;י;ע;ב;ר;ם;ה;י
ה;ל;א;ה;ו;ה;י;ל;ם;י;ו;ח;ת;ש;מ;ו;ם;י;ד;ו
ש;י;ם;י;ו;ל;ה;ה;ל;ע;מ;ל;ע;ם;ק;י;ו;ם;ה;י
י;נ;ב;ה;י;נ;ב;ש;ל;א;י;מ;ד;ק;י;נ;ב;ו;ע;ו
ק;ב;ו;ק;ע;ז;י;ו;י;נ;נ;כ;י;נ;ב;ה;י;ב;ר;ש
י;ו;ם;ה;י;ה;ל;א;ה;ו;ה;י;ל;א;ל;ו;ד;ג;ל;ו
ל;א;י;מ;ד;ק;ו;ע;ו;ש;י;ם;י;ו;ל;ה;ו;ר;מ;א
ש;ה;י;ד;ו;ה;ה;י;ב;ר;ש;ה;י;נ;ב;ש;ח;י;נ;ב
י;ת;א;ו;כ;ר;ב;ו;מ;ו;ק;ה;י;ח;ת;פ;ה;י;נ;ב
ע;ה;ד;ע;ם;ל;ו;ע;ה;ן;מ;ם;כ;י;ה;ל;א;ה;ו;ה
ו;ר;מ;ו;ך;ד;ו;ב;כ;ם;ש;ו;כ;ר;ב;י;ו;ם;ל;ו
ו;ה;ה;ת;א;ה;ל;ה;ת;ו;ה;כ;ר;ב;ל;כ;ל;ע;ם;מ
מ;ש;ה;ת;א;ת;י;ש;ע;ת;א;ך;ד;ב;ל;ה;ו;ה;י;א
ר;א;ה;ם;א;ב;צ;ל;כ;ו;ם;י;מ;ש;ה;י;מ;ש;ם;י
א;ל;כ;ו;ם;י;מ;י;ה;ה;י;ל;ע;ר;ש;א;ל;כ;ו;ץ
צ;ו;ם;ל;כ;ת;א;ה;י;ח;מ;ה;ת;א;ו;ם;ה;ב;ר;ש
ה;ה;ת;א;ם;י;ו;ח;ת;ש;מ;ך;ל;ם;י;מ;ש;ה;א;ב
ב;ת;ר;ח;ב;ר;ש;א;ם;י;ה;ל;א;ה;ה;ו;ה;י;א;ו
ם;י;ד;ש;כ;ר;ו;א;מ;ו;ת;א;צ;ו;ה;ו;ם;ר;ב;א
ל;ת;א;ת;א;צ;מ;ו;ם;ה;ר;ב;א;ו;מ;ש;ת;מ;ש;ו
ו;מ;ע;ת;ו;ר;כ;ו;ך;י;נ;פ;ל;ן;מ;א;נ;ו;ב;ב
ה;י;נ;ע;נ;כ;ה;ץ;ר;א;ת;א;ת;ת;ל;ת;י;ר;ב;ה
ס;ו;ב;י;ה;ו;י;ז;ר;פ;ה;ו;י;ר;מ;א;ה;י;ת;ח
ם;ק;ת;ו;ו;ע;ר;ז;ל;ת;ת;ל;י;ש;ג;ר;ג;ה;ו;י
א;ר;ת;ו;ה;ת;א;ק;י;ד;צ;י;כ;ך;י;ר;ב;ד;ת;א
ת;א;ו;ם;י;ר;צ;מ;ב;ו;נ;י;ת;ב;א;י;נ;ע;ת;א
ן;ת;ת;ו;ף;ו;ס;ם;י;ל;ע;ת;ע;מ;ש;ם;ת;ק;ע;ז
ב;ע;ל;כ;ב;ו;ה;ע;ר;פ;ב;ם;י;ת;פ;מ;ו;ת;ת;א
כ;ת;ע;ד;י;י;כ;ו;צ;ר;א;ם;ע;ל;כ;ב;ו;ו;י;ד
כ;ם;ש;ך;ל;ש;ע;ת;ו;ם;ה;י;ל;ע;ו;ד;י;ז;ה;י
ה;י;נ;פ;ל;ת;ע;ק;ב;ם;י;ה;ו;ה;ז;ה;ם;ו;י;ה
ו;ה;ש;ב;י;ב;ם;י;ה;ך;ו;ת;ב;ו;ר;ב;ע;י;ו;ם
כ;ת;ל;ו;צ;מ;ב;ת;כ;ל;ש;ה;ם;ה;י;פ;ד;ר;ת;א
ע;ד;ו;מ;ע;ב;ו;ם;י;ז;ע;ם;י;מ;ב;ן;ב;א;ו;מ
ש;א;ד;ו;מ;ע;ב;ו;ם;מ;ו;י;ם;ת;י;ח;נ;ה;ן;נ
ש;א;ך;ר;ד;ה;ת;א;ם;ה;ל;ר;י;א;ה;ל;ה;ל;י;ל
ת;ד;ר;י;י;נ;י;ס;ר;ה;ל;ע;ו;ה;ב;ו;כ;ל;י;ר
ם;ה;ל;ן;ת;ת;ו;ם;י;מ;ש;מ;ם;ה;מ;ע;ר;ב;ד;ו
ת;מ;א;ת;ו;ר;ו;ת;ו;ם;י;ר;ש;י;ם;י;ט;פ;ש;מ
ת;ב;ש;ת;א;ו;ם;י;ב;ו;ט;ת;ו;צ;מ;ו;ם;י;ק;ח
ח;ו;ת;ו;ו;צ;מ;ו;ם;ה;ל;ת;ע;ד;ו;ה;ך;ש;ד;ק
ש;מ;ד;י;ב;ם;ה;ל;ת;י;ו;צ;ה;ר;ו;ת;ו;ם;י;ק
ה;ל;ה;ת;ת;נ;ם;י;מ;ש;מ;ם;ח;ל;ו;ך;ד;ב;ע;ה
ל;ת;א;צ;ו;ה;ע;ל;ס;מ;ם;י;מ;ו;ם;ב;ע;ר;ל;ם
ל;א;ו;ב;ל;ם;ה;ל;ר;מ;א;ת;ו;ם;א;מ;צ;ל;ם;ה
ד;י;ת;א;ת;א;ש;נ;ר;ש;א;ץ;ר;א;ה;ת;א;ת;ש;ר
י;ז;ה;ו;נ;י;ת;ב;א;ו;ם;ה;ו;ם;ה;ל;ת;ת;ל;ך
ו;ע;מ;ש;א;ל;ו;ם;פ;ר;ע;ת;א;ו;ש;ק;י;ו;ו;ד
ל;ו;ע;מ;ש;ל;ו;נ;א;מ;י;ו;ך;י;ת;ו;צ;מ;ל;א
ע;ת;י;ש;ע;ר;ש;א;ך;י;ת;א;ל;פ;נ;ו;ר;כ;ז;א
ר;ו;נ;ת;י;ו;ם;פ;ר;ע;ת;א;ו;ש;ק;י;ו;ם;ה;מ
ת;א;ו;ם;י;ר;מ;ב;ם;ת;ד;ב;ע;ל;ב;ו;ש;ל;ש;א
ם;ו;ח;ר;ו;ן;ו;נ;ח;ת;ו;ח;י;ל;ס;ה;ו;ל;א;ה
ב;ז;ע;א;ל;ו;ד;ס;ח;ו;ב;ר;ו;ם;י;פ;א;ך;ר;א
ו;ה;כ;ס;מ;ל;ג;ע;ם;ה;ל;ו;ש;ע;י;כ;ף;א;ם;ת
מ;ך;ל;ע;ה;ר;ש;א;ך;י;ה;ל;א;ה;ז;ו;ר;מ;א;י
ת;ו;ל;ד;ג;ת;ו;צ;א;נ;ו;ש;ע;י;ו;ם;י;ר;צ;מ
ב;ז;ע;א;ל;ם;י;ב;ר;ה;ך;י;מ;ח;ר;ב;ה;ת;א;ו
ס;א;ל;ן;נ;ע;ה;ד;ו;מ;ע;ת;א;ר;ב;ד;מ;ב;ם;ת
ה;ב;ם;ת;ח;נ;ה;ל;ם;מ;ו;י;ב;ם;ה;י;ל;ע;מ;ר
ה;ל;ה;ל;י;ל;ב;ש;א;ה;ד;ו;מ;ע;ת;א;ו;ך;ר;ד
ו;כ;ל;י;ר;ש;א;ך;ר;ד;ה;ת;א;ו;ם;ה;ל;ר;י;א
י;כ;ש;ה;ל;ת;ת;נ;ה;ב;ו;ט;ה;ך;ח;ו;ר;ו;ה;ב
י;מ;ו;ם;ה;י;פ;מ;ת;ע;נ;מ;א;ל;ך;נ;מ;ו;ם;ל
ם;י;ע;ב;ר;א;ו;ם;א;מ;צ;ל;ם;ה;ל;ה;ת;ת;נ;ם
ו;ר;ס;ח;א;ל;ר;ב;ד;מ;ב;ם;ת;ל;כ;ל;כ;ה;נ;ש
ל;ם;ה;י;ל;ג;ר;ו;ו;ל;ב;א;ל;ם;ה;י;ת;מ;ל;ש
ע;ו;ת;ו;כ;ל;מ;מ;ם;ה;ל;ן;ת;ת;ו;ו;ק;צ;ב;א
ו;ש;ר;י;י;ו;ה;א;פ;ל;ם;ק;ל;ח;ת;ו;ם;י;מ;מ
ח;ך;ל;מ;ץ;ר;א;ת;א;ו;ן;ו;ח;י;ס;ץ;ר;א;ת;א
ן;ש;ב;ה;ך;ל;מ;ג;ו;ע;ץ;ר;א;ת;א;ו;ן;ו;ב;ש
י;מ;ש;ה;י;ב;כ;כ;כ;ת;י;ב;ר;ה;ם;ה;י;נ;ב;ו
ת;ר;מ;א;ר;ש;א;ץ;ר;א;ה;ל;א;ם;א;י;ב;ת;ו;ם
ו;א;ב;י;ו;ת;ש;ר;ל;א;ו;ב;ל;ם;ה;י;ת;ב;א;ל
כ;ת;ו;ץ;ר;א;ה;ת;א;ו;ש;ר;י;י;ו;ם;י;נ;ב;ה
כ;ה;ץ;ר;א;ה;י;ב;ש;י;ת;א;ם;ה;י;נ;פ;ל;ע;נ
כ;ל;מ;ת;א;ו;ם;ד;י;ב;ם;נ;ת;ת;ו;ם;י;נ;ע;נ
ב;ת;ו;ש;ע;ל;ץ;ר;א;ה;י;מ;מ;ע;ת;א;ו;ם;ה;י
צ;ב;ם;י;ר;ע;ו;ד;כ;ל;י;ו;ם;נ;ו;צ;ר;כ;ם;ה
ת;ב;ו;ש;ר;י;י;ו;ה;נ;מ;ש;ה;מ;ד;א;ו;ת;ו;ר
ב;ו;צ;ח;ת;ו;ר;ב;ב;ו;ט;ל;כ;ם;י;א;ל;מ;ם;י
ל;כ;א;מ;ץ;ע;ו;ם;י;ת;י;ז;ו;ם;י;מ;ר;כ;ם;י
י;מ;ש;י;ו;ו;ע;ב;ש;י;ו;ו;ל;כ;א;י;ו;ב;ר;ל
ו;ל;ו;ד;ג;ה;ך;ב;ו;ט;ב;ו;נ;ד;ע;ת;י;ו;ו;נ
ת;א;ו;כ;ל;ש;י;ו;ך;ב;ו;ד;ר;מ;י;ו;ו;ר;מ;י
י;א;י;ב;נ;ת;א;ו;ם;ו;ג;י;ר;ח;א;ך;ת;ר;ו;ת
ב;י;ש;ה;ל;ם;ב;ו;ד;י;ע;ה;ר;ש;א;ו;ג;ר;ה;ך
ת;ל;ו;ד;ג;ת;ו;צ;א;נ;ו;ש;ע;י;ו;ך;י;ל;א;ם
ה;ל;ו;ר;צ;י;ו;ם;ה;י;ר;צ;ד;י;ב;ם;נ;ת;ת;ו
א;ו;ך;י;ל;א;ו;ק;ע;צ;י;ם;ת;ר;צ;ת;ע;ב;ו;ם
ר;ה;ך;י;מ;ח;ר;כ;ו;ע;מ;ש;ת;ם;י;מ;ש;מ;ה;ת
ש;ו;י;ו;ם;י;ע;י;ש;ו;מ;ם;ה;ל;ן;ת;ת;ם;י;ב
ם;ה;ל;ח;ו;נ;כ;ו;ם;ה;י;ר;צ;ד;י;מ;ם;ו;ע;י
ע;ת;ו;ך;י;נ;פ;ל;ע;ר;ת;ו;ש;ע;ל;ו;ב;ו;ש;י
ם;ה;ב;ו;ד;ר;י;ו;ם;ה;י;ב;י;א;ד;י;ב;ם;ב;ז
מ;ש;מ;ה;ת;א;ו;ך;ו;ק;ע;ז;י;ו;ו;ב;ו;ש;י;ו
ב;ר;ך;י;מ;ח;ר;כ;ם;ל;י;צ;ת;ו;ע;מ;ש;ת;ם;י
א;ם;ב;י;ש;ה;ל;ם;ה;ב;ד;ע;ת;ו;ם;י;ת;ע;ת;ו
מ;ש;א;ל;ו;ו;ד;י;ז;ה;ה;מ;ה;ו;ך;ת;ר;ו;ת;ל
א;ט;ח;ך;י;ט;פ;ש;מ;ב;ו;ך;י;ת;ו;צ;מ;ל;ו;ע
ם;ה;ב;ה;י;ח;ו;ם;ד;א;ה;ש;ע;י;ר;ש;א;ם;ב;ו
ק;ה;ם;פ;ר;ע;ו;ת;ר;ר;ו;ס;ף;ת;כ;ו;נ;ת;י;ו
ש;ם;ה;י;ל;ע;ך;ש;מ;ת;ו;ו;ע;מ;ש;א;ל;ו;ו;ש
י;ב;ך;ח;ו;ר;ב;ם;ב;ד;ע;ת;ו;ת;ו;ב;ר;ם;י;נ
נ;ת;ת;ו;ו;נ;י;ז;א;ה;א;ל;ו;ך;י;א;י;ב;נ;ד
ה;ך;י;מ;ח;ר;ב;ו;ת;צ;ר;א;ה;י;מ;ע;ד;י;ב;ם
ב;ז;ע;א;ל;ו;ה;ל;כ;ם;ת;י;ש;ע;א;ל;ם;י;ב;ר
ע;ו;ה;ת;א;ם;ו;ח;ר;ו;ן;ו;נ;ח;ל;א;י;כ;ם;ת
ו;ב;ג;ה;ל;ו;ד;ג;ה;ל;א;ה;ו;נ;י;ה;ל;א;ה;ת
ס;ח;ה;ו;ת;י;ר;ב;ה;ר;מ;ו;ש;א;ר;ו;נ;ה;ו;ר
א;ל;ת;ה;ל;כ;ת;א;ך;י;נ;פ;ל;ט;ע;מ;י;ל;א;ד
ר;ש;ל;ו;נ;י;כ;ל;מ;ל;ו;נ;ת;א;צ;מ;ר;ש;א;ה
ו;ו;נ;א;י;ב;נ;ל;ו;ו;נ;י;נ;ה;כ;ל;ו;ו;נ;י
ל;מ;י;מ;י;מ;ך;מ;ע;ל;כ;ל;ו;ו;נ;י;ת;ב;א;ל
צ;ה;ת;א;ו;ה;ז;ה;ם;ו;י;ה;ד;ע;ר;ו;ש;א;י;כ
ת;מ;א;י;כ;ו;נ;י;ל;ע;א;ב;ה;ל;כ;ל;ע;ק;י;ד
מ;ת;א;ו;ו;נ;ע;ש;ר;ה;ו;נ;ח;נ;א;ו;ת;י;ש;ע
ת;ב;א;ו;ו;נ;י;נ;ה;כ;ו;נ;י;ר;ש;ו;נ;י;כ;ל
י;ש;ק;ה;א;ל;ו;ך;ת;ר;ו;ת;ו;ש;ע;א;ל;ו;נ;י
ש;א;ך;י;ת;ו;ד;ע;ל;ו;ך;י;ת;ו;צ;מ;ל;א;ו;ב
ו;ם;ת;ו;כ;ל;מ;ב;ם;ה;ו;ם;ה;ב;ת;ד;י;ע;ה;ר
א;ב;ו;ם;ה;ל;ת;ת;נ;ר;ש;א;ב;ר;ה;ך;ב;ו;ט;ב
ל;ת;ת;נ;ר;ש;א;ה;נ;מ;ש;ה;ו;ה;ב;ח;ר;ה;ץ;ר
מ;מ;ו;ב;ש;א;ל;ו;ך;ו;ד;ב;ע;א;ל;ם;ה;י;נ;פ
ה;ו;נ;ח;נ;א;ה;נ;ה;ם;י;ע;ר;ה;ם;ה;י;ל;ל;ע
ה;ת;ת;נ;ר;ש;א;ץ;ר;א;ה;ו;ם;י;ד;ב;ע;ם;ו;י
ת;א;ו;ה;י;ר;פ;ת;א;ל;כ;א;ל;ו;נ;י;ת;ב;א;ל
י;ל;ע;ם;י;ד;ב;ע;ו;נ;ח;נ;א;ה;נ;ה;ה;ב;ו;ט
ש;א;ם;י;כ;ל;מ;ל;ה;ב;ר;מ;ה;ת;א;ו;ב;ת;ו;ה
ו;ו;נ;י;ת;ו;א;ט;ח;ב;ו;נ;י;ל;ע;ה;ת;ת;נ;ר
ת;מ;ה;ב;ב;ו;ם;י;ל;ש;מ;ו;נ;י;ת;י;ו;ג;ל;ע
נ;א;ה;ל;ו;ד;ג;ה;ר;צ;ב;ו;ם;נ;ו;צ;ר;כ;ו;נ
ם;י;ת;ר;כ;ו;נ;ח;נ;א;ת;א;ז;ל;כ;ב;ו;ו;נ;ח
ר;ש;ם;ו;ת;ח;ה;ל;ע;ו;ם;י;ב;ת;כ;ו;ה;נ;מ;א
ת;ח;ה;ל;ע;ו;ו;נ;י;נ;ה;כ;ו;נ;י;ו;ל;ו;נ;י
ל;כ;ח;ן;ב;א;ת;ש;ר;ת;ה;ה;י;מ;ח;נ;ם;י;מ;ו
מ;ר;י;ה;י;ר;ז;ע;ה;י;ר;ש;ה;י;ק;ד;צ;ו;ה;י
ו;ט;ח;ה;י;כ;ל;מ;ה;י;ר;מ;א;ר;ו;ח;ש;פ;ה;י
ב;ע;ת;ו;מ;ר;מ;ם;ר;ח;ך;ו;ל;מ;ה;י;נ;ב;ש;ש
ל;ש;מ;ך;ו;ר;ב;ן;ו;ת;נ;ג;ל;א;י;נ;ד;ה;י;ד
מ;ש;י;ג;ל;ב;ה;י;ז;ע;מ;ן;מ;י;מ;ה;י;ב;א;ם
י;ו;ם;י;ו;ל;ה;ו;ם;י;נ;ה;כ;ה;ה;ל;א;ה;י;ע
נ;ח;י;נ;ב;מ;י;ו;נ;ב;ה;י;נ;ז;א;ן;ב;ע;ו;ש
ה;ה;י;נ;ב;ש;ם;ה;י;ח;א;ו;ל;א;י;מ;ד;ק;ד;ד
כ;י;מ;ן;נ;ח;ה;י;א;ל;פ;א;ט;י;ל;ק;ה;י;ד;ו
ש;ה;י;ב;ר;ש;ר;ו;כ;ז;ה;י;ב;ש;ח;ב;ו;ח;ר;א
ש;א;ר;ו;נ;י;נ;ב;י;נ;ב;ה;י;ד;ו;ה;ה;י;נ;ב
ז;ם;ל;י;ע;ב;א;ו;מ;ת;ח;פ;ש;ע;ר;פ;ם;ע;ה;י
י;נ;ד;א;י;ב;ב;ד;ג;ז;ע;י;נ;ב;י;נ;ב;א;ו;ת
ו;ז;ע;ה;י;ק;ז;ח;ר;ט;א;ן;י;ד;ע;י;ו;ג;ב;ה
ו;ת;נ;ע;ף;י;ר;ח;י;צ;ב;ם;ש;ח;ה;י;ד;ו;ה;ר
מ;ר;י;ז;ח;ם;ל;ש;מ;ש;ע;י;פ;ג;מ;י;ב;ו;נ;ת
ח;ה;י;ט;ל;פ;ע;ו;ד;י;ק;ו;ד;צ;ל;א;ב;ז;י;ש
ה;ב;ו;ש;ח;ה;י;נ;נ;ח;ע;ש;ו;ה;ה;י;נ;ע;ן;נ
נ;ב;ש;ח;ם;ו;ח;ר;ק;ב;ו;ש;א;ח;ל;פ;ש;ח;ו;ל
ו;ל;מ;ן;נ;ע;ן;נ;ח;ה;י;ח;א;ו;ה;י;ש;ע;מ;ה
י;נ;ה;כ;ה;ם;ע;ה;ר;א;ש;ו;ה;נ;ע;ב;ם;ר;ח;ך
ם;י;ר;ר;ש;מ;ה;ם;י;ר;ע;ו;ש;ה;ם;י;ו;ל;ה;ם
ה;י;מ;ע;מ;ל;ד;ב;נ;ה;ל;כ;ו;ם;י;נ;י;ת;נ;ה
י;ש;נ;ם;י;ה;ל;א;ה;ת;ר;ו;ת;ל;א;ת;ו;צ;ר;א
ע;ד;ו;י;ל;כ;ם;ה;י;ת;נ;ב;ו;ם;ה;י;נ;ב;ם;ה
ד;א;ם;ה;י;ח;א;ל;ע;ם;י;ק;י;ז;ח;מ;ן;י;ב;מ
ע;ו;ב;ש;ב;ו;ה;ל;א;ב;ם;י;א;ב;ו;ם;ה;י;ר;י
נ;ר;ש;א;ם;י;ה;ל;א;ה;ת;ר;ו;ת;ב;ת;כ;ל;ל;ה
ל;ו;ם;י;ה;ל;א;ה;ד;ב;ע;ה;ש;מ;ד;י;ב;ה;נ;ת
ה;י;ת;ו;צ;מ;ל;כ;ת;א;ת;ו;ש;ע;ל;ו;ר;ו;מ;ש
ו;י;ק;ח;ו;ו;י;ט;פ;ש;מ;ו;ו;נ;י;נ;ד;א;ה;ו
ה;י;מ;ע;ל;ו;נ;י;ת;נ;ב;ן;ת;נ;א;ל;ר;ש;א;ו
נ;ב;ל;ח;ק;נ;א;ל;ם;ה;י;ת;נ;ב;ת;א;ו;ץ;ר;א
ת;א;ם;י;א;י;ב;מ;ה;ץ;ר;א;ה;י;מ;ע;ו;ו;נ;י
ת;ב;ש;ה;ם;ו;י;ב;ר;ב;ש;ל;כ;ו;ת;ו;ח;ק;מ;ה
י;ב;ו;ת;ב;ש;ב;ם;ה;מ;ח;ק;נ;א;ל;ר;ו;כ;מ;ל
ע;י;ב;ש;ה;ה;נ;ש;ה;ת;א;ש;ט;נ;ו;ש;ד;ק;ם;ו
י;ל;ע;ו;נ;ד;מ;ע;ה;ו;ד;י;ל;כ;א;ש;מ;ו;ת;י
ה;ת;י;ש;ל;ש;ו;נ;י;ל;ע;ת;ת;ל;ת;ו;צ;מ;ו;נ
נ;י;ה;ל;א;ת;י;ב;ת;ד;ב;ע;ל;ה;נ;ש;ב;ל;ק;ש
י;מ;ת;ה;ת;ח;נ;מ;ו;ת;כ;ר;ע;מ;ה;ם;ח;ל;ל;ו
ח;ה;ת;ו;ת;ב;ש;ה;ד;י;מ;ת;ה;ת;ל;ו;ע;ל;ו;ד
ל;ו;ם;י;ש;ד;ק;ל;ו;ם;י;ד;ע;ו;מ;ל;ם;י;ש;ד
מ;ל;כ;ו;ל;א;ר;ש;י;ל;ע;ר;פ;כ;ל;ת;ו;א;ט;ח
ו;ל;ר;ו;ג;ה;ו;ו;נ;י;ה;ל;א;ת;י;ב;ת;כ;א;ל
ה;כ;ה;ם;י;צ;ע;ה;ן;ב;ר;ק;ל;ע;ו;נ;ל;פ;ה;ת
י;ב;ל;א;י;ב;ה;ל;ם;ע;ה;ו;ם;י;ו;ל;ה;ם;י;נ
ת;ע;ל;ו;נ;י;ת;ב;א;ת;י;ב;ל;ו;נ;י;ה;ל;א;ת
ע;ר;ע;ב;ל;ה;נ;ש;ב;ה;נ;ש;ם;י;נ;מ;ז;מ;ם;י
ב;ו;ת;כ;כ;ו;נ;י;ה;ל;א;ה;ו;ה;י;ח;ב;ז;מ;ל
ד;א;י;ר;ו;כ;ב;ת;א;א;י;ב;ה;ל;ו;ה;ר;ו;ת;ב
ש;ץ;ע;ל;כ;י;ר;פ;ל;כ;י;ר;ו;כ;ב;ו;ו;נ;ת;מ
ר;כ;ב;ת;א;ו;ה;ו;ה;י;ת;י;ב;ל;ה;נ;ש;ב;ה;נ
ב;ו;ת;כ;כ;ו;נ;י;ת;מ;ה;ב;ו;ו;נ;י;נ;ב;ת;ו
ו;ו;נ;י;ר;ק;ב;י;ר;ו;כ;ב;ת;א;ו;ה;ר;ו;ת;ב
נ;י;ה;ל;א;ת;י;ב;ל;א;י;ב;ה;ל;ו;נ;י;נ;א;צ
ל;א;ת;י;ב;ב;ם;י;ת;ר;ש;מ;ה;ם;י;נ;ה;כ;ל;ו
ו;נ;י;ת;ס;י;ר;ע;ת;י;ש;א;ר;ת;א;ו;ו;נ;י;ה
ר;י;ת;ץ;ע;ל;כ;י;ר;פ;ו;ו;נ;י;ת;מ;ו;ר;ת;ו
ל;ל;א;ם;י;נ;ה;כ;ל;א;י;ב;נ;ר;ה;צ;י;ו;ש;ו
ד;א;ר;ש;ע;מ;ו;ו;נ;י;ה;ל;א;ת;י;ב;ת;ו;כ;ש
ע;מ;ה;ם;י;ו;ל;ה;ם;ה;ו;ם;י;ו;ל;ל;ו;נ;ת;מ
ה;י;ה;ו;ו;נ;ת;ד;ב;ע;י;ר;ע;ל;כ;ב;ם;י;ר;ש
ש;ע;ב;ם;י;ו;ל;ה;ם;ע;ן;ר;ה;א;ן;ב;ן;ה;כ;ה
ע;מ;ת;א;ו;ל;ע;י;ם;י;ו;ל;ה;ו;ם;י;ו;ל;ה;ר
ה;ל;א;ו;נ;י;ה;ל;א;ת;י;ב;ל;ר;ש;ע;מ;ה;ר;ש
ל;ה;ל;א;י;כ;ר;צ;ו;א;ה;ת;י;ב;ל;ת;ו;כ;ש;ל
נ;ב;ו;ל;א;ר;ש;י;י;נ;ב;ו;א;י;ב;י;ת;ו;כ;ש
ר;י;ת;ה;ן;ג;ד;ה;ת;מ;ו;ר;ת;ת;א;י;ו;ל;ה;י
ו;ש;ד;ק;מ;ה;י;ל;כ;ם;ש;ו;ר;ה;צ;י;ה;ו;ש;ו
י;ר;ע;ו;ש;ה;ו;ם;י;ת;ר;ש;מ;ה;ם;י;נ;ה;כ;ה
י;ב;ת;א;ב;ז;ע;נ;א;ל;ו;ם;י;ר;ר;ש;מ;ה;ו;ם
י;ב;ם;ע;ה;י;ר;ש;ו;ב;ש;י;ו;ו;נ;י;ה;ל;א;ת
ר;ו;ג;ו;ל;י;פ;ה;ם;ע;ה;ר;א;ש;ו;ם;ל;ש;ו;ר
ש;ל;ה;ר;ש;ע;ה;ן;מ;ד;ח;א;א;י;ב;ה;ל;ת;ו;ל
ע;ש;ת;ו;ש;ד;ק;ה;ר;י;ע;ם;ל;ש;ו;ר;י;ב;ת;ב
ל;ם;ע;ה;ו;כ;ר;ב;י;ו;ם;י;ר;ע;ב;ת;ו;ד;י;ה
ת;ב;ש;ל;ם;י;ב;ד;נ;ת;מ;ה;ם;י;ש;נ;א;ה;ל;כ
נ;י;ד;מ;ה;י;ש;א;ר;ה;ל;א;ו;ם;ל;ש;ו;ר;י;ב
י;ר;ע;ב;ו;ם;ל;ש;ו;ר;י;ב;ו;ב;ש;י;ר;ש;א;ה
ע;ב;ו;ת;ז;ח;א;ב;ש;י;א;ו;ב;ש;י;ה;ד;ו;ה;י
י;ו;ל;ה;ו;ם;י;נ;ה;כ;ה;ל;א;ר;ש;י;ם;ה;י;ר
מ;ל;ש;י;ד;ב;ע;י;נ;ב;ו;ם;י;נ;י;ת;נ;ה;ו;ם
ו;ה;י;י;נ;ב;מ;ו;ב;ש;י;ם;ל;ש;ו;ר;י;ב;ו;ה
ד;ו;ה;י;י;נ;ב;מ;ן;מ;י;נ;ב;י;נ;ב;מ;ו;ה;ד
ן;ב;ה;י;ר;כ;ז;ן;ב;ה;י;ז;ע;ן;ב;ה;י;ת;ע;ה
ל;א;ל;ל;ה;מ;ן;ב;ה;י;ט;פ;ש;ן;ב;ה;י;ר;מ;א
ב;ך;ו;ר;ב;ן;ב;ה;י;ש;ע;מ;ו;ץ;ר;פ;י;נ;ב;מ
ן;ב;ה;י;ד;ע;ן;ב;ה;י;ז;ח;ן;ב;ה;ז;ח;ל;כ;ן
י;נ;ל;ש;ה;ן;ב;ה;י;ר;כ;ז;ן;ב;ב;י;ר;י;ו;י
ל;ש;ו;ר;י;ב;ם;י;ב;ש;י;ה;ץ;ר;פ;י;נ;ב;ל;כ
נ;א;ה;נ;מ;ש;ו;ם;י;ש;ש;ת;ו;א;מ;ע;ב;ר;א;ם
א;ל;ס;ן;מ;י;נ;ב;י;נ;ב;ה;ל;א;ו;ל;י;ח;י;ש
ן;ב;ה;י;ד;פ;ן;ב;ד;ע;ו;י;ן;ב;ם;ל;ש;מ;ן;ב
ל;א;י;ת;י;א;ן;ב;ה;י;ש;ע;מ;ן;ב;ה;י;ל;ו;ק
ת;י;ל;ס;י;ב;ג;ו;י;ר;ח;א;ו;ה;י;ע;ש;י;ן;ב
א;ו;י;ו;ה;נ;מ;ש;ו;ם;י;ר;ש;ע;ת;ו;א;מ;ע;ש
ו;ה;י;ו;ם;ה;י;ל;ע;ד;י;ק;פ;י;ר;כ;ז;ן;ב;ל
ה;נ;ש;מ;ר;י;ע;ה;ל;ע;ה;א;ו;נ;ס;ה;ן;ב;ה;ד
י;ר;י;ו;י;ן;ב;ה;י;ע;ד;י;ם;י;נ;ה;כ;ה;ן;מ
ש;מ;ן;ב;ה;י;ק;ל;ח;ן;ב;ה;י;ר;ש;ן;י;כ;י;ב
י;ח;א;ן;ב;ת;ו;י;ר;מ;ן;ב;ק;ו;ד;צ;ן;ב;ם;ל
ה;י;ח;א;ו;ם;י;ה;ל;א;ה;ת;י;ב;ד;ג;נ;ב;ו;ט
א;מ;ה;נ;מ;ש;ת;י;ב;ל;ה;כ;א;ל;מ;ה;י;ש;ע;ם
י;ן;ב;ה;י;ד;ע;ו;ם;י;נ;ש;ו;ם;י;ר;ש;ע;ת;ו
כ;ז;ן;ב;י;צ;מ;א;ן;ב;ה;י;ל;ל;פ;ן;ב;ם;ח;ר
ח;א;ו;ה;י;כ;ל;מ;ן;ב;ר;ו;ח;ש;פ;ן;ב;ה;י;ר
ב;ר;א;ם;י;ת;א;מ;ת;ו;ב;א;ל;ם;י;ש;א;ר;ו;י
א;ר;ז;ע;ן;ב;י;ס;ש;מ;ע;ו;ם;י;נ;ש;ו;ם;י;ע
ר;מ;א;ן;ב;ת;ו;מ;ל;ש;מ;ן;ב;י;ז;ח;א;ן;ב;ל
ר;ש;ע;ה;א;מ;ל;י;ח;י;ר;ו;ב;ג;ם;ה;י;ח;א;ו
ד;ב;ז;ם;ה;י;ל;ע;ד;י;ק;פ;ו;ה;נ;מ;ש;ו;ם;י
ם;י;ו;ל;ה;ן;מ;ו;ם;י;ל;ו;ד;ג;ה;ן;ב;ל;א;י
ב;ם;ק;י;ר;ז;ע;ן;ב;ב;ו;ש;ח;ן;ב;ה;י;ע;מ;ש
ו;י;ו;י;ת;ב;ש;ו;י;נ;ו;ב;ן;ב;ה;י;ב;ש;ח;ן
י;ב;ל;ה;נ;צ;י;ח;ה;ה;כ;א;ל;מ;ה;ל;ע;ד;ב;ז
ת;מ;ו;ם;י;ו;ל;ה;י;ש;א;ר;מ;ם;י;ה;ל;א;ה;ת
ף;ס;א;ן;ב;י;ד;ב;ז;ן;ב;ה;כ;י;מ;ן;ב;ה;י;נ
ב;ו;ה;ל;פ;ת;ל;ה;ד;ו;ה;י;ה;ל;ח;ת;ה;ש;א;ר
ב;א;ד;ב;ע;ו;ו;י;ח;א;מ;ה;נ;ש;מ;ה;י;ק;ב;ק
ל;כ;ן;ו;ת;י;ד;י;ן;ב;ל;ל;ג;ן;ב;ע;ו;מ;ש;ן
מ;ש;ם;י;ת;א;מ;ש;ד;ק;ה;ר;י;ע;ב;ם;י;ו;ל;ה
ו;ק;ע;ם;י;ר;ע;ו;ש;ה;ו;ה;ע;ב;ר;א;ו;ם;י;נ
ש;ב;ם;י;ר;מ;ש;ה;ם;ה;י;ח;א;ו;ן;ו;מ;ל;ט;ב
א;ש;ו;ם;י;נ;ש;ו;ם;י;ע;ב;ש;ה;א;מ;ם;י;ר;ע
ל;כ;ב;ם;י;ו;ל;ה;ם;י;נ;ה;כ;ה;ל;א;ר;ש;י;ר
נ;ה;ו;ו;ת;ל;ח;נ;ב;ש;י;א;ה;ד;ו;ה;י;י;ר;ע
ו;א;ח;י;צ;ו;ל;פ;ע;ב;ם;י;ב;ש;י;ם;י;נ;י;ת
ל;ה;ד;י;ק;פ;ו;ם;י;נ;י;ת;נ;ה;ל;ע;א;פ;ש;ג
ן;ב;י;נ;ב;ן;ב;י;ז;ע;ם;ל;ש;ו;ר;י;ב;ם;י;ו
ב;מ;א;כ;י;מ;ן;ב;ה;י;נ;ת;מ;ן;ב;ה;י;ב;ש;ח
כ;א;ל;מ;ד;ג;נ;ל;ם;י;ר;ר;ש;מ;ה;ף;ס;א;י;נ
ך;ל;מ;ה;ת;ו;צ;מ;י;כ;ם;י;ה;ל;א;ה;ת;י;ב;ת
ד;ם;י;ר;ר;ש;מ;ה;ל;ע;ה;נ;מ;א;ו;ם;ה;י;ל;ע
ש;מ;ן;ב;ה;י;ח;ת;פ;ו;ו;מ;ו;י;ב;ם;ו;י;ר;ב
ל;ה;ד;ו;ה;י;ן;ב;ח;ר;ז;י;נ;ב;מ;ל;א;ב;ז;י
ח;ה;ל;א;ו;ם;ע;ל;ר;ב;ד;ל;כ;ל;ך;ל;מ;ה;ד;י
ש;י;ה;ד;ו;ה;י;י;נ;ב;מ;ם;ת;ד;ש;ב;ם;י;ר;צ
ב;ו;ה;י;ת;נ;ב;ו;ע;ב;ר;א;ה;ת;י;ר;ק;ב;ו;ב
ח;ו;ל;א;צ;ב;ק;י;ב;ו;ה;י;ת;נ;ב;ו;ן;ב;י;ד
ב;ב;ו;ה;ד;ל;ו;מ;ב;ו;ע;ו;ש;י;ב;ו;ה;י;ר;צ
ש;ר;א;ב;ב;ו;ל;ע;ו;ש;ר;צ;ח;ב;ו;ט;ל;פ;ת;י
ה;נ;כ;מ;ב;ו;ג;ל;ק;צ;ב;ו;ה;י;ת;נ;ב;ו;ע;ב
ר;צ;ב;ו;ן;ו;מ;ר;ן;י;ע;ב;ו;ה;י;ת;נ;ב;ב;ו
ר;צ;ח;ו;ם;ל;ד;ע;ח;נ;ז;ת;ו;מ;ר;י;ב;ו;ה;ע
נ;ב;ו;ה;ק;ז;ע;ה;י;ת;ד;ש;ו;ש;י;כ;ל;ם;ה;י
א;י;ג;ד;ע;ע;ב;ש;ר;א;ב;מ;ו;נ;ח;י;ו;ה;י;ת
ש;מ;כ;מ;ע;ב;ג;מ;ן;מ;י;נ;ב;י;נ;ב;ו;ם;נ;ה
ו;ת;נ;ע;ה;י;ת;נ;ב;ו;ל;א;ת;י;ב;ו;ה;י;ע;ו
ח;ם;י;ת;ג;ה;מ;ר;ר;ו;צ;ח;ה;י;נ;נ;ע;ב;נ;ת
ג;ו;נ;ו;א;ו;ד;ל;ט;ל;ב;נ;ם;י;ע;ב;צ;ד;י;ד
ו;ק;ל;ח;מ;ם;י;ו;ל;ה;ן;מ;ו;ם;י;ש;ר;ח;ה;י
ה;כ;ה;ה;ל;א;ו;ן;י;מ;י;נ;ב;ל;ה;ד;ו;ה;י;ת
ב;ר;ז;ם;ע;ו;ל;ע;ר;ש;א;ם;י;ו;ל;ה;ו;ם;י;נ
ה;י;ר;ש;ע;ו;ש;י;ו;ל;א;י;ת;ל;א;ש;ן;ב;ל;ב
ט;ח;ך;ו;ל;מ;ה;י;ר;מ;א;א;ר;ז;ע;ה;י;מ;ר;י
נ;ג;א;ו;ד;ע;ת;מ;ר;מ;ם;ח;ר;ה;י;נ;כ;ש;ש;ו
ג;ל;ב;ה;י;ד;ע;מ;ן;י;מ;י;מ;ה;י;ב;א;י;ו;ת
ל;ס;ה;י;ע;ד;י;ב;י;ר;י;ו;י;ו;ה;י;ע;מ;ש;ה
א;ר;ה;ל;א;ה;י;ע;ד;י;ה;י;ק;ל;ח;ק;ו;מ;ע;ו
ש;י;י;מ;י;ב;ם;ה;י;ח;א;ו;ם;י;נ;ה;כ;ה;י;ש
י;מ;ד;ק;י;ו;נ;ב;ע;ו;ש;י;ם;י;ו;ל;ה;ו;ע;ו
ה;ל;ע;ה;י;נ;ת;מ;ה;ד;ו;ה;י;ה;י;ב;ר;ש;ל;א
ו;ה;י;ק;ב;ק;ב;ו;ו;י;ח;א;ו;א;ו;ה;ת;ו;ד;י
ת;ו;ר;מ;ש;מ;ל;ם;ד;ג;נ;ל;ם;ה;י;ח;א;ו;נ;ע
י;ו;ם;י;ק;י;ו;י;ת;א;ד;י;ל;ו;ה;ע;ו;ש;י;ו
א;ו;ב;י;ש;י;ל;א;ת;א;ד;י;ל;ו;ה;ם;י;ק;י;ו
ו;ה;ע;ד;י;ו;י;ו;ע;ד;י;ו;י;ת;א;ב;י;ש;י;ל
י;ל;ו;ה;ן;ת;נ;ו;י;ו;ן;ת;נ;ו;י;ת;א;ד;י;ל
י;ה;ם;י;ק;י;ו;י;י;מ;י;ב;ו;ע;ו;ד;י;ת;א;ד
ה;י;ר;ש;ל;ת;ו;ב;א;ה;י;ש;א;ר;ם;י;נ;ה;כ;ו
א;ר;ז;ע;ל;ה;י;נ;נ;ח;ה;י;מ;ר;י;ל;ה;י;ר;מ
ו;ל;מ;ל;ן;נ;ח;ו;ה;י;ה;י;ר;מ;א;ל;ם;ל;ש;מ
ר;ח;ל;ף;ס;ו;י;ה;י;נ;ב;ש;ל;ן;ת;נ;ו;י;י;כ
א;י;ד;ע;ל;י;ק;ל;ח;ת;ו;י;ר;מ;ל;א;נ;ד;ע;ם
ה;י;ב;א;ל;ם;ל;ש;מ;ן;ו;ת;נ;ג;ל;ה;י;ר;כ;ז
ל;פ;ה;י;ד;ע;ו;מ;ל;ן;י;מ;י;נ;מ;ל;י;ר;כ;ז
ו;ה;י;ה;י;ע;מ;ש;ל;ע;ו;מ;ש;ה;ג;ל;ב;ל;י;ט
י;ע;ד;י;ל;י;נ;ת;מ;ב;י;ר;י;ו;י;ל;ו;ן;ת;נ
ל;ר;ב;ע;ק;ו;מ;ע;ל;י;ל;ק;י;ל;ס;ל;י;ז;ע;ה
א;נ;ת;נ;ה;י;ע;ד;י;ל;ה;י;ב;ש;ח;ה;י;ק;ל;ח
ד;י;ו;י;ב;י;ש;י;ל;א;י;מ;י;ב;ם;י;ו;ל;ה;ל
א;ר;ם;י;ב;ו;ת;כ;ע;ו;ד;י;ו;ן;נ;ח;ו;י;ו;ע
ת;ו;כ;ל;מ;ל;ע;ם;י;נ;ה;כ;ה;ו;ת;ו;ב;א;י;ש
י;ש;א;ר;י;ו;ל;י;נ;ב;י;ס;ר;פ;ה;ש;ו;י;ר;ד
י;ר;ב;ד;ר;פ;ס;ל;ע;ם;י;ב;ו;ת;כ;ת;ו;ב;א;ה
ל;א;ן;ב;ן;נ;ח;ו;י;י;מ;י;ד;ע;ו;ם;י;מ;י;ה
ש;ה;י;ב;ש;ח;ם;י;ו;ל;ה;י;ש;א;ר;ו;ב;י;ש;י
ח;א;ו;ל;א;י;מ;ד;ק;ן;ב;ע;ו;ש;י;ו;ה;י;ב;ר
מ;ב;ת;ו;ד;ו;ה;ל;ל;ל;ה;ל;ם;ד;ג;נ;ל;ם;ה;י
ר;מ;ש;מ;ם;י;ה;ל;א;ה;ש;י;א;ד;י;ו;ד;ת;ו;צ
ה;י;ק;ב;ק;ב;ו;ה;י;נ;ת;מ;ר;מ;ש;מ;ת;מ;ע;ל
מ;ש;ב;ו;ק;ע;ן;ו;מ;ל;ט;ם;ל;ש;מ;ה;י;ד;ב;ע
ש;ה;י;פ;ס;א;ב;ר;מ;ש;מ;ם;י;ר;ע;ו;ש;ם;י;ר
י;ן;ב;ם;י;ק;י;ו;י;י;מ;י;ב;ה;ל;א;ם;י;ר;ע
ה;י;מ;ח;נ;י;מ;י;ב;ו;ק;ד;צ;ו;י;ן;ב;ע;ו;ש
ב;ו;ר;פ;ו;ס;ה;ן;ה;כ;ה;א;ר;ז;ע;ו;ה;ח;פ;ה
ת;א;ו;ש;ק;ב;ם;ל;ש;ו;ר;י;ת;מ;ו;ח;ת;כ;נ;ח
ם;א;י;ב;ה;ל;ם;ת;מ;ו;ק;מ;ל;כ;מ;ם;י;ו;ל;ה
ה;ח;מ;ש;ו;ה;כ;נ;ח;ת;ש;ע;ל;ם;ל;ש;ו;ר;י;ל
ב;נ;ם;י;ת;ל;צ;מ;ר;י;ש;ב;ו;ת;ו;ד;ו;ת;ב;ו
ה;י;נ;ב;ו;פ;ס;א;י;ו;ת;ו;ר;נ;כ;ב;ו;ם;י;ל
י;ת;ו;ב;י;ב;ס;ר;כ;כ;ה;ן;מ;ו;ם;י;ר;ר;ש;מ
ב;מ;ו;י;ת;פ;ט;נ;י;ר;צ;ח;ן;מ;ו;ם;ל;ש;ו;ר
מ;ז;ע;ו;ע;ב;ג;ת;ו;ד;ש;מ;ו;ל;ג;ל;ג;ה;ת;י
ר;ר;ש;מ;ה;ם;ה;ל;ו;נ;ב;ם;י;ר;צ;ח;י;כ;ת;ו
ו;ר;ה;ט;י;ו;ם;ל;ש;ו;ר;י;ת;ו;ב;י;ב;ס;ם;י
ת;א;ו;ר;ה;ט;י;ו;ם;י;ו;ל;ה;ו;ם;י;נ;ה;כ;ה
ה;מ;ו;ח;ה;ת;א;ו;ם;י;ר;ע;ש;ה;ת;א;ו;ם;ע;ה
ח;ל;ל;ע;מ;ה;ד;ו;ה;י;י;ר;ש;ת;א;ה;ל;ע;א;ו
ו;ד;ג;ת;ד;ו;ת;י;ת;ש;ה;ד;י;מ;ע;א;ו;ה;מ;ו
מ;ו;ח;ל;ל;ע;מ;ן;י;מ;י;ל;ת;כ;ל;ה;ת;ו;ת;ל
ם;ה;י;ר;ח;א;ך;ל;י;ו;ת;פ;ש;א;ה;ר;ע;ש;ל;ה
ע;ו;ה;ד;ו;ה;י;י;ר;ש;י;צ;ח;ו;ה;י;ע;ש;ו;ה
ב;ו;ה;ד;ו;ה;י;ם;ל;ש;מ;ו;א;ר;ז;ע;ה;י;ר;ז
נ;ב;מ;ו;ה;י;מ;ר;י;ו;ה;י;ע;מ;ש;ו;ן;מ;י;נ
ב;ה;י;ר;כ;ז;ת;ו;ר;צ;צ;ח;ב;ם;י;נ;ה;כ;ה;י
ה;י;נ;ת;מ;ן;ב;ה;י;ע;מ;ש;ן;ב;ן;ת;נ;ו;י;ן
א;ו;ף;ס;א;ן;ב;ר;ו;כ;ז;ן;ב;ה;י;כ;י;מ;ן;ב
ל;ג;י;ל;ל;מ;ל;א;ר;ז;ע;ו;ה;י;ע;מ;ש;ו;י;ח
י;נ;נ;ח;ה;ד;ו;ה;י;ו;ל;א;נ;ת;נ;י;ע;מ;י;ל
ם;י;ה;ל;א;ה;ש;י;א;ד;י;ו;ד;ר;י;ש;י;ל;כ;ב
ש;ל;ע;ו;ם;ה;י;נ;פ;ל;ר;פ;ו;ס;ה;א;ר;ז;ע;ו
ו;ל;ע;מ;ל;ע;ו;ל;ע;ם;ד;ג;נ;ו;ן;י;ע;ה;ר;ע
ע;מ;ה;מ;ו;ח;ל;ה;ל;ע;מ;ב;ד;י;ו;ד;ר;י;ע;ת
מ;ם;י;מ;ה;ר;ע;ש;ד;ע;ו;ד;י;ו;ד;ת;י;ב;ל;ל
ת;כ;ל;ו;ה;ה;ת;י;נ;ש;ה;ה;ד;ו;ת;ה;ו;ח;ר;ז
ע;ה;י;צ;ח;ו;ה;י;ר;ח;א;י;נ;א;ו;ל;א;ו;מ;ל
ת;ה;ל;ד;ג;מ;ל;ל;ע;מ;ה;מ;ו;ח;ה;ל;ל;ע;מ;ם
מ;ו;ה;ב;ח;ר;ה;ה;מ;ו;ח;ה;ד;ע;ו;ם;י;ר;ו;נ
ש;י;ה;ר;ע;ש;ל;ע;ו;ם;י;ר;פ;א;ר;ע;ש;ל;ל;ע
נ;ח;ל;ד;ג;מ;ו;ם;י;ג;ד;ה;ר;ע;ש;ל;ע;ו;ה;נ
צ;ה;ר;ע;ש;ד;ע;ו;ה;א;מ;ה;ל;ד;ג;מ;ו;ל;א;נ
מ;ע;ת;ו;ה;ר;ט;מ;ה;ר;ע;ש;ב;ו;ד;מ;ע;ו;ן;א
י;ה;ל;א;ה;ת;י;ב;ב;ת;ד;ו;ת;ה;י;ת;ש;ה;נ;ד
ה;ו;י;מ;ע;ם;י;נ;ג;ס;ה;י;צ;ח;ו;י;נ;א;ו;ם
מ;י;נ;מ;ה;י;ש;ע;מ;ם;י;ק;י;ל;א;ם;י;נ;ה;כ
ה;י;ר;כ;ז;י;נ;י;ע;ו;י;ל;א;ה;י;כ;י;מ;ן;י
ש;ו;ה;י;ש;ע;מ;ו;ת;ו;ר;צ;צ;ח;ב;ה;י;נ;נ;ח
נ;ח;ו;ה;י;ו;י;ז;ע;ו;ר;ז;ע;ל;א;ו;ה;י;ע;מ
מ;ש;י;ו;ר;ז;ע;ו;ם;ל;י;ע;ו;ה;י;כ;ל;מ;ו;ן
ק;פ;ה;ה;י;ח;ר;ז;י;ו;ם;י;ר;ר;ש;מ;ה;ו;ע;י
י;ח;ב;ז;א;ו;ה;ה;ם;ו;י;ב;ו;ח;ב;ז;י;ו;ד;י
י;ה;ל;א;ה;י;כ;ו;ח;מ;ש;י;ו;ם;י;ל;ו;ד;ג;ם
ש;נ;ה;ם;ג;ו;ה;ל;ו;ד;ג;ה;ח;מ;ש;ם;ח;מ;ש;ם
מ;ש;ע;מ;ש;ת;ו;ו;ח;מ;ש;ם;י;ד;ל;י;ה;ו;ם;י
ב;ו;ד;ק;פ;י;ו;ק;ו;ח;ר;מ;ם;ל;ש;ו;ר;י;ת;ח
ת;ו;כ;ש;נ;ה;ל;ע;ם;י;ש;נ;א;א;ו;ה;ה;ם;ו;י
ת;י;ש;א;ר;ל;ת;ו;מ;ו;ר;ת;ל;ת;ו;ר;צ;ו;א;ל
י;ד;ש;ל;ם;ה;ב;ס;ו;נ;כ;ל;ת;ו;ר;ש;ע;מ;ל;ו
י;נ;ה;כ;ל;ה;ר;ו;ת;ה;ת;ו;א;נ;מ;ם;י;ר;ע;ה
ל;ע;ה;ד;ו;ה;י;ת;ח;מ;ש;י;כ;ם;י;ו;ל;ל;ו;ם
ם;י;ד;מ;ע;ה;ם;י;ו;ל;ה;ל;ע;ו;ם;י;נ;ה;כ;ה
ש;מ;ו;ם;ה;י;ה;ל;א;ת;ר;מ;ש;מ;ו;ר;מ;ש;י;ו
ע;ש;ה;ו;ם;י;ר;ר;ש;מ;ה;ו;ה;ר;ה;ט;ה;ת;ר;מ
כ;ו;נ;ב;ה;מ;ל;ש;ד;י;ו;ד;ת;ו;צ;מ;כ;ם;י;ר
ש;א;ר;ם;ד;ק;מ;ף;ס;א;ו;ד;י;ו;ד;י;מ;י;ב;י
ת;ו;ד;ה;ו;ה;ל;ה;ת;ר;י;ש;ו;ם;י;ר;ר;ש;מ;ה
ר;ז;י;מ;י;ב;ל;א;ר;ש;י;ל;כ;ו;ם;י;ה;ל;א;ל
נ;מ;ם;י;נ;ת;נ;ה;י;מ;ח;נ;י;מ;י;ב;ו;ל;ב;ב
ר;ב;ד;ם;י;ר;ע;ש;ה;ו;ם;י;ר;ר;ש;מ;ה;ת;ו;י
ם;י;ו;ל;ל;ם;י;ש;ד;ק;מ;ו;ו;מ;ו;י;ב;ם;ו;י
ן;ר;ה;א;י;נ;ב;ל;ם;י;ש;ד;ק;מ;ם;י;ו;ל;ה;ו
ב;ה;ש;מ;ר;פ;ס;ב;א;ר;ק;נ;א;ו;ה;ה;ם;ו;י;ב
ש;א;ו;ב;ב;ו;ת;כ;א;צ;מ;נ;ו;ם;ע;ה;י;נ;ז;א
ל;ה;ק;ב;י;ב;א;מ;ו;י;נ;מ;ע;א;ו;ב;י;א;ל;ר
ו;מ;ד;ק;א;ל;י;כ;ם;ל;ו;ע;ד;ע;ם;י;ה;ל;א;ה
ו;ם;י;מ;ב;ו;ם;ח;ל;ב;ל;א;ר;ש;י;י;נ;ב;ת;א
ו;ו;ל;ל;ק;ל;ם;ע;ל;ב;ת;א;ו;י;ל;ע;ר;כ;ש;י
ה;כ;ר;ב;ל;ה;ל;ל;ק;ה;ו;נ;י;ה;ל;א;ך;פ;ה;י
ד;ב;י;ו;ה;ר;ו;ת;ה;ת;א;ם;ע;מ;ש;כ;י;ה;י;ו
מ;י;נ;פ;ל;ו;ל;א;ר;ש;י;מ;ב;ר;ע;ל;כ;ו;ל;י
כ;ש;ל;ב;ן;ו;ת;נ;ן;ה;כ;ה;ב;י;ש;י;ל;א;ה;ז
ה;י;ב;ו;ט;ל;ב;ו;ר;ק;ו;נ;י;ה;ל;א;ת;י;ב;ת
י;ה;ם;ש;ו;ה;ל;ו;ד;ג;ה;כ;ש;ל;ו;ל;ש;ע;י;ו
ל;ה;ה;ח;נ;מ;ה;ת;א;ם;י;נ;ת;נ;ם;י;נ;פ;ל;ו
ה;ן;ג;ד;ה;ר;ש;ע;מ;ו;ם;י;ל;כ;ה;ו;ה;נ;ו;ב
ם;י;ו;ל;ה;ת;ו;צ;מ;ר;ה;צ;י;ה;ו;ש;ו;ר;י;ת
מ;ו;ר;ת;ו;ם;י;ר;ע;ש;ה;ו;ם;י;ר;ר;ש;מ;ה;ו
י;ת;י;י;ה;א;ל;ה;ז;ל;כ;ב;ו;ם;י;נ;ה;כ;ה;ת
ש;ו;ם;י;ש;ל;ש;ת;נ;ש;ב;י;כ;ם;ל;ש;ו;ר;י;ב
א;ב;ל;ב;ב;ך;ל;מ;א;ת;ס;ש;ח;ת;ר;א;ל;ם;י;ת
ל;א;ש;נ;ם;י;מ;י;ץ;ק;ל;ו;ך;ל;מ;ה;ל;א;י;ת
ם;ל;ש;ו;ר;י;ל;א;ו;ב;א;ו;ך;ל;מ;ה;ן;מ;י;ת
ש;י;ל;א;ה;ש;ע;ר;ש;א;ה;ע;ר;ב;ה;נ;י;ב;א;ו
ב;ה;כ;ש;נ;ו;ל;ת;ו;ש;ע;ל;ה;י;ב;ו;ט;ל;ב;י
מ;י;ל;ע;ר;י;ו;ם;י;ה;ל;א;ה;ת;י;ב;י;ר;צ;ח
ט;ת;י;ב;י;ל;כ;ל;כ;ת;א;ה;כ;י;ל;ש;א;ו;ד;א
ה;ר;מ;א;ו;ה;כ;ש;ל;ה;ן;מ;ץ;ו;ח;ה;ה;י;ב;ו
ם;ש;ה;ב;י;ש;א;ו;ת;ו;כ;ש;ל;ה;ו;ר;ה;ט;י;ו
ו;ה;ח;נ;מ;ה;ת;א;ם;י;ה;ל;א;ה;ת;י;ב;י;ל;כ
ל;ה;ת;ו;י;נ;מ;י;כ;ה;ע;ד;א;ו;ה;נ;ו;ב;ל;ה
ש;ל;ש;י;א;ו;ח;ר;ב;י;ו;ה;נ;ת;נ;א;ל;ם;י;ו
ה;י;ש;ע;ם;י;ר;ר;ש;מ;ה;ו;ם;י;ו;ל;ה;ו;ה;ד
ו;ם;י;נ;ג;ס;ה;ת;א;ה;ב;י;ר;א;ו;ה;כ;א;ל;מ
י;ה;ל;א;ה;ת;י;ב;ב;ז;ע;נ;ע;ו;ד;מ;ה;ר;מ;א
ו;ם;ד;מ;ע;ל;ע;ם;ד;מ;ע;א;ו;ם;צ;ב;ק;א;ו;ם
ן;ג;ד;ה;ר;ש;ע;מ;ו;א;י;ב;ה;ה;ד;ו;ה;י;ל;כ
ת;ו;ר;צ;ו;א;ל;ר;ה;צ;י;ה;ו;ש;ו;ר;י;ת;ה;ו
ה;ה;י;מ;ל;ש;ת;ו;ר;צ;ו;א;ל;ע;ה;ר;צ;ו;א;ו
ן;מ;ה;י;ד;פ;ו;ר;פ;ו;ס;ה;ק;ו;ד;צ;ו;ן;ה;כ
ר;ו;כ;ז;ן;ב;ן;נ;ח;ם;ד;י;ל;ע;ו;ם;י;ו;ל;ה
ו;ב;ש;ח;נ;ם;י;נ;מ;א;נ;י;כ;ה;י;נ;ת;מ;ן;ב
ה;ר;כ;ז;ם;ה;י;ח;א;ל;ק;ל;ח;ל;ם;ה;י;ל;ע;ו
ד;ס;ח;ח;מ;ת;ל;א;ו;ת;א;ז;ל;ע;י;ה;ל;א;י;ל
מ;ב;ו;י;ה;ל;א;ת;י;ב;ב;י;ת;י;ש;ע;ר;ש;א;י
ב;י;ת;י;א;ר;ה;מ;ה;ה;ם;י;מ;י;ב;ו;י;ר;מ;ש
מ;ו;ת;ב;ש;ב;ת;ו;ת;ג;ם;י;כ;ר;ד;ה;ד;ו;ה;י
ה;ל;ע;ם;י;ס;מ;ע;ו;ת;ו;מ;ר;ע;ה;ם;י;א;י;ב
נ;א;ת;ו;ם;י;ב;נ;ע;ן;י;י;ף;א;ו;ם;י;ר;מ;ח
ל;ש;ו;ר;י;ם;י;א;י;ב;מ;ו;א;ש;מ;ל;כ;ו;ם;י
כ;מ;ם;ו;י;ב;ד;י;ע;א;ו;ת;ב;ש;ה;ם;ו;י;ב;ם
י;ב;מ;ה;ב;ו;ב;ש;י;ם;י;ר;צ;ה;ו;ד;י;צ;ם;ר
ש;ב;ם;י;ר;כ;מ;ו;ר;כ;מ;ל;כ;ו;ג;א;ד;ם;י;א
ו;ם;ל;ש;ו;ר;י;ב;ו;ה;ד;ו;ה;י;י;נ;ב;ל;ת;ב
ה;ר;מ;א;ו;ה;ד;ו;ה;י;י;ר;ח;ת;א;ה;ב;י;ר;א
ת;א;ר;ש;א;ה;ז;ה;ע;ר;ה;ר;ב;ד;ה;ה;מ;ם;ה;ל
ב;ש;ה;ם;ו;י;ת;א;ם;י;ל;ל;ח;מ;ו;ם;י;ש;ע;ם
א;ב;י;ו;ם;כ;י;ת;ב;א;ו;ש;ע;ה;כ;א;ו;ל;ה;ת
ה;ה;ע;ר;ה;ל;כ;ת;א;ו;נ;י;ל;ע;ו;נ;י;ה;ל;א
ו;מ;ם;ת;א;ו;ת;א;ז;ה;ר;י;ע;ה;ל;ע;ו;ת;א;ז
ל;ל;ח;ל;ל;א;ר;ש;י;ל;ע;ן;ו;ר;ח;ם;י;פ;י;ס
ע;ש;ו;ל;ל;צ;ר;ש;א;כ;י;ה;י;ו;ת;ב;ש;ה;ת;א
ר;מ;א;ו;ת;ב;ש;ה;י;נ;פ;ל;ם;ל;ש;ו;ר;י;י;ר
ש;א;ה;ר;מ;א;ו;ת;ו;ת;ל;ד;ה;ו;ר;ג;ס;י;ו;ה
מ;ו;ת;ב;ש;ה;ר;ח;א;ד;ע;ם;ו;ח;ת;פ;י;א;ל;ר
א;ל;ם;י;ר;ע;ש;ה;ל;ע;י;ת;ד;מ;ע;ה;י;ר;ע;נ
נ;י;ל;י;ו;ת;ב;ש;ה;ם;ו;י;ב;א;ש;מ;א;ו;ב;י
ח;מ;ר;כ;מ;מ;ל;כ;י;ר;כ;מ;ו;ם;י;ל;כ;ר;ה;ו
ע;א;ו;ם;י;ת;ש;ו;ם;ע;פ;ם;ל;ש;ו;ר;י;ל;ץ;ו
ע;ו;ד;מ;ם;ה;י;ל;א;ה;ר;מ;א;ו;ם;ה;ב;ה;ד;י
נ;ש;ת;ם;א;ה;מ;ו;ח;ה;ד;ג;נ;ם;י;נ;ל;ם;ת;א
ל;א;י;ה;ה;ת;ע;ה;ן;מ;ם;כ;ב;ח;ל;ש;א;ד;י;ו
ש;א;ם;י;ו;ל;ל;ה;ר;מ;א;ו;ת;ב;ש;ב;ו;א;ב;א
י;ר;מ;ש;ם;י;א;ב;ו;ם;י;ר;ה;ט;מ;ו;י;ה;י;ר
ת;ב;ש;ה;ם;ו;י;ת;א;ש;ד;ק;ל;ם;י;ר;ע;ש;ה;ם
ה;ס;ו;ח;ו;י;ה;ל;א;י;ל;ה;ר;כ;ז;ת;א;ז;ם;ג
ם;ה;ה;ם;י;מ;י;ב;ם;ג;ך;ד;ס;ח;ב;ר;כ;י;ל;ע
נ;ו;ב;י;ש;ה;ם;י;ד;ו;ה;י;ה;ת;א;י;ת;י;א;ר
ו;מ;ת;ו;י;נ;ו;מ;ע;ת;ו;י;ד;ו;ד;ש;א;ם;י;ש
ש;א;ר;ב;ד;מ;י;צ;ח;ם;ה;י;נ;ב;ו;ת;ו;י;ב;א
ר;ב;ד;ל;ם;י;ר;י;כ;מ;ם;נ;י;א;ו;ת;י;ד;ו;ד
ר;א;ו;ם;ע;ו;ם;ע;ן;ו;ש;ל;כ;ו;ת;י;ד;ו;ה;י
נ;א;ם;ה;מ;ה;כ;א;ו;ם;ל;ל;ק;א;ו;ם;מ;ע;ב;י
ה;ל;א;ב;ם;ע;י;ב;ש;א;ו;ם;ט;ר;מ;א;ו;ם;י;ש
ם;ה;י;נ;ב;ל;ם;כ;י;ת;נ;ב;ו;נ;ת;ת;ם;א;ם;י
ם;כ;י;נ;ב;ל;ם;ה;י;ת;נ;ב;מ;ו;א;ש;ת;ם;א;ו
ה;מ;ל;ש;א;ט;ח;ה;ל;א;ל;ע;א;ו;ל;ה;ם;כ;ל;ו
ל;ם;י;ב;ר;ה;ם;י;ו;ג;ב;ו;ל;א;ר;ש;י;ך;ל;מ
ה;ל;א;ל;ב;ו;ה;א;ו;ו;ה;מ;כ;ך;ל;מ;ה;י;ה;א
ע;ך;ל;מ;ם;י;ה;ל;א;ו;ה;נ;ת;י;ו;ה;י;ה;ו;י
ו;א;י;ט;ח;ה;ו;ת;ו;א;ם;ג;ל;א;ר;ש;י;ל;כ;ל
מ;ש;נ;ה;ם;כ;ל;ו;ת;ו;י;ר;כ;נ;ה;ם;י;ש;נ;ה
ה;ה;ל;ו;ד;ג;ה;ה;ע;ר;ה;ל;כ;ת;א;ת;ש;ע;ל;ע
נ;ב;י;ש;ה;ל;ו;נ;י;ה;ל;א;ב;ל;ע;מ;ל;ת;א;ז
ב;ע;ד;י;ו;י;י;נ;ב;מ;ו;ת;ו;י;ר;כ;נ;ם;י;ש
ל;ן;ת;ח;ל;ו;ד;ג;ה;ן;ה;כ;ה;ב;י;ש;י;ל;א;ן
ע;מ;ו;ה;ח;י;ר;ב;א;ו;י;נ;ר;ח;ה;ט;ל;ב;נ;ס
ה;י;ל;א;ג;ל;ע;י;ה;ל;א;ם;ה;ל;ה;ר;כ;ז;י;ל
ם;י;ו;ל;ה;ו;ה;נ;ה;כ;ה;ת;י;ר;ב;ו;ה;נ;ה;כ
ה;ד;י;מ;ע;א;ו;ר;כ;נ;ל;כ;מ;ם;י;ת;ר;ה;ט;ו
י;א;ם;י;ו;ל;ל;ו;ם;י;נ;ה;כ;ל;ת;ו;ר;מ;ש;מ
ב;ם;י;צ;ע;ה;ן;ב;ר;ק;ל;ו;ו;ת;כ;א;ל;מ;ב;ש
כ;ז;ם;י;ר;ו;כ;ב;ל;ו;ת;ו;נ;מ;ז;מ;ם;י;ת;ע
 ; ; ; ; ; ; ;ה;ב;ו;ט;ל;י;ה;ל;א;י;ל;ה;ר
