ו;ר;י;ב;ך;ל;מ;ד;ו;ד;ן;ב;ת;ל;ה;ק;י;ר;ב;ד
ב;ה;ת;ל;ה;ק;ר;מ;א;ם;י;ל;ב;ה;ל;ב;ה;ם;ל;ש
ל;ן;ו;ר;ת;י;ה;מ;ל;ב;ה;ל;כ;ה;ם;י;ל;ב;ה;ל
ש;ה;ת;ח;ת;ל;מ;ע;י;ש;ו;ל;מ;ע;ל;כ;ב;ם;ד;א
ל;ץ;ר;א;ה;ו;א;ב;ר;ו;ד;ו;ך;ל;ה;ר;ו;ד;ש;מ
ה;א;ב;ו;ש;מ;ש;ה;ח;ר;ז;ו;ת;ד;מ;ע;ם;ל;ו;ע
ה;ח;ר;ו;ז;ף;א;ו;ש;ו;מ;ו;ק;מ;ל;א;ו;ש;מ;ש
א;ב;ב;ו;ס;ו;ם;ו;ר;ד;ל;א;ך;ל;ו;ה;ם;ש;א;ו
ח;ו;ר;ה;ך;ל;ו;ה;ב;ב;ס;ב;ב;ו;ס;ן;ו;פ;צ;ל
נ;ה;ל;כ;ח;ו;ר;ה;ב;ש;ו;י;ת;ב;י;ב;ס;ל;ע;ו
י;א;ם;י;ה;ו;ם;י;ה;ל;א;ם;י;כ;ל;ה;ם;י;ל;ח
ה;ם;י;ל;ח;נ;ה;ש;ם;ו;ק;מ;ל;א;א;ל;מ;ו;נ;נ
ד;ה;ל;כ;ת;כ;ל;ל;ם;י;ב;ש;ם;ה;ם;ש;ם;י;כ;ל
ד;ל;ש;י;א;ל;כ;ו;י;א;ל;ם;י;ע;ג;י;ם;י;ר;ב
ת;א;ל;ו;ת;ו;א;ר;ל;ן;י;ע;ע;ב;ש;ת;א;ל;ר;ב
ש;א;ו;ה;ה;י;ה;ש;ה;מ;ע;מ;ש;מ;ן;ז;א;א;ל;מ
ה;ש;ע;י;ש;א;ו;ה;ה;ש;ע;נ;ש;ה;מ;ו;ה;י;ה;י
ב;ד;ש;י;ש;מ;ש;ה;ת;ח;ת;ש;ד;ח;ל;כ;ן;י;א;ו
ר;ב;כ;א;ו;ה;ש;ד;ח;ה;ז;ה;א;ר;ר;מ;א;י;ש;ר
נ;נ;פ;ל;מ;ה;י;ה;ר;ש;א;ם;י;מ;ל;ע;ל;ה;י;ה
ל;ם;ג;ו;ם;י;נ;ש;א;ר;ל;ן;ו;ר;כ;ז;ן;י;א;ו
ם;ה;ל;ה;י;ה;י;א;ל;ו;י;ה;י;ש;ם;י;נ;ר;ח;א
נ;א;ה;נ;ר;ח;א;ל;ו;י;ה;י;ש;ם;ע;ן;ו;ר;כ;ז
ל;א;ר;ש;י;ל;ע;ך;ל;מ;י;ת;י;י;ה;ת;ל;ה;ק;י
ר;ד;ל;י;ב;ל;ת;א;י;ת;ת;נ;ו;ם;ל;ש;ו;ר;י;ב
נ;ר;ש;א;ל;כ;ל;ע;ה;מ;כ;ח;ב;ר;ו;ת;ל;ו;ש;ו
ע;ר;ן;י;נ;ע;א;ו;ה;ם;י;מ;ש;ה;ת;ח;ת;ה;ש;ע
ו;נ;ע;ל;ם;ד;א;ה;י;נ;ב;ל;ם;י;ה;ל;א;ן;ת;נ
נ;ש;ם;י;ש;ע;מ;ה;ל;כ;ת;א;י;ת;י;א;ר;ו;ב;ת
ל;ב;ה;ל;כ;ה;ה;נ;ה;ו;ש;מ;ש;ה;ת;ח;ת;ו;ש;ע
ת;ל;ל;כ;ו;י;א;ל;ת;ו;ע;מ;ח;ו;ר;ת;ו;ע;ר;ו
ת;ו;נ;מ;ה;ל;ל;כ;ו;י;א;ל;ן;ו;ר;ס;ח;ו;ן;ק
י;נ;א;ר;מ;א;ל;י;ב;ל;ם;ע;י;נ;א;י;ת;ר;ב;ד
ה;מ;כ;ח;י;ת;פ;ס;ו;ה;ו;י;ת;ל;ד;ג;ה;ה;נ;ה
ש;ו;ר;י;ל;ע;י;נ;פ;ל;ה;י;ה;ר;ש;א;ל;כ;ל;ע
ע;ד;ו;ה;מ;כ;ח;ה;ב;ר;ה;ה;א;ר;י;ב;ל;ו;ם;ל
ע;ד;ו;ה;מ;כ;ח;ת;ע;ד;ל;י;ב;ל;ה;נ;ת;א;ו;ת
ג;ש;י;ת;ע;ד;י;ת;ו;ל;כ;ש;ו;ת;ו;ל;ל;ו;ה;ת
ח;ב;ר;ב;י;כ;ח;ו;ר;ן;ו;י;ע;ר;א;ו;ה;ה;ז;ם
ס;ו;י;ת;ע;ד;ף;י;ס;ו;י;ו;ס;ע;כ;ב;ר;ה;מ;כ
ל;י;ב;ל;ב;י;נ;א;י;ת;ר;מ;א;ב;ו;א;כ;מ;ף;י
ט;ב;ה;א;ר;ו;ה;ח;מ;ש;ב;ה;כ;ס;נ;א;א;נ;ה;כ
א;ק;ו;ח;ש;ל;ל;ב;ה;א;ו;ה;ם;ג;ה;נ;ה;ו;ב;ו
ע;ה;ז;ה;מ;ה;ח;מ;ש;ל;ו;ל;ל;ו;ה;מ;י;ת;ר;מ
א;ן;י;י;ב;ך;ו;ש;מ;ל;י;ב;ל;ב;י;ת;ר;ת;ה;ש
א;ל;ו;ה;מ;כ;ח;ב;ג;ה;נ;י;ב;ל;ו;י;ר;ש;ב;ת
ז;י;א;ה;א;ר;א;ר;ש;א;ד;ע;ת;ו;ל;כ;ס;ב;ז;ח
ת;ו;ש;ע;י;ר;ש;א;ם;ד;א;ה;י;נ;ב;ל;ב;ו;ט;ה
ה;ם;ה;י;י;ח;י;מ;י;ר;פ;ס;מ;ם;י;מ;ש;ה;ת;ח
ם;י;ת;ב;י;ל;י;ת;י;נ;ב;י;ש;ע;מ;י;ת;ל;ד;ג
ג;י;ל;י;ת;י;ש;ע;ם;י;מ;ר;כ;י;ל;י;ת;ע;ט;נ
ע;ם;ה;ב;י;ת;ע;ט;נ;ו;ם;י;ס;ד;ר;פ;ו;ת;ו;נ
י;מ;ת;ו;כ;ר;ב;י;ל;י;ת;י;ש;ע;י;ר;פ;ל;כ;ץ
י;צ;ע;ח;מ;ו;צ;ר;ע;י;ם;ה;מ;ת;ו;ק;ש;ה;ל;ם
נ;ב;ו;ת;ו;ח;פ;ש;ו;ם;י;ד;ב;ע;י;ת;י;נ;ק;ם
צ;ו;ר;ק;ב;ה;נ;ק;מ;ם;ג;י;ל;ה;י;ה;ת;י;ב;י
פ;ל;ו;י;ה;ש;ל;כ;מ;י;ל;ה;י;ה;ה;ב;ר;ה;ן;א
ס;כ;ם;ג;י;ל;י;ת;ס;נ;כ;ם;ל;ש;ו;ר;י;ב;י;נ
י;ד;מ;ה;ו;ם;י;כ;ל;מ;ת;ל;ג;ס;ו;ב;ה;ז;ו;ף
ו;ת;ו;ר;ש;ו;ם;י;ר;ש;י;ל;י;ת;י;ש;ע;ת;ו;נ
ו;ד;ש;ו;ה;ד;ש;ם;ד;א;ה;י;נ;ב;ת;ג;ו;נ;ע;ת
י;ה;ש;ל;כ;מ;י;ת;פ;ס;ו;ה;ו;י;ת;ל;ד;ג;ו;ת
ע;י;ת;מ;כ;ח;ף;א;ם;ל;ש;ו;ר;י;ב;י;נ;פ;ל;ה
ל;י;נ;י;ע;ו;ל;א;ש;ר;ש;א;ל;כ;ו;י;ל;ה;ד;מ
ב;ל;ת;א;י;ת;ע;נ;מ;א;ל;ם;ה;מ;י;ת;ל;צ;א;א
ע;ל;כ;מ;ח;מ;ש;י;ב;ל;י;כ;ה;ח;מ;ש;ל;כ;מ;י
י;ל;מ;ע;ל;כ;מ;י;ק;ל;ח;ה;י;ה;ה;ז;ו;י;ל;מ
ו;ש;ע;ש;י;ש;ע;מ;ל;כ;ב;י;נ;א;י;ת;י;נ;פ;ו
ו;ת;ו;ש;ע;ל;י;ת;ל;מ;ע;ש;ל;מ;ע;ב;ו;י;ד;י
י;א;ו;ח;ו;ר;ת;ו;ע;ר;ו;ל;ב;ה;ל;כ;ה;ה;נ;ה
א;י;ת;י;נ;פ;ו;ש;מ;ש;ה;ת;ח;ת;ן;ו;ר;ת;י;ן
ס;ו;ת;ו;ל;ל;ו;ה;ו;ה;מ;כ;ח;ת;ו;א;ר;ל;י;נ
ר;ח;א;א;ו;ב;י;ש;ם;ד;א;ה;ה;מ;י;כ;ת;ו;ל;כ
ר;ו;ו;ה;ו;ש;ע;ר;ב;כ;ר;ש;א;ת;א;ך;ל;מ;ה;י
ה;מ;כ;ח;ל;ן;ו;ר;ת;י;ש;י;ש;י;נ;א;י;ת;י;א
ן;מ;ר;ו;א;ה;ן;ו;ר;ת;י;כ;ת;ו;ל;כ;ס;ה;ן;מ
ה;ו;ו;ש;א;ר;ב;ו;י;נ;י;ע;ם;כ;ח;ה;ך;ש;ח;ה
ם;ג;י;ת;ע;ד;י;ו;ך;ל;ו;ה;ך;ש;ח;ב;ל;י;ס;כ
ם;ל;כ;ת;א;ה;ר;ק;י;ד;ח;א;ה;ר;ק;מ;ש;י;נ;א
כ;ה;ה;ר;ק;מ;כ;י;ב;ל;ב;י;נ;א;י;ת;ר;מ;א;ו
מ;כ;ח;ה;מ;ל;ו;י;נ;ר;ק;י;י;נ;א;ם;ג;ל;י;ס
ב;ל;ב;י;ת;ר;ב;ד;ו;ר;ת;ו;י;ז;א;י;נ;א;י;ת
ל;ן;ו;ר;כ;ז;ן;י;א;י;כ;ל;ב;ה;ה;ז;ם;ג;ש;י
ר;ב;כ;ש;ב;ם;ל;ו;ע;ל;ל;י;ס;כ;ה;ם;ע;ם;כ;ח
י;א;ו;ח;כ;ש;נ;ל;כ;ה;ם;י;א;ב;ה;ם;י;מ;י;ה
א;נ;ש;ו;ל;י;ס;כ;ה;ם;ע;ם;כ;ח;ה;ת;ו;מ;י;ך
ש;ע;מ;ה;י;ל;ע;ע;ר;י;כ;ם;י;י;ח;ה;ת;א;י;ת
ב;ה;ל;כ;ה;י;כ;ש;מ;ש;ה;ת;ח;ת;ה;ש;ע;נ;ש;ה
ת;א;י;נ;א;י;ת;א;נ;ש;ו;ח;ו;ר;ת;ו;ע;ר;ו;ל
ש;מ;ש;ה;ת;ח;ת;ל;מ;ע;י;נ;א;ש;י;ל;מ;ע;ל;כ
י;ר;ח;א;ה;י;ה;י;ש;ם;ד;א;ל;ו;נ;ח;י;נ;א;ש
ל;כ;ס;ו;א;ה;י;ה;י;ם;כ;ח;ה;ע;ד;ו;י;י;מ;ו
ש;ו;י;ת;ל;מ;ע;ש;י;ל;מ;ע;ל;כ;ב;ט;ל;ש;י;ו
ו;ל;ב;ה;ה;ז;ם;ג;ש;מ;ש;ה;ת;ח;ת;י;ת;מ;כ;ח
כ;ל;ע;י;ב;ל;ת;א;ש;א;י;ל;י;נ;א;י;ת;ו;ב;ס
י;כ;ש;מ;ש;ה;ת;ח;ת;י;ת;ל;מ;ע;ש;ל;מ;ע;ה;ל
ת;ע;ד;ב;ו;ה;מ;כ;ח;ב;ו;ל;מ;ע;ש;ם;ד;א;ש;י
ו;ב;ל;מ;ע;א;ל;ש;ם;ד;א;ל;ו;ן;ו;ר;ש;כ;ב;ו
ה;ע;ר;ו;ל;ב;ה;ה;ז;ם;ג;ו;ק;ל;ח;ו;נ;נ;ת;י
ל;מ;ע;ל;כ;ב;ם;ד;א;ל;ה;ו;ה;ה;מ;י;כ;ה;ב;ר
ח;ת;ל;מ;ע;א;ו;ה;ש;ו;ב;ל;ן;ו;י;ע;ר;ב;ו;ו
ו;ם;י;ב;א;כ;מ;ו;י;מ;י;ל;כ;י;כ;ש;מ;ש;ה;ת
ב;כ;ש;א;ל;ה;ל;י;ל;ב;ם;ג;ו;נ;י;נ;ע;ס;ע;כ
ב;ב;ו;ט;ן;י;א;א;ו;ה;ל;ב;ה;ה;ז;ם;ג;ו;ב;ל
נ;ת;א;ה;א;ר;ה;ו;ה;ת;ש;ו;ל;כ;א;י;ש;ם;ד;א
י;ת;י;א;ר;ה;ז;ם;ג;ו;ל;מ;ע;ב;ב;ו;ט;ו;ש;פ
מ;י;כ;א;י;ה;ם;י;ה;ל;א;ה;ד;י;מ;י;כ;י;נ;א
כ;י;נ;מ;מ;ץ;ו;ח;ש;ו;ח;י;י;מ;ו;ל;כ;א;י;י
מ;כ;ח;ן;ת;נ;ו;י;נ;פ;ל;ב;ו;ט;ש;ם;ד;א;ל;י
ע;ן;ת;נ;א;ט;ו;ח;ל;ו;ה;ח;מ;ש;ו;ת;ע;ד;ו;ה
ו;ט;ל;ת;ת;ל;ס;ו;נ;כ;ל;ו;ף;ו;ס;א;ל;ן;י;נ
ר;ו;ל;ב;ה;ה;ז;ם;ג;ם;י;ה;ל;א;ה;י;נ;פ;ל;ב
פ;ח;ל;כ;ל;ת;ע;ו;ן;מ;ז;ל;כ;ל;ח;ו;ר;ת;ו;ע
מ;ל;ת;ע;ו;ת;ד;ל;ל;ת;ע;ם;י;מ;ש;ה;ת;ח;ת;ץ
ע;ו;ט;נ;ר;ו;ק;ע;ל;ת;ע;ו;ת;ע;ט;ל;ת;ע;ת;ו
ר;פ;ל;ת;ע;א;ו;פ;ר;ל;ת;ע;ו;ג;ו;ר;ה;ל;ת;ע
ת;ע;ו;ת;ו;כ;ב;ל;ת;ע;ת;ו;נ;ב;ל;ת;ע;ו;ץ;ו
ת;ע;ד;ו;ק;ר;ת;ע;ו;ד;ו;פ;ס;ת;ע;ק;ו;ח;ש;ל
ב;א;ס;ו;נ;כ;ת;ע;ו;ם;י;נ;ב;א;ך;י;ל;ש;ה;ל
ב;ח;מ;ק;ח;ר;ל;ת;ע;ו;ק;ו;ב;ח;ל;ת;ע;ם;י;נ
ו;מ;ש;ל;ת;ע;ד;ב;א;ל;ת;ע;ו;ש;ק;ב;ל;ת;ע;ק
ת;ע;ו;ע;ו;ר;ק;ל;ת;ע;ך;י;ל;ש;ה;ל;ת;ע;ו;ר
ע;ר;ב;ד;ל;ת;ע;ו;ת;ו;ש;ח;ל;ת;ע;ר;ו;פ;ת;ל
ו;ה;מ;ח;ל;מ;ת;ע;א;נ;ש;ל;ת;ע;ו;ב;ה;א;ל;ת
א;ב;ה;ש;ו;ע;ה;ן;ו;ר;ת;י;ה;מ;ם;ו;ל;ש;ת;ע
ן;י;נ;ע;ה;ת;א;י;ת;י;א;ר;ל;מ;ע;א;ו;ה;ר;ש
ל;ם;ד;א;ה;י;נ;ב;ל;ם;י;ה;ל;א;ן;ת;נ;ר;ש;א
ת;ע;ב;ה;פ;י;ה;ש;ע;ל;כ;ה;ת;א;ו;ב;ת;ו;נ;ע
י;ל;ב;מ;ם;ב;ל;ב;ן;ת;נ;ם;ל;ע;ה;ת;א;ם;ג;ו
ה;ש;ע;מ;ה;ת;א;ם;ד;א;ה;א;צ;מ;י;א;ל;ר;ש;א
ס;ד;ע;ו;ש;א;ר;מ;ם;י;ה;ל;א;ה;ה;ש;ע;ר;ש;א
א;י;כ;ם;ב;ב;ו;ט;ן;י;א;י;כ;י;ת;ע;ד;י;ף;ו
ו;י;י;ח;ב;ב;ו;ט;ת;ו;ש;ע;ל;ו;ח;ו;מ;ש;ל;ם
ר;ו;ה;ת;ש;ו;ל;כ;א;י;ש;ם;ד;א;ה;ל;כ;ם;ג;ו
ם;י;ה;ל;א;ת;ת;מ;ו;ל;מ;ע;ל;כ;ב;ב;ו;ט;ה;א
ה;ה;ש;ע;י;ר;ש;א;ל;כ;י;כ;י;ת;ע;ד;י;א;י;ה
י;ל;ע;ם;ל;ו;ע;ל;ה;י;ה;י;א;ו;ה;ם;י;ה;ל;א
ג;ל;ן;י;א;ו;נ;מ;מ;ו;ף;י;ס;ו;ה;ל;ן;י;א;ו
פ;ל;מ;ו;א;ר;י;ש;ה;ש;ע;ם;י;ה;ל;א;ה;ו;ע;ר
ל;ר;ש;א;ו;א;ו;ה;ר;ב;כ;ה;י;ה;ש;ה;מ;ו;י;נ
ק;ב;י;ם;י;ה;ל;א;ה;ו;ה;י;ה;ר;ב;כ;ת;ו;י;ה
ה;ת;ח;ת;י;ת;י;א;ר;ד;ו;ע;ו;ף;ד;ר;נ;ת;א;ש
ו;ע;ש;ר;ה;ה;מ;ש;ט;פ;ש;מ;ה;ם;ו;ק;מ;ש;מ;ש
י;ת;ר;מ;א;ע;ש;ר;ה;ה;מ;ש;ק;ד;צ;ה;ם;ו;ק;מ
ש;ר;ה;ת;א;ו;ק;י;ד;צ;ה;ת;א;י;ב;ל;ב;י;נ;א
פ;ח;ל;כ;ל;ת;ע;י;כ;ם;י;ה;ל;א;ה;ט;פ;ש;י;ע
נ;א;י;ת;ר;מ;א;ם;ש;ה;ש;ע;מ;ה;ל;כ;ל;ע;ו;ץ
ב;ל;ם;ד;א;ה;י;נ;ב;ת;ר;ב;ד;ל;ע;י;ב;ל;ב;י
מ;ה;ב;ם;ה;ש;ת;ו;א;ר;ל;ו;ם;י;ה;ל;א;ה;ם;ר
ם;ד;א;ה;י;נ;ב;ה;ר;ק;מ;י;כ;ם;ה;ל;ה;מ;ה;ה
ה;ל;ד;ח;א;ה;ר;ק;מ;ו;ה;מ;ה;ב;ה;ה;ר;ק;מ;ו
ח;א;ח;ו;ר;ו;ה;ז;ת;ו;מ;ן;כ;ה;ז;ת;ו;מ;כ;ם
ה;מ;ה;ב;ה;ן;מ;ם;ד;א;ה;ר;ת;ו;מ;ו;ל;כ;ל;ד
ל;א;ך;ל;ו;ה;ל;כ;ה;ל;ב;ה;ל;כ;ה;י;כ;ן;י;א
ו;ר;פ;ע;ה;ן;מ;ה;י;ה;ל;כ;ה;ד;ח;א;ם;ו;ק;מ
ח;ו;ר;ע;ד;ו;י;י;מ;ר;פ;ע;ה;ל;א;ב;ש;ל;כ;ה
ו;ה;ל;ע;מ;ל;א;י;ה;ה;ל;ע;ה;ם;ד;א;ה;י;נ;ב
ה;ט;מ;ל;א;י;ה;ת;ד;ר;י;ה;ה;מ;ה;ב;ה;ח;ו;ר
א;מ;ב;ו;ט;ן;י;א;י;כ;י;ת;י;א;ר;ו;ץ;ר;א;ל
ו;ה;י;כ;ו;י;ש;ע;מ;ב;ם;ד;א;ה;ח;מ;ש;י;ר;ש
ת;ו;א;ר;ל;ו;נ;א;י;ב;י;י;מ;י;כ;ו;ק;ל;ח;א
נ;א;י;ת;ב;ש;ו;ו;י;ר;ח;א;ה;י;ה;י;ש;ה;מ;ב
נ;ר;ש;א;ם;י;ק;ש;ע;ה;ל;כ;ת;א;ה;א;ר;א;ו;י
ה;ת;ע;מ;ד;ה;נ;ה;ו;ש;מ;ש;ה;ת;ח;ת;ם;י;ש;ע
ד;י;מ;ו;ם;ח;נ;מ;ם;ה;ל;ן;י;א;ו;ם;י;ק;ש;ע
ו;ם;ח;נ;מ;ם;ה;ל;ן;י;א;ו;ח;כ;ם;ה;י;ק;ש;ע
ו;ת;מ;ר;ב;כ;ש;ם;י;ת;מ;ה;ת;א;י;נ;א;ח;ב;ש
נ;ד;ע;ם;י;י;ח;ה;מ;ה;ר;ש;א;ם;י;י;ח;ה;ן;מ
ל;ן;ד;ע;ר;ש;א;ת;א;ם;ה;י;נ;ש;מ;ב;ו;ט;ו;ה
ה;ה;ש;ע;מ;ה;ת;א;ה;א;ר;א;ל;ר;ש;א;ה;י;ה;א
י;א;ר;ו;ש;מ;ש;ה;ת;ח;ת;ה;ש;ע;נ;ר;ש;א;ע;ר
ר;ש;כ;ל;כ;ת;א;ו;ל;מ;ע;ל;כ;ת;א;י;נ;א;י;ת
מ;ש;י;א;ת;א;נ;ק;א;י;ה;י;כ;ה;ש;ע;מ;ה;ן;ו
ה;ח;ו;ר;ת;ו;ע;ר;ו;ל;ב;ה;ה;ז;ם;ג;ו;ה;ע;ר
ב;ת;א;ל;כ;א;ו;ו;י;ד;י;ת;א;ק;ב;ח;ל;י;ס;כ
פ;ח;א;ל;מ;מ;ת;ח;נ;ף;כ;א;ל;מ;ב;ו;ט;ו;ר;ש
א;י;ת;ב;ש;ו;ח;ו;ר;ת;ו;ע;ר;ו;ל;מ;ע;ם;י;נ
א;ש;י;ש;מ;ש;ה;ת;ח;ת;ל;ב;ה;ה;א;ר;א;ו;י;נ
ל;ן;י;א;ח;א;ו;ן;ב;ם;ג;י;נ;ש;ן;י;א;ו;ד;ח
י;נ;י;ע;ם;ג;ו;ל;מ;ע;ל;כ;ל;ץ;ק;ן;י;א;ו;ו
ל;מ;ע;י;נ;א;י;מ;ל;ו;ר;ש;ע;ע;ב;ש;ת;א;ל;ו
ה;ז;ם;ג;ה;ב;ו;ט;מ;י;ש;פ;נ;ת;א;ר;ס;ח;מ;ו
ש;ה;ם;י;ב;ו;ט;א;ו;ה;ע;ר;ן;י;נ;ע;ו;ל;ב;ה
ר;כ;ש;ם;ה;ל;ש;י;ר;ש;א;ד;ח;א;ה;ן;מ;ם;י;נ
ד;ח;א;ה;ו;ל;פ;י;ם;א;י;כ;ם;ל;מ;ע;ב;ב;ו;ט
ש;ד;ח;א;ה;ו;ל;י;א;ו;ו;ר;ב;ח;ת;א;ם;י;ק;י
א;ם;ג;ו;מ;י;ק;ה;ל;י;נ;ש;ן;י;א;ו;ל;ו;פ;י
ח;א;ל;ו;ם;ה;ל;ם;ח;ו;ם;י;נ;ש;ו;ב;כ;ש;י;ם
ה;ד;ח;א;ה;ו;פ;ק;ת;י;ם;א;ו;ם;ח;י;ך;י;א;ד
מ;ה;ט;ו;ח;ה;ו;ו;ד;ג;נ;ו;ד;מ;ע;י;ם;י;נ;ש
ד;ל;י;ב;ו;ט;ק;ת;נ;י;ה;ר;ה;מ;ב;א;ל;ש;ל;ש
ל;י;ס;כ;ו;ן;ק;ז;ך;ל;מ;מ;ם;כ;ח;ו;ן;כ;ס;מ
ב;מ;י;כ;ד;ו;ע;ר;ה;ז;ה;ל;ע;ד;י;א;ל;ר;ש;א
ב;ם;ג;י;כ;ך;ל;מ;ל;א;צ;י;ם;י;ר;ו;ס;ה;ת;י
כ;ת;א;י;ת;י;א;ר;ש;ר;ד;ל;ו;נ;ו;ת;ו;כ;ל;מ
ש;מ;ש;ה;ת;ח;ת;ם;י;כ;ל;ה;מ;ה;ם;י;י;ח;ה;ל
ת;ח;ת;ד;מ;ע;י;ר;ש;א;י;נ;ש;ה;ד;ל;י;ה;ם;ע
ה;ר;ש;א;ל;כ;ל;ם;ע;ה;ל;כ;ל;ץ;ק;ן;י;א;ו;י
א;ל;ם;י;נ;ו;ר;ח;א;ה;ם;ג;ם;ה;י;נ;פ;ל;ה;י
י;ע;ר;ו;ל;ב;ה;ה;ז;ם;ג;י;כ;ו;ב;ו;ח;מ;ש;י
ך;ל;ת;ר;ש;א;כ;ך;י;ל;ג;ר;ר;מ;ש;ח;ו;ר;ן;ו
ע;מ;ש;ל;ב;ו;ר;ק;ו;ם;י;ה;ל;א;ה;ת;י;ב;ל;א
י;ם;נ;י;א;י;כ;ח;ב;ז;ם;י;ל;י;ס;כ;ה;ת;ת;מ
ל;ע;ל;ה;ב;ת;ל;א;ע;ר;ת;ו;ש;ע;ל;ם;י;ע;ד;ו
ד;א;י;צ;ו;ה;ל;ר;ה;מ;י;ל;א;ך;ב;ל;ו;ך;י;פ
ם;י;ה;ל;א;ה;י;כ;ם;י;ה;ל;א;ה;י;נ;פ;ל;ר;ב
י;ן;כ;ל;ע;ץ;ר;א;ה;ל;ע;ה;ת;א;ו;ם;י;מ;ש;ב
ל;ח;ה;א;ב;י;כ;ם;י;ט;ע;מ;ך;י;ר;ב;ד;ו;י;ה
ב;ר;ב;ל;י;ס;כ;ל;ו;ק;ו;ן;י;נ;ע;ב;ר;ב;ם;ו
י;ה;ל;א;ל;ר;ד;נ;ר;ד;ת;ר;ש;א;כ;ם;י;ר;ב;ד
ץ;פ;ח;ן;י;א;י;כ;ו;מ;ל;ש;ל;ר;ח;א;ת;ל;א;ם
ו;ט;ם;ל;ש;ר;ד;ת;ר;ש;א;ת;א;ם;י;ל;י;ס;כ;ב
ש;ת;א;ל;ו;ר;ו;ד;ת;ש;מ;ר;ד;ת;א;ל;ר;ש;א;ב
ב;ת;א;א;י;ט;ח;ל;ך;י;פ;ת;א;ן;ת;ת;ל;א;ם;ל
כ;ך;א;ל;מ;ה;י;נ;פ;ל;ר;מ;א;ת;ל;א;ו;ך;ר;ש
י;ה;ל;א;ה;ף;צ;ק;י;ה;מ;ל;א;י;ה;ה;ג;ג;ש;י
י;ד;י;ה;ש;ע;מ;ת;א;ל;ב;ח;ו;ך;ל;ו;ק;ל;ע;ם
ב;ד;ו;ם;י;ל;ב;ה;ו;ת;ו;מ;ל;ח;ב;ר;ב;י;כ;ך
א;ר;י;ם;י;ה;ל;א;ה;ת;א;י;כ;ה;ב;ר;ה;ם;י;ר
ת;ק;ד;צ;ו;ט;פ;ש;מ;ל;ז;ג;ו;ש;ר;ק;ש;ע;ם;א
פ;ח;ה;ל;ע;ה;מ;ת;ת;ל;א;ה;נ;י;ד;מ;ב;ה;א;ר
י;ה;ב;ג;ו;ר;מ;ש;ה;ב;ג;ל;ע;מ;ה;ב;ג;י;כ;ץ
י;ה;ל;כ;ב;ץ;ר;א;ן;ו;ר;ת;י;ו;ם;ה;י;ל;ע;ם
א;ל;ף;ס;כ;ב;ה;א;ד;ב;ע;נ;ה;ד;ש;ל;ך;ל;מ;א
א;ל;ן;ו;מ;ה;ב;ב;ה;א;י;מ;ו;ף;ס;כ;ע;ב;ש;י
ו;ט;ה;ת;ו;ב;ר;ב;ל;ב;ה;ה;ז;ם;ג;ה;א;ו;ב;ת
ל;ן;ו;ר;ש;כ;ה;מ;ו;ה;י;ל;כ;ו;א;ו;ב;ר;ה;ב
ת;מ;ו;י;נ;י;ע;ת;י;א;ר;ם;א;י;כ;ה;י;ל;ע;ב
ר;ה;ם;א;ו;ט;ע;מ;ם;א;ד;ב;ע;ה;ת;נ;ש;ה;ק;ו
נ;נ;י;א;ר;י;ש;ע;ל;ע;ב;ש;ה;ו;ל;כ;א;י;ה;ב
ל;ו;ח;ה;ע;ר;ש;י;ן;ו;ש;י;ל;ו;ל;ח;י;נ;מ;ו
ר;ו;מ;ש;ר;ש;ע;ש;מ;ש;ה;ת;ח;ת;י;ת;י;א;ר;ה
ה;ר;ש;ע;ה;ד;ב;א;ו;ו;ת;ע;ר;ל;ו;י;ל;ע;ב;ל
א;ו;ן;ב;ד;י;ל;ו;ה;ו;ע;ר;ן;י;נ;ע;ב;א;ו;ה
ב;מ;א;צ;י;ר;ש;א;כ;ה;מ;ו;א;מ;ו;ד;י;ב;ן;י
ב;ש;כ;ת;כ;ל;ל;ב;ו;ש;י;ם;ו;ר;ע;ו;מ;א;ן;ט
ל;י;ש;ו;ל;מ;ע;ב;א;ש;י;א;ל;ה;מ;ו;א;מ;ו;א
ע;ל;כ;ה;ל;ו;ח;ה;ע;ר;ה;ז;ם;ג;ו;ו;ד;י;ב;ך
ו;ל;ן;ו;ר;ת;י;ה;מ;ו;ך;ל;י;ן;כ;א;ב;ש;ת;מ
ש;ח;ב;ו;י;מ;י;ל;כ;ם;ג;ח;ו;ר;ל;ל;מ;ע;י;ש
ק;ו;ו;י;ל;ח;ו;ה;ב;ר;ה;ס;ע;כ;ו;ל;כ;א;י;ך
א;ב;ו;ט;י;נ;א;י;ת;י;א;ר;ר;ש;א;ה;נ;ה;ף;צ
א;ר;ל;ו;ת;ו;ת;ש;ל;ו;ל;ו;כ;א;ל;ה;פ;י;ר;ש
ח;ת;ל;מ;ע;י;ש;ו;ל;מ;ע;ל;כ;ב;ה;ב;ו;ט;ת;ו
ת;נ;ר;ש;א;ו;י;ח;י;מ;י;ר;פ;ס;מ;ש;מ;ש;ה;ת
ם;ג;ו;ק;ל;ח;א;ו;ה;י;כ;ם;י;ה;ל;א;ה;ו;ל;ן
ם;י;ה;ל;א;ה;ו;ל;ן;ת;נ;ר;ש;א;ם;ד;א;ה;ל;כ
ל;כ;א;ל;ו;ט;י;ל;ש;ה;ו;ם;י;ס;כ;נ;ו;ר;ש;ע
ח;מ;ש;ל;ו;ו;ק;ל;ח;ת;א;ת;א;ש;ל;ו;ו;נ;מ;מ
י;כ;א;י;ה;ם;י;ה;ל;א;ת;ת;מ;ה;ז;ו;ל;מ;ע;ב
כ;ו;י;י;ח;י;מ;י;ת;א;ר;כ;ז;י;ה;ב;ר;ה;א;ל
י;ו;ב;ל;ת;ח;מ;ש;ב;ה;נ;ע;מ;ם;י;ה;ל;א;ה;י
ו;ש;מ;ש;ה;ת;ח;ת;י;ת;י;א;ר;ר;ש;א;ה;ע;ר;ש
ת;י;ר;ש;א;ש;י;א;ם;ד;א;ה;ל;ע;א;י;ה;ה;ב;ר
כ;ו;ם;י;ס;כ;נ;ו;ר;ש;ע;ם;י;ה;ל;א;ה;ו;ל;ן
ל;כ;מ;ו;ש;פ;נ;ל;ר;ס;ח;ו;נ;נ;י;א;ו;ד;ו;ב
א;ה;ו;נ;ט;י;ל;ש;י;א;ל;ו;ה;ו;א;ת;י;ר;ש;א
ר;כ;נ;ש;י;א;י;כ;ו;נ;מ;מ;ל;כ;א;ל;ם;י;ה;ל
ו;ה;ע;ר;י;ל;ח;ו;ל;ב;ה;ה;ז;ו;נ;ל;כ;א;י;י
ר;ם;י;נ;ש;ו;ה;א;מ;ש;י;א;ד;י;ל;ו;י;ם;א;א
נ;ש;י;מ;י;ו;י;ה;י;ש;ב;ר;ו;ה;י;ח;י;ת;ו;ב
ה;ב;ו;ט;ה;ן;מ;ע;ב;ש;ת;א;ל;ו;ש;פ;נ;ו;ו;י
ת;ר;מ;א;ו;ל;ה;ת;י;ה;א;ל;ה;ר;ו;ב;ק;ם;ג;ו
א;ב;ל;ב;ה;ב;י;כ;ל;פ;נ;ה;ו;נ;מ;מ;ב;ו;ט;י
ה;ס;כ;י;ו;מ;ש;ך;ש;ח;ב;ו;ך;ל;י;ך;ש;ח;ב;ו
ל;ת;ח;נ;ע;ד;י;א;ל;ו;ה;א;ר;א;ל;ש;מ;ש;ם;ג
פ;ם;י;נ;ש;ף;ל;א;ה;י;ח;ו;ל;א;ו;ה;ז;מ;ה;ז
מ;ל;א;א;ל;ה;ה;א;ר;א;ל;ה;ב;ו;ט;ו;ם;י;מ;ע
א;ה;ל;מ;ע;ל;כ;ך;ל;ו;ה;ל;כ;ה;ד;ח;א;ם;ו;ק
א;ל;מ;ת;א;ל;ש;פ;נ;ה;ם;ג;ו;ו;ה;י;פ;ל;ם;ד
מ;ל;י;ס;כ;ה;ן;מ;ם;כ;ח;ל;ר;ת;ו;י;ה;מ;י;כ
י;י;ח;ה;ד;ג;נ;ך;ל;ה;ל;ע;ד;ו;י;י;נ;ע;ל;ה
ש;פ;נ;ך;ל;ה;מ;ם;י;נ;י;ע;ה;א;ר;מ;ב;ו;ט;ם
י;ה;ש;ה;מ;ח;ו;ר;ת;ו;ע;ר;ו;ל;ב;ה;ה;ז;ם;ג
ה;ר;ש;א;ע;ד;ו;נ;ו;ו;מ;ש;א;ר;ק;נ;ר;ב;כ;ה
ה;ש;ם;ע;ן;י;ד;ל;ל;כ;ו;י;א;ל;ו;ם;ד;א;א;ו
ב;ר;ה;ם;י;ר;ב;ד;ש;י;י;כ;ו;נ;מ;מ;ף;י;ק;ת
י;כ;ם;ד;א;ל;ר;ת;י;ה;מ;ל;ב;ה;ם;י;ב;ר;מ;ה
ם;י;י;ח;ב;ם;ד;א;ל;ב;ו;ט;ה;מ;ע;ד;ו;י;י;מ
כ;ם;ש;ע;י;ו;ו;ל;ב;ה;י;י;ח;י;מ;י;ר;פ;ס;מ
י;ה;י;ה;מ;ם;ד;א;ל;ד;י;ג;י;י;מ;ר;ש;א;ל;צ
ש;מ;ם;ש;ב;ו;ט;ש;מ;ש;ה;ת;ח;ת;ו;י;ר;ח;א;ה
ל;ו;ה;ם;ו;י;מ;ת;ו;מ;ה;ם;ו;י;ו;ב;ו;ט;ן;מ
כ;ל;מ;ל;ב;א;ת;י;ב;ל;א;ת;כ;ל;ל;ב;ו;ט;ו;ד
ף;ו;ס;א;ו;ה;ר;ש;א;ב;ה;ת;ש;מ;ת;י;ב;ל;א;ת
ו;ט;ו;ב;ל;ל;א;ן;ת;י;י;ח;ה;ו;ם;ד;א;ה;ל;כ
ט;י;י;ם;י;נ;פ;ע;ר;ב;י;כ;ק;ח;ש;מ;ס;ע;כ;ב
ב;ל;ו;ל;ב;א;ת;י;ב;ב;ם;י;מ;כ;ח;ב;ל;ב;ל;ב
מ;ש;ל;ב;ו;ט;ה;ח;מ;ש;ת;י;ב;ב;ם;י;ל;י;ס;כ
ס;כ;ר;י;ש;ע;מ;ש;ש;י;א;מ;ם;כ;ח;ת;ר;ע;ג;ע
ה;ת;ח;ת;ם;י;ר;י;ס;ה;ל;ו;ק;כ;י;כ;ם;י;ל;י
ב;ה;ה;ז;ם;ג;ו;ל;י;ס;כ;ה;ק;ח;ש;ן;כ;ר;י;ס
ד;ב;א;י;ו;ם;כ;ח;ל;ל;ו;ה;י;ק;ש;ע;ה;י;כ;ל
מ;ר;ב;ד;ת;י;ר;ח;א;ב;ו;ט;ה;נ;ת;מ;ב;ל;ת;א
ר;ה;ב;ג;מ;ח;ו;ר;ך;ר;א;ב;ו;ט;ו;ת;י;ש;א;ר
י;כ;ס;ו;ע;כ;ל;ך;ח;ו;ר;ב;ל;ה;ב;ת;ל;א;ח;ו
ת;ל;א;ח;ו;נ;י;ם;י;ל;י;ס;כ;ק;י;ח;ב;ס;ע;כ
י;נ;ש;א;ר;ה;ם;י;מ;י;ה;ש;ה;י;ה;ה;מ;ר;מ;א
כ;ח;מ;א;ל;י;כ;ה;ל;א;מ;ם;י;ב;ו;ט;ו;י;ה;ם
ם;ע;ה;מ;כ;ח;ה;ב;ו;ט;ה;ז;ל;ע;ת;ל;א;ש;ה;מ
צ;ב;י;כ;ש;מ;ש;ה;י;א;ר;ל;ר;ת;י;ו;ה;ל;ח;נ
ד;ן;ו;ר;ת;י;ו;ף;ס;כ;ה;ל;צ;ב;ה;מ;כ;ח;ה;ל
א;ה;א;ר;ה;י;ל;ע;ב;ה;י;ח;ת;ה;מ;כ;ח;ה;ת;ע
ל;ל;כ;ו;י;י;מ;י;כ;ם;י;ה;ל;א;ה;ה;ש;ע;מ;ת
ה;ב;ו;ט;ם;ו;י;ב;ו;ת;ו;ע;ר;ש;א;ת;א;ן;ק;ת
ם;ג;ה;א;ר;ה;ע;ר;ם;ו;י;ב;ו;ב;ו;ט;ב;ה;י;ה
ע;ם;י;ה;ל;א;ה;ה;ש;ע;ה;ז;ת;מ;ע;ל;ה;ז;ת;א
י;ר;ח;א;ם;ד;א;ה;א;צ;מ;י;א;ל;ש;ת;ר;ב;ד;ל
י;מ;י;ב;י;ת;י;א;ר;ל;כ;ה;ת;א;ה;מ;ו;א;מ;ו
י;ו;ו;ק;ד;צ;ב;ד;ב;א;ק;י;ד;צ;ש;י;י;ל;ב;ה
צ;י;ה;ת;ל;א;ו;ת;ע;ר;ב;ך;י;ר;א;מ;ע;ש;ר;ש
ל;ר;ת;ו;י;ם;כ;ח;ת;ת;ל;א;ו;ה;ב;ר;ה;ק;י;ד
ל;א;ו;ה;ב;ר;ה;ע;ש;ר;ת;ל;א;ם;מ;ו;ש;ת;ה;מ
ט;ך;ת;ע;א;ל;ב;ת;ו;מ;ת;ה;מ;ל;ל;כ;ס;י;ה;ת
ל;א;ה;ז;מ;ם;ג;ו;ה;ז;ב;ז;ח;א;ת;ר;ש;א;ב;ו
צ;י;ם;י;ה;ל;א;א;ר;י;י;כ;ך;ד;י;ת;א;ח;נ;ת
ע;מ;ם;כ;ח;ל;ז;ע;ת;ה;מ;כ;ח;ה;ם;ל;כ;ת;א;א
כ;ר;י;ע;ב;ו;י;ה;ר;ש;א;ם;י;ט;י;ל;ש;ה;ר;ש
ע;י;ר;ש;א;ץ;ר;א;ב;ק;י;ד;צ;ן;י;א;ם;ד;א;י
ב;ד;ה;ל;כ;ל;ם;ג;א;ט;ח;י;א;ל;ו;ב;ו;ט;ה;ש
א;ך;ב;ל;ן;ת;ת;ל;א;ו;ר;ב;ד;י;ר;ש;א;ם;י;ר
כ;ך;ל;ל;ק;מ;ך;ד;ב;ע;ת;א;ע;מ;ש;ת;א;ל;ר;ש
ש;א;ך;ב;ל;ע;ד;י;ת;ו;ב;ר;ם;י;מ;ע;פ;ם;ג;י
ס;נ;ה;ז;ל;כ;ם;י;ר;ח;א;ת;ל;ל;ק;ת;א;ם;ג;ר
ה;ו;ה;מ;כ;ח;א;י;ת;ר;מ;א;ה;מ;כ;ח;ב;י;ת;י
י;ה;ש;ה;מ;ק;ו;ח;ר;י;נ;מ;מ;ה;ק;ו;ח;ר;א;י
ת;ו;ב;ס;ו;נ;א;צ;מ;י;י;מ;ק;מ;ע;ק;מ;ע;ו;ה
ק;ב;ו;ר;ו;ת;ל;ו;ת;ע;ד;ל;י;ב;ל;ו;י;נ;א;י
כ;ע;ש;ר;ת;ע;ד;ל;ו;ן;ו;ב;ש;ח;ו;ה;מ;כ;ח;ש
א;צ;ו;מ;ו;ת;ו;ל;ל;ו;ה;ת;ו;ל;כ;ס;ה;ו;ל;ס
י;ה;ר;ש;א;ה;ש;א;ה;ת;א;ת;ו;מ;מ;ר;מ;י;נ;א
ר;ו;ס;א;ה;ב;ל;ם;י;מ;ר;ח;ו;ם;י;ד;ו;צ;מ;א
י;ם;י;ה;ל;א;ה;י;נ;פ;ל;ב;ו;ט;ה;י;ד;י;ם;י
א;ר;ה;ב;ד;כ;ל;י;א;ט;ו;ח;ו;ה;נ;מ;מ;ט;ל;מ
ל;ת;ח;א;ת;ל;ה;ק;ה;ר;מ;א;י;ת;א;צ;מ;ה;ז;ה
ק;ב;ד;ו;ע;ר;ש;א;ן;ו;ב;ש;ח;א;צ;מ;ל;ת;ח;א
ד;ח;א;ם;ד;א;י;ת;א;צ;מ;א;ל;ו;י;ש;פ;נ;ה;ש
ל;ה;ל;א;ל;כ;ב;ה;ש;א;ו;י;ת;א;צ;מ;ף;ל;א;מ
א;י;ת;א;צ;מ;ה;ז;ה;א;ר;ד;ב;ל;י;ת;א;צ;מ;א
ר;ש;י;ם;ד;א;ה;ת;א;ם;י;ה;ל;א;ה;ה;ש;ע;ר;ש
י;מ;ם;י;ב;ר;ת;ו;נ;ב;ש;ח;ו;ש;ק;ב;ה;מ;ה;ו
כ;ח;ר;ב;ד;ר;ש;פ;ע;ד;ו;י;י;מ;ו;ם;כ;ח;ה;כ
ו;י;נ;פ;ז;ע;ו;ו;י;נ;פ;ר;י;א;ת;ם;ד;א;ת;מ
ד;ל;ע;ו;ר;ו;מ;ש;ך;ל;מ;י;פ;י;נ;א;א;נ;ש;י
מ;ל;ה;ב;ת;ל;א;ם;י;ה;ל;א;ת;ע;ו;ב;ש;ת;ר;ב
כ;ע;ר;ר;ב;ד;ב;ד;מ;ע;ת;ל;א;ך;ל;ת;ו;י;נ;פ
ב;ד;ר;ש;א;ב;ה;ש;ע;י;ץ;פ;ח;י;ר;ש;א;ל;כ;י
ה;מ;ו;ל;ר;מ;א;י;י;מ;ו;ן;ו;ט;ל;ש;ך;ל;מ;ר
ר;ב;ד;ע;ד;י;א;ל;ה;ו;צ;מ;ר;מ;ו;ש;ה;ש;ע;ת
י;כ;ם;כ;ח;ב;ל;ע;ד;י;ט;פ;ש;מ;ו;ת;ע;ו;ע;ר
ת;ע;ר;י;כ;ט;פ;ש;מ;ו;ת;ע;ש;י;ץ;פ;ח;ל;כ;ל
ד;י;ו;נ;נ;י;א;י;כ;ו;י;ל;ע;ה;ב;ר;ם;ד;א;ה
י;מ;ה;י;ה;י;ר;ש;א;כ;י;כ;ה;י;ה;י;ש;ה;מ;ע
ח;ו;ר;ב;ט;י;ל;ש;ם;ד;א;ן;י;א;ו;ל;ד;י;ג;י
ן;ו;ט;ל;ש;ן;י;א;ו;ח;ו;ר;ה;ת;א;א;ו;ל;כ;ל
ל;מ;ב;ת;ח;ל;ש;מ;ן;י;א;ו;ת;ו;מ;ה;ם;ו;י;ב
ו;י;ל;ע;ב;ת;א;ע;ש;ר;ט;ל;מ;י;א;ל;ו;ה;מ;ח
ב;ל;ת;א;ן;ו;ת;נ;ו;י;ת;י;א;ר;ה;ז;ל;כ;ת;א
ש;ה;ת;ח;ת;ה;ש;ע;נ;ר;ש;א;ה;ש;ע;מ;ל;כ;ל;י
ר;ל;ם;ד;א;ב;ם;ד;א;ה;ט;ל;ש;ר;ש;א;ת;ע;ש;מ
ר;ב;ק;ם;י;ע;ש;ר;י;ת;י;א;ר;ן;כ;ב;ו;ו;ל;ע
כ;ל;ה;י;ש;ו;ד;ק;ם;ו;ק;מ;מ;ו;ו;א;ב;ו;ם;י
ו;ש;ע;ן;כ;ר;ש;א;ר;י;ע;ב;ו;ח;כ;ת;ש;י;ו;ו
ג;ת;פ;ה;ש;ע;נ;ן;י;א;ר;ש;א;ל;ב;ה;ה;ז;ם;ג
א;ל;מ;ן;כ;ל;ע;ה;ר;ה;מ;ה;ע;ר;ה;ה;ש;ע;מ;ם
א;ע;ר;ת;ו;ש;ע;ל;ם;ה;ב;ם;ד;א;ה;י;נ;ב;ב;ל
ל;ך;י;ר;א;מ;ו;ת;א;מ;ע;ר;ה;ש;ע;א;ט;ח;ר;ש
ט;ה;י;ה;י;ר;ש;א;י;נ;א;ע;ד;ו;י;ם;ג;י;כ;ו
א;ר;י;י;ר;ש;א;ם;י;ה;ל;א;ה;י;א;ר;י;ל;ב;ו
ש;ר;ל;ה;י;ה;י;א;ל;ב;ו;ט;ו;ו;י;נ;פ;ל;מ;ו
א;ר;ש;א;ל;צ;כ;ם;י;מ;י;ך;י;ר;א;י;א;ל;ו;ע
ה;ש;י;ם;י;ה;ל;א;י;נ;פ;ל;מ;א;ר;י;ו;נ;נ;י
ש;י;ר;ש;א;ץ;ר;א;ה;ל;ע;ה;ש;ע;נ;ר;ש;א;ל;ב
ע;מ;כ;ם;ה;ל;א;ע;י;ג;מ;ר;ש;א;ם;י;ק;י;ד;צ
י;ג;מ;ש;ם;י;ע;ש;ר;ש;י;ו;ם;י;ע;ש;ר;ה;ה;ש
ר;מ;א;ם;י;ק;י;ד;צ;ה;ה;ש;ע;מ;כ;ם;ה;ל;א;ע
א;י;נ;א;י;ת;ח;ב;ש;ו;ל;ב;ה;ה;ז;ם;ג;ש;י;ת
ת;ם;ד;א;ל;ב;ו;ט;ן;י;א;ר;ש;א;ה;ח;מ;ש;ה;ת
ו;ת;ש;ל;ו;ל;ו;כ;א;ל;ם;א;י;כ;ש;מ;ש;ה;ת;ח
ל;מ;ע;ב;ו;נ;ו;ל;י;א;ו;ה;ו;ח;ו;מ;ש;ל;ו;ת
ה;ל;א;ה;ו;ל;ן;ת;נ;ר;ש;א;ו;י;י;ח;י;מ;י;ו
ל;ת;א;י;ת;ת;נ;ר;ש;א;כ;ש;מ;ש;ה;ת;ח;ת;ם;י
ע;ה;ת;א;ת;ו;א;ר;ל;ו;ה;מ;כ;ח;ת;ע;ד;ל;י;ב
ם;ג;י;כ;ץ;ר;א;ה;ל;ע;ה;ש;ע;נ;ר;ש;א;ן;י;נ
א;ו;י;נ;י;ע;ב;ה;נ;ש;ה;ל;י;ל;ב;ו;ם;ו;י;ב
ש;ע;מ;ל;כ;ת;א;י;ת;י;א;ר;ו;ה;א;ר;ו;נ;נ;י
ל;ם;ד;א;ה;ל;כ;ו;י;א;ל;י;כ;ם;י;ה;ל;א;ה;ה
ח;ת;ה;ש;ע;נ;ר;ש;א;ה;ש;ע;מ;ה;ת;א;א;ו;צ;מ
ל;ם;ד;א;ה;ל;מ;ע;י;ר;ש;א;ל;ש;ב;ש;מ;ש;ה;ת
ה;ר;מ;א;י;ם;א;ם;ג;ו;א;צ;מ;י;א;ל;ו;ש;ק;ב
א;י;כ;א;צ;מ;ל;ל;כ;ו;י;א;ל;ת;ע;ד;ל;ם;כ;ח
א;ר;ו;ב;ל;ו;י;ב;ל;ל;א;י;ת;ת;נ;ה;ז;ל;כ;ת
מ;כ;ח;ה;ו;ם;י;ק;י;ד;צ;ה;ר;ש;א;ה;ז;ל;כ;ת
ם;ג;ם;י;ה;ל;א;ה;ד;י;ב;ם;ה;י;ד;ב;ע;ו;ם;י
ד;א;ה;ע;ד;ו;י;ן;י;א;ה;א;נ;ש;ם;ג;ה;ב;ה;א
ל;כ;ל;ר;ש;א;כ;ל;כ;ה;ם;ה;י;נ;פ;ל;ל;כ;ה;ם
ו;ט;ל;ע;ש;ר;ל;ו;ק;י;ד;צ;ל;ד;ח;א;ה;ר;ק;מ
א;ל;ו;ח;ב;ז;ל;ו;א;מ;ט;ל;ו;ר;ו;ה;ט;ל;ו;ב
נ;ה;א;ט;ח;כ;ב;ו;ט;כ;ח;ב;ז;ו;נ;נ;י;א;ר;ש
ב;ע;ר;ה;ז;א;ר;י;ה;ע;ו;ב;ש;ר;ש;א;כ;ע;ב;ש
ק;מ;י;כ;ש;מ;ש;ה;ת;ח;ת;ה;ש;ע;נ;ר;ש;א;ל;כ
ם;ד;א;ה;י;נ;ב;ב;ל;ם;ג;ו;ל;כ;ל;ד;ח;א;ה;ר
י;ח;ב;ם;ב;ב;ל;ב;ת;ו;ל;ל;ו;ה;ו;ע;ר;א;ל;מ
י;מ;י;כ;ם;י;ת;מ;ה;ל;א;ו;י;ר;ח;א;ו;ם;ה;י
ט;ב;ש;י;ם;י;י;ח;ה;ל;כ;ל;א;ר;ח;ב;י;ר;ש;א
ה;ן;מ;ב;ו;ט;א;ו;ה;י;ח;ב;ל;כ;ל;י;כ;ן;ו;ח
ם;י;ע;ד;ו;י;ם;י;י;ח;ה;י;כ;ת;מ;ה;ה;י;ר;א
י;ע;ד;ו;י;ם;נ;י;א;ם;י;ת;מ;ה;ו;ו;ת;מ;י;ש
כ;ר;כ;ש;ם;ה;ל;ד;ו;ע;ן;י;א;ו;ה;מ;ו;א;מ;ם
נ;ש;ם;ג;ם;ת;ב;ה;א;ם;ג;ם;ר;כ;ז;ח;כ;ש;נ;י
ל;ח;ו;ה;ד;ב;א;ר;ב;כ;ם;ת;א;נ;ק;ם;ג;ם;ת;א
ש;א;ל;כ;ב;ם;ל;ו;ע;ל;ד;ו;ע;ם;ה;ל;ן;י;א;ק
מ;ש;ב;ל;כ;א;ך;ל;ש;מ;ש;ה;ת;ח;ת;ה;ש;ע;נ;ר
ך;נ;י;י;ב;ו;ט;ב;ל;ב;ה;ת;ש;ו;ך;מ;ח;ל;ה;ח
י;ש;ע;מ;ת;א;ם;י;ה;ל;א;ה;ה;צ;ר;ר;ב;כ;י;כ
ם;י;נ;ב;ל;ך;י;ד;ג;ב;ו;י;ה;י;ת;ע;ל;כ;ב;ך
ח;ה;א;ר;ר;ס;ח;י;ל;א;ך;ש;א;ר;ל;ע;ן;מ;ש;ו
י;מ;י;ל;כ;ת;ב;ה;א;ר;ש;א;ה;ש;א;ם;ע;ם;י;י
ש;ה;ת;ח;ת;ך;ל;ן;ת;נ;ר;ש;א;ך;ל;ב;ה;י;י;ח
ך;ק;ל;ח;א;ו;ה;י;כ;ך;ל;ב;ה;י;מ;י;ל;כ;ש;מ
ל;מ;ע;ה;ת;א;ר;ש;א;ך;ל;מ;ע;ב;ו;ם;י;י;ח;ב
ל;ך;ד;י;א;צ;מ;ת;ר;ש;א;ל;כ;ש;מ;ש;ה;ת;ח;ת
ה;ש;ע;מ;ן;י;א;י;כ;ה;ש;ע;ך;ח;כ;ב;ת;ו;ש;ע
ל;ו;א;ש;ב;ה;מ;כ;ח;ו;ת;ע;ד;ו;ן;ו;ב;ש;ח;ו
ה;א;ר;ו;י;ת;ב;ש;ה;מ;ש;ך;ל;ה;ה;ת;א;ר;ש;א
ו;ר;מ;ה;ם;י;ל;ק;ל;א;ל;י;כ;ש;מ;ש;ה;ת;ח;ת
ם;ג;ו;ה;מ;ח;ל;מ;ה;ם;י;ר;ו;ב;ג;ל;א;ל;ו;ץ
נ;ב;נ;ל;א;ל;ם;ג;ו;ם;ח;ל;ם;י;מ;כ;ח;ל;א;ל
י;כ;ן;ח;ם;י;ע;ד;י;ל;א;ל;ם;ג;ו;ר;ש;ע;ם;י
ל;ם;ג;י;כ;ם;ל;כ;ת;א;ה;ר;ק;י;ע;ג;פ;ו;ת;ע
נ;ש;ם;י;ג;ד;כ;ו;ת;ע;ת;א;ם;ד;א;ה;ע;ד;י;א
י;ר;פ;צ;כ;ו;ה;ע;ר;ה;ד;ו;צ;מ;ב;ם;י;ז;ח;א
ב;ם;י;ש;ק;ו;י;ם;ה;כ;ח;פ;ב;ת;ו;ז;ח;א;ה;ם
ל;ע;ל;ו;פ;ת;ש;כ;ה;ע;ר;ת;ע;ל;ם;ד;א;ה;י;נ
ה;מ;כ;ח;י;ת;י;א;ר;ה;ז;ם;ג;ם;א;ת;פ;ם;ה;י
ע;י;ל;א;א;י;ה;ה;ל;ו;ד;ג;ו;ש;מ;ש;ה;ת;ח;ת
א;ב;ו;ט;ע;מ;ה;ב;ם;י;ש;נ;א;ו;ה;נ;ט;ק;ר;י
ב;ו;ה;ת;א;ב;ב;ס;ו;ל;ו;ד;ג;ך;ל;מ;ה;י;ל;א
צ;מ;ו;ם;י;ל;ד;ג;ם;י;ד;ו;צ;מ;ה;י;ל;ע;ה;נ
א;ו;ה;ט;ל;מ;ו;ם;כ;ח;ן;כ;ס;מ;ש;י;א;ה;ב;א
כ;ז;א;ל;ם;ד;א;ו;ו;ת;מ;כ;ח;ב;ר;י;ע;ה;ת;א
ר;מ;א;ו;א;ו;ה;ה;ן;כ;ס;מ;ה;ש;י;א;ה;ת;א;ר
ו;ה;ר;ו;ב;ג;מ;ה;מ;כ;ח;ה;ב;ו;ט;י;נ;א;י;ת
ו;י;ר;ב;ד;ו;ה;י;ו;ז;ב;ן;כ;ס;מ;ה;ת;מ;כ;ח
ב;ם;י;מ;כ;ח;י;ר;ב;ד;ם;י;ע;מ;ש;נ;ם;נ;י;א
כ;ב;ל;ש;ו;מ;ת;ק;ע;ז;מ;ם;י;ע;מ;ש;נ;ת;ח;נ
ב;ר;ק;י;ל;כ;מ;ה;מ;כ;ח;ה;ב;ו;ט;ם;י;ל;י;ס
ה;ב;ר;ה;ה;ב;ו;ט;ד;ב;א;י;ד;ח;א;א;ט;ו;ח;ו
ן;מ;ש;ע;י;ב;י;ש;י;א;ב;י;ת;ו;מ;י;ב;ו;ב;ז
ל;כ;ס;ד;ו;ב;כ;מ;ה;מ;כ;ח;מ;ר;ק;י;ח;ק;ו;ר
כ;ב;ל;ו;ו;נ;י;מ;י;ל;ם;כ;ח;ב;ל;ט;ע;מ;ת;ו
ס;ה;ש;כ;ך;ר;ד;ב;ם;ג;ו;ו;ל;א;מ;ש;ל;ל;י;ס
כ;ס;ל;כ;ל;ר;מ;א;ו;ר;ס;ח;ו;ב;ל;ך;ל;ה;ל;כ
ל;ע;ה;ל;ע;ת;ל;ש;ו;מ;ה;ח;ו;ר;ם;א;א;ו;ה;ל
נ;י;א;פ;ר;מ;י;כ;ח;נ;ת;ל;א;ך;מ;ו;ק;מ;ך;י
א;ר;ה;ע;ר;ש;י;ם;י;ל;ו;ד;ג;ם;י;א;ט;ח;ח;י
מ;א;צ;י;ש;ה;ג;ג;ש;כ;ש;מ;ש;ה;ת;ח;ת;י;ת;י
ו;ר;מ;ב;ל;כ;ס;ה;ן;ת;נ;ט;י;ל;ש;ה;י;נ;פ;ל
ש;י;ל;פ;ש;ב;ם;י;ר;י;ש;ע;ו;ם;י;ב;ר;ם;י;מ
ו;ם;י;ס;ו;ס;ל;ע;ם;י;ד;ב;ע;י;ת;י;א;ר;ו;ב
ר;א;ה;ל;ע;ם;י;ד;ב;ע;כ;ם;י;כ;ל;ה;ם;י;ר;ש
ד;ג;ץ;ר;פ;ו;ל;ו;פ;י;ו;ב;ץ;מ;ו;ג;ר;פ;ח;ץ
ע;י;ם;י;נ;ב;א;ע;י;ס;מ;ש;ח;נ;ו;נ;כ;ש;י;ר
א;ם;ב;ן;כ;ס;י;ם;י;צ;ע;ע;ק;ו;ב;ם;ה;ב;ב;צ
ק;ם;י;נ;פ;א;ל;א;ו;ה;ו;ל;ז;ר;ב;ה;ה;ה;ק;ם
ה;ן;ו;ר;ת;י;ו;ר;ב;ג;י;ם;י;ל;י;ח;ו;ל;ק;ל
ו;ל;ב;ש;ח;נ;ה;ך;ש;י;ם;א;ה;מ;כ;ח;ר;י;ש;כ
ש;ל;ה;ל;ע;ב;ל;ן;ו;ר;ת;י;ן;י;א;ו;ש;ח;ל;א
כ;ת;ו;ת;פ;ש;ו;ן;ח;ם;כ;ח;י;פ;י;ר;ב;ד;ן;ו
ה;י;פ;י;ר;ב;ד;ת;ל;ח;ת;ו;נ;ע;ל;ב;ת;ל;י;ס
ל;ל;ו;ה;ו;ה;י;פ;ת;י;ר;ח;א;ו;ת;ו;ל;כ;ס;ו
ל;ם;י;ר;ב;ד;ה;ב;ר;י;ל;כ;ס;ה;ו;ה;ע;ר;ת;ו
י;ר;ש;א;ו;ה;י;ה;י;ש;ה;מ;ם;ד;א;ה;ע;ד;י;א
ל;מ;ע;ו;ל;ד;י;ג;י;י;מ;ו;י;ר;ח;א;מ;ה;י;ה
ד;י;א;ל;ר;ש;א;ו;נ;ע;ג;י;ת;ם;י;ל;י;ס;כ;ה
ל;מ;ש;ץ;ר;א;ך;ל;י;א;ר;י;ע;ל;א;ת;כ;ל;ל;ע
א;ו;ל;כ;א;י;ר;ק;ב;ב;ך;י;ר;ש;ו;ר;ע;נ;ך;כ
ו;ם;י;ר;ו;ח;ן;ב;ך;כ;ל;מ;ש;ץ;ר;א;ך;י;ר;ש
ל;ו;ה;ר;ו;ב;ג;ב;ו;ל;כ;א;י;ת;ע;ב;ך;י;ר;ש
ה;ר;ק;מ;ה;ך;מ;י;ם;י;ת;ל;צ;ע;ב;י;ת;ש;ב;א
ל;ת;י;ב;ה;ף;ל;ד;י;ם;י;ד;י;ת;ו;ל;פ;ש;ב;ו
ח;ח;מ;ש;י;ן;י;י;ו;ם;ח;ל;ם;י;ש;ע;ק;ו;ח;ש
ב;ם;ג;ל;כ;ה;ת;א;ה;נ;ע;י;ף;ס;כ;ה;ו;ם;י;י
מ;י;ר;ד;ח;ב;ו;ל;ל;ק;ת;ל;א;ך;ל;מ;ך;ע;ד;מ
ה;ף;ו;ע;י;כ;ר;י;ש;ע;ל;ל;ק;ת;ל;א;ך;ב;כ;ש
ה;ל;ע;ב;ו;ל;ו;ק;ה;ת;א;ך;י;ל;ו;י;ם;י;מ;ש
ע;ך;מ;ח;ל;ח;ל;ש;ר;ב;ד;ד;י;ג;י;ם;י;פ;נ;כ
מ;ת;ם;י;מ;י;ה;ב;ר;ב;י;כ;ם;י;מ;ה;י;נ;פ;ל
מ;ש;ל;ם;ג;ו;ה;ע;ב;ש;ל;ק;ל;ח;ן;ת;ו;נ;א;צ
ע;ה;ע;ר;ה;י;ה;י;ה;מ;ע;ד;ת;א;ל;י;כ;ה;נ;ו
ם;ש;ג;ם;י;ב;ע;ה;ו;א;ל;מ;י;ם;א;ץ;ר;א;ה;ל
ץ;ע;ל;ו;פ;י;ם;א;ו;ו;ק;י;ר;י;ץ;ר;א;ה;ל;ע
פ;י;ש;ם;ו;ק;מ;ן;ו;פ;צ;ב;ם;א;ו;ם;ו;ר;ד;ב
י;א;ל;ח;ו;ר;ר;מ;ש;א;ו;ה;י;ם;ש;ץ;ע;ה;ל;ו
כ;ר;ו;צ;ק;י;א;ל;ם;י;ב;ע;ב;ה;א;ר;ו;ע;ר;ז
ח;ו;ר;ה;ך;ר;ד;ה;מ;ע;ד;ו;י;ך;נ;י;א;ר;ש;א
א;ל;ה;כ;כ;ה;א;ל;מ;ה;ן;ט;ב;ב;ם;י;מ;צ;ע;כ
ע;י;ר;ש;א;ם;י;ה;ל;א;ה;ה;ש;ע;מ;ת;א;ע;ד;ת
ך;ע;ר;ז;ת;א;ע;ר;ז;ר;ק;ב;ב;ל;כ;ה;ת;א;ה;ש
י;ך;נ;י;א;י;כ;ך;ד;י;ח;נ;ת;ל;א;ב;ר;ע;ל;ו
א;ו;ה;ז;ו;א;ה;ז;ה;ר;ש;כ;י;ה;ז;י;א;ע;ד;ו
ק;ו;ת;מ;ו;ם;י;ב;ו;ט;ד;ח;א;כ;ם;ה;י;נ;ש;ם
א;ת;ו;א;ר;ל;ם;י;נ;י;ע;ל;ב;ו;ט;ו;ר;ו;א;ה
י;ח;י;ה;ב;ר;ה;ם;י;נ;ש;ם;א;י;כ;ש;מ;ש;ה;ת
ת;א;ר;כ;ז;י;ו;ח;מ;ש;י;ם;ל;כ;ב;ם;ד;א;ה;ה
ש;ל;כ;ו;י;ה;י;ה;ב;ר;ה;י;כ;ך;ש;ח;ה;י;מ;י
ך;י;ת;ו;ד;ל;י;ב;ר;ו;ח;ב;ח;מ;ש;ל;ב;ה;א;ב
ך;ת;ו;ר;ו;ח;ב;י;מ;י;ב;ך;ב;ל;ך;ב;י;ט;י;ו
י;ע;י;א;ר;מ;ב;ו;ך;ב;ל;י;כ;ר;ד;ב;ך;ל;ה;ו
ך;א;י;ב;י;ה;ל;א;ל;כ;ל;ע;י;כ;ע;ד;ו;ך;י;נ
ל;מ;ס;ע;כ;ר;ס;ה;ו;ט;פ;ש;מ;ב;ם;י;ה;ל;א;ה
ל;י;ה;י;כ;ך;ר;ש;ב;מ;ה;ע;ר;ר;ב;ע;ה;ו;ך;ב
ב;ת;א;ר;כ;ז;ו;ל;ב;ה;ת;ו;ר;ח;ש;ה;ו;ת;ו;ד
ש;א;ד;ע;ך;י;ת;ר;ו;ח;ב;י;מ;י;ב;ך;י;א;ר;ו
ו;ע;י;ג;ה;ו;ה;ע;ר;ה;י;מ;י;ו;א;ב;י;א;ל;ר
ח;ם;ה;ב;י;ל;ן;י;א;ר;מ;א;ת;ר;ש;א;ם;י;נ;ש
א;ה;ו;ש;מ;ש;ה;ך;ש;ח;ת;א;ל;ר;ש;א;ד;ע;ץ;פ
ה;ו;ב;ש;ו;ם;י;ב;כ;ו;כ;ה;ו;ח;ר;י;ה;ו;ר;ו
ו;ע;ז;י;ש;ם;ו;י;ב;ם;ש;ג;ה;ר;ח;א;ם;י;ב;ע
ה;י;ש;נ;א;ו;ת;ו;ע;ת;ה;ו;ת;י;ב;ה;י;ר;מ;ש
ו;ט;ע;מ;י;כ;ת;ו;נ;ח;ט;ה;ו;ל;ט;ב;ו;ל;י;ח
ר;ג;ס;ו;ת;ו;ב;ר;א;ב;ת;ו;א;ר;ה;ו;כ;ש;ח;ו
ח;ט;ה;ל;ו;ק;ל;פ;ש;ב;ק;ו;ש;ב;ם;י;ת;ל;ד;ו
ח;ש;י;ו;ר;ו;פ;צ;ה;ל;ו;ק;ל;ם;ו;ק;י;ו;ה;נ
א;ר;י;ה;ב;ג;מ;ם;ג;ר;י;ש;ה;ת;ו;נ;ב;ל;כ;ו
ק;ש;ה;ץ;א;נ;י;ו;ך;ר;ד;ב;ם;י;ת;ח;ת;ח;ו;ו
ו;י;ב;א;ה;ר;פ;ת;ו;ב;ג;ח;ה;ל;ב;ת;ס;י;ו;ד
מ;ל;ו;ע;ת;י;ב;ל;א;ם;ד;א;ה;ך;ל;ה;י;כ;ה;נ
ש;א;ד;ע;ם;י;ד;פ;ס;ה;ק;ו;ש;ב;ו;ב;ב;ס;ו;ו
ל;ג;ץ;ר;ת;ו;ף;ס;כ;ה;ל;ב;ח;ק;ח;ר;י;א;ל;ר
ו;ע;ו;ב;מ;ה;ל;ע;ד;כ;ר;ב;ש;ת;ו;ב;ה;ז;ה;ת
ע;ה;ב;ש;י;ו;ר;ו;ב;ה;ל;א;ל;ג;ל;ג;ה;ץ;ר;נ
ש;ת;ח;ו;ר;ה;ו;ה;י;ה;ש;כ;ץ;ר;א;ה;ל;ע;ר;פ
ל;ב;ה;ה;נ;ת;נ;ר;ש;א;ם;י;ה;ל;א;ה;ל;א;ב;ו
ל;ב;ה;ל;כ;ה;ת;ל;ה;ו;ק;ה;ר;מ;א;ם;י;ל;ב;ה
מ;ל;ד;ו;ע;ם;כ;ח;ת;ל;ה;ק;ה;י;ה;ש;ר;ת;י;ו
ן;ק;ת;ר;ק;ח;ו;ן;ז;א;ו;ם;ע;ה;ת;א;ת;ע;ד;ד
א;צ;מ;ל;ת;ל;ה;ק;ש;ק;ב;ה;ב;ר;ה;ם;י;ל;ש;מ
א;י;ר;ב;ד;ר;ש;י;ב;ו;ת;כ;ו;ץ;פ;ח;י;ר;ב;ד
כ;ו;ת;ו;נ;ב;ר;ד;כ;ם;י;מ;כ;ח;י;ר;ב;ד;ת;מ
ו;פ;ס;א;י;ל;ע;ב;ם;י;ע;ו;ט;נ;ת;ו;ר;מ;ש;מ
ה;מ;ה;מ;ר;ת;י;ו;ד;ח;א;ה;ע;ר;מ;ו;נ;ת;נ;ת
ה;ב;ר;ה;ם;י;ר;פ;ס;ת;ו;ש;ע;ר;ה;ז;ה;י;נ;ב
ר;ש;ב;ת;ע;ג;י;ה;ב;ר;ה;ג;ה;ל;ו;ץ;ק;ן;י;א
י;ה;ל;א;ה;ת;א;ע;מ;ש;נ;ל;כ;ה;ר;ב;ד;ף;ו;ס
ז;י;כ;ר;ו;מ;ש;ו;י;ת;ו;צ;מ;ת;א;ו;א;ר;י;ם
ל;א;ה;ה;ש;ע;מ;ל;כ;ת;א;י;כ;ם;ד;א;ה;ל;כ;ה
א;ם;ל;ע;נ;ל;כ;ל;ע;ט;פ;ש;מ;ב;א;ב;י;ם;י;ה
 ; ; ; ; ; ; ; ; ; ; ;ע;ר;ם;א;ו;ב;ו;ט;ם
