י;ק;י;ו;ה;י;ת;ו;כ;ל;מ;ל;ש;ו;ל;ש;ת;נ;ש;ב
ר;צ;א;נ;ד;כ;ו;ב;נ;א;ב;ה;ד;ו;ה;י;ך;ל;מ;ם
ה;י;ל;ע;ר;צ;י;ו;ם;ל;ש;ו;ר;י;ל;ב;ב;ך;ל;מ
י;ק;י;ו;ה;י;ת;א;ו;ד;י;ב;י;נ;ד;א;ן;ת;י;ו
ת;י;ב;י;ל;כ;ת;צ;ק;מ;ו;ה;ד;ו;ה;י;ך;ל;מ;ם
ב;ר;ע;נ;ש;ץ;ר;א;ם;א;י;ב;י;ו;ם;י;ה;ל;א;ה
ב;א;י;ב;ה;ם;י;ל;כ;ה;ת;א;ו;ו;י;ה;ל;א;ת;י
ך;ל;מ;ה;ר;מ;א;י;ו;ו;י;ה;ל;א;ר;צ;ו;א;ת;י
מ;א;י;ב;ה;ל;ו;י;ס;י;ר;ס;ב;ר;ז;נ;פ;ש;א;ל
ו;ה;כ;ו;ל;מ;ה;ע;ר;ז;מ;ו;ל;א;ר;ש;י;י;נ;ב
ן;י;א;ר;ש;א;ם;י;ד;ל;י;ם;י;מ;ת;ר;פ;ה;ן;מ
מ;ו;ה;א;ר;מ;י;ב;ו;ט;ו;ם;ו;א;מ;ל;כ;ם;ה;ב
ע;ד;י;ע;ד;י;ו;ה;מ;כ;ח;ל;כ;ב;ם;י;ל;י;כ;ש
ל;ם;ה;ב;ח;כ;ר;ש;א;ו;ע;ד;מ;י;נ;י;ב;מ;ו;ת
פ;ס;ם;ד;מ;ל;ל;ו;ך;ל;מ;ה;ל;כ;י;ה;ב;ד;מ;ע
מ;ה;ם;ה;ל;ן;מ;י;ו;ם;י;ד;ש;כ;ן;ו;ש;ל;ו;ר
מ;ה;ג;ב;ת;פ;מ;ו;מ;ו;י;ב;ם;ו;י;ר;ב;ד;ך;ל
נ;ש;ם;ל;ד;ג;ל;ו;ו;י;ת;ש;מ;ן;י;י;מ;ו;ך;ל
נ;פ;ל;ו;ד;מ;ע;י;ם;ת;צ;ק;מ;ו;ש;ו;ל;ש;ם;י
ד;ו;ה;י;י;נ;ב;מ;ם;ה;ב;י;ה;י;ו;ך;ל;מ;ה;י
ר;ז;ע;ו;ל;א;ש;י;מ;ה;י;נ;נ;ח;ל;א;י;נ;ד;ה
מ;ש;ם;י;ס;י;ר;ס;ה;ר;ש;ם;ה;ל;ם;ש;י;ו;ה;י
ו;ר;צ;א;ש;ט;ל;ב;ל;א;י;נ;ד;ל;ם;ש;י;ו;ת;ו
ש;י;מ;ל;א;ש;י;מ;ל;ו;ך;ר;ד;ש;ה;י;נ;נ;ח;ל
נ;ד;ם;ש;י;ו;ו;ג;נ;ד;ב;ע;ה;י;ר;ז;ע;ל;ו;ך
פ;ב;ל;א;ג;ת;י;א;ל;ר;ש;א;ו;ב;ל;ל;ע;ל;א;י
ב;י;ו;ו;י;ת;ש;מ;ן;י;י;ב;ו;ך;ל;מ;ה;ג;ב;ת
ג;ת;י;א;ל;ר;ש;א;ם;י;ס;י;ר;ס;ה;ר;ש;מ;ש;ק
ל;ל;א;י;נ;ד;ת;א;ם;י;ה;ל;א;ה;ן;ת;י;ו;ל;א
י;ר;ס;ה;ר;ש;י;נ;פ;ל;ם;י;מ;ח;ר;ל;ו;ד;ס;ח
נ;ד;ל;ם;י;ס;י;ר;ס;ה;ר;ש;ר;מ;א;י;ו;ם;י;ס
א;ך;ל;מ;ה;י;נ;ד;א;ת;א;י;נ;א;א;ר;י;ל;א;י
י;ת;ש;מ;ת;א;ו;ם;כ;ל;כ;א;מ;ת;א;ה;נ;מ;ר;ש
ז;ם;כ;י;נ;פ;ת;א;ה;א;ר;י;ה;מ;ל;ר;ש;א;ם;כ
כ;ל;י;ג;כ;ר;ש;א;ם;י;ד;ל;י;ה;ן;מ;ם;י;פ;ע
א;י;ו;ך;ל;מ;ל;י;ש;א;ר;ת;א;ם;ת;ב;י;ח;ו;ם
ה;נ;מ;ר;ש;א;ר;צ;ל;מ;ה;ל;א;ל;א;י;נ;ד;ר;מ
י;נ;נ;ח;ל;א;י;נ;ד;ל;ע;ם;י;ס;י;ר;ס;ה;ר;ש
ב;ע;ת;א;א;נ;ס;נ;ה;י;ר;ז;ע;ו;ל;א;ש;י;מ;ה
מ;ו;נ;ל;ו;נ;ת;י;ו;ה;ר;ש;ע;ם;י;מ;י;ך;י;ד
ש;נ;ו;ם;י;מ;ו;ה;ל;כ;א;נ;ו;ם;י;ע;ר;ז;ה;ן
מ;ו;ו;נ;י;א;ר;מ;ך;י;נ;פ;ל;ו;א;ר;י;ו;ה;ת
ב;ת;פ;ת;א;ם;י;ל;כ;א;ה;ם;י;ד;ל;י;ה;ה;א;ר
ע;ם;ע;ה;ש;ע;ה;א;ר;ת;ר;ש;א;כ;ו;ך;ל;מ;ה;ג
ו;ה;ז;ה;ר;ב;ד;ל;ם;ה;ל;ע;מ;ש;י;ו;ך;י;ד;ב
י;מ;י;ת;צ;ק;מ;ו;ה;ר;ש;ע;ם;י;מ;י;ם;ס;נ;י
ב;ו;ב;ו;ט;ם;ה;י;א;ר;מ;ה;א;ר;נ;ה;ר;ש;ע;ם
כ;א;ה;ם;י;ד;ל;י;ה;ל;כ;ן;מ;ר;ש;ב;י;א;י;ר
ל;מ;ה;י;ה;י;ו;ך;ל;מ;ה;ג;ב;ת;פ;ת;א;ם;י;ל
י;ת;ש;מ;ן;י;י;ו;ם;ג;ב;ת;פ;ת;א;א;ש;נ;ר;צ
ד;ל;י;ה;ו;ם;י;נ;ע;ר;ז;ם;ה;ל;ן;ת;נ;ו;ם;ה
א;ה;ם;ה;ל;ן;ת;נ;ם;ת;ע;ב;ר;א;ה;ל;א;ה;ם;י
ח;ו;ר;פ;ס;ל;כ;ב;ל;כ;ש;ה;ו;ע;ד;מ;ם;י;ה;ל
ן;ו;ז;ח;ל;כ;ב;ן;י;ב;ה;ל;א;י;נ;ד;ו;ה;מ;כ
ר;ש;א;ם;י;מ;י;ה;ת;צ;ק;מ;ל;ו;ת;ו;מ;ל;ח;ו
ש;ם;א;י;ב;י;ו;ם;א;י;ב;ה;ל;ך;ל;מ;ה;ר;מ;א
ו;ר;צ;נ;ד;כ;ב;נ;י;נ;פ;ל;ם;י;ס;י;ר;ס;ה;ר
כ;מ;א;צ;מ;נ;א;ל;ו;ך;ל;מ;ה;ם;ת;א;ר;ב;ד;י
ע;ו;ל;א;ש;י;מ;ה;י;נ;נ;ח;ל;א;י;נ;ד;כ;ם;ל
כ;ו;ך;ל;מ;ה;י;נ;פ;ל;ו;ד;מ;ע;י;ו;ה;י;ר;ז
ה;מ;ש;ק;ב;ר;ש;א;ה;נ;י;ב;ת;מ;כ;ח;ר;ב;ד;ל
ל;ע;ת;ו;ד;י;ר;ש;ע;ם;א;צ;מ;י;ו;ך;ל;מ;ה;ם
כ;ב;ר;ש;א;ם;י;פ;ש;א;ה;ם;י;מ;ט;ר;ח;ה;ל;כ
נ;ש;ד;ע;ל;א;י;נ;ד;י;ה;י;ו;ו;ת;ו;כ;ל;מ;ל
ת;ש;ת;נ;ש;ב;ו;ך;ל;מ;ה;ש;ר;ו;כ;ל;ת;ח;א;ת
ב;נ;ם;ל;ח;ר;צ;נ;ד;כ;ב;נ;ת;ו;כ;ל;מ;ל;ם;י
ו;ח;ו;ר;ם;ע;פ;ת;ת;ו;ת;ו;מ;ל;ח;ר;צ;נ;ד;כ
ה;ר;מ;א;י;ו;ו;י;ל;ע;ה;ת;י;ה;נ;ו;ת;נ;ש;ו
י;פ;ש;א;ל;ו;ם;י;מ;ט;ר;ח;ל;א;ר;ק;ל;ך;ל;מ
י;ג;ה;ל;ם;י;ד;ש;כ;ל;ו;ם;י;פ;ש;כ;מ;ל;ו;ם
מ;ע;י;ו;ו;א;ב;י;ו;ו;י;ת;מ;ל;ח;ך;ל;מ;ל;ד
מ;ה;ם;ה;ל;ר;מ;א;י;ו;ך;ל;מ;ה;י;נ;פ;ל;ו;ד
י;ח;ו;ר;ם;ע;פ;ת;ו;י;ת;מ;ל;ח;ם;ו;ל;ח;ך;ל
ש;כ;ה;ו;ר;ב;ד;י;ו;ם;ו;ל;ח;ה;ת;א;ת;ע;ד;ל
מ;ל;ע;ל;א;כ;ל;מ;ת;י;מ;ר;א;ך;ל;מ;ל;ם;י;ד
פ;ו;ך;י;ד;ב;ע;ל;א;מ;ל;ח;ר;מ;א;י;י;ח;ן;י
כ;ל;ר;מ;א;ו;א;כ;ל;מ;ה;נ;ע;א;ו;ח;נ;א;ר;ש
ת;א;ל;ן;ה;א;ד;ז;א;י;נ;מ;א;ת;ל;מ;א;י;ד;ש
מ;ד;ה;ה;ר;ש;פ;ו;א;מ;ל;ח;י;נ;נ;ו;ע;ד;ו;ה
י;ל;ו;נ;ן;ו;כ;י;ת;ב;ו;ן;ו;ד;ב;ע;ת;ת;ן;י
ה;ת;ה;ר;ש;פ;ו;א;מ;ל;ח;ן;ה;ו;ן;ו;מ;ש;ת;י
י;ג;ש;ר;ק;י;ו;ה;ב;ז;ב;נ;ו;ן;נ;ת;מ;ן;ו;ח
א;מ;ל;ח;ן;ה;ל;י;מ;ד;ק;ן;מ;ן;ו;ל;ב;ק;ת;א
ו;ת;ו;נ;י;נ;ת;ו;נ;ע;י;נ;ו;ח;ה;ה;ר;ש;פ;ו
ב;ע;ל;ר;מ;א;י;א;מ;ל;ח;א;כ;ל;מ;ן;י;ר;מ;א
כ;ל;מ;ה;נ;ע;ה;ו;ח;ה;נ;ה;ר;ש;פ;ו;י;ה;ו;ד
ע;י;ד;ה;נ;א;ע;ד;י;ב;י;צ;י;ן;מ;ר;מ;א;ו;א
י;ד;ל;ב;ק;ל;כ;ן;י;נ;ב;ז;ן;ו;ת;נ;א;א;נ;ד
ד;א;ת;ל;מ;י;נ;מ;א;ד;ז;א;י;ד;ן;ו;ת;י;ז;ח
ה;ד;ח;י;נ;נ;ע;ד;ו;ה;ת;א;ל;א;מ;ל;ח;ן;ה;י
י;ח;ש;ו;ה;ב;ד;כ;ה;ל;מ;ו;ן;ו;כ;ת;ד;א;י;ה
ד;ע;י;מ;ד;ק;ר;מ;א;מ;ל;ן;ו;ת;נ;מ;ז;ה;ה;ת
מ;א;א;מ;ל;ח;ן;ה;ל;א;נ;ת;ש;י;א;נ;ד;ע;י;ד
נ;ו;ח;ה;ת;ה;ר;ש;פ;י;ד;ע;ד;נ;א;ו;י;ל;ו;ר
מ;א;ו;א;כ;ל;מ;ם;ד;ק;א;י;ד;ש;כ;ו;נ;ע;י;נ
ד;א;ת;ש;ב;י;ל;ע;ש;נ;א;י;ת;י;א;א;ל;ן;י;ר
ל;כ;ה;י;ו;ח;ה;ל;ל;כ;ו;י;א;כ;ל;מ;ת;ל;מ;י
ה;ל;מ;ט;י;ל;ש;ו;ב;ר;ך;ל;מ;ל;כ;י;ד;ל;ב;ק
ף;ש;א;ו;ם;ט;ר;ח;ל;כ;ל;ל;א;ש;א;ל;ה;נ;ד;כ
י;ל;א;ש;ה;כ;ל;מ;י;ד;א;ת;ל;מ;ו;י;ד;ש;כ;ו
ו;ח;י;י;ד;י;ת;י;א;א;ל;ן;ר;ח;א;ו;ה;ר;י;ק
מ;י;ד;ן;י;ה;ל;א;ן;ה;ל;א;כ;ל;מ;ם;ד;ק;ה;נ
כ;י;ה;ו;ת;י;א;א;ל;א;ר;ש;ב;ם;ע;ן;ו;ה;ר;ד
ג;ש;ף;צ;ק;ו;ס;נ;ב;א;כ;ל;מ;ה;נ;ד;ל;ב;ק;ל
י;מ;י;כ;ח;ל;כ;ל;ה;ד;ב;ו;ה;ל;ר;מ;א;ו;א;י
ת;מ;א;י;מ;י;כ;ח;ו;ת;ק;פ;נ;א;ת;ד;ו;ל;ב;ב
ה;ו;ר;ב;ח;ו;ל;א;י;נ;ד;ו;ע;ב;ו;ן;י;ל;ט;ק
ת;ה;ל;א;י;נ;ד;ן;י;ד;א;ב;ה;ל;ט;ק;ת;ה;ל;י
ח;ב;ט;ב;ר;ך;ו;י;ר;א;ל;ם;ע;ט;ו;א;ט;ע;ב;י
ח;ל;ה;ל;ט;ק;ל;ק;פ;נ;י;ד;א;כ;ל;מ;י;ד;א;י
ך;ו;י;ר;א;ל;ר;מ;א;ו;ה;נ;ע;ל;ב;ב;י;מ;י;כ
ה;מ;א;ת;ד;ה;מ;ל;ע;א;כ;ל;מ;י;ד;א;ט;י;ל;ש
ת;ל;מ;ן;י;ד;א;א;כ;ל;מ;ם;ד;ק;ן;מ;ה;פ;צ;ח
י;נ;ד;ו;ל;א;י;נ;ד;ל;ך;ו;י;ר;א;ע;ד;ו;ה;א
י;ן;מ;ז;י;ד;א;כ;ל;מ;ן;מ;ה;ע;ב;ו;ל;ע;ל;א
כ;ל;מ;ל;ה;י;ו;ח;ה;ל;א;ר;ש;פ;ו;ה;ל;ן;ת;נ
ל;ו;ל;ז;א;ה;ת;י;ב;ל;ל;א;י;נ;ד;ן;י;ד;א;א
ו;ר;ב;ח;ה;י;ר;ז;ע;ו;ל;א;ש;י;מ;ה;י;נ;נ;ח
ע;ב;מ;ל;ן;י;מ;ח;ר;ו;ע;ד;ו;ה;א;ת;ל;מ;י;ה
נ;ד;ה;ז;ר;ל;ע;א;י;מ;ש;ה;ל;א;ם;ד;ק;ן;מ;א
ר;ב;ח;ו;ל;א;י;נ;ד;ן;ו;ד;ב;ה;י;א;ל;י;ד;ה
ן;י;ד;א;ל;ב;ב;י;מ;י;כ;ח;ר;א;ש;ם;ע;י;ה;ו
ז;ר;א;י;ל;י;ל;י;ד;א;ו;ז;ח;ב;ל;א;י;נ;ד;ל
ה;ל;א;ל;ך;ר;ב;ל;א;י;נ;ד;ן;י;ד;א;י;ל;ג;ה
א;ו;ה;ל;ר;מ;א;ו;ל;א;י;נ;ד;ה;נ;ע;א;י;מ;ש
ו;א;מ;ל;ע;ן;מ;ך;ר;ב;מ;א;ה;ל;א;י;ד;ה;מ;ש
א;ת;ר;ו;ב;ג;ו;א;ת;מ;כ;ח;י;ד;א;מ;ל;ע;ד;ע
י;נ;ד;ע;א;נ;ש;ה;מ;א;ו;ה;ו;א;י;ה;ה;ל;י;ד
ה;מ;ו;ן;י;כ;ל;מ;ה;ד;ע;ה;מ;א;י;נ;מ;ז;ו;א
י;כ;ח;ל;א;ת;מ;כ;ח;ב;ה;י;ן;י;כ;ל;מ;ם;י;ק
ו;ה;ה;נ;י;ב;י;ע;ד;י;ל;א;ע;ד;נ;מ;ו;ן;י;מ
ע;ד;י;א;ת;ר;ת;ס;מ;ו;א;ת;ק;י;מ;ע;א;ל;ג;א
א;ר;ש;ה;מ;ע;א;ר;י;ה;נ;ו;א;כ;ו;ש;ח;ב;ה;מ
ח;ב;ש;מ;ו;א;ד;ו;ה;מ;י;ת;ה;ב;א;ה;ל;א;ך;ל
ב;ה;י;א;ת;ר;ו;ב;ג;ו;א;ת;מ;כ;ח;י;ד;ה;נ;א
נ;י;ע;ב;י;ד;י;נ;ת;ע;ד;ו;ה;ן;ע;כ;ו;י;ל;ת
א;נ;ת;ע;ד;ו;ה;א;כ;ל;מ;ת;ל;מ;י;ד;ך;נ;מ;א
י;ר;א;ל;ע;ל;ע;ל;א;י;נ;ד;ה;נ;ד;ל;ב;ק;ל;כ
כ;ח;ל;ה;ד;ב;ו;ה;ל;א;כ;ל;מ;י;נ;מ;י;ד;ך;ו
כ;ח;ל;ה;ל;ר;מ;א;ן;כ;ו;ל;ז;א;ל;ב;ב;י;מ;י
ד;ק;י;נ;ל;ע;ה;ד;ב;ו;ה;ת;ל;א;ל;ב;ב;י;מ;י
א;א;ו;ח;א;א;כ;ל;מ;ל;א;ר;ש;פ;ו;א;כ;ל;מ;ם
ל;ל;ע;נ;ה;ה;ל;ה;ב;ת;ה;ב;ך;ו;י;ר;א;ן;י;ד
ה;ל;ר;מ;א;ן;כ;ו;א;כ;ל;מ;ם;ד;ק;ל;א;י;נ;ד
א;ת;ו;ל;ג;י;נ;ב;ן;מ;ר;ב;ג;ת;ח;כ;ש;ה;י;ד
ו;ה;י;א;כ;ל;מ;ל;א;ר;ש;פ;י;ד;ד;ו;ה;י;י;ד
ד;ל;א;י;נ;ד;ל;ר;מ;א;ו;א;כ;ל;מ;ה;נ;ע;ע;ד
ל;ה;כ;ך;י;ת;י;א;ה;ר;צ;א;ש;ט;ל;ב;ה;מ;ש;י
פ;ו;ת;י;ז;ח;י;ד;א;מ;ל;ח;י;נ;ת;ע;ד;ו;ה;ל
א;ו;א;כ;ל;מ;ם;ד;ק;ל;א;י;נ;ד;ה;נ;ע;ה;ר;ש
מ;י;כ;ח;א;ל;ל;א;ש;א;כ;ל;מ;י;ד;ה;ז;ר;ר;מ
כ;י;ן;י;ר;ז;ג;ן;י;מ;ט;ר;ח;ן;י;פ;ש;א;ן;י
ת;י;א;ם;ר;ב;א;כ;ל;מ;ל;ה;י;ו;ח;ה;ל;ן;י;ל
ד;ו;ה;ו;ן;י;ז;ר;א;ל;ג;א;י;מ;ש;ב;ה;ל;א;י
ה;ל;י;ד;ה;מ;ר;צ;נ;ד;כ;ו;ב;נ;א;כ;ל;מ;ל;ע
ז;ח;ו;ך;מ;ל;ח;א;י;מ;ו;י;ת;י;ר;ח;א;ב;א;ו
א;א;ו;ה;ה;נ;ד;ך;ב;כ;ש;מ;ל;ע;ך;ש;א;ר;י;ו
ך;ב;כ;ש;מ;ל;ע;ך;נ;ו;י;ע;ר;א;כ;ל;מ;ה;ת;נ
ו;ה;נ;ד;י;ר;ח;א;א;ו;ה;ל;י;ד;ה;מ;ו;ק;ל;ס
א;ו;ה;ל;י;ד;ה;מ;ך;ע;ד;ו;ה;א;י;ז;ר;א;ל;ג
מ;י;ב;י;ת;י;א;י;ד;ה;מ;כ;ח;ב;א;ל;ה;נ;א;ו
ה;ל;י;ל;י;ל;ג;ה;נ;ד;א;ז;ר;א;י;י;ח;ל;כ;ן
ה;י;א;כ;ל;מ;ל;א;ר;ש;פ;י;ד;ת;ר;ב;ד;ל;ע;ן
ע;ד;נ;ת;ך;ב;ב;ל;י;נ;ו;י;ע;ר;ו;ן;ו;ע;ד;ו
צ;ו;ל;א;ו;ת;י;ו;ה;ה;ז;ח;א;כ;ל;מ;ה;ת;נ;א
י;ז;ו;ב;ר;ן;כ;ד;א;מ;ל;צ;א;י;ג;ש;ד;ח;ם;ל
ח;ד;ה;ו;ר;ו;ך;ל;ב;ק;ל;ם;א;ק;ר;י;ת;י;ה;ו
ב;ט;ב;ה;ד;י;ד;ה;ש;א;ר;א;מ;ל;צ;א;ו;ה;ל;י
ו;ע;מ;ף;ס;כ;י;ד;י;ה;ו;ע;ר;ד;ו;י;ה;ו;ד;ח
י;ד;י;ה;ו;ק;ש;ש;ח;נ;י;ד;ה;ת;כ;ר;י;ו;י;ה
ז;ר;פ;י;ד;ן;ו;ה;נ;מ;י;ה;ו;ל;ג;ר;ל;ז;ר;פ
ע;ת;י;ו;ה;ה;ז;ח;ף;ס;ח;י;ד;ן;ו;ה;נ;מ;ו;ל
י;ד;י;ב;א;ל;י;ד;ן;ב;א;ת;ר;ז;ג;ת;ה;י;ד;ד
י;ד;י;ה;ו;ל;ג;ר;ל;ע;א;מ;ל;צ;ל;ת;ח;מ;ו;ן
ב;ן;ו;מ;ה;ת;ק;ד;ה;ו;א;פ;ס;ח;ו;א;ל;ז;ר;פ
א;פ;ס;ח;א;ל;ז;ר;פ;ה;ד;ח;כ;ו;ק;ד;ן;י;ד;א
ו;ע;כ;ו;ו;ה;ו;א;ב;ה;ד;ו;א;פ;ס;כ;א;ש;ח;נ
ו;ר;ן;ו;מ;ה;א;ש;נ;ו;ט;י;ק;י;ר;ד;א;ן;מ;ר
ו;ן;ו;ה;ל;ח;כ;ת;ש;ה;א;ל;ר;ת;א;ל;כ;ו;א;ח
ו;ט;ל;ת;ו;ה;א;מ;ל;צ;ל;ת;ח;מ;י;ד;א;נ;ב;א
א;מ;ל;ח;ה;נ;ד;א;ע;ר;א;ל;כ;ת;ל;מ;ו;ב;ר;ר
ה;ת;נ;א;א;כ;ל;מ;ם;ד;ק;ר;מ;א;נ;ה;ר;ש;פ;ו
י;מ;ש;ה;ל;א;י;ד;א;י;כ;ל;מ;ך;ל;מ;א;כ;ל;מ
ר;ק;י;ו;א;פ;ק;ת;ו;א;נ;ס;ח;א;ת;ו;כ;ל;מ;א
י;נ;ב;ן;י;ר;א;ד;י;ד;ל;כ;ב;ו;ך;ל;ב;ה;י;א
י;א;י;מ;ש;ף;ו;ע;ו;א;ר;ב;ת;ו;י;ח;א;ש;נ;א
נ;א;ן;ו;ה;ל;כ;ב;ך;ט;ל;ש;ה;ו;ך;ד;י;ב;ב;ה
ך;ר;ת;ב;ו;א;ב;ה;ד;י;ד;ה;ש;א;ר;א;ו;ה;ה;ת
ו;ך;נ;מ;א;ע;ר;א;י;ר;ח;א;ו;כ;ל;מ;ם;ו;ק;ת
א;ש;ח;נ;י;ד;י;ר;ח;א;א;י;ת;י;ל;ת;ו;כ;ל;מ
ב;ר;ו;כ;ל;מ;ו;א;ע;ר;א;ל;כ;ב;ט;ל;ש;ת;י;ד
כ;א;ל;ז;ר;פ;כ;ה;פ;י;ק;ת;א;ו;ה;ת;ה;י;ע;י
כ;ל;ש;ח;ו;ק;ד;ה;מ;א;ל;ז;ר;פ;י;ד;ל;ב;ק;ל
י;ל;א;ל;כ;ע;ע;ר;מ;י;ד;א;ל;ז;ר;פ;כ;ו;א;ל
י;ל;ג;ר;ה;ת;י;ז;ח;י;ד;ו;ע;ר;ת;ו;ק;ד;ת;ן
ח;פ;י;ד;ף;ס;ח;ן;ו;ה;נ;מ;א;ת;ע;ב;צ;א;ו;א
ה;ג;י;ל;פ;ו;כ;ל;מ;ל;ז;ר;פ;ן;ו;ה;נ;מ;ו;ר
ל;א;ל;ז;ר;פ;י;ד;א;ת;ב;צ;נ;ן;מ;ו;ה;ו;ה;ת
ז;ר;פ;ה;ת;י;ז;ח;י;ד;ל;ב;ק;ל;כ;ה;ב;א;ו;ה
ת;ע;ב;צ;א;ו;א;נ;י;ט;ף;ס;ח;ב;ב;ר;ע;מ;א;ל
ן;ו;ה;נ;מ;ו;ל;ז;ר;פ;ן;ו;ה;נ;מ;א;י;ל;ג;ר
ק;ת;ה;ו;ה;ת;א;ת;ו;כ;ל;מ;ת;צ;ק;ן;מ;ף;ס;ח
ז;ח;י;ד;ה;ר;י;ב;ת;ה;ו;ה;ת;ה;נ;מ;ו;ה;פ;י
מ;א;נ;י;ט;ף;ס;ח;ב;ב;ר;ע;מ;א;ל;ז;ר;פ;ת;י
ל;ו;א;ש;נ;א;ע;ר;ז;ב;ן;ו;ה;ל;ן;י;ב;ר;ע;ת
א;ה;ה;נ;ד;ם;ע;ה;נ;ד;ן;י;ק;ב;ד;ן;ו;ה;ל;א
פ;ס;ח;ם;ע;ב;ר;ע;ת;מ;א;ל;א;ל;ז;ר;פ;י;ד;כ
ו;נ;א;א;י;כ;ל;מ;י;ד;ן;ו;ה;י;מ;ו;י;ב;ו;א
ע;ל;י;ד;ו;כ;ל;מ;א;י;מ;ש;ה;ל;א;ם;י;ק;י;ן
ע;ל;ה;ת;ו;כ;ל;מ;ו;ל;ב;ח;ת;ת;א;ל;ן;י;מ;ל
ף;י;ס;ת;ו;ק;ד;ת;ק;ב;ת;ש;ת;א;ל;ן;ר;ח;א;ם
ם;ו;ק;ת;א;י;ה;ו;א;ת;ו;כ;ל;מ;ן;י;ל;א;ל;כ
מ;י;ד;ת;י;ז;ח;י;ד;ל;ב;ק;ל;כ;א;י;מ;ל;ע;ל
ד;י;ב;א;ל;י;ד;ן;ב;א;ת;ר;ז;ג;ת;א;א;ר;ו;ט
א;פ;ס;ח;א;ש;ח;נ;א;ל;ז;ר;פ;ת;ק;ד;ה;ו;ן;י
מ;ל;ע;ד;ו;ה;ב;ר;ה;ל;א;א;ב;ה;ד;ו;א;פ;ס;כ
י;ו;ה;נ;ד;י;ר;ח;א;א;ו;ה;ל;י;ד;ה;מ;א;כ;ל
ד;א;ב;ה;ר;ש;פ;ן;מ;י;ה;מ;ו;א;מ;ל;ח;ב;י;צ
א;ל;ע;ל;פ;נ;ר;צ;נ;ד;כ;ו;ב;נ;א;כ;ל;מ;ן;י
ה;ח;נ;מ;ו;ד;ג;ס;ל;א;י;נ;ד;ל;ו;י;ה;ו;פ;נ
ה;נ;ע;ה;ל;ה;כ;ס;נ;ל;ר;מ;א;ן;י;ח;ח;י;נ;ו
ד;ט;ש;ק;ן;מ;ר;מ;א;ו;ל;א;י;נ;ד;ל;א;כ;ל;מ
מ;ו;ן;י;ה;ל;א;ה;ל;א;א;ו;ה;ן;ו;כ;ה;ל;א;י
ל;כ;י;י;ד;ן;י;ז;ר;ה;ל;ג;ו;ן;י;כ;ל;מ;א;ר
א;כ;ל;מ;ן;י;ד;א;ה;נ;ד;ה;ז;ר;א;ל;ג;מ;ל;ת
ש;ן;ב;ר;ב;ר;ן;נ;ת;מ;ו;י;ב;ר;ל;א;י;נ;ד;ל
מ;ל;כ;ל;ע;ה;ט;ל;ש;ה;ו;ה;ל;ב;ה;י;ן;א;י;ג
ח;ל;כ;ל;ע;ן;י;נ;ג;ס;ב;ר;ו;ל;ב;ב;ת;נ;י;ד
ל;מ;ן;מ;א;ע;ב;ל;א;י;נ;ד;ו;ל;ב;ב;י;מ;י;כ
נ;י;ד;מ;י;ד;א;ת;ד;י;ב;ע;ל;ע;י;נ;מ;ו;א;כ
ו;ג;נ;ד;ב;ע;ו;ך;ש;י;מ;ך;ר;ד;ש;ל;ל;ב;ב;ת
נ;ד;כ;ו;ב;נ;א;כ;ל;מ;ע;ר;ת;ב;ל;א;י;נ;ד;ו
מ;ו;ר;ב;ה;ד;י;ד;ם;ל;צ;ד;ב;ע;א;כ;ל;מ;ר;צ
א;ת;ש;ן;י;מ;א;ה;י;ת;פ;ן;י;ת;ש;ן;י;מ;א;ה
ב;ת;נ;י;ד;מ;ב;א;ר;ו;ד;ת;ע;ק;ב;ב;ה;מ;י;ק
מ;ל;ח;ל;ש;א;כ;ל;מ;ר;צ;נ;ד;כ;ו;ב;נ;ו;ל;ב
פ;ו;א;י;נ;ג;ס;א;י;נ;פ;ר;ד;ש;ח;א;ל;ש;נ;כ
ת;ד;א;י;ר;ב;ד;ג;א;י;ר;ז;ג;ר;ד;א;א;ת;ו;ח
י;ד;מ;י;נ;ט;ל;ש;ל;כ;ו;א;י;ת;פ;ת;א;י;ר;ב
ק;ה;י;ד;א;מ;ל;צ;ת;כ;נ;ח;ל;א;ת;מ;ל;א;ת;נ
מ;ן;י;ד;א;ב;א;כ;ל;מ;ר;צ;נ;ד;כ;ו;ב;נ;ם;י
א;י;נ;ג;ס;א;י;נ;פ;ר;ד;ש;ח;א;ן;י;ש;נ;כ;ת
א;י;ר;ב;ד;ג;א;י;ר;ז;ג;ר;ד;א;א;ת;ו;ח;פ;ו
מ;י;נ;ט;ל;ש;ל;כ;ו;א;י;ת;פ;ת;א;י;ר;ב;ת;ד
ם;י;ק;ה;י;ד;א;מ;ל;צ;ת;כ;נ;ח;ל;א;ת;נ;י;ד
ק;ל;ן;י;מ;א;ק;ו;א;כ;ל;מ;ר;צ;נ;ד;כ;ו;ב;נ
ר;צ;נ;ד;כ;ו;ב;נ;ם;י;ק;ה;י;ד;א;מ;ל;צ;ל;ב
ר;מ;א;ן;ו;כ;ל;ל;י;ח;ב;א;ר;ק;א;ז;ו;ר;כ;ו
ד;ע;ב;א;י;נ;ש;ל;ו;א;י;מ;א;א;י;מ;מ;ע;ן;י
ו;ר;ש;מ;א;נ;ר;ק;ל;ק;ן;ו;ע;מ;ש;ת;י;ד;א;נ
י;ר;ת;נ;ס;פ;א;כ;ב;ס;ס;ו;ר;ת;י;ק;א;ת;י;ק
פ;ת;א;ר;מ;ז;י;נ;ז;ל;כ;ו;ה;י;נ;פ;מ;ו;ס;ן
י;ד;א;ב;ה;ד;ם;ל;צ;ל;ן;ו;ד;ג;ס;ת;ו;ן;ו;ל
ד;ן;מ;ו;א;כ;ל;מ;ר;צ;נ;ד;כ;ו;ב;נ;ם;י;ק;ה
ר;ת;י;א;ת;ע;ש;ה;ב;ד;ג;ס;י;ו;ל;פ;י;א;ל;י
כ;א;ת;ד;ק;י;א;ר;ו;נ;ן;ו;ת;א;א;ו;ג;ל;א;מ
י;ע;מ;ש;י;ד;כ;א;נ;מ;ז;ה;ב;ה;נ;ד;ל;ב;ק;ל
י;ק;ו;ר;ש;מ;א;נ;ר;ק;ל;ק;א;י;מ;מ;ע;ל;כ;ן
כ;ו;ן;י;ר;ט;נ;ס;פ;א;כ;ב;ש;ס;ר;ת;י;ק;א;ת
א;י;מ;מ;ע;ל;כ;ן;י;ל;פ;נ;א;ר;מ;ז;י;נ;ז;ל
ד;ם;ל;צ;ל;ן;י;ד;ג;ס;א;י;נ;ש;ל;ו;א;י;מ;א
כ;ל;מ;ר;צ;נ;ד;כ;ו;ב;נ;ם;י;ק;ה;י;ד;א;ב;ה
ג;ו;ב;ר;ק;א;נ;מ;ז;ה;ב;ה;נ;ד;ל;ב;ק;ל;כ;א
ה;י;צ;ר;ק;ו;ל;כ;א;ו;ן;י;א;ד;ש;כ;ן;י;ר;ב
ל;ן;י;ר;מ;א;ו;ו;נ;ע;א;י;ד;ו;ה;י;י;ד;ן;ו
מ;ל;ע;ל;א;כ;ל;מ;א;כ;ל;מ;ר;צ;נ;ד;כ;ו;ב;נ
ד;ם;ע;ט;ת;מ;ש;א;כ;ל;מ;ה;ת;נ;א;י;י;ח;ן;י
ש;מ;א;נ;ר;ק;ל;ק;ע;מ;ש;י;י;ד;ש;נ;א;ל;כ;י
י;ר;ת;נ;ס;פ;א;כ;ב;ש;ס;ר;ת;י;ק;א;ת;י;ק;ר
פ;י;א;ר;מ;ז;י;נ;ז;ל;כ;ו;ה;י;נ;פ;י;ס;ו;ן
ל;י;ד;ן;מ;ו;א;ב;ה;ד;ם;ל;צ;ל;ד;ג;ס;י;ו;ל
ת;א;א;ו;ג;ל;א;מ;ר;ת;י;ד;ג;ס;י;ו;ל;פ;י;א
ן;י;ר;ב;ג;י;ת;י;א;א;ת;ד;ק;י;א;ר;ו;נ;ן;ו
ל;ע;ן;ו;ה;ת;י;ת;י;נ;מ;י;ד;ן;י;א;ד;ו;ה;י
ש;י;מ;ך;ר;ד;ש;ל;ב;ב;ת;נ;י;ד;מ;ת;ד;י;ב;ע
מ;ש;א;ל;ך;ל;א;א;י;ר;ב;ג;ו;ג;נ;ד;ב;ע;ו;ך
א;ל;ך;י;ה;ל;א;ל;ם;ע;ט;א;כ;ל;מ;ך;י;ל;ע;ו
מ;י;ק;ה;י;ד;א;ב;ה;ד;ם;ל;צ;ל;ו;ן;י;ח;ל;פ
צ;נ;ד;כ;ו;ב;נ;ן;י;ד;א;ב;ן;י;ד;ג;ס;א;ל;ת
ש;ל;ה;י;ת;י;ה;ל;ר;מ;א;ה;מ;ח;ו;ז;ג;ר;ב;ר
ג;ן;י;ד;א;ב;ו;ג;נ;ד;ב;ע;ו;ך;ש;י;מ;ך;ר;ד
ע;א;כ;ל;מ;ם;ד;ק;ו;י;ת;י;ה;ך;ל;א;א;י;ר;ב
ד;צ;ה;ן;ו;ה;ל;ר;מ;א;ו;ר;צ;נ;ד;כ;ב;נ;ה;נ
ה;ל;א;ל;ו;ג;נ;ד;ב;ע;ו;ך;ש;י;מ;ך;ר;ד;ש;א
ם;ל;צ;ל;ו;ן;י;ח;ל;פ;ן;ו;כ;י;ת;י;א;א;ל;י
ע;כ;ן;י;ד;ג;ס;א;ל;ת;מ;י;ק;ה;י;ד;א;ב;ה;ד
ע;ב;י;ד;ן;י;ד;י;ת;ע;ן;ו;כ;י;ת;י;א;ן;ה;ן
ר;ש;מ;א;נ;ר;ק;ל;ק;ן;ו;ע;מ;ש;ת;י;ד;א;נ;ד
י;ר;ת;נ;ס;פ;א;כ;ב;ש;ס;ר;ת;י;ק;א;ת;י;ק;ו
ת;א;ר;מ;ז;י;נ;ז;ל;כ;ו;ה;י;נ;פ;מ;ו;ס;ו;ן
ב;ע;י;ד;א;מ;ל;צ;ל;ן;ו;ד;ג;ס;ת;ו;ן;ו;ל;פ
ת;ה;ת;ע;ש;ה;ב;ן;ו;ד;ג;ס;ת;א;ל;ן;ה;ו;ת;ד
ד;ק;י;א;ר;ו;נ;ן;ו;ת;א;א;ו;ג;ל;ן;ו;מ;ר;ת
כ;נ;ב;ז;י;ש;י;י;ד;ה;ל;א;א;ו;ה;ן;מ;ו;א;ת
ע;ו;ך;ש;י;מ;ך;ר;ד;ש;ו;נ;ע;י;ד;י;ן;מ;ן;ו
כ;ו;ב;נ;א;כ;ל;מ;ל;ן;י;ר;מ;א;ו;ו;ג;נ;ד;ב
נ;ד;ל;ע;ה;נ;ח;נ;א;ן;י;ח;ש;ח;א;ל;ר;צ;נ;ד
ל;א;י;ת;י;א;ן;ה;ך;ת;ו;ב;ת;ה;ל;ם;ג;ת;פ;ה
ש;ל;ל;כ;י;ן;י;ח;ל;פ;א;נ;ח;נ;א;י;ד;א;נ;ה
ד;ק;י;א;ר;ו;נ;ן;ו;ת;א;ן;מ;א;נ;ת;ו;ב;ז;י
ן;ה;ו;ב;ז;י;ש;י;א;כ;ל;מ;ך;ד;י;ן;מ;ו;א;ת
א;ל;י;ד;א;כ;ל;מ;ך;ל;א;ו;ה;ל;ע;י;ד;י;א;ל
צ;ל;ו;ן;י;ח;ל;פ;א;נ;י;ת;י;א;א;ל;ך;י;ה;ל
ב;ד;ג;ס;נ;א;ל;ת;מ;י;ק;ה;י;ד;א;ב;ה;ד;ם;ל
א;מ;ח;י;ל;מ;ת;ה;ר;צ;נ;ד;כ;ו;ב;נ;ן;י;ד;א
ר;ד;ש;ל;ע;ו;נ;ת;ש;א;י;ה;ו;פ;נ;א;ם;ל;צ;ו
ל;ר;מ;א;ו;ה;נ;ע;ו;ג;נ;ד;ב;ע;ו;ך;ש;י;מ;ך
ח;י;ד;ל;ע;ה;ע;ב;ש;ד;ח;א;נ;ו;ת;א;ל;א;ז;מ
י;ח;י;ר;ב;ג;ן;י;ר;ב;ג;ל;ו;ה;י;ז;מ;ל;ה;ז
ר;ד;ש;ל;ה;ת;פ;כ;ל;ר;מ;א;ה;ל;י;ח;ב;י;ד;ל
ת;א;ל;א;מ;ר;מ;ל;ו;ג;נ;ד;ב;ע;ו;ך;ש;י;מ;ך
י;ר;ב;ג;ן;י;ד;א;ב;א;ת;ד;ק;י;א;ר;ו;נ;ן;ו
י;ט;פ;ן;ו;ה;י;ל;ב;ר;ס;ב;ו;ת;פ;כ;ך;ל;א;א
ה;י;ש;ב;ל;ו;ן;ו;ה;ת;ל;ב;ר;כ;ו;ן;ו;ה;י;ש
י;א;ר;ו;נ;ן;ו;ת;א;א;ו;ג;ל;ו;י;מ;ר;ו;ן;ו
מ;ת;ל;מ;י;ד;ן;מ;ה;נ;ד;ל;ב;ק;ל;כ;א;ת;ד;ק
י;ת;י;ה;ז;א;א;נ;ו;ת;א;ו;ה;פ;צ;ח;מ;א;כ;ל
ר;ד;ש;ל;ו;ק;ס;ה;י;ד;ך;ל;א;א;י;ר;ב;ג;א;ר
ש;ן;ו;מ;ה;ל;ט;ק;ו;ג;נ;ד;ב;ע;ו;ך;ש;י;מ;ך
ת;ך;ל;א;א;י;ר;ב;ג;ו;א;ר;ו;נ;י;ד;א;ב;י;ב
ו;ג;נ;ד;ב;ע;ו;ך;ש;י;מ;ך;ר;ד;ש;ן;ו;ה;ת;ל
ת;ד;ק;י;א;ר;ו;נ;ן;ו;ת;א;א;ו;ג;ל;ו;ל;פ;נ
מ;ר;צ;נ;ד;כ;ו;ב;נ;ן;י;ד;א;ן;י;ת;פ;כ;מ;א
ו;ה;נ;ע;ה;ל;ה;ב;ת;ה;ב;ם;ק;ו;ה;ו;ת;א;כ;ל
ת;ן;י;ר;ב;ג;א;ל;ה;י;ה;ו;ר;ב;ד;ה;ל;ר;מ;א
ת;פ;כ;מ;א;ר;ו;נ;א;ו;ג;ל;א;נ;י;מ;ר;א;ת;ל
י;צ;י;א;כ;ל;מ;ל;ן;י;ר;מ;א;ו;ן;י;נ;ע;ן;י
ז;ח;ה;נ;א;א;ה;ר;מ;א;ו;ה;נ;ע;א;כ;ל;מ;א;ב
י;כ;ל;ה;מ;ן;י;ר;ש;ה;ע;ב;ר;א;ן;י;ר;ב;ג;ה
ב;י;ת;י;א;א;ל;ל;ב;ח;ו;א;ר;ו;נ;א;ו;ג;ב;ן
ב;ל;ה;מ;ד;א;י;ע;י;ב;ר;י;ד;ה;ו;ר;ו;ן;ו;ה
נ;ד;כ;ו;ב;נ;ב;ר;ק;ן;י;ד;א;ב;ן;י;ה;ל;א;ר
ע;א;ת;ד;ק;י;א;ר;ו;נ;ן;ו;ת;א;ע;ר;ת;ל;ר;צ
ג;נ;ד;ב;ע;ו;ך;ש;י;מ;ך;ר;ד;ש;ר;מ;א;ו;ה;נ
ו;ק;פ;א;י;ל;ע;א;ה;ל;א;י;ד;י;ה;ו;ד;ב;ע;ו
י;מ;ך;ר;ד;ש;ן;י;ק;פ;נ;ן;י;ד;א;ב;ו;ת;א;ו
מ;ו;א;ר;ו;נ;א;ו;ג;ן;מ;ו;ג;נ;ד;ב;ע;ו;ך;ש
א;י;נ;ג;ס;א;י;נ;פ;ר;ד;ש;ח;א;ן;י;ש;נ;כ;ת
ן;י;ז;ח;א;כ;ל;מ;י;ר;ב;ד;ה;ו;א;ת;ו;ח;פ;ו
א;ר;ו;נ;ט;ל;ש;א;ל;י;ד;ך;ל;א;א;י;ר;ב;ג;ל
ה;א;ל;ן;ו;ה;ש;א;ר;ר;ע;ש;ו;ן;ו;ה;מ;ש;ג;ב
ר;ו;ו;נ;ש;א;ל;ן;ו;ה;י;ל;ב;ר;ס;ו;ך;ר;ח;ת
ו;ב;נ;ה;נ;ע;ן;ו;ה;ב;ת;ד;ע;א;ל;ר;ו;נ;ח;י
ד;ן;ו;ה;ה;ל;א;ך;י;ר;ב;ר;מ;א;ו;ר;צ;נ;ד;כ
ל;ש;י;ד;ו;ג;נ;ד;ב;ע;ו;ך;ש;י;מ;ך;ר;ד;ש;י
י;ד;י;ה;ו;ד;ב;ע;ל;ב;ז;י;ש;ו;ה;כ;א;ל;מ;ח
ש;א;כ;ל;מ;ת;ל;מ;ו;י;ה;ו;ל;ע;ו;צ;ח;ר;ת;ה
י;א;ל;י;ד;ן;ו;ה;י;מ;ש;ג;ו;ב;ה;י;ו;ו;י;נ
ה;ל;א;ל;כ;ל;ן;ו;ד;ג;ס;י;א;ל;ו;ן;ו;ח;ל;פ
ם;ע;ט;ם;י;ש;י;נ;מ;ו;ן;ו;ה;ה;ל;א;ל;ן;ה;ל
ש;ר;מ;א;י;י;ד;ן;ש;ל;ו;ה;מ;א;ם;ע;ל;כ;י;ד
ך;ש;י;מ;ך;ר;ד;ש;י;ד;ן;ו;ה;ה;ל;א;ל;ע;ה;ל
ב;ו;ד;ב;ע;ת;י;ן;י;מ;ד;ה;א;ו;ג;נ;ד;ב;ע;ו
ל;י;ד;ל;ב;ק;ל;כ;ה;ו;ת;ש;י;י;ל;ו;נ;ה;ת;י
צ;ה;ל;ל;כ;י;י;ד;ן;ר;ח;א;ה;ל;א;י;ת;י;א;א
ל;ח;ל;צ;ה;א;כ;ל;מ;ן;י;ד;א;ב;ה;נ;ד;כ;ה;ל
נ;י;ד;מ;ב;ו;ג;נ;ד;ב;ע;ו;ך;ש;י;מ;ך;ר;ד;ש
ע;ל;כ;ל;א;כ;ל;מ;ר;צ;נ;ד;כ;ו;ב;נ;ל;ב;ב;ת
י;ר;א;ד;י;ד;א;י;נ;ש;ל;ו;א;י;מ;א;א;י;מ;מ
ת;א;א;ג;ש;י;ן;ו;כ;מ;ל;ש;א;ע;ר;א;ל;כ;ב;ן
א;ה;ל;א;י;מ;ע;ד;ב;ע;י;ד;א;י;ה;מ;ת;ו;א;י
ו;ת;א;ה;י;ו;ח;ה;ל;י;מ;ד;ק;ר;פ;ש;א;י;ל;ע
מ;כ;י;ה;ו;ה;מ;ת;ו;ן;י;ב;ר;ב;ר;ה;מ;כ;י;ה
ל;ע;ת;ו;כ;ל;מ;ה;ת;ו;כ;ל;מ;ן;י;פ;י;ק;ת;ה
ו;ב;נ;ה;נ;א;ר;ד;ו;ר;ד;ם;ע;ה;נ;ט;ל;ש;ו;ם
ע;ר;ו;י;ת;י;ב;ב;ת;י;ו;ה;ה;ל;ש;ר;צ;נ;ד;כ
ל;ח;ד;י;ו;ת;י;ז;ח;ם;ל;ח;י;ל;כ;י;ה;ב;ן;נ
ז;ח;ו;י;ב;כ;ש;מ;ל;ע;ן;י;ר;ה;ר;ה;ו;י;נ;נ
ם;י;ש;י;נ;מ;ו;י;נ;נ;ל;ה;ב;י;י;ש;א;ר;י;ו
מ;י;כ;ח;ל;כ;ל;י;מ;ד;ק;ה;ל;ע;נ;ה;ל;ם;ע;ט
נ;נ;ע;ד;ו;ה;י;א;מ;ל;ח;ר;ש;פ;י;ד;ל;ב;ב;י
פ;ש;א;א;י;מ;ט;ר;ח;ן;י;ל;ל;ע;ן;י;ד;א;ב;י
מ;א;א;מ;ל;ח;ו;א;י;ר;ז;ג;ו;א;י;ד;ש;כ;א;י
ה;מ;א;ל;ה;ר;ש;פ;ו;ן;ו;ה;י;מ;ד;ק;ה;נ;א;ר
מ;ד;ק;ל;ע;ן;י;ר;ח;א;ד;ע;ו;י;ל;ן;י;ע;ד;ו
ש;כ;ר;צ;א;ש;ט;ל;ב;ה;מ;ש;י;ד;ל;א;י;נ;ד;י
ש;י;ד;ק;ן;י;ה;ל;א;ח;ו;ר;י;ד;ו;י;ה;ל;א;ם
ב;ת;ר;מ;א;י;ה;ו;מ;ד;ק;א;מ;ל;ח;ו;ה;ב;ן;י
י;ה;נ;א;י;ד;א;י;מ;ט;ר;ח;ב;ר;ר;צ;א;ש;ט;ל
ב;ן;י;ש;י;ד;ק;ן;י;ה;ל;א;ח;ו;ר;י;ד;ת;ע;ד
מ;ל;ח;י;ו;ז;ח;ך;ל;ס;נ;א;א;ל;ז;ר;ל;כ;ו;ך
י;ו;ז;ח;ו;ר;מ;א;ה;ר;ש;פ;ו;ת;י;ז;ח;י;ד;י
א;ו;ת;י;ו;ה;ה;ז;ח;י;ב;כ;ש;מ;ל;ע;י;ש;א;ר
ש;ה;מ;ו;ר;ו;א;ע;ר;א;א;ו;ג;ב;ן;ל;י;א;ו;ל
ה;מ;ו;ר;ו;ף;ק;ת;ו;א;נ;ל;י;א;ה;ב;ר;א;י;ג
כ;ף;ו;ס;ל;ה;ת;ו;ז;ח;ו;א;י;מ;ש;ל;א;ט;מ;י
ג;ש;ה;ב;נ;א;ו;ר;י;פ;ש;ה;י;פ;ע;א;ע;ר;א;ל
ת;י;ה;ו;ת;ח;ת;ה;ב;א;ל;כ;ל;ן;ו;ז;מ;ו;א;י
ד;י;י;ה;ו;פ;נ;ע;ב;ו;א;ר;ב;ת;ו;י;ח;ל;ל;ט
ן;י;ז;ת;י;ה;נ;מ;ו;א;י;מ;ש;י;ר;פ;צ;ן;ו;ר
א;ר;י;ו;ז;ח;ב;ת;י;ו;ה;ה;ז;ח;א;ר;ש;ב;ל;כ
י;ד;ק;ו;ר;י;ע;ו;ל;א;ו;י;ב;כ;ש;מ;ל;ע;י;ש
ן;כ;ו;ל;י;ח;ב;א;ר;ק;ת;ח;נ;א;י;מ;ש;ן;מ;ש
ו;פ;נ;ע;ו;צ;צ;ק;ו;א;נ;ל;י;א;ו;ד;ג;ר;מ;א
ת;ה;ב;נ;א;ו;ר;ד;ב;ו;ה;י;פ;ע;ו;ר;ת;א;י;ה
י;ר;פ;צ;ו;י;ה;ו;ת;ח;ת;ן;מ;א;ת;ו;י;ח;ד;נ
ה;ו;ש;ר;ש;ר;ק;ע;ם;ר;ב;י;ה;ו;פ;נ;ע;ן;מ;א
ר;פ;י;ד;ר;ו;ס;א;ב;ו;ו;ק;ב;ש;א;ע;ר;א;ב;י
ל;ט;ב;ו;א;ר;ב;י;ד;א;א;ת;ד;ב;ש;ח;נ;ו;ל;ז
ק;ל;ח;א;ת;ו;י;ח;ם;ע;ו;ע;ב;ט;צ;י;א;י;מ;ש
א;ש;ו;נ;א;ן;מ;ה;ב;ב;ל;א;ע;ר;א;ב;ש;ע;ב;ה
ה;ל;ב;ה;י;ת;י;ה;ו;י;ח;ב;ב;ל;ו;ן;ו;נ;ש;י
ה;ו;ל;ע;ן;ו;פ;ל;ח;י;ן;י;נ;ד;ע;ה;ע;ב;ש;ו
מ;א;מ;ו;א;מ;ג;ת;פ;ן;י;ר;י;ע;ת;ר;ז;ג;ב;י
י;ד;ת;ר;ב;ד;ד;ע;א;ת;ל;א;ש;ן;י;ש;י;ד;ק;ר
א;י;ל;ע;ט;י;ל;ש;י;ד;א;י;י;ח;ן;ו;ע;ד;נ;י
ב;צ;י;י;ד;ן;מ;ל;ו;א;ש;ו;נ;א;ת;ו;כ;ל;מ;ב
ע;ם;י;ק;י;ם;י;ש;נ;א;ל;פ;ש;ו;ה;נ;נ;ת;י;א
כ;ל;מ;ה;נ;א;ת;י;ז;ח;א;מ;ל;ח;ה;נ;ד;ה;י;ל
צ;א;ש;ט;ל;ב;ה;ת;נ;א;ו;ר;צ;נ;ד;כ;ו;ב;נ;א
י;כ;ח;ל;כ;י;ד;ל;ב;ק;ל;כ;ר;מ;א;א;ר;ש;פ;ר
ל;א;ר;ש;פ;ן;י;ל;כ;י;א;ל;י;ת;ו;כ;ל;מ;י;מ
ח;ו;ר;י;ד;ל;ה;כ;ה;ת;נ;א;ו;י;נ;ת;ע;ד;ו;ה
י;נ;ד;ן;י;ד;א;ך;ב;ן;י;ש;י;ד;ק;ן;י;ה;ל;א
ם;מ;ו;ת;ש;א;ר;צ;א;ש;ט;ל;ב;ה;מ;ש;י;ד;ל;א
ה;נ;ל;ה;ב;י;י;ה;נ;י;ע;ר;ו;ה;ד;ח;ה;ע;ש;כ
ל;ח;ר;צ;א;ש;ט;ל;ב;ר;מ;א;ו;א;כ;ל;מ;ה;נ;ע
ט;ל;ב;ה;נ;ע;ך;ל;ה;ב;י;ל;א;א;ר;ש;פ;ו;א;מ
א;נ;ש;ל;א;מ;ל;ח;י;א;ר;מ;ר;מ;א;ו;ר;צ;א;ש
ח;י;ד;א;נ;ל;י;א;ך;י;ר;ע;ל;ה;ר;ש;פ;ו;ך;י
ט;מ;י;ה;מ;ו;ר;ו;ף;ק;ת;ו;ה;ב;ר;י;ד;ת;י;ז
ו;א;ע;ר;א;ל;כ;ל;ה;ת;ו;ז;ח;ו;א;י;מ;ש;ל;א
ז;מ;ו;א;י;ג;ש;ה;ב;נ;א;ו;ר;י;פ;ש;ה;י;פ;ע
י;ח;ר;ו;ד;ת;י;ה;ו;ת;ח;ת;ה;ב;א;ל;כ;ל;ן;ו
פ;צ;ן;נ;כ;ש;י;י;ה;ו;פ;נ;ע;ב;ו;א;ר;ב;ת;ו
ר;י;ד;א;כ;ל;מ;א;ו;ה;ה;ת;נ;א;א;י;מ;ש;י;ר
ט;מ;ו;ת;ב;ר;ך;ת;ו;ב;ר;ו;ת;פ;ק;ת;ו;ת;י;ב
א;ע;ר;א;ף;ו;ס;ל;ך;נ;ט;ל;ש;ו;א;י;מ;ש;ל;ת
ח;נ;ש;י;ד;ק;ו;ר;י;ע;א;כ;ל;מ;ה;ז;ח;י;ד;ו
ו;א;נ;ל;י;א;ו;ד;ג;ר;מ;א;ו;א;י;מ;ש;ן;מ;ת
א;ב;י;ה;ו;ש;ר;ש;ר;ק;ע;ם;ר;ב;י;ה;ו;ל;ב;ח
ו;ל;ז;ר;פ;י;ד;ר;ו;ס;א;ב;ו;ו;ק;ב;ש;א;ע;ר
י;מ;ש;ל;ט;ב;ו;א;ר;ב;י;ד;א;א;ת;ד;ב;ש;ח;נ
ה;ק;ל;ח;א;ר;ב;ת;ו;י;ח;ם;ע;ו;ע;ב;ט;צ;י;א
ע;ן;ו;פ;ל;ח;י;ן;י;נ;ד;ע;ה;ע;ב;ש;י;ד;ד;ע
ת;ר;ז;ג;ו;א;כ;ל;מ;א;ר;ש;פ;ה;נ;ד;י;ה;ו;ל
ל;מ;י;א;ר;מ;ל;ע;ת;ט;מ;י;ד;א;י;ה;א;י;ל;ע
ח;ם;ע;ו;א;ש;נ;א;ן;מ;ן;י;ד;ר;ט;ך;ל;ו;א;כ
כ;א;ב;ש;ע;ו;ך;ר;ד;מ;ה;ו;ה;ל;א;ר;ב;ת;ו;י
י;מ;ש;ל;ט;מ;ו;ן;ו;מ;ע;ט;י;ך;ל;ן;י;ר;ו;ת
י;ן;י;נ;ד;ע;ה;ע;ב;ש;ו;ן;י;ע;ב;צ;מ;ך;ל;א
ש;י;ד;ע;ד;נ;ת;י;ד;ד;ע;ך;י;ל;ע;ן;ו;פ;ל;ח
מ;ל;ו;א;ש;נ;א;ת;ו;כ;ל;מ;ב;א;י;ל;ע;ט;י;ל
ל;ו;ר;מ;א;י;ד;ו;ה;נ;נ;ת;י;א;ב;צ;י;י;ד;ן
א;נ;ל;י;א;י;ד;י;ה;ו;ש;ר;ש;ר;ק;ע;ק;ב;ש;מ
ע;ד;נ;ת;י;ד;ן;מ;ה;מ;י;ק;ך;ל;ך;ת;ו;כ;ל;מ
כ;ל;מ;א;כ;ל;מ;ן;ה;ל;א;י;מ;ש;ן;ט;ל;ש;י;ד
פ;ה;ק;ד;צ;ב;ך;י;ט;ח;ו;ך;י;ל;ע;ר;פ;ש;י;י
ה;ת;ן;ה;ן;י;נ;ע;ן;ח;מ;ב;ך;ת;י;ו;ע;ו;ק;ר
ל;ע;א;ט;מ;א;ל;כ;ך;ת;ו;ל;ש;ל;ה;כ;ר;א;א;ו
י;ח;ר;י;ת;צ;ק;ל;א;כ;ל;מ;ר;צ;נ;ד;כ;ו;ב;נ
ד;א;ת;ו;כ;ל;מ;ל;כ;י;ה;ל;ע;ר;ש;ע;י;ר;ת;ן
א;ו;א;כ;ל;מ;ה;נ;ע;ה;ו;ה;ך;ל;ה;מ;ל;ב;ב;י
א;י;ד;א;ת;ב;ר;ל;ב;ב;א;י;ה;א;ד;א;ל;ה;ר;מ
ח;ף;ק;ת;ב;ו;כ;ל;מ;ת;י;ב;ל;ה;ת;י;נ;ב;ה;נ
ב;א;ת;ל;מ;ד;ו;ע;י;ר;ד;ה;ר;ק;י;ל;ו;י;נ;ס
א;ך;ל;ל;פ;נ;א;י;מ;ש;ן;מ;ל;ק;א;כ;ל;מ;ם;פ
ו;כ;ל;מ;א;כ;ל;מ;ר;צ;נ;ד;כ;ו;ב;נ;ן;י;ר;מ
ד;ר;ט;ך;ל;א;ש;נ;א;ן;מ;ו;ך;נ;מ;ת;ד;ע;ה;ת
א;ב;ש;ע;ך;ר;ד;מ;א;ר;ב;ת;ו;י;ח;ם;ע;ו;ן;י
ע;ה;ע;ב;ש;ו;ן;ו;מ;ע;ט;י;ך;ל;ן;י;ר;ו;ת;כ
נ;ת;י;ד;ד;ע;ך;י;ל;ע;ן;ו;פ;ל;ח;י;ן;י;נ;ד
נ;א;ת;ו;כ;ל;מ;ב;א;י;ל;ע;ט;י;ל;ש;י;ד;ע;ד
ש;ה;ב;ה;נ;נ;ת;י;א;ב;צ;י;י;ד;ן;מ;ל;ו;א;ש
ר;צ;נ;ד;כ;ו;ב;נ;ל;ע;ת;פ;ס;א;ת;ל;מ;א;ת;ע
ר;ו;ת;כ;א;ב;ש;ע;ו;ד;י;ר;ט;א;ש;נ;א;ן;מ;ו
צ;י;ה;מ;ש;ג;א;י;מ;ש;ל;ט;מ;ו;ל;כ;א;י;ן;י
ה;ב;ר;ן;י;ר;ש;נ;כ;ה;ר;ע;ש;י;ד;ד;ע;ע;ב;ט
ו;י;ת;צ;ק;ל;ו;ן;י;ר;פ;צ;כ;י;ה;ו;ר;פ;ט;ו
ש;ל;י;נ;י;ע;ר;צ;נ;ד;כ;ו;ב;נ;ה;נ;א;ה;י;מ
ב;ו;ת;י;י;ל;ע;י;ע;ד;נ;מ;ו;ת;ל;ט;נ;א;י;מ
ב;ש;א;מ;ל;ע;י;ח;ל;ו;ת;כ;ר;ב;א;י;ל;ע;ל;ו
ל;ע;ן;ט;ל;ש;ה;נ;ט;ל;ש;י;ד;ת;ר;ד;ה;ו;ת;ח
א;ד;ל;כ;ו;ר;ד;ו;ר;ד;ם;ע;ה;ת;ו;כ;ל;מ;ו;ם
ב;צ;מ;כ;ו;ן;י;ב;י;ש;ח;ה;ל;כ;א;ע;ר;א;י;ר
ר;א;י;ר;א;ד;ו;א;י;מ;ש;ל;י;ח;ב;ד;ב;ע;ה;י
ו;ה;ד;י;ב;א;ח;מ;י;י;ד;י;ת;י;א;א;ל;ו;א;ע
נ;מ;א;נ;מ;ז;ה;ב;ת;ד;ב;ע;ה;מ;ה;ל;ר;מ;א;י
ת;ו;כ;ל;מ;ר;ק;י;ל;ו;י;ל;ע;ב;ו;ת;י;י;ע;ד
ה;י;ל;ו;י;ל;ע;ב;ו;ת;י;י;ו;ז;ו;י;ר;ד;ה;י
מ;ל;ע;ו;ן;ו;ע;ב;י;י;נ;ב;ר;ב;ר;ו;י;ר;ב;ד
ה;ה;ר;י;ת;י;ו;ב;ר;ו;ת;נ;ק;ת;ה;י;ת;ו;כ;ל
ר;צ;נ;ד;כ;ו;ב;נ;ה;נ;א;ן;ע;כ;י;ל;ת;פ;ס;ו
ש;ך;ל;מ;ל;ר;ד;ה;מ;ו;ם;מ;ו;ר;מ;ו;ח;ב;ש;מ
ר;א;ו;ט;ש;ק;י;ה;ו;ד;ב;ע;מ;ל;כ;י;ד;א;י;מ
י;ה;ו;ג;ב;ן;י;כ;ל;ה;מ;י;ד;ו;ן;י;ד;ה;ת;ח
ב;ע;א;כ;ל;מ;ר;צ;א;ש;ל;ב;ה;ל;פ;ש;ה;ל;ל;כ
ל;ו;ף;ל;א;י;ה;ו;נ;ב;ר;ב;ר;ל;ב;ר;ם;ח;ל;ד
ר;צ;א;ש;ל;ב;ה;ת;ש;א;ר;מ;ח;א;פ;ל;א;ל;ב;ק
א;מ;ל;ה;י;ת;י;ה;ל;א;ר;מ;ח;ם;ע;ט;ב;ר;מ;א
ו;ב;נ;ק;פ;נ;ה;י;ד;א;פ;ס;כ;ו;א;ב;ה;ד;י;נ
ב;י;ד;א;ל;כ;י;ה;ן;מ;י;ה;ו;ב;א;ר;צ;נ;ד;כ
א;כ;ל;מ;ן;ו;ה;ב;ן;ו;ת;ש;י;ו;ם;ל;ש;ו;ר;י
ה;ת;נ;ח;ל;ו;ה;ת;ל;ג;ש;י;ה;ו;נ;ב;ר;ב;ר;ו
י;ד;א;ב;ה;ד;י;נ;א;מ;ו;י;ת;י;ה;ן;י;ד;א;ב
ה;ל;א;ת;י;ב;י;ד;א;ל;כ;י;ה;ן;מ;ו;ק;פ;נ;ה
ן;ו;ה;ב;ו;י;ת;ש;א;ו;ם;ל;ש;ו;ר;י;ב;י;ד;א
ל;ו;ה;ת;ל;ג;ש;י;ה;ו;נ;ב;ר;ב;ר;ו;א;כ;ל;מ
א;ל;ו;ח;ב;ש;ו;א;ר;מ;ח;ו;י;ת;ש;א;ה;ת;נ;ח
ל;ז;ר;פ;א;ש;ח;נ;א;פ;ס;כ;ו;א;ב;ה;ד;י;ה;ל
א;ו;ק;פ;נ;ה;ת;ע;ש;ה;ב;א;נ;ב;א;ו;א;ע;א;א
ל;ב;ק;ל;ן;ב;ת;כ;ו;ש;נ;א;ד;י;י;ד;ן;ע;ב;צ
כ;י;ה;ל;ת;כ;י;ד;א;ר;י;ג;ל;ע;א;ת;ש;ר;ב;נ
ד;י;ס;פ;ה;ז;ח;א;כ;ל;מ;ו;א;כ;ל;מ;י;ד;א;ל
י;ה;ו;י;ז;א;כ;ל;מ;ן;י;ד;א;ה;ב;ת;כ;י;ד;ה
ו;ה;נ;ו;ל;ה;ב;י;י;ה;נ;י;ע;ר;ו;י;ה;ו;נ;ש
ת;ב;כ;ר;א;ו;ן;י;ר;ת;ש;מ;ה;צ;ר;ח;י;ר;ט;ק
י;ח;ב;א;כ;ל;מ;א;ר;ק;ן;ש;ק;נ;א;ד;ל;א;ד;ה
ז;ג;ו;א;י;ד;ש;כ;א;י;פ;ש;א;ל;ה;ל;ע;ה;ל;ל
י;מ;י;כ;ח;ל;ר;מ;א;ו;א;כ;ל;מ;ה;נ;ע;א;י;ר
ה;ב;ת;כ;ה;ר;ק;י;י;ד;ש;נ;א;ל;כ;י;ד;ל;ב;ב
א;נ;ו;ג;ר;א;י;נ;נ;ו;ח;י;ה;ר;ש;פ;ו;ה;נ;ד
צ;ל;ע;א;ב;ה;ד;י;ד;א;כ;נ;ו;מ;ה;ו;ש;ב;ל;י
ט;ל;ש;י;א;ת;ו;כ;ל;מ;ב;י;ת;ל;ת;ו;ה;ר;א;ו
א;כ;ל;מ;י;מ;י;כ;ח;ל;כ;ן;י;ל;ל;ע;ן;י;ד;א
ש;פ;ו;א;ר;ק;מ;ל;א;ב;ת;כ;ן;י;ל;ה;כ;א;ל;ו
כ;ל;מ;ן;י;ד;א;א;כ;ל;מ;ל;ה;ע;ד;ו;ה;ל;א;ר
ו;י;ז;ו;ל;ה;ב;ת;מ;א;י;ג;ש;ר;צ;א;ש;ל;ב;א
י;ה;ו;נ;ב;ר;ב;ר;ו;י;ה;ו;ל;ע;ן;י;נ;ש;י;ה
מ;י;ל;מ;ל;ב;ק;ל;א;ת;כ;ל;מ;ן;י;ש;ב;ת;ש;מ
י;ת;ש;מ;ת;י;ב;ל;י;ה;ו;נ;ב;ר;ב;ר;ו;א;כ;ל
ל;מ;ת;ר;מ;א;ו;א;ת;כ;ל;מ;ת;נ;ע;ת;ל;ל;ע;א
ר;ך;ו;ל;ה;ב;י;ל;א;י;י;ח;ן;י;מ;ל;ע;ל;א;כ
י;א;ו;נ;ת;ש;י;ל;א;ך;י;ו;י;ז;ו;ך;נ;ו;י;ע
ה;ל;א;ח;ו;ר;י;ד;ך;ת;ו;כ;ל;מ;ב;ר;ב;ג;י;ת
ך;ו;ב;א;י;מ;ו;י;ב;ו;ה;ב;ן;י;ש;י;ד;ק;ן;י
כ;ח;כ;ה;מ;כ;ח;ו;ו;נ;ת;ל;כ;ש;ו;ו;ר;י;ה;נ
א;כ;ל;מ;ו;ה;ב;ת;ח;כ;ת;ש;ה;ן;י;ה;ל;א;ת;מ
א;ן;י;מ;ט;ר;ח;ב;ר;ך;ו;ב;א;ר;צ;נ;ד;כ;ב;נ
ה;מ;י;ק;ה;ן;י;ר;ז;ג;ן;י;א;ד;ש;כ;ן;י;פ;ש
ת;י;ח;ו;ר;י;ד;ל;ב;ק;ל;כ;א;כ;ל;מ;ך;ו;ב;א
ח;ר;ש;פ;מ;ו;נ;ת;ל;כ;ש;ו;ע;ד;נ;מ;ו;ה;ר;י
א;ר;ש;מ;ו;ן;ד;י;ח;א;ת;י;ו;ח;א;ו;ן;י;מ;ל
ד;ל;א;י;נ;ד;ב;ה;ב;ת;ח;כ;ת;ש;ה;ן;י;ר;ט;ק
ן;ע;כ;ר;צ;א;ש;ט;ל;ב;ה;מ;ש;ם;ש;א;כ;ל;מ;י
ה;ו;ח;ה;י;ה;ר;ש;פ;ו;י;ר;ק;ת;י;ל;א;י;נ;ד
א;כ;ל;מ;ם;ד;ק;ל;ע;ה;ל;א;י;נ;ד;ן;י;ד;א;ב
ת;נ;א;ל;א;י;נ;ד;ל;ר;מ;א;ו;א;כ;ל;מ;ה;נ;ע
ת;ו;ל;ג;י;נ;ב;ן;מ;י;ד;ל;א;י;נ;ד;א;ו;ה;ה
י;ב;א;א;כ;ל;מ;י;ת;י;ה;י;ד;ד;ו;ה;י;י;ד;א
ח;ו;ר;י;ד;ך;י;ל;ע;ת;ע;מ;ש;ו;ד;ו;ה;י;ן;מ
ו;נ;ת;ל;כ;ש;ו;ו;ר;י;ה;נ;ו;ך;ב;ן;י;ה;ל;א
כ;ו;ך;ב;ת;ח;כ;ת;ש;ה;ה;ר;י;ת;י;ה;מ;כ;ח;ו
י;פ;ש;א;א;י;מ;י;כ;ח;י;מ;ד;ק;ו;ל;ע;ה;ן;ע
ה;ר;ש;פ;ו;ן;ו;ר;ק;י;ה;נ;ד;ה;ב;ת;כ;י;ד;א
מ;ר;ש;פ;ן;י;ל;ה;כ;א;ל;ו;י;נ;ת;ע;ד;ו;ה;ל
י;ל;ע;ת;ע;מ;ש;ה;נ;א;ו;ה;י;ו;ח;ה;ל;א;ת;ל
ט;ק;ו;ר;ש;פ;מ;ל;ן;י;ר;ש;פ;ל;כ;ו;ת;י;ד;ך
ב;ת;כ;ל;כ;ו;ת;ן;ה;ן;ע;כ;א;ר;ש;מ;ל;ן;י;ר
א;י;נ;ת;ע;ד;ו;ה;ל;ה;ר;ש;פ;ו;א;ר;ק;מ;ל;א
ה;ד;י;ד;א;כ;נ;ו;מ;ה;ו;ש;ב;ל;ת;א;נ;ו;ג;ר
ת;ו;כ;ל;מ;ב;א;ת;ל;ת;ו;ך;ר;א;ו;צ;ל;ע;א;ב
א;ו;ל;א;י;נ;ד;ה;נ;ע;ן;י;ד;א;ב;ט;ל;ש;ת;א
י;ו;ה;ל;ך;ל;ך;ת;נ;ת;מ;א;כ;ל;מ;ם;ד;ק;ר;מ
כ;ם;ר;ב;ב;ה;ן;ר;ח;א;ל;ך;ת;י;ב;ז;ב;נ;ו;ן
ו;ה;א;א;ר;ש;פ;ו;א;כ;ל;מ;ל;א;ר;ק;א;א;ב;ת
א;י;ל;ע;א;ה;ל;א;א;כ;ל;מ;ה;ת;נ;א;ה;נ;ע;ד
ד;ה;ו;א;ר;ק;י;ו;א;ת;ו;ב;ר;ו;א;ת;ו;כ;ל;מ
ן;מ;ו;ך;ו;ב;א;ר;צ;נ;ד;כ;ב;נ;ל;ב;ה;י;ה;ר
א;א;י;מ;מ;ע;ל;כ;ה;ל;ב;ה;י;י;ד;א;ת;ו;ב;ר
ח;ד;ו;ן;י;ע;א;ז;ו;ו;ה;א;י;נ;ש;ל;ו;א;י;מ
ה;א;ב;צ;ה;ו;ה;י;ד;י;ה;ו;מ;ד;ק;ן;מ;ן;י;ל
א;ח;מ;ה;ו;ה;א;ב;צ;ה;ו;ה;י;ד;ו;ל;ט;ק;א;ו
ה;י;ד;ו;ם;י;ר;מ;ה;ו;ה;א;ב;צ;ה;ו;ה;י;ד;ו
ל;ם;ר;י;ד;כ;ו;ל;י;פ;ש;מ;ה;ו;ה;א;ב;צ;ה;ו
ח;נ;ה;ה;ד;ז;ה;ל;ת;פ;ק;ת;ה;ח;ו;ר;ו;ה;ב;ב
ע;ה;ה;ר;ק;י;ו;ה;ת;ו;כ;ל;מ;א;ס;ר;כ;ן;מ;ת
ד;י;ר;ט;א;ש;נ;א;י;נ;ב;ן;מ;ו;ה;נ;מ;ו;י;ד
ר;ע;ם;ע;ו;י;ו;ש;א;ת;ו;י;ח;ם;ע;ה;ב;ב;ל;ו
ט;י;ן;י;ר;ו;ת;כ;א;ב;ש;ע;ה;ר;ו;ד;מ;א;י;ד
ט;צ;י;ה;מ;ש;ג;א;י;מ;ש;ל;ט;מ;ו;ה;נ;ו;מ;ע
ע;א;ה;ל;א;ט;י;ל;ש;י;ד;ע;ד;י;י;ד;ד;ע;ע;ב
י;י;ד;ן;מ;ל;ו;א;ש;נ;א;ת;ו;כ;ל;מ;ב;א;י;ל
ה;ר;ב;ה;ת;נ;א;ו;ה;י;ל;ע;ם;י;ק;ה;י;ה;ב;צ
ק;ל;כ;ך;ב;ב;ל;ת;ל;פ;ש;ה;א;ל;ר;צ;א;ש;ל;ב
ש;א;ר;מ;ל;ע;ו;ת;ע;ד;י;ה;נ;ד;ל;כ;י;ד;ל;ב
ב;י;ד;א;י;נ;א;מ;ל;ו;ת;מ;מ;ו;ר;ת;ה;א;י;מ
ר;ו;ה;ת;נ;א;ו;ך;י;מ;ד;ק;ו;י;ת;י;ה;ה;ת;י
ר;מ;ח;ך;ת;נ;ח;ל;ו;ך;ת;ל;ג;ש;ך;י;נ;ב;ר;ב
ו;א;פ;ס;כ;י;ה;ל;א;ל;ו;ן;ו;ה;ב;ן;י;ת;ש;א
נ;ב;א;ו;א;ע;א;א;ל;ז;ר;פ;א;ש;ח;נ;א;ב;ה;ד
א;ל;ו;ן;י;ע;מ;ש;א;ל;ו;ן;י;ז;ח;א;ל;י;ד;א
מ;ש;נ;י;ד;א;ה;ל;א;ל;ו;ת;ח;ב;ש;ן;י;ע;ד;י
ד;ה;א;ל;ה;ל;ך;ת;ח;ר;א;ל;כ;ו;ה;ד;י;ב;ך;ת
פ;ח;י;ל;ש;י;ה;ו;מ;ד;ק;ן;מ;ן;י;ד;א;ב;ת;ר
ו;ם;י;ש;ר;ה;נ;ד;א;ב;ת;כ;ו;א;ד;י;י;ד;א;ס
ת;א;נ;מ;א;נ;מ;ם;י;ש;ר;י;ד;א;ב;ת;כ;ה;נ;ד
נ;מ;א;ת;ל;מ;ר;ש;פ;ה;נ;ד;ן;י;ס;ר;פ;ו;ל;ק
ה;מ;ל;ש;ה;ו;ך;ת;ו;כ;ל;מ;א;ה;ל;א;ה;נ;מ;א
ת;ש;ה;ו;א;י;נ;ז;א;מ;ב;ה;ת;ל;י;ק;ת;ל;ק;ת
ת;ו;כ;ל;מ;ת;ס;י;ר;פ;ס;ר;פ;ר;י;ס;ח;ת;ח;כ
ן;י;ד;א;ב;ס;ר;פ;ו;י;ד;מ;ל;ת;ב;י;ה;י;ו;ך
י;נ;ד;ל;ו;ש;י;ב;ל;ה;ו;ר;צ;א;ש;ל;ב;ר;מ;א
ב;ה;ד;י;ד;א;כ;נ;ו;מ;ה;ו;א;נ;ו;ג;ר;א;ל;א
ד;י;ה;ו;ל;ע;ו;ז;ר;כ;ה;ו;ה;ר;א;ו;צ;ל;ע;א
א;ת;ו;כ;ל;מ;ב;א;ת;ל;ת;ט;י;ל;ש;א;ו;ה;ל;י
ל;מ;ר;צ;ש;א;ל;ב;ל;י;ט;ק;א;י;ל;י;ל;ב;ה;ב
ל;ב;ק;א;י;ד;מ;ש;ו;י;ר;ד;ו;א;י;ד;ש;כ;א;כ
ר;ת;ו;ן;י;ת;ש;ן;י;נ;ש;ר;ב;כ;א;ת;ו;כ;ל;מ
ע;ם;י;ק;ה;ו;ש;ו;י;ר;ד;ם;ד;ק;ר;פ;ש;ן;י;ת
ה;א;מ;א;י;נ;פ;ר;ד;ש;ח;א;ל;א;ת;ו;כ;ל;מ;ל
ת;ו;כ;ל;מ;ל;כ;ב;ן;ו;ה;ל;י;ד;ן;י;ר;ש;ע;ו
ד;א;ת;ל;ת;ן;י;כ;ר;ס;ן;ו;ה;נ;מ;א;ל;ע;ו;א
א;ן;ו;ה;ל;י;ד;ן;ו;ה;נ;מ;ד;ח;ל;א;י;נ;ד;י
ו;ה;ל;ן;י;ב;ה;י;ן;י;ל;א;א;י;נ;פ;ר;ד;ש;ח
א;ק;ז;נ;א;ו;ה;ל;א;ל;א;כ;ל;מ;ו;א;מ;ע;ט;ן
ע;ח;צ;נ;ת;מ;א;ו;ה;ה;נ;ד;ל;א;י;נ;ד;ן;י;ד
ב;ק;ל;כ;א;י;נ;פ;ר;ד;ש;ח;א;ו;א;י;כ;ר;ס;ל
ש;ע;א;כ;ל;מ;ו;ה;ב;א;ר;י;ת;י;ח;ו;ר;י;ד;ל
א;א;ת;ו;כ;ל;מ;ל;כ;ל;ע;ה;ת;ו;מ;ק;ה;ל;ת;י
ו;ה;א;י;נ;פ;ר;ד;ש;ח;א;ו;א;י;כ;ר;ס;ן;י;ד
ל;א;י;נ;ד;ל;ה;ח;כ;ש;ה;ל;ה;ל;ע;ן;י;ע;ב;ו
ת;י;ח;ש;ו;ה;ל;ע;ל;כ;ו;א;ת;ו;כ;ל;מ;ד;צ;מ
ד;ל;ב;ק;ל;כ;ה;ח;כ;ש;ה;ל;ן;י;ל;כ;י;א;ל;ה
ת;י;ח;ש;ו;ו;ל;ש;ל;כ;ו;א;ו;ה;ן;מ;י;ה;מ;י
ב;ג;ן;י;ד;א;י;ה;ו;ל;ע;ת;ח;כ;ת;ש;ה;א;ל;ה
ח;כ;ש;ה;נ;א;ל;י;ד;ן;י;ר;מ;א;ך;ל;א;א;י;ר
כ;ש;ה;ן;ה;ל;א;ל;ע;ל;כ;ה;נ;ד;ל;א;י;נ;ד;ל
ס;ן;י;ד;א;ה;ה;ל;א;ת;ד;ב;י;ה;ו;ל;ע;ה;נ;ח
ג;ר;ה;ן;ל;א;א;י;נ;פ;ר;ד;ש;ח;א;ו;א;י;כ;ר
ר;ד;ה;ל;ן;י;ר;מ;א;ן;כ;ו;א;כ;ל;מ;ל;ע;ו;ש
ע;י;ת;א;י;י;ח;ן;י;מ;ל;ע;ל;א;כ;ל;מ;ש;ו;י
ו;א;י;נ;ג;ס;א;ת;ו;כ;ל;מ;י;כ;ר;ס;ל;כ;ו;ט
ת;ו;ח;פ;ו;א;י;ר;ב;ד;ה;א;י;נ;פ;ר;ד;ש;ח;א
א;ה;פ;ק;ת;ל;ו;א;כ;ל;מ;ם;י;ק;ה;מ;י;ק;ל;א
א;ל;כ;ן;מ;ו;ע;ב;ה;ע;ב;י;י;ד;ל;כ;י;ד;ר;ס
ה;ל;ן;י;ת;ל;ת;ן;י;מ;ו;י;ד;ע;ש;נ;א;ו;ה;ל
ו;י;ר;א;ב;ג;ל;א;מ;ר;ת;י;א;כ;ל;מ;ך;נ;מ;ן
ר;ת;ו;א;ר;ס;א;ם;י;ק;ת;א;כ;ל;מ;ן;ע;כ;א;ת
מ;ת;ד;כ;ה;י;נ;ש;ה;ל;א;ל;י;ד;א;ב;ת;כ;ם;ש
ד;ל;ב;ק;ל;כ;א;ד;ע;ת;א;ל;י;ד;ס;ר;פ;ו;י;ד
א;ו;א;ב;ת;כ;ם;ש;ר;ש;ו;י;ר;ד;א;כ;ל;מ;ה;נ
י;ש;ר;י;ד;ע;ד;י;י;ד;כ;ל;א;י;נ;ד;ו;א;ר;ס
י;ת;פ;ן;י;ו;כ;ו;ה;ת;י;ב;ל;ל;ע;א;ב;ת;כ;ם
ו;ם;ל;ש;ו;ר;י;ד;ג;נ;ה;ת;י;ל;ע;ב;ה;ל;ן;ח
ך;ר;ב;א;ו;ה;א;מ;ו;י;ב;ה;ת;ל;ת;ן;י;נ;מ;ז
ד;ק;א;ד;ו;מ;ו;א;ל;צ;מ;ו;י;ה;ו;כ;ר;ב;ל;ע
ן;מ;ד;ב;ע;א;ו;ה;י;ד;ל;ב;ק;ל;כ;ה;ה;ל;א;ם
ה;ך;ל;א;א;י;ר;ב;ג;ן;י;ד;א;ה;נ;ד;ת;מ;ד;ק
ו;א;ע;ב;ל;א;י;נ;ד;ל;ו;ח;כ;ש;ה;ו;ו;ש;ג;ר
י;ר;ק;ן;י;ד;א;ב;ה;ה;ל;א;ם;ד;ק;ן;נ;ח;ת;מ
ר;ס;א;ל;ע;א;כ;ל;מ;ם;ד;ק;ן;י;ר;מ;א;ו;ו;ב
נ;א;ל;כ;י;ד;ת;מ;ש;ר;ר;ס;א;א;ל;ה;א;כ;ל;מ
ד;ע;ש;נ;א;ו;ה;ל;א;ל;כ;ן;מ;ה;ע;ב;י;י;ד;ש
א;כ;ל;מ;ך;נ;מ;ן;ה;ל;ן;י;ת;ל;ת;ן;י;מ;ו;י
ל;מ;ה;נ;ע;א;ת;ו;י;ר;א;ב;ו;ג;ל;א;מ;ר;ת;י
ד;מ;ת;ד;כ;א;ת;ל;מ;א;ב;י;צ;י;ר;מ;א;ו;א;כ
נ;ע;ן;י;ד;א;ב;א;ד;ע;ת;א;ל;י;ד;ס;ר;פ;ו;י
א;י;נ;ד;י;ד;א;כ;ל;מ;ם;ד;ק;ן;י;ר;מ;א;ו;ו
ל;ד;ו;ה;י;י;ד;א;ת;ו;ל;ג;י;נ;ב;ן;מ;י;ד;ל
ר;ס;א;ל;ע;ו;ם;ע;ט;א;כ;ל;מ;ך;י;ל;ע;ם;ש;א
ו;י;ב;ה;ת;ל;ת;ן;י;נ;מ;ז;ו;ת;מ;ש;ר;י;ד;א
ד;כ;א;כ;ל;מ;ן;י;ד;א;ה;ת;ו;ע;ב;א;ע;ב;א;מ
י;ה;ו;ל;ע;ש;א;ב;א;י;ג;ש;ע;מ;ש;א;ת;ל;מ;י
ה;ת;ו;ב;ז;י;ש;ל;ל;ב;ם;ש;ל;א;י;נ;ד;ל;ע;ו
ל;ר;ד;ת;ש;מ;א;ו;ה;א;ש;מ;ש;י;ל;ע;מ;ד;ע;ו
ה;ך;ל;א;א;י;ר;ב;ג;ן;י;ד;א;ב;ה;ת;ו;ל;צ;ה
כ;ל;מ;ל;ן;י;ר;מ;א;ו;א;כ;ל;מ;ל;ע;ו;ש;ג;ר
ד;ס;ר;פ;ו;י;ד;מ;ל;ת;ד;י;ד;א;כ;ל;מ;ע;ד;א
י;ק;ה;י;א;כ;ל;מ;י;ד;ם;י;ק;ו;ר;ס;א;ל;כ;י
מ;א;א;כ;ל;מ;ן;י;ד;א;ב;ה;י;נ;ש;ה;ל;א;ל;ם
ב;ג;ל;ו;מ;ר;ו;ל;א;י;נ;ד;ל;ו;י;ת;י;ה;ו;ר
ר;מ;א;ו;א;כ;ל;מ;ה;נ;ע;א;ת;ו;י;ר;א;י;ד;א
ל;ח;ל;פ;ה;ת;נ;א;י;ד;ך;ה;ל;א;ל;א;י;נ;ד;ל
י;ה;ו;ך;נ;ב;ז;י;ש;י;א;ו;ה;א;ר;י;ד;ת;ב;ה
א;ב;ג;ם;פ;ל;ע;ת;מ;ש;ו;ה;ד;ח;ן;ב;א;ת;י;ת
ק;ז;ע;ב;ו;ה;ת;ק;ז;ע;ב;א;כ;ל;מ;ה;מ;ת;ח;ו
ו;ב;צ;א;נ;ש;ת;א;ל;י;ד;י;ה;ו;נ;ב;ר;ב;ר;ת
י;ה;ל;א;כ;ל;מ;ל;ז;א;ן;י;ד;א;ל;א;י;נ;ד;ב
ל;ע;נ;ה;א;ל;ן;ו;ח;ד;ו;ת;ו;ט;ת;ב;ו;ה;ל;כ
ב;י;ה;ו;ל;ע;ת;ד;נ;ה;ת;נ;ש;ו;י;ה;ו;מ;ד;ק
ב;ם;ו;ק;י;א;ר;פ;ר;פ;ש;ב;א;כ;ל;מ;ן;י;ד;א
ר;א;י;ד;א;ב;ג;ל;ה;ל;ה;ב;ת;ה;ב;ו;א;ה;ג;נ
ד;ל;א;ב;ג;ל;ה;ב;ר;ק;מ;כ;ו;ל;ז;א;א;ת;ו;י
כ;ל;מ;ה;נ;ע;ק;ע;ז;ב;י;צ;ע;ל;ק;ב;ל;א;י;נ
א;ד;ב;ע;ל;א;י;נ;ד;ל;א;י;נ;ד;ל;ר;מ;א;ו;א
ל;ח;ל;פ;ה;ת;נ;א;י;ד;ך;ה;ל;א;א;י;ח;א;ה;ל
מ;ך;ת;ו;ב;ז;י;ש;ל;ל;כ;י;ה;א;ר;י;ד;ת;ב;ה
ל;מ;ם;ע;ל;א;י;נ;ד;ן;י;ד;א;א;ת;ו;י;ר;א;ן
ל;א;י;י;ח;ן;י;מ;ל;ע;ל;א;כ;ל;מ;ל;ל;מ;א;כ
ו;י;ר;א;ם;פ;ר;ג;ס;ו;ה;כ;א;ל;מ;ח;ל;ש;י;ה
ד;ק;י;ד;ל;ב;ק;ל;כ;י;נ;ו;ל;ב;ח;א;ל;ו;א;ת
ד;ק;ף;א;ו;י;ל;ת;ח;כ;ת;ש;ה;ו;כ;ז;י;ה;ו;מ
א;ב;ת;ד;ב;ע;א;ל;ה;ל;ו;ב;ח;א;כ;ל;מ;ך;י;מ
ו;י;ה;ו;ל;ע;ב;א;ט;א;י;ג;ש;א;כ;ל;מ;ן;י;ד
א;ב;ג;ן;מ;ה;ק;ס;נ;ה;ל;ר;מ;א;ל;א;י;נ;ד;ל
ל;ב;ח;ל;כ;ו;א;ב;ג;ן;מ;ל;א;י;נ;ד;ק;ס;ה;ו
ה;ה;ל;א;ב;ן;מ;י;ה;י;ד;ה;ב;ח;כ;ת;ש;ה;א;ל
א;א;י;ר;ב;ג;ו;י;ת;י;ה;ו;א;כ;ל;מ;ר;מ;א;ו
א;י;נ;ד;י;ד;י;ה;ו;צ;ר;ק;ו;ל;כ;א;י;ד;ך;ל
נ;ב;ן;ו;נ;א;ו;מ;ר;א;ת;ו;י;ר;א;ב;ג;ל;ו;ל
ר;א;ל;ו;ט;מ;א;ל;ו;ן;ו;ה;י;ש;נ;ו;ן;ו;ה;י
ר;א;ן;ו;ה;ב;ו;ט;ל;ש;י;ד;ד;ע;א;ב;ג;ת;י;ע
א;ב;ו;ק;ד;ה;ן;ו;ה;י;מ;ר;ג;ל;כ;ו;א;ת;ו;י
מ;ע;ל;כ;ל;ב;ת;כ;א;כ;ל;מ;ש;ו;י;ר;ד;ן;י;ד
ן;י;ר;א;ד;י;ד;א;י;נ;ש;ל;ו;א;י;מ;א;א;י;מ
ק;ן;מ;א;ג;ש;י;ן;ו;כ;מ;ל;ש;א;ע;ר;א;ל;כ;ב
ל;מ;ן;ט;ל;ש;ל;כ;ב;י;ד;ם;ע;ט;ם;י;ש;י;מ;ד
מ;ן;י;ל;ח;ד;ו;ן;י;ע;א;ז;ן;ו;ה;ל;י;ת;ו;כ
א;ו;ה;י;ד;ל;א;י;נ;ד;י;ד;ה;ה;ל;א;ם;ד;ק;ן
ל;מ;ו;ן;י;מ;ל;ע;ל;ם;י;ק;ו;א;י;ח;א;ה;ל;א
ע;ה;נ;ט;ל;ש;ו;ל;ב;ח;ת;ת;א;ל;י;ד;ה;ת;ו;כ
ת;א;ד;ב;ע;ו;ל;צ;מ;ו;ב;ז;י;ש;מ;א;פ;ו;ס;ד
ד;א;ע;ר;א;ב;ו;א;י;מ;ש;ב;ן;י;ה;מ;ת;ו;ן;י
ו;י;ר;א;ד;י;ן;מ;ל;א;י;נ;ד;ל;ב;י;ז;י;ש;י
ו;כ;ל;מ;ב;ח;ל;צ;ה;ה;נ;ד;ל;א;י;נ;ד;ו;א;ת
ס;ר;פ;ש;ר;ו;כ;ת;ו;כ;ל;מ;ב;ו;ש;ו;י;ר;ד;ת
ב;ך;ל;מ;ר;צ;ש;א;ל;ב;ל;ה;ד;ח;ת;נ;ש;ב;א;י
א;ר;י;ו;ז;ח;ו;ה;ז;ח;ם;ל;ח;ל;א;י;נ;ד;ל;ב
ת;כ;א;מ;ל;ח;ן;י;ד;א;ב;ה;ב;כ;ש;מ;ל;ע;ה;ש
ו;ל;א;י;נ;ד;ה;נ;ע;ר;מ;א;ן;י;ל;מ;ש;א;ר;ב
ל;י;ל;ם;ע;י;ו;ז;ח;ב;ת;י;ו;ה;ה;ז;ח;ר;מ;א
ג;מ;א;י;מ;ש;י;ח;ו;ר;ע;ב;ר;א;ו;ר;א;ו;א;י
ר;ן;ו;י;ח;ע;ב;ר;א;ו;א;ב;ר;א;מ;י;ל;ן;ח;י
מ;א;ד;ן;י;נ;ש;א;מ;י;ן;מ;ן;ק;ל;ס;ן;ב;ר;ב
ד;ן;י;פ;ג;ו;ה;י;ר;א;כ;א;ת;י;מ;ד;ק;א;ד;ן
י;ר;מ;י;ד;ד;ע;ת;י;ו;ה;ה;ז;ח;ה;ל;ר;ש;נ;י
ע;ו;א;ע;ר;א;ן;מ;ת;ל;י;ט;נ;ו;ה;י;פ;ג;ו;ט
א;ב;ב;ל;ו;ת;מ;י;ק;ה;ש;נ;א;כ;ן;י;ל;ג;ר;ל
י;ר;ח;א;ה;ו;י;ח;ו;ר;א;ו;ה;ל;ב;י;ה;י;ש;נ
ה;ד;ח;ר;ט;ש;ל;ו;ב;ד;ל;ה;י;מ;ד;ה;נ;י;נ;ת
ש;ן;י;ב;ה;מ;פ;ב;ן;י;ע;ל;ע;ת;ל;ת;ו;ת;מ;ק
ל;כ;א;י;מ;ו;ק;ה;ל;ן;י;ר;מ;א;ן;כ;ו;ה;י;נ
ו;ה;ה;ז;ח;ה;נ;ד;ר;ת;א;ב;א;י;ג;ש;ר;ש;ב;י
י;פ;ג;ה;ל;ו;ר;מ;נ;כ;י;ר;ח;א;ו;ר;א;ו;ת;י
ב;ר;א;ו;ה;י;ב;ג;ל;ע;ף;ו;ע;י;ד;ע;ב;ר;א;ן
ה;י;ן;ט;ל;ש;ו;א;ת;ו;י;ח;ל;ן;י;ש;א;ר;ה;ע
ח;ב;ת;י;ו;ה;ה;ז;ח;ה;נ;ד;ר;ת;א;ב;ה;ל;ב;י
ע;י;ב;ר;ה;ו;י;ח;ו;ר;א;ו;א;י;ל;י;ל;י;ו;ז
א;פ;י;ק;ת;ו;י;נ;ת;מ;י;א;ו;ה;ל;י;ח;ד;ה;י
ב;ר;ה;ל;ל;ז;ר;פ;י;ד;ן;י;נ;ש;ו;א;ר;י;ת;י
ג;ר;ב;א;ר;א;ש;ו;ה;ק;ד;מ;ו;ה;ל;כ;א;ן;ב;ר
ל;כ;ן;מ;ה;י;נ;ש;מ;א;י;ה;ו;ה;ס;פ;ר;ה;י;ל
ש;ע;ן;י;נ;ר;ק;ו;ה;י;מ;ד;ק;י;ד;א;ת;ו;י;ח
א;ו;א;י;נ;ר;ק;ב;ת;י;ו;ה;ל;כ;ת;ש;מ;ה;ל;ר
י;ב;ת;ק;ל;ס;ה;ר;י;ע;ז;י;ר;ח;א;ן;ר;ק;ו;ל
י;מ;ד;ק;א;י;נ;ר;ק;ן;מ;ת;ל;ת;ו;ן;ו;ה;י;נ
ע;ו;ל;א;ו;ה;י;מ;ד;ק;ן;מ;ו;ר;ק;ע;ת;א;א;ת
א;ד;א;נ;ר;ק;ב;א;ש;נ;א;י;נ;י;ע;כ;ן;י;נ;י
ע;ת;י;ו;ה;ה;ז;ח;ן;ב;ר;ב;ר;ל;ל;מ;מ;ם;פ;ו
מ;ו;י;ק;י;ת;ע;ו;ו;י;מ;ר;ן;ו;ס;ר;כ;י;ד;ד
ע;ש;ו;ר;ו;ח;ג;ל;ת;כ;ה;ש;ו;ב;ל;ב;ת;י;ן;י
י;ב;ש;ה;י;ס;ר;כ;א;ק;נ;ר;מ;ע;כ;ה;ש;א;ר;ר
ל;ד;ר;ו;נ;י;ה;ו;ל;ג;ל;ג;ר;ו;נ;י;ד;ן;י;ב
ד;ק;ן;מ;ק;פ;נ;ו;ד;ג;נ;ר;ו;נ;י;ד;ר;ה;נ;ק
ו;ה;נ;ו;ש;מ;ש;י;ם;י;פ;ל;א;ף;ל;א;י;ה;ו;מ
ד;ן;ו;מ;ו;ק;י;י;ה;ו;מ;ד;ק;ן;ו;ב;ר;ו;ב;ר
ה;ז;ח;ו;ח;י;ת;פ;ן;י;ר;פ;ס;ו;ב;ת;י;א;נ;י
ר;ב;ר;א;י;ל;מ;ל;ק;ן;מ;ן;י;ד;א;ב;ת;י;ו;ה
י;ו;ה;ה;ז;ח;ה;ל;ל;מ;מ;א;נ;ר;ק;י;ד;א;ת;ב
ד;ב;ו;ה;ו;א;ת;ו;י;ח;ת;ל;י;ט;ק;י;ד;ד;ע;ת
ש;ו;א;ש;א;ת;ד;ק;י;ל;ת;ב;י;ה;י;ו;ה;מ;ש;ג
ו;ן;ו;ה;נ;ט;ל;ש;ו;י;ד;ע;ה;א;ת;ו;י;ח;ר;א
ד;ע;ן;ו;ה;ל;ת;ב;י;ה;י;ן;י;י;ח;ב;ה;כ;ר;א
ל;י;ו;ז;ח;ב;ת;י;ו;ה;ה;ז;ח;ן;ד;ע;ו;ן;מ;ז
ב;כ;א;י;מ;ש;י;נ;נ;ע;ם;ע;ו;ר;א;ו;א;י;ל;י
מ;ו;י;ק;י;ת;ע;ד;ע;ו;ה;ו;ה;ה;ת;א;ש;נ;א;ר
ו;י;ה;ו;ב;ר;ק;ה;י;ה;ו;מ;ד;ק;ו;ה;ט;מ;א;י
ו;ו;כ;ל;מ;ו;ר;ק;י;ו;ן;ט;ל;ש;ב;י;ה;י;ה;ל
י;ה;ל;א;י;נ;ש;ל;ו;א;י;מ;א;א;י;מ;מ;ע;ל;כ
ל;י;ד;ם;ל;ע;ן;ט;ל;ש;ה;נ;ט;ל;ש;ן;ו;ח;ל;פ
ב;ח;ת;ת;א;ל;י;ד;ה;ת;ו;כ;ל;מ;ו;ה;ד;ע;י;א
ב;ל;א;י;נ;ד;ה;נ;א;י;ח;ו;ר;ת;י;ר;כ;ת;א;ל
ל;ה;ב;י;י;ש;א;ר;י;ו;ז;ח;ו;ה;נ;ד;נ;א;ו;ג
י;ו;א;י;מ;א;ק;ן;מ;ד;ח;ל;ע;ת;ב;ר;ק;י;נ;נ
א;ו;ה;נ;ד;ל;כ;ל;ע;ה;נ;מ;א;ע;ב;א;א;ב;י;צ
י;נ;נ;ע;ד;ו;ה;י;א;י;ל;מ;ר;ש;פ;ו;י;ל;ר;מ
י;נ;א;י;ד;א;ת;ב;ר;ב;ר;א;ת;ו;י;ח;ן;י;ל;א
ו;מ;ו;ק;י;ן;י;כ;ל;מ;ה;ע;ב;ר;א;ע;ב;ר;א;ן
א;ת;ו;כ;ל;מ;ן;ו;ל;ב;ק;י;ו;א;ע;ר;א;ן;מ;ן
מ;ן;ו;נ;ס;ח;י;ו;ן;י;נ;ו;י;ל;ע;י;ש;י;ד;ק
מ;ל;ע;ם;ל;ע;ד;ע;ו;א;מ;ל;ע;ד;ע;א;ת;ו;כ;ל
ו;י;ח;ל;ע;א;ב;צ;י;ל;ת;י;ב;צ;ן;י;ד;א;א;י
ן;מ;ה;י;נ;ש;ת;ו;ה;י;ד;א;ת;י;ע;י;ב;ר;א;ת
ד;ה;י;נ;ש;ה;ר;י;ת;י;ה;ל;י;ח;ד;ן;ו;ה;ל;כ
ה;ל;כ;א;ש;ח;נ;י;ד;ה;י;ר;פ;ט;ו;ל;ז;ר;פ;י
ו;ה;ס;פ;ר;ה;י;ל;ג;ר;ב;א;ר;א;ש;ו;ה;ק;ד;מ
ח;א;ו;ה;ש;א;ר;ב;י;ד;ר;ש;ע;א;י;נ;ר;ק;ל;ע
ה;י;מ;ד;ק;ן;מ;ו;ל;פ;נ;ו;ת;ק;ל;ס;י;ד;י;ר
ו;ה;ל;ן;י;נ;י;ע;ו;ן;כ;ד;א;נ;ר;ק;ו;ת;ל;ת
ן;מ;ב;ר;ה;ו;ז;ח;ו;ן;ב;ר;ב;ר;ל;ל;מ;מ;ם;פ
ן;כ;ד;א;נ;ר;ק;ו;ת;י;ו;ה;ה;ז;ח;ה;ת;ר;ב;ח
ה;ל;כ;י;ו;ן;י;ש;י;ד;ק;ם;ע;ב;ר;ק;ה;ד;ב;ע
א;י;מ;ו;י;ק;י;ת;ע;ה;ת;א;י;ד;ד;ע;ן;ו;ה;ל
י;נ;ו;י;ל;ע;י;ש;י;ד;ק;ל;ב;ה;י;א;נ;י;ד;ו
נ;ס;ח;ה;א;ת;ו;כ;ל;מ;ו;ה;ט;מ;א;נ;מ;ז;ו;ן
י;ב;ר;א;ת;ו;י;ח;ר;מ;א;ן;כ;ן;י;ש;י;ד;ק;ו
א;ב;א;ו;ה;ת;א;י;ע;י;ב;ר;ו;כ;ל;מ;א;ת;י;ע
ו;א;ת;ו;כ;ל;מ;ל;כ;ן;מ;א;נ;ש;ת;י;ד;א;ע;ר
ד;ת;ו;ה;נ;ש;ו;ד;ת;ו;א;ע;ר;א;ל;כ;ל;כ;א;ת
ת;ו;כ;ל;מ;ה;נ;מ;ר;ש;ע;א;י;נ;ר;ק;ו;ה;נ;ק
ן;ר;ח;א;ו;ן;ו;מ;ק;י;ן;י;כ;ל;מ;ה;ר;ש;ע;ה
מ;א;נ;ש;י;א;ו;ה;ו;ן;ו;ה;י;ר;ח;א;ם;ו;ק;י
פ;ש;ה;י;ן;י;כ;ל;מ;ה;ת;ל;ת;ו;א;י;מ;ד;ק;ן
ק;ל;ו;ל;ל;מ;י;א;י;ל;ע;ד;צ;ל;ן;י;ל;מ;ו;ל
ר;ב;ס;י;ו;א;ל;ב;י;ן;י;נ;ו;י;ל;ע;י;ש;י;ד
ב;ה;י;ת;י;ו;ת;ד;ו;ן;י;נ;מ;ז;ה;י;נ;ש;ה;ל
ל;פ;ו;ן;י;נ;ד;ע;ו;ן;ד;ע;ד;ע;ה;ד;י;ב;ן;ו
ה;י;ה;נ;ט;ל;ש;ו;ב;ת;י;א;נ;י;ד;ו;ן;ד;ע;ג
ס;ד;ע;ה;ד;ב;ו;ה;ל;ו;ה;ד;מ;ש;ה;ל;ן;ו;ד;ע
ו;ב;ר;ו;א;נ;ט;ל;ש;ו;ה;ת;ו;כ;ל;מ;ו;א;פ;ו
י;א;י;מ;ש;ל;כ;ת;ו;ח;ת;ת;ו;כ;ל;מ;י;ד;א;ת
מ;ן;י;נ;ו;י;ל;ע;י;ש;י;ד;ק;ם;ע;ל;ת;ב;י;ה
נ;ט;ל;ש;ל;כ;ו;ם;ל;ע;ת;ו;כ;ל;מ;ה;ת;ו;כ;ל
ד;ע;ן;ו;ע;מ;ת;ש;י;ו;ן;ו;ח;ל;פ;י;ה;ל;א;י
ל;א;י;נ;ד;ה;נ;א;א;ת;ל;מ;י;ד;א;פ;ו;ס;ה;כ
י;ז;ו;י;נ;נ;ל;ה;ב;י;י;נ;ו;י;ע;ר;א;י;ג;ש
י;ב;ל;ב;א;ת;ל;מ;ו;י;ל;ע;ן;ו;נ;ת;ש;י;י;ו
ל;ב;ת;ו;כ;ל;מ;ל;ש;ו;ל;ש;ת;נ;ש;ב;ת;ר;ט;נ
א;י;ל;א;ה;א;ר;נ;ן;ו;ז;ח;ך;ל;מ;ה;ר;צ;ש;א
ב;י;ל;א;ה;א;ר;נ;ה;י;ר;ח;א;ל;א;י;נ;ד;י;נ
ר;ב;י;ה;י;ו;ן;ו;ז;ח;ב;ה;א;ר;א;ו;ה;ל;ח;ת
ר;ש;א;ה;ר;י;ב;ה;ן;ש;ו;ש;ב;י;נ;א;ו;י;ת;א
ו;ז;ח;ב;ה;א;ר;א;ו;ה;נ;י;ד;מ;ה;ם;ל;י;ע;ב
י;ל;ו;א;ל;ב;ו;א;ל;ע;י;ת;י;י;ה;י;נ;א;ו;ן
ל;י;א;ה;נ;ה;ו;ה;א;ר;א;ו;י;נ;י;ע;א;ש;א;ו
נ;ר;ק;ו;ל;ו;ל;ב;א;ה;י;נ;פ;ל;ד;מ;ע;ד;ח;א
ג;ת;ח;א;ה;ו;ת;ו;ה;ב;ג;ם;י;נ;ר;ק;ה;ו;ם;י
ב;ה;ל;ע;ה;ה;ב;ג;ה;ו;ת;י;נ;ש;ה;ן;מ;ה;ה;ב
ח;ג;נ;מ;ל;י;א;ה;ת;א;י;ת;י;א;ר;ה;נ;ר;ח;א
ו;י;ח;ל;כ;ו;ה;ב;ג;נ;ו;ה;נ;ו;פ;צ;ו;ה;מ;י
י;צ;מ;ן;י;א;ו;ו;י;נ;פ;ל;ו;ד;מ;ע;י;א;ל;ת
ל;י;ד;ג;ה;ו;ו;נ;צ;ר;כ;ה;ש;ע;ו;ו;ד;י;מ;ל
י;פ;צ;ה;נ;ה;ו;ן;י;ב;מ;י;ת;י;י;ה;י;נ;א;ו
י;נ;פ;ל;ע;ב;ר;ע;מ;ה;ן;מ;א;ב;ם;י;ז;ע;ה;ר
ה;ו;ץ;ר;א;ב;ע;ג;ו;נ;ן;י;א;ו;ץ;ר;א;ה;ל;כ
ו;ו;י;נ;י;ע;ן;י;ב;ת;ו;ז;ח;ן;ר;ק;ר;י;פ;צ
ש;א;ם;י;נ;ר;ק;ה;ל;ע;ב;ל;י;א;ה;ד;ע;א;ב;י
ר;י;ו;ל;ב;א;ה;י;נ;פ;ל;ד;מ;ע;י;ת;י;א;ר;ר
מ;ו;י;ת;י;א;ר;ו;ו;ח;כ;ת;מ;ח;ב;ו;י;ל;א;ץ
י;ל;א;ר;מ;ר;מ;ת;י;ו;ל;י;א;ה;ל;צ;א;ע;י;ג
י;ת;ש;ת;א;ר;ב;ש;י;ו;ל;י;א;ה;ת;א;ך;י;ו;ו
מ;ע;ל;ל;י;א;ב;ח;כ;ה;י;ה;א;ל;ו;ו;י;נ;ר;ק
י;ו;ה;צ;ר;א;ו;ה;כ;י;ל;ש;י;ו;ו;י;נ;פ;ל;ד
מ;ל;י;א;ל;ל;י;צ;מ;ה;י;ה;א;ל;ו;ו;ה;ס;מ;ר
ד;ע;ל;י;ד;ג;ה;ם;י;ז;ע;ה;ר;י;פ;צ;ו;ו;ד;י
ג;ה;ן;ר;ק;ה;ה;ר;ב;ש;נ;ו;מ;צ;ע;כ;ו;ד;א;מ
ח;ת;ע;ב;ר;א;ת;ו;ז;ח;ה;נ;ל;ע;ת;ו;ה;ל;ו;ד
מ;ו;ם;י;מ;ש;ה;ת;ו;ח;ו;ר;ע;ב;ר;א;ל;ה;י;ת
ע;צ;מ;ת;ח;א;ן;ר;ק;א;צ;י;ם;ה;מ;ת;ח;א;ה;ן
ל;א;ו;ב;ג;נ;ה;ל;א;ר;ת;י;ל;ד;ג;ת;ו;ה;ר;י
צ;ד;ע;ל;ד;ג;ת;ו;י;ב;צ;ה;ל;א;ו;ח;ר;ז;מ;ה
ב;צ;ה;ן;מ;ה;צ;ר;א;ל;פ;ת;ו;ם;י;מ;ש;ה;א;ב
ד;ע;ו;ם;ס;מ;ר;ת;ו;ם;י;ב;כ;ו;כ;ה;ן;מ;ו;א
ם;י;ר;ה;ו;נ;מ;מ;ו;ל;י;ד;ג;ה;א;ב;צ;ה;ר;ש
ו;ו;ש;ד;ק;מ;ן;ו;כ;מ;ך;ל;ש;ה;ו;ד;י;מ;ת;ה
ת;ו;ע;ש;פ;ב;ד;י;מ;ת;ה;ל;ע;ן;ת;נ;ת;א;ב;צ
י;ל;צ;ה;ו;ה;ת;ש;ע;ו;ה;צ;ר;א;ת;מ;א;ך;ל;ש
ו;ר;ב;ד;מ;ש;ו;ד;ק;ד;ח;א;ה;ע;מ;ש;א;ו;ה;ח
מ;ה;י;נ;ו;מ;ל;פ;ל;ש;ו;ד;ק;ד;ח;א;ר;מ;א;י
ה;ו;ד;י;מ;ת;ה;ן;ו;ז;ח;ה;י;ת;מ;ד;ע;ר;ב;ד
ס;מ;ר;מ;א;ב;צ;ו;ש;ד;ק;ו;ת;ת;ם;מ;ש;ע;ש;פ
י;פ;ל;א;ר;ק;ב;ב;ר;ע;ד;ע;י;ל;א;ר;מ;א;י;ו
ה;י;ו;ש;ד;ק;ק;ד;צ;נ;ו;ת;ו;א;מ;ש;ל;ש;ו;ם
ו;ז;ח;ה;ת;א;ל;א;י;נ;ד;י;נ;א;י;ת;א;ר;ב;י
נ;ל;ד;מ;ע;ה;נ;ה;ו;ה;נ;י;ב;ה;ש;ק;ב;א;ו;ן
א;ל;ו;ק;ע;מ;ש;א;ו;ר;ב;ג;ה;א;ר;מ;כ;י;ד;ג
ג;ר;מ;א;י;ו;א;ר;ק;י;ו;י;ל;ו;א;ן;י;ב;ם;ד
ו;ה;א;ר;מ;ה;ת;א;ז;ל;ה;ל;ן;ב;ה;ל;א;י;ר;ב
י;ת;ע;ב;נ;ו;א;ב;ב;ו;י;ד;מ;ע;ל;צ;א;א;ב;י
ב;ה;י;ל;א;ר;מ;א;י;ו;י;נ;פ;ל;ע;ה;ל;פ;א;ו
ב;ו;ן;ו;ז;ח;ה;ץ;ק;ת;ע;ל;י;כ;ם;ד;א;ן;ב;ן
ר;א;י;נ;פ;ל;ע;י;ת;מ;ד;ר;נ;י;מ;ע;ו;ר;ב;ד
מ;ע;ל;ע;י;נ;ד;י;מ;ע;י;ו;י;ב;ע;ג;י;ו;ה;צ
א;ת;א;ך;ע;י;ד;ו;מ;י;נ;נ;ה;ר;מ;א;י;ו;י;ד
מ;ל;י;כ;ם;ע;ז;ה;ת;י;ר;ח;א;ב;ה;י;ה;י;ר;ש
ה;ל;ע;ב;ת;י;א;ר;ר;ש;א;ל;י;א;ה;ץ;ק;ד;ע;ו
פ;צ;ה;ו;ס;ר;פ;ו;י;ד;מ;י;כ;ל;מ;ם;י;נ;ר;ק
ג;ה;ן;ר;ק;ה;ו;ן;ו;י;ך;ל;מ;ר;י;ע;ש;ה;ר;י
מ;ה;א;ו;ה;ו;י;נ;י;ע;ן;י;ב;ר;ש;א;ה;ל;ו;ד
ד;מ;ע;ת;ו;ת;ר;ב;ש;נ;ה;ו;ן;ו;ש;א;ר;ה;ך;ל
ו;י;כ;ל;מ;ע;ב;ר;א;ה;י;ת;ח;ת;ע;ב;ר;א;ה;נ
ב;ו;ו;ח;כ;ב;א;ל;ו;ה;נ;ד;מ;ע;י;י;ו;ג;מ;ת
י;ע;ש;פ;ה;ם;ת;ה;כ;ם;ת;ו;כ;ל;מ;ת;י;ר;ח;א
ח;ן;י;ב;מ;ו;ם;י;נ;פ;ז;ע;ך;ל;מ;ד;מ;ע;י;ם
נ;ו;ו;ח;כ;ב;א;ל;ו;ו;ח;כ;ם;צ;ע;ו;ת;ו;ד;י
ה;ש;ע;ו;ח;י;ל;צ;ה;ו;ת;י;ח;ש;י;ת;ו;א;ל;פ
ם;י;ש;ד;ק;ם;ע;ו;ם;י;מ;ו;צ;ע;ת;י;ח;ש;ה;ו
ד;י;ב;ה;מ;ר;מ;ח;י;ל;צ;ה;ו;ו;ל;כ;ש;ל;ע;ו
ש;י;ה;ו;ל;ש;ב;ו;ל;י;ד;ג;י;ו;ב;ב;ל;ב;ו;ו
ד;מ;ע;י;ם;י;ר;ש;ר;ש;ל;ע;ו;ם;י;ב;ר;ת;י;ח
ב;ר;ע;ה;ה;א;ר;מ;ו;ר;ב;ש;י;ד;י;ס;פ;א;ב;ו
א;ו;א;ו;ה;ת;מ;א;ר;מ;א;נ;ר;ש;א;ר;ק;ב;ה;ו
י;ב;ר;ם;י;מ;י;ל;י;כ;ן;ו;ז;ח;ה;ם;ת;ס;ה;ת
ל;ח;נ;ו;י;ת;י;י;ה;נ;ל;א;י;נ;ד;י;נ;א;ו;ם
מ;ת;א;ה;ש;ע;א;ו;ם;ו;ק;א;ו;ם;י;מ;י;י;ת;י
ר;מ;ה;ל;ע;ם;מ;ו;ת;ש;א;ו;ך;ל;מ;ה;ת;כ;א;ל
ר;ד;ל;ת;ח;א;ת;נ;ש;ב;ן;י;ב;מ;ן;י;א;ו;ה;א
א;י;ד;מ;ע;ר;ז;מ;ש;ו;ר;ו;ש;ח;א;ן;ב;ש;ו;י
ש;ב;ם;י;ד;ש;כ;ת;ו;כ;ל;מ;ל;ע;ך;ל;מ;ה;ר;ש
י;ב;ל;א;י;נ;ד;י;נ;א;ו;כ;ל;מ;ל;ת;ח;א;ת;נ
ש;א;ם;י;נ;ש;ה;ר;פ;ס;מ;ם;י;ר;פ;ס;ב;י;ת;נ
נ;ה;ה;י;מ;ר;י;ל;א;ה;ו;ה;י;ר;ב;ד;ה;י;ה;ר
ל;ש;ו;ר;י;ת;ו;ב;ר;ח;ל;ת;ו;א;ל;מ;ל;א;י;ב
א;י;נ;פ;ת;א;ה;נ;ת;א;ו;ה;נ;ש;ם;י;ע;ב;ש;ם
ו;ה;ל;פ;ת;ש;ק;ב;ל;ם;י;ה;ל;א;ה;י;נ;ד;א;ל
א;ו;ר;פ;א;ו;ק;ש;ו;ם;ו;צ;ב;ם;י;נ;ו;נ;ח;ת
ה;ד;ו;ת;א;ו;י;ה;ל;א;ה;ו;ה;י;ל;ה;ל;ל;פ;ת
ל;ו;ד;ג;ה;ל;א;ה;י;נ;ד;א;א;נ;א;ה;ר;מ;א;ו
ל;ד;ס;ח;ה;ו;ת;י;ר;ב;ה;ר;מ;ש;א;ר;ו;נ;ה;ו
א;ט;ח;ו;י;ת;ו;צ;מ;י;ר;מ;ש;ל;ו;ו;י;ב;ה;א
נ;ד;ר;מ;ו;ו;נ;ע;ש;ר;ה;ו;ו;נ;י;ו;ע;ו;ו;נ
ו;ך;י;ט;פ;ש;מ;מ;ו;ך;ת;ו;צ;מ;מ;ר;ו;ס;ו;ו
י;א;י;ב;נ;ה;ך;י;ד;ב;ע;ל;א;ו;נ;ע;מ;ש;א;ל
ו;נ;י;כ;ל;מ;ל;א;ך;מ;ש;ב;ו;ר;ב;ד;ר;ש;א;ם
ה;ם;ע;ל;כ;ל;א;ו;ו;נ;י;ת;ב;א;ו;ו;נ;י;ר;ש
ש;ב;ו;נ;ל;ו;ה;ק;ד;צ;ה;י;נ;ד;א;ך;ל;ץ;ר;א
ו;ה;י;ש;י;א;ל;ה;ז;ה;ם;ו;י;כ;ם;י;נ;פ;ה;ת
י;ל;כ;ל;ו;ם;ל;ש;ו;ר;י;י;ב;ש;ו;י;ל;ו;ה;ד
ל;כ;ב;ם;י;ק;ח;ר;ה;ו;ם;י;ב;ר;ק;ה;ל;א;ר;ש
ל;ע;מ;ב;ם;ש;ם;ת;ח;ד;ה;ר;ש;א;ת;ו;צ;ר;א;ה
ת;ש;ב;ו;נ;ל;ה;ו;ה;י;ך;ב;ו;ל;ע;מ;ר;ש;א;ם
ל;ו;ו;נ;י;ר;ש;ל;ו;נ;י;כ;ל;מ;ל;ם;י;נ;פ;ה
נ;ד;א;ל;ך;ל;ו;נ;א;ט;ח;ר;ש;א;ו;נ;י;ת;ב;א
ת;ו;ח;ל;ס;ה;ו;ם;י;מ;ח;ר;ה;ו;נ;י;ה;ל;א;י
ו;ק;ב;ו;נ;ע;מ;ש;א;ל;ו;ו;ב;ו;נ;ד;ר;מ;י;כ
ת;ר;ו;ת;ב;ת;כ;ל;ל;ו;נ;י;ה;ל;א;ה;ו;ה;י;ל
ד;ב;ע;ד;י;ב;ו;נ;י;נ;פ;ל;ן;ת;נ;ר;ש;א;ו;י
ר;ב;ע;ל;א;ר;ש;י;ל;כ;ו;ם;י;א;י;ב;נ;ה;ו;י
ו;מ;ש;י;ת;ל;ב;ל;ר;ו;ס;ו;ך;ת;ר;ו;ת;ת;א;ו
ה;ו;ה;ל;א;ה;ו;נ;י;ל;ע;ך;ת;ת;ו;ך;ל;ק;ב;ע
ה;ש;מ;ת;ר;ו;ת;ב;ה;ב;ו;ת;כ;ר;ש;א;ה;ע;ב;ש
י;ו;ו;ל;ו;נ;א;ט;ח;י;כ;ם;י;ה;ל;א;ה;ד;ב;ע
ו;נ;י;ל;ע;ר;ב;ד;ר;ש;א;ו;י;ר;ב;ד;ת;א;ם;ק
ה;ל;ו;נ;ו;ט;פ;ש;ר;ש;א;ו;נ;י;ט;פ;ש;ל;ע;ו
א;ל;ר;ש;א;ה;ל;ד;ג;ה;ע;ר;ו;נ;י;ל;ע;א;י;ב
נ;ר;ש;א;כ;ם;י;מ;ש;ה;ל;כ;ת;ח;ת;ה;ת;ש;ע;נ
ב;ב;ו;ת;כ;ר;ש;א;כ;ם;ל;ש;ו;ר;י;ב;ה;ת;ש;ע
ב;ת;א;ז;ה;ה;ע;ר;ה;ל;כ;ת;א;ה;ש;מ;ת;ר;ו;ת
י;נ;פ;ת;א;ו;נ;י;ל;ח;א;ל;ו;ו;נ;י;ל;ע;ה;א
ו;נ;נ;ו;ע;מ;ב;ו;ש;ל;ו;נ;י;ה;ל;א;ה;ו;ה;י
ו;ה;י;ד;ק;ש;י;ו;ך;ת;מ;א;ב;ל;י;כ;ש;ה;ל;ו
י;כ;ו;נ;י;ל;ע;ה;א;י;ב;י;ו;ה;ע;ר;ה;ל;ע;ה
ע;מ;ל;כ;ל;ע;ו;נ;י;ה;ל;א;ה;ו;ה;י;ק;י;ד;צ
ל;ק;ב;ו;נ;ע;מ;ש;א;ל;ו;ה;ש;ע;ר;ש;א;ו;י;ש
ו;ה;ר;ש;א;ו;נ;י;ה;ל;א;י;נ;ד;א;ה;ת;ע;ו;ו
ד;י;ב;ם;י;ר;צ;מ;ץ;ר;א;מ;ך;מ;ע;ת;א;ת;א;צ
ח;ה;ז;ה;ם;ו;י;כ;ם;ש;ך;ל;ש;ע;ת;ו;ה;ק;ז;ח
ת;ק;ד;צ;ל;כ;כ;י;נ;ד;א;ו;נ;ע;ש;ר;ו;נ;א;ט
י;ך;ר;י;ע;מ;ך;ת;מ;ח;ו;ך;פ;א;א;נ;ב;ש;י;ך
ו;נ;י;א;ט;ח;ב;י;כ;ך;ש;ד;ק;ר;ה;ם;ל;ש;ו;ר
ו;ם;ל;ש;ו;ר;י;ו;נ;י;ת;ב;א;ת;ו;נ;ו;ע;ב;ו
ו;ו;נ;י;ת;ב;י;ב;ס;ל;כ;ל;ה;פ;ר;ח;ל;ך;מ;ע
ב;ע;ת;ל;פ;ת;ל;א;ו;נ;י;ה;ל;א;ע;מ;ש;ה;ת;ע
ך;י;נ;פ;ר;א;ה;ו;ו;י;נ;ו;נ;ח;ת;ל;א;ו;ך;ד
ה;י;נ;ד;א;ן;ע;מ;ל;ם;מ;ש;ה;ך;ש;ד;ק;מ;ל;ע
י;ע;ה;ח;ק;פ;ע;מ;ש;ו;ך;נ;ז;א;י;ה;ל;א;ה;ט
א;ר;י;ע;ה;ו;ו;נ;י;ת;מ;מ;ש;ה;א;ר;ו;ך;י;נ
צ;ל;ע;א;ל;י;כ;ה;י;ל;ע;ך;מ;ש;א;ר;ק;נ;ר;ש
נ;ח;ת;ם;י;ל;י;פ;מ;ו;נ;ח;נ;א;ו;נ;י;ת;ק;ד
ה;ך;י;מ;ח;ר;ל;ע;י;כ;ך;י;נ;פ;ל;ו;נ;י;נ;ו
ה;ח;ל;ס;י;נ;ד;א;ה;ע;מ;ש;י;נ;ד;א;ם;י;ב;ר
ר;ח;א;ת;ל;א;ה;ש;ע;ו;ה;ב;י;ש;ק;ה;י;נ;ד;א
ל;ע;א;ר;ק;נ;ך;מ;ש;י;כ;י;ה;ל;א;ך;נ;ע;מ;ל
ב;ד;מ;י;נ;א;ד;ו;ע;ו;ך;מ;ע;ל;ע;ו;ך;ר;י;ע
ח;ו;י;ת;א;ט;ח;ה;ד;ו;ת;מ;ו;ל;ל;פ;ת;מ;ו;ר
ת;נ;ח;ת;ל;י;פ;מ;ו;ל;א;ר;ש;י;י;מ;ע;ת;א;ט
ש;ד;ק;ר;ה;ל;ע;י;ה;ל;א;ה;ו;ה;י;י;נ;פ;ל;י
ה;ל;פ;ת;ב;ר;ב;ד;מ;י;נ;א;ד;ו;ע;ו;י;ה;ל;א
ב;י;ת;י;א;ר;ר;ש;א;ל;א;י;ר;ב;ג;ש;י;א;ה;ו
א;ע;ג;נ;ף;ע;י;ב;ף;ע;מ;ה;ל;ח;ת;ב;ן;ו;ז;ח
ב;ד;י;ו;ן;ב;י;ו;ב;ר;ע;ת;ח;נ;מ;ת;ע;כ;י;ל
א;צ;י;ה;ת;ע;ל;א;י;נ;ד;ר;מ;א;י;ו;י;מ;ע;ר
ח;ת;ת;ל;ח;ת;ב;ה;נ;י;ב;ך;ל;י;כ;ש;ה;ל;י;ת
ל;י;ת;א;ב;י;נ;א;ו;ר;ב;ד;א;צ;י;ך;י;נ;ו;נ
ב;ן;י;ב;ו;ה;ת;א;ת;ו;ד;ו;מ;ח;י;כ;ד;י;ג;ה
ע;ב;ש;ם;י;ע;ב;ש;ה;א;ר;מ;ב;ן;ב;ה;ו;ר;ב;ד
ש;ד;ק;ר;י;ע;ל;ע;ו;ך;מ;ע;ל;ע;ך;ת;ח;נ;ם;י
ו;ת;ו;א;ט;ח;ם;ת;ח;ל;ו;ע;ש;פ;ה;א;ל;כ;ל;ך
י;מ;ל;ע;ק;ד;צ;א;י;ב;ה;ל;ו;ן;ו;ע;ר;פ;כ;ל
ח;ש;מ;ל;ו;א;י;ב;נ;ו;ן;ו;ז;ח;ם;ת;ח;ל;ו;ם
מ;ן;מ;ל;כ;ש;ת;ו;ע;ד;ת;ו;ם;י;ש;ד;ק;ש;ד;ק
ש;ו;ר;י;ת;ו;נ;ב;ל;ו;ב;י;ש;ה;ל;ר;ב;ד;א;צ
ע;ב;ש;ם;י;ע;ב;ש;ד;י;ג;נ;ח;י;ש;מ;ד;ע;ם;ל
ב;ו;ש;ת;ם;י;נ;ש;ו;ם;י;ש;ש;ם;י;ע;ב;ש;ו;ה
ק;ו;צ;ב;ו;ץ;ו;ר;ח;ו;ב;ו;ח;ר;ה;ת;נ;ב;נ;ו
ם;י;ש;ש;ם;י;ע;ב;ש;ה;י;ר;ח;א;ו;ם;י;ת;ע;ה
ו;ו;ל;ן;י;א;ו;ח;י;ש;מ;ת;ר;כ;י;ם;י;נ;ש;ו
ד;י;ג;נ;ם;ע;ת;י;ח;ש;י;ש;ד;ק;ה;ו;ר;י;ע;ה
מ;ח;ל;מ;ץ;ק;ד;ע;ו;ף;ט;ש;ב;ו;צ;ק;ו;א;ב;ה
י;ר;ב;ר;י;ב;ג;ה;ו;ת;ו;מ;מ;ש;ת;צ;ר;ח;נ;ה
ב;ש;ה;י;צ;ח;ו;ד;ח;א;ע;ו;ב;ש;ם;י;ב;ר;ל;ת
נ;כ;ל;ע;ו;ה;ח;נ;מ;ו;ח;ב;ז;ת;י;ב;ש;י;ע;ו
ח;נ;ו;ה;ל;כ;ד;ע;ו;ם;מ;ש;מ;ם;י;צ;ו;ק;ש;ף
ל;ש;ו;ל;ש;ת;נ;ש;ב;ם;מ;ש;ל;ע;ך;ת;ת;ה;צ;ר
נ;ד;ל;ה;ל;ג;נ;ר;ב;ד;ס;ר;פ;ך;ל;מ;ש;ר;ו;כ
ר;צ;א;ש;ט;ל;ב;ו;מ;ש;א;ר;ק;נ;ר;ש;א;ל;א;י
ן;י;ב;ו;ל;ו;ד;ג;א;ב;צ;ו;ר;ב;ד;ה;ת;מ;א;ו
י;ב;ה;א;ר;מ;ב;ו;ל;ה;נ;י;ב;ו;ר;ב;ד;ה;ת;א
מ;י;ת;י;י;ה;ל;א;י;נ;ד;י;נ;א;ם;ה;ה;ם;י;מ
ם;ח;ל;ם;י;מ;י;ם;י;ע;ב;ש;ה;ש;ל;ש;ל;ב;א;ת
ן;י;י;ו;ר;ש;ב;ו;י;ת;ל;כ;א;א;ל;ת;ו;ד;מ;ח
ד;ע;י;ת;כ;ס;א;ל;ך;ו;ס;ו;י;פ;ל;א;א;ב;א;ל
י;ב;ו;ם;י;מ;י;ם;י;ע;ב;ש;ת;ש;ל;ש;ת;א;ל;מ
א;ר;ה;ש;ד;ח;ל;ה;ע;ב;ר;א;ו;ם;י;ר;ש;ע;ם;ו
ר;ה;נ;ה;ד;י;ל;ע;י;ת;י;י;ה;י;נ;א;ו;ן;ו;ש
י;ע;ת;א;א;ש;א;ו;ל;ק;ד;ח;א;ו;ה;ל;ו;ד;ג;ה
ש;ו;ב;ל;ד;ח;א;ש;י;א;ה;נ;ה;ו;א;ר;א;ו;י;נ
א;ם;ת;כ;ב;ם;י;ר;ג;ח;ו;י;נ;ת;מ;ו;ם;י;ד;ב
ו;י;נ;פ;ו;ש;י;ש;ר;ת;כ;ו;ת;י;ו;ג;ו;ז;פ;ו
י;ד;י;פ;ל;כ;ו;י;נ;י;ע;ו;ק;ר;ב;ה;א;ר;מ;כ
י;ע;כ;ו;י;ת;ל;ג;ר;מ;ו;ו;י;ת;ע;ר;ז;ו;ש;א
ו;ק;כ;ו;י;ר;ב;ד;ל;ו;ק;ו;ל;ל;ק;ת;ש;ח;נ;ן
ל;ל;א;י;נ;ד;י;נ;א;י;ת;י;א;ר;ו;ן;ו;מ;ה;ל
ר;ש;א;ם;י;ש;נ;א;ה;ו;ה;א;ר;מ;ה;ת;א;י;ד;ב
ב;א;ה;א;ר;מ;ה;ת;א;ו;א;ר;א;ל;י;מ;ע;ו;י;ה
י;ו;ם;ה;י;ל;ע;ה;ל;פ;נ;ה;ל;ד;ג;ה;ד;ר;ח;ל
ל;י;ת;ר;א;ש;נ;י;נ;א;ו;א;ב;ח;ה;ב;ו;ח;ר;ב
ה;ל;ד;ג;ה;ה;א;ר;מ;ה;ת;א;ה;א;ר;א;ו;י;ד;ב
י;ד;ו;ה;ו;ח;כ;י;ב;ר;א;ש;נ;א;ל;ו;ת;א;ז;ה
ת;ר;צ;ע;א;ל;ו;ת;י;ח;ש;מ;ל;י;ל;ע;ך;פ;ה;נ
כ;ו;ו;י;ר;ב;ד;ל;ו;ק;ת;א;ע;מ;ש;א;ו;ח;כ;י
י;ה;י;נ;א;ו;ו;י;ר;ב;ד;ל;ו;ק;ת;א;י;ע;מ;ש
ה;צ;ר;א;י;נ;פ;ו;י;נ;פ;ל;ע;ם;ד;ר;נ;י;ת;י
ע;י;נ;ע;י;נ;ת;ו;י;ב;ה;ע;ג;נ;ד;י;ה;נ;ה;ו
ל;א;ר;מ;א;י;ו;י;ד;י;ת;ו;פ;כ;ו;י;כ;ר;ב;ל
ב;ד;ב;ן;ב;ה;ת;ו;ד;מ;ח;ש;י;א;ל;א;י;נ;ד;י
מ;ע;ו;ך;י;ל;א;ר;ב;ד;י;כ;נ;א;ר;ש;א;ם;י;ר
י;ל;א;י;ת;ח;ל;ש;ה;ת;ע;י;כ;ך;ד;מ;ע;ל;ע;ד
ע;ה;ז;ה;ר;ב;ד;ה;ת;א;י;מ;ע;ו;ר;ב;ד;ב;ו;ך
ת;ל;א;י;ל;א;ר;מ;א;י;ו;ד;י;ע;ר;מ;י;ת;ד;מ
ש;א;ר;ה;ם;ו;י;ה;ן;מ;י;כ;ל;א;י;נ;ד;א;ר;י
ל;ו;ן;י;ב;ה;ל;ך;ב;ל;ת;א;ת;ת;נ;ר;ש;א;ן;ו
ו;ע;מ;ש;נ;ך;י;ה;ל;א;י;נ;פ;ל;ת;ו;נ;ע;ת;ה
ו;ך;י;ר;ב;ד;ב;י;ת;א;ב;י;נ;א;ו;ך;י;ר;ב;ד
ש;ע;י;ד;ג;נ;ל;ד;מ;ע;ס;ר;פ;ת;ו;כ;ל;מ;ר;ש
א;ל;א;כ;י;מ;ה;נ;ה;ו;ם;ו;י;ד;ח;א;ו;ם;י;ר
ר;ז;ע;ל;א;ב;ם;י;נ;ש;א;ר;ה;ם;י;ר;ש;ה;ד;ח
כ;ל;מ;ל;צ;א;ם;ש;י;ת;ר;ת;ו;נ;י;נ;א;ו;י;נ
ר;ש;א;ת;א;ך;נ;י;ב;ה;ל;י;ת;א;ב;ו;ס;ר;פ;י
כ;ם;י;מ;י;ה;ת;י;ר;ח;א;ב;ך;מ;ע;ל;ה;ר;ק;י
ע;ו;ר;ב;ד;ב;ו;ם;י;מ;י;ל;ן;ו;ז;ח;ד;ו;ע;י
א;י;נ;פ;י;ת;ת;נ;ה;ל;א;ה;ם;י;ר;ב;ד;כ;י;מ
ב;ת;ו;מ;ד;כ;ה;נ;ה;ו;י;ת;מ;ל;א;נ;ו;ה;צ;ר
פ;ח;ת;פ;א;ו;י;ת;פ;ש;ל;ע;ע;ג;נ;ם;ד;א;י;נ
נ;ל;ד;מ;ע;ה;ל;א;ה;ר;מ;א;ו;ה;ר;ב;ד;א;ו;י
ר;י;צ;ו;כ;פ;ה;נ;ה;א;ר;מ;ב;י;נ;ד;א;י;ד;ג
ו;י;ך;י;ה;ו;ח;כ;י;ת;ר;צ;ע;א;ל;ו;י;ל;ע;י
נ;ד;א;ם;ע;ר;ב;ד;ל;ה;ז;י;נ;ד;א;ד;ב;ע;ל;כ
כ;י;ב;ד;מ;ע;י;א;ל;ה;ת;ע;מ;י;נ;א;ו;ה;ז;י
ו;ף;ס;י;ו;י;ב;ה;ר;א;ש;נ;א;ל;ה;מ;ש;נ;ו;ח
י;נ;ק;ז;ח;י;ו;ם;ד;א;ה;א;ר;מ;כ;י;ב;ע;ג;י
ש;ת;ו;ד;מ;ח;ש;י;א;א;ר;י;ת;ל;א;ר;מ;א;י;ו
מ;ע;ו;ר;ב;ד;ב;ו;ק;ז;ח;ו;ק;ז;ח;ך;ל;ם;ו;ל
נ;ד;א;ר;ב;ד;י;ה;ר;מ;א;ו;י;ת;ק;ז;ח;ת;ה;י
ל;ת;ע;ד;י;ה;ר;מ;א;י;ו;י;נ;ת;ק;ז;ח;י;כ;י
ה;ל;ב;ו;ש;א;ה;ת;ע;ו;ך;י;ל;א;י;ת;א;ב;ה;מ
ה;ו;א;צ;ו;י;י;נ;א;ו;ס;ר;פ;ר;ש;ם;ע;ם;ח;ל
ת;א;ך;ל;ד;י;ג;א;ל;ב;א;א;ב;ן;ו;י;ר;ש;ה;נ
מ;ד;ח;א;ן;י;א;ו;ת;מ;א;ב;ת;כ;ב;ם;ו;ש;ר;ה
א;כ;י;מ;ם;א;י;כ;ה;ל;א;ל;ע;י;מ;ע;ק;ז;ח;ת
י;ר;ד;ל;ת;ח;א;ת;נ;ש;ב;י;נ;א;ו;ם;כ;ר;ש;ל
ע;מ;ל;ו;ק;י;ז;ח;מ;ל;י;ד;מ;ע;י;ד;מ;ה;ש;ו
ה;נ;ה;ך;ל;ד;י;ג;א;ת;מ;א;ה;ת;ע;ו;ו;ל;ז;ו
ר;פ;ל;ם;י;ד;מ;ע;ם;י;כ;ל;מ;ה;ש;ל;ש;ד;ו;ע
ל;ו;ד;ג;ר;ש;ע;ר;י;ש;ע;י;י;ע;י;ב;ר;ה;ו;ס
ה;ר;י;ע;י;ו;ר;ש;ע;ב;ו;ת;ק;ז;ח;כ;ו;ל;כ;מ
ג;ך;ל;מ;ד;מ;ע;ו;ן;ו;י;ת;ו;כ;ל;מ;ת;א;ל;כ
צ;ר;כ;ה;ש;ע;ו;ב;ר;ל;ש;מ;מ;ל;ש;מ;ו;ר;ו;ב
ו;ו;ת;ו;כ;ל;מ;ר;ב;ש;ת;ו;ד;מ;ע;כ;ו;ו;נ;ו
ל;ו;ם;י;מ;ש;ה;ת;ו;ח;ו;ר;ע;ב;ר;א;ל;ץ;ח;ת
מ;ר;ש;א;ו;ל;ש;מ;כ;א;ל;ו;ו;ת;י;ר;ח;א;ל;א
י;ר;ח;א;ל;ו;ו;ת;ו;כ;ל;מ;ש;ת;נ;ת;י;כ;ל;ש
ב;ג;נ;ה;ך;ל;מ;ק;ז;ח;י;ו;ה;ל;א;ד;ב;ל;מ;ם
ל;ש;מ;ו;ו;י;ל;ע;ק;ז;ח;י;ו;ו;י;ר;ש;ן;מ;ו
ם;י;נ;ש;ץ;ק;ל;ו;ו;ת;ל;ש;מ;מ;ב;ר;ל;ש;מ;מ
א;ו;ב;ת;ב;ג;נ;ה;ך;ל;מ;ת;ב;ו;ו;ר;ב;ח;ת;י
י;ר;ש;י;מ;ת;ו;ש;ע;ל;ן;ו;פ;צ;ה;ך;ל;מ;ל;א
י;א;ל;ו;ע;ו;ר;ז;ה;ח;ו;כ;ר;צ;ע;ת;א;ל;ו;ם
י;ב;מ;ו;א;י;ה;ן;ת;נ;ת;ו;ו;ע;ר;ז;ו;ד;מ;ע
ם;י;ת;ע;ב;ה;ק;ז;ח;מ;ו;ה;ד;ל;י;ה;ו;ה;י;א
א;ב;י;ו;ו;נ;כ;ה;י;ש;ר;ש;ר;צ;נ;מ;ד;מ;ע;ו
צ;ה;ך;ל;מ;ז;ו;ע;מ;ב;א;ב;י;ו;ל;י;ח;ה;ל;א
א;ם;ג;ו;ק;י;ז;ח;ה;ו;ם;ה;ב;ה;ש;ע;ו;ן;ו;פ
מ;ח;י;ל;כ;ם;ע;ם;ה;י;כ;ס;נ;ם;ע;ם;ה;י;ה;ל
ר;צ;מ;א;ב;י;י;ב;ש;ב;ב;ה;ז;ו;ף;ס;כ;ם;ת;ד
צ;ה;ך;ל;מ;מ;ד;מ;ע;י;ם;י;נ;ש;א;ו;ה;ו;ם;י
ו;ב;ג;נ;ה;ך;ל;מ;ת;ו;כ;ל;מ;ב;א;ב;ו;ן;ו;פ
א;ו;ו;ר;ג;ת;י;ו;נ;ב;ו;ו;ת;מ;ד;א;ל;א;ב;ש
ב;א;ב;ו;ם;י;ב;ר;ם;י;ל;י;ח;ן;ו;מ;ה;ו;פ;ס
ו;ר;ג;ת;י;ו;ב;ש;י;ו;ר;ב;ע;ו;ף;ט;ש;ו;א;ו
ב;ג;נ;ה;ך;ל;מ;ר;מ;ר;מ;ת;י;ו;ה;ז;ע;מ;ד;ע
פ;צ;ה;ך;ל;מ;ם;ע;ו;מ;ע;ם;ח;ל;נ;ו;א;צ;י;ו
ה;ה;ן;ת;נ;ו;ב;ר;ן;ו;מ;ה;ד;י;מ;ע;ה;ו;ן;ו
ם;ו;ר;י;ן;ו;מ;ה;ה;א;ש;נ;ו;ו;ד;י;ב;ן;ו;מ
ו;ע;י;א;ל;ו;ת;ו;א;ב;ר;ל;י;פ;ה;ו;ו;ב;ב;ל
מ;ה;ד;י;מ;ע;ה;ו;ן;ו;פ;צ;ה;ך;ל;מ;ב;ש;ו;ז
י;ת;ע;ה;ץ;ק;ל;ו;ן;ו;ש;א;ר;ה;ן;מ;ב;ר;ן;ו
ל;ו;ד;ג;ל;י;ח;ב;א;ו;ב;א;ו;ב;י;ם;י;נ;ש;ם
י;ב;ר;ם;ה;ה;ם;י;ת;ע;ב;ו;ב;ר;ש;ו;כ;ר;ב;ו
פ;י;נ;ב;ו;ב;ג;נ;ה;ך;ל;מ;ל;ע;ו;ד;מ;ע;י;ם
ז;ח;ד;י;מ;ע;ה;ל;ו;א;ש;נ;י;ך;מ;ע;י;צ;י;ר
ן;ו;פ;צ;ה;ך;ל;מ;א;ב;י;ו;ו;ל;ש;כ;נ;ו;ן;ו
צ;ב;מ;ר;י;ע;ד;כ;ל;ו;ה;ל;ל;ו;ס;ך;פ;ש;י;ו
ו;ד;מ;ע;י;א;ל;ב;ג;נ;ה;ת;ו;ע;ר;ז;ו;ת;ו;ר
ו;ד;מ;ע;ל;ח;כ;ן;י;א;ו;ו;י;ר;ח;ב;מ;ם;ע;ו
ן;י;א;ו;ו;נ;ו;צ;ר;כ;ו;י;ל;א;א;ב;ה;ש;ע;י
צ;ה;ץ;ר;א;ב;ד;מ;ע;י;ו;ו;י;נ;פ;ל;ד;מ;ו;ע
ב;ל;ו;י;נ;פ;ם;ש;י;ו;ו;ד;י;ב;ה;ל;כ;ו;י;ב
ם;י;ר;ש;י;ו;ו;ת;ו;כ;ל;מ;ל;כ;ף;ק;ת;ב;א;ו
ו;ל;ן;ת;י;ם;י;ש;נ;ה;ת;ב;ו;ה;ש;ע;ו;ו;מ;ע
ת;ו;ל;א;ל;ו;ד;מ;ע;ת;א;ל;ו;ה;ת;י;ח;ש;ה;ל
ד;כ;ל;ו;ם;י;י;א;ל;ו;י;נ;פ;ב;ש;י;ו;ה;י;ה
ל;ו;ת;פ;ר;ח;ן;י;צ;ק;ת;י;ב;ש;ה;ו;ם;י;ב;ר
ב;ש;י;ו;ו;ל;ב;י;ש;י;ו;ת;פ;ר;ח;י;ת;ל;ב;ו
ו;ל;ש;כ;נ;ו;ו;צ;ר;א;י;ז;ו;ע;מ;ל;ו;י;נ;פ
מ;ו;נ;כ;ל;ע;ד;מ;ע;ו;א;צ;מ;י;א;ל;ו;ל;פ;נ
מ;י;ב;ו;ת;ו;כ;ל;מ;ר;ד;ה;ש;ג;ו;נ;ר;י;ב;ע
ו;ם;י;פ;א;ב;א;ל;ו;ר;ב;ש;י;ם;י;ד;ח;א;ם;י
ז;ב;נ;ו;נ;כ;ל;ע;ד;מ;ע;ו;ה;מ;ח;ל;מ;ב;א;ל
ת;ו;כ;ל;מ;ד;ו;ה;ו;י;ל;ע;ו;נ;ת;נ;א;ל;ו;ה
ב;ת;ו;כ;ל;מ;ק;י;ז;ח;ה;ו;ה;ו;ל;ש;ב;א;ב;ו
ט;ש;י;ף;ט;ש;ה;ת;ו;ע;ר;ז;ו;ת;ו;ק;ל;ק;ל;ח
י;ג;נ;ם;ג;ו;ו;ר;ב;ש;י;ו;ו;י;נ;פ;ל;מ;ו;פ
י;ו;י;ל;א;ת;ו;ר;ב;ח;ת;ה;ן;מ;ו;ת;י;ר;ב;ד
ג;ט;ע;מ;ב;ם;צ;ע;ו;ה;ל;ע;ו;ה;מ;ר;מ;ה;ש;ע
י;ה;נ;י;ד;מ;י;נ;מ;ש;מ;ב;ו;ה;ו;ל;ש;ב;י;ו
ו;י;ת;ב;א;ו;ש;ע;א;ל;ר;ש;א;ה;ש;ע;ו;א;ו;ב
כ;ר;ו;ל;ל;ש;ו;ה;ז;ב;ו;י;ת;ב;א;ת;ו;ב;א;ו
י;ם;י;ר;צ;ב;מ;ל;ע;ו;ר;ו;ז;ב;י;ם;ה;ל;ש;ו
כ;ר;ע;י;ו;ת;ע;ד;ע;ו;ו;י;ת;ב;ש;ח;מ;ב;ש;ח
ל;י;ח;ב;ב;ג;נ;ה;ך;ל;מ;ל;ע;ו;ב;ב;ל;ו;ו;ח
ל;מ;ל;ה;ר;ג;ת;י;ב;ג;נ;ה;ך;ל;מ;ו;ל;ו;ד;ג
א;מ;ד;ע;ם;ו;צ;ע;ו;ל;ו;ד;ג;ל;י;ח;ב;ה;מ;ח
מ;ו;י;ל;ע;ו;ב;ש;ח;י;י;כ;ד;מ;ע;י;א;ל;ו;ד
ו;ר;ב;ש;י;ו;ג;ב;ת;פ;י;ל;כ;א;ו;ת;ו;ב;ש;ח
ל;ל;ח;ו;ל;פ;נ;ו;ף;ו;ט;ש;י;ו;ל;י;ח;ו;ו;ה
ב;ל;ם;י;כ;ל;מ;ה;ם;ה;י;נ;ש;ו;ם;י;ב;ר;ם;י
י;ב;ז;כ;ד;ח;א;ן;ח;ל;ש;ל;ע;ו;ע;ר;מ;ל;ם;ב
מ;ל;ץ;ק;ד;ו;ע;י;כ;ח;ל;צ;ת;א;ל;ו;ו;ר;ב;ד
ל;ו;ד;ג;ש;ו;כ;ר;ב;ו;צ;ר;א;ב;ש;י;ו;ד;ע;ו
ש;ו;ה;ש;ע;ו;ש;ד;ק;ת;י;ר;ב;ל;ע;ו;ב;ב;ל;ו
נ;ב;א;ב;ו;ב;ו;ש;י;ד;ע;ו;מ;ל;ו;צ;ר;א;ל;ב
ר;ח;א;כ;ו;ה;נ;ש;א;ר;כ;ה;י;ה;ת;א;ל;ו;ב;ג
א;כ;נ;ו;ם;י;ת;כ;ם;י;י;צ;ו;ב;ו;א;ב;ו;ה;נ
ע;ו;ש;ד;ו;ק;ת;י;ר;ב;ל;ע;ם;ע;ז;ו;ב;ש;ו;ה
ק;ת;י;ר;ב;י;ב;ז;ע;ל;ע;ן;ב;י;ו;ב;ש;ו;ה;ש
ל;ח;ו;ו;ד;מ;ע;י;ו;נ;מ;מ;ם;י;ע;ר;ז;ו;ש;ד
ת;ה;ו;ר;י;ס;ה;ו;ז;ו;ע;מ;ה;ש;ד;ק;מ;ה;ו;ל
מ;ו;ם;מ;ו;ש;מ;ץ;ו;ק;ש;ה;ו;נ;ת;נ;ו;ד;י;מ
ת;ו;ק;ל;ח;ב;ף;י;נ;ח;י;ת;י;ר;ב;י;ע;י;ש;ר
ש;ע;ו;ו;ק;ז;ח;י;ו;י;ה;ל;א;י;ע;ד;י;ם;ע;ו
ם;י;ב;ר;ל;ו;נ;י;ב;י;ם;ע;י;ל;י;כ;ש;מ;ו;ו
י;ב;ש;ב;ה;ב;ה;ל;ב;ו;ב;ר;ח;ב;ו;ל;ש;כ;נ;ו
ר;ז;ע;י;ם;ל;ש;כ;ה;ב;ו;ם;י;מ;י;ה;ז;ב;ב;ו
י;ב;ר;ם;ה;י;ל;ע;ו;ו;ל;נ;ו;ט;ע;מ;ר;ז;ע;ו
ם;י;ל;י;כ;ש;מ;ה;ן;מ;ו;ת;ו;ק;ל;ק;ל;ח;ב;ם
ל;ו;ר;ר;ב;ל;ו;ם;ה;ב;ף;ו;ר;צ;ל;ו;ל;ש;כ;י
ו;ד;ע;ו;מ;ל;ד;ו;ע;י;כ;ץ;ק;ת;ע;ד;ע;ן;ב;ל
ם;מ;ו;ר;ת;י;ו;ך;ל;מ;ה;ו;נ;ו;צ;ר;כ;ה;ש;ע
י;ל;א;ל;א;ל;ע;ו;ל;א;ל;כ;ל;ע;ל;ד;ג;ת;י;ו
כ;ד;ע;ח;י;ל;צ;ה;ו;ת;ו;א;ל;פ;נ;ר;ב;ד;י;ם
ל;ע;ו;ה;ת;ש;ע;נ;ה;צ;ר;ח;נ;י;כ;ם;ע;ז;ה;ל
מ;ח;ל;ע;ו;ן;י;ב;י;א;ל;ו;י;ת;ב;א;י;ה;ל;א
י;ב;י;א;ל;ה;ו;ל;א;ל;כ;ל;ע;ו;ם;י;ש;נ;ת;ד
ז;ע;מ;ה;ל;א;ל;ו;ל;ד;ג;ת;י;ל;כ;ל;ע;י;כ;ן
ר;ש;א;ה;ו;ל;א;ל;ו;ד;ב;כ;י;ו;נ;כ;ל;ע;ם;י
ב;ה;ז;ב;ד;ב;כ;י;ו;י;ת;ב;א;ו;ה;ע;ד;י;א;ל
ו;ד;מ;ח;ב;ו;ה;ר;ק;י;ן;ב;א;ב;ו;ף;ס;כ;ב;ו
ל;א;ם;ע;ם;י;ז;ע;מ;י;ר;צ;ב;מ;ל;ה;ש;ע;ו;ת
ד;ו;ב;כ;ה;ב;ר;י;ר;י;כ;ה;ר;ש;א;ר;כ;נ;ה;ו
ל;ח;י;ה;מ;ד;א;ו;ם;י;ב;ר;ב;ם;ל;י;ש;מ;ה;ו
ו;מ;ע;ח;ג;נ;ת;י;ץ;ק;ת;ע;ב;ו;ר;י;ח;מ;ב;ק
ך;ל;מ;ו;י;ל;ע;ר;ע;ת;ש;י;ו;ב;ג;נ;ה;ך;ל;מ
נ;א;ב;ו;ם;י;ש;ר;פ;ב;ו;ב;כ;ר;ב;ן;ו;פ;צ;ה
ף;ט;ש;ו;ת;ו;צ;ר;א;ב;א;ב;ו;ת;ו;ב;ר;ת;ו;י
ת;ו;ב;ר;ו;י;ב;צ;ה;ץ;ר;א;ב;א;ב;ו;ר;ב;ע;ו
ד;א;ו;ד;י;מ;ו;ט;ל;מ;י;ה;ל;א;ו;ו;ל;ש;כ;י
ן;ו;מ;ע;י;נ;ב;ת;י;ש;א;ר;ו;ב;א;ו;מ;ו;ם;ו
צ;מ;ץ;ר;א;ו;ת;ו;צ;ר;א;ב;ו;ד;י;ח;ל;ש;י;ו
ב;ל;ש;מ;ו;ה;ט;י;ל;פ;ל;ה;י;ה;ת;א;ל;ם;י;ר
מ;ח;ל;כ;ב;ו;ף;ס;כ;ה;ו;ב;ה;ז;ה;י;נ;מ;כ;מ
מ;ב;ם;י;ש;כ;ו;ם;י;ב;ל;ו;ם;י;ר;צ;מ;ת;ו;ד
ז;מ;מ;ו;ה;ל;ה;ב;י;ת;ו;ע;מ;ש;ו;ו;י;ד;ע;צ
ה;ל;ד;ג;א;מ;ח;ב;א;צ;י;ו;ן;ו;פ;צ;מ;ו;ח;ר
ט;י;ו;ם;י;ב;ר;ם;י;ר;ח;ה;ל;ו;ד;י;מ;ש;ה;ל
ר;ה;ל;ם;י;מ;י;ן;י;ב;ו;נ;ד;פ;א;י;ל;ה;א;ע
ו;ע;ן;י;א;ו;ו;צ;ק;ד;ע;א;ב;ו;ש;ד;ק;י;ב;צ
א;כ;י;מ;ד;מ;ע;י;א;י;ה;ה;ת;ע;ב;ו;ו;ל;ר;ז
מ;ע;י;נ;ב;ל;ע;ד;מ;ע;ה;ל;ו;ד;ג;ה;ר;ש;ה;ל
ת;י;ה;נ;א;ל;ר;ש;א;ה;ר;צ;ת;ע;ה;ת;י;ה;ו;ך
ב;ו;א;י;ה;ה;ת;ע;ה;ד;ע;י;ו;ג;ת;ו;י;ה;מ;ה
א;צ;מ;נ;ה;ל;כ;ך;מ;ע;ט;ל;מ;י;א;י;ה;ה;ת;ע
ד;א;י;נ;ש;י;מ;ם;י;ב;ר;ו;ר;פ;ס;ב;ב;ו;ת;כ
ל;ו;ע;י;י;ח;ל;ה;ל;א;ו;צ;י;ק;י;ר;פ;ע;ת;מ
ל;ו;ע;ן;ו;א;ר;ד;ל;ת;ו;פ;ר;ח;ל;ה;ל;א;ו;ם
ר;ה;ר;ה;ז;כ;ו;ר;ה;ז;י;ם;י;ל;כ;ש;מ;ה;ו;ם
ב;כ;ו;כ;כ;ם;י;ב;ר;ה;י;ק;י;ד;צ;מ;ו;ע;י;ק
ס;ל;א;י;נ;ד;ה;ת;א;ו;ד;ע;ו;ם;ל;ו;ע;ל;ם;י
ת;ע;ד;ע;ר;פ;ס;ה;ם;ת;ח;ו;ם;י;ר;ב;ד;ה;ם;ת
ת;ע;ד;ה;ה;ב;ר;ת;ו;ם;י;ב;ר;ו;ט;ט;ש;י;ץ;ק
נ;ש;ה;נ;ה;ו;ל;א;י;נ;ד;י;נ;א;י;ת;י;א;ר;ו
ש;ל;ה;נ;ה;ד;ח;א;ם;י;ד;מ;ע;ם;י;ר;ח;א;ם;י
א;י;ה;ת;פ;ש;ל;ה;נ;ה;ד;ח;א;ו;ר;א;י;ה;ת;פ
א;ם;י;ד;ב;ה;ש;ו;ב;ל;ש;י;א;ל;ר;מ;א;י;ו;ר
י;ת;מ;ד;ע;ר;א;י;ה;י;מ;י;מ;ל;ל;ע;מ;מ;ר;ש
ל;ש;י;א;ה;ת;א;ע;מ;ש;א;ו;ת;ו;א;ל;פ;ה;ץ;ק
י;מ;י;מ;ל;ל;ע;מ;מ;ר;ש;א;ם;י;ד;ב;ה;ש;ו;ב
א;ו;ל;א;מ;ש;ו;ו;נ;י;מ;י;ם;ר;י;ו;ר;א;י;ה
כ;ם;ל;ו;ע;ה;י;ח;ב;ע;ב;ש;י;ו;ם;י;מ;ש;ה;ל
ל;כ;כ;ו;י;צ;ח;ו;ם;י;ד;ע;ו;מ;ד;ע;ו;מ;ל;י
ל;כ;ה;נ;י;ל;כ;ת;ש;ד;ק;ם;ע;ד;י;ץ;פ;נ;ת;ו
ו;ן;י;ב;א;א;ל;ו;י;ת;ע;מ;ש;י;נ;א;ו;ה;ל;א
י;ו;ה;ל;א;ת;י;ר;ח;א;ה;מ;י;נ;ד;א;ה;ר;מ;א
ת;ח;ו;ם;י;מ;ת;ס;י;כ;ל;א;י;נ;ד;ך;ל;ר;מ;א
ר;ר;ב;ת;י;ץ;ק;ת;ע;ד;ע;ם;י;ר;ב;ד;ה;ם;י;מ
ה;ו;ם;י;ב;ר;ו;פ;ר;צ;י;ו;ו;נ;ב;ל;ת;י;ו;ו
ל;כ;ו;נ;י;ב;י;א;ל;ו;ם;י;ע;ש;ר;ו;ע;י;ש;ר
מ;ו;ו;נ;י;ב;י;ם;י;ל;כ;ש;מ;ה;ו;ם;י;ע;ש;ר
ש;ץ;ו;ק;ש;ת;ת;ל;ו;ד;י;מ;ת;ה;ר;ס;ו;ה;ת;ע
ם;י;ע;ש;ת;ו;ם;י;ת;א;מ;ף;ל;א;ם;י;מ;י;ם;מ
א;ם;י;מ;י;ל;ע;י;ג;י;ו;ה;כ;ח;מ;ה;י;ר;ש;א
ו;ה;ש;מ;ח;ו;ם;י;ש;ל;ש;ת;ו;א;מ;ש;ל;ש;ף;ל
ג;ל;ד;מ;ע;ת;ו;ח;ו;נ;ת;ו;ץ;ק;ל;ך;ל;ה;ת;א
 ; ; ; ; ; ; ; ; ;ן;י;מ;י;ה;ץ;ק;ל;ך;ל;ר
