א;ה;ו;ה;י;ר;ב;ד;י;ו;ה;ש;מ;ל;א;א;ר;ק;י;ו
ל;א;ר;ב;ד;ר;מ;א;ל;ד;ע;ו;מ;ל;ה;א;מ;ו;י;ל
ם;ד;א;ם;ה;ל;א;ת;ר;מ;א;ו;ל;א;ר;ש;י;י;נ;ב
מ;ה;ו;ה;י;ל;ן;ב;ר;ק;ם;כ;מ;ב;י;ר;ק;י;י;כ
ת;ן;א;צ;ה;ן;מ;ו;ר;ק;ב;ה;ן;מ;ה;מ;ה;ב;ה;ן
ר;ק;ה;ל;ע;ם;א;ם;כ;נ;ב;ר;ק;ת;א;ו;ב;י;ר;ק
י;ר;ק;י;ם;י;מ;ת;ר;כ;ז;ר;ק;ב;ה;ן;מ;ו;נ;ב
ב;י;ר;ק;י;ד;ע;ו;מ;ל;ה;א;ח;ת;פ;ל;א;ו;נ;ב
ך;מ;ס;ו;ה;ו;ה;י;י;נ;פ;ל;ו;נ;צ;ר;ל;ו;ת;א
ל;ו;ל;ה;צ;ר;נ;ו;ה;ל;ע;ה;ש;א;ר;ל;ע;ו;ד;י
ל;ר;ק;ב;ה;ן;ב;ת;א;ט;ח;ש;ו;ו;י;ל;ע;ר;פ;כ
ר;ה;א;י;נ;ב;ו;ב;י;ר;ק;ה;ו;ה;ו;ה;י;י;נ;פ
ה;ת;א;ו;ק;ר;ז;ו;ם;ד;ה;ת;א;ם;י;נ;ה;כ;ה;ן
א;ח;ת;פ;ר;ש;א;ב;י;ב;ס;ח;ב;ז;מ;ה;ל;ע;ם;ד
נ;ו;ה;ל;ע;ה;ת;א;ט;י;ש;פ;ה;ו;ד;ע;ו;מ;ל;ה
א;י;נ;ב;ו;נ;ת;נ;ו;ה;י;ח;ת;נ;ל;ה;ת;א;ח;ת
כ;ר;ע;ו;ח;ב;ז;מ;ה;ל;ע;ש;א;ן;ה;כ;ה;ן;ר;ה
ה;א;י;נ;ב;ו;כ;ר;ע;ו;ש;א;ה;ל;ע;ם;י;צ;ע;ו
ר;ה;ת;א;ם;י;ח;ת;נ;ה;ת;א;ם;י;נ;ה;כ;ה;ן;ר
ע;ר;ש;א;ם;י;צ;ע;ה;ל;ע;ר;ד;פ;ה;ת;א;ו;ש;א
ו;ו;ב;ר;ק;ו;ח;ב;ז;מ;ה;ל;ע;ר;ש;א;ש;א;ה;ל
ה;ר;י;ט;ק;ה;ו;ם;י;מ;ב;ץ;ח;ר;י;ו;י;ע;ר;כ
ה;ש;א;ה;ל;ע;ה;ח;ב;ז;מ;ה;ל;כ;ה;ת;א;ן;ה;כ
צ;ה;ן;מ;ם;א;ו;ה;ו;ה;י;ל;ח;ו;ח;י;נ;ח;י;ר
ה;ן;מ;ו;א;ם;י;ב;ש;כ;ה;ן;מ;ו;נ;ב;ר;ק;ן;א
ב;י;ר;ק;י;ם;י;מ;ת;ר;כ;ז;ה;ל;ע;ל;ם;י;ז;ע
צ;ח;ב;ז;מ;ה;ך;ר;י;ל;ע;ו;ת;א;ט;ח;ש;ו;ו;נ
א;י;נ;ב;ו;ק;ר;ז;ו;ה;ו;ה;י;י;נ;פ;ל;ה;נ;פ
ב;ז;מ;ה;ל;ע;ו;מ;ד;ת;א;ם;י;נ;ה;כ;ה;ן;ר;ה
א;ו;ו;י;ח;ת;נ;ל;ו;ת;א;ח;ת;נ;ו;ב;י;ב;ס;ח
ן;ה;כ;ה;ך;ר;ע;ו;ו;ר;ד;פ;ת;א;ו;ו;ש;א;ר;ת
ש;א;ש;א;ה;ל;ע;ר;ש;א;ם;י;צ;ע;ה;ל;ע;ם;ת;א
ם;י;ע;ר;כ;ה;ו;ב;ר;ק;ה;ו;ח;ב;ז;מ;ה;ל;ע;ר
ת;א;ן;ה;כ;ה;ב;י;ר;ק;ה;ו;ם;י;מ;ב;ץ;ח;ר;י
ו;ה;ה;ל;ע;ה;ח;ב;ז;מ;ה;ר;י;ט;ק;ה;ו;ל;כ;ה
מ;ם;א;ו;ה;ו;ה;י;ל;ח;ח;י;נ;ח;י;ר;ה;ש;א;א
ה;ו;ה;ו;ה;י;ל;ו;נ;ב;ר;ק;ה;ל;ע;ף;ו;ע;ה;ן
י;ה;י;נ;ב;ן;מ;ו;א;ם;י;ר;ת;ה;ן;מ;ב;י;ר;ק
ה;כ;ה;ו;ב;י;ר;ק;ה;ו;ו;נ;ב;ר;ק;ת;א;ה;נ;ו
ה;ו;ו;ש;א;ר;ת;א;ק;ל;מ;ו;ח;ב;ז;מ;ה;ל;א;ן
ל;ע;ו;מ;ד;ה;צ;מ;נ;ו;ה;ח;ב;ז;מ;ה;ר;י;ט;ק
ו;ת;א;ר;מ;ת;א;ר;י;ס;ה;ו;ח;ב;ז;מ;ה;ר;י;ק
ז;מ;ה;ל;צ;א;ה;ת;א;ך;י;ל;ש;ה;ו;ה;ת;צ;נ;ב
ע;ס;ש;ו;ן;ש;ד;ה;ם;ו;ק;מ;ל;א;ה;מ;ד;ק;ח;ב
ט;ק;ה;ו;ל;י;ד;ב;י;א;ל;ו;י;פ;נ;כ;ב;ו;ת;א
צ;ע;ה;ל;ע;ה;ח;ב;ז;מ;ה;ן;ה;כ;ה;ו;ת;א;ר;י
ר;ה;ש;א;א;ו;ה;ה;ל;ע;ש;א;ה;ל;ע;ר;ש;א;ם;י
ר;ק;ת;י;כ;ש;פ;נ;ו;ה;ו;ה;י;ל;ח;ח;י;נ;ח;י
ה;י;ת;ל;ס;ה;ו;ה;י;ל;ה;ח;נ;מ;ן;ב;ר;ק;ב;י
נ;ו;ן;מ;ש;ה;י;ל;ע;ק;צ;י;ו;ו;נ;ב;ר;ק;ה;י
נ;ב;ל;א;ה;א;י;ב;ה;ו;ה;נ;ב;ל;ה;י;ל;ע;ן;ת
ל;מ;ם;ש;מ;ץ;מ;ק;ו;ם;י;נ;ה;כ;ה;ן;ר;ה;א;י
ל;כ;ל;ע;ה;נ;מ;ש;מ;ו;ה;ת;ל;ס;מ;ו;צ;מ;ק;א
כ;ז;א;ת;א;ן;ה;כ;ה;ר;י;ט;ק;ה;ו;ה;ת;נ;ב;ל
ל;ח;ח;י;נ;ח;י;ר;ה;ש;א;ה;ח;ב;ז;מ;ה;ה;ת;ר
א;ל;ה;ח;נ;מ;ה;ן;מ;ת;ר;ת;ו;נ;ה;ו;ה;ו;ה;י
ש;א;מ;ם;י;ש;ד;ק;ש;ד;ק;ו;י;נ;ב;ל;ו;ן;ר;ה
ה;ח;נ;מ;ן;ב;ר;ק;ב;ר;ק;ת;י;כ;ו;ה;ו;ה;י;י
ל;ב;ת;צ;מ;ת;ו;ל;ח;ת;ל;ס;ר;ו;נ;ת;ה;פ;א;מ
ח;ש;מ;ת;ו;צ;מ;י;ק;י;ק;ר;ו;ן;מ;ש;ב;ת;ל;ו
ת;ב;ח;מ;ה;ל;ע;ה;ח;נ;מ;ם;א;ו;ן;מ;ש;ב;ם;י
ה;צ;מ;ן;מ;ש;ב;ה;ל;ו;ל;ב;ת;ל;ס;ך;נ;ב;ר;ק
ת;ק;צ;י;ו;ם;י;ת;פ;ה;ת;א;ת;ו;ת;פ;ה;י;ה;ת
ח;נ;מ;ם;א;ו;א;ו;ה;ה;ח;נ;מ;ן;מ;ש;ה;י;ל;ע
ע;ת;ן;מ;ש;ב;ת;ל;ס;ך;נ;ב;ר;ק;ת;ש;ח;ר;מ;ת
ש;ע;י;ר;ש;א;ה;ח;נ;מ;ה;ת;א;ת;א;ב;ה;ו;ה;ש
ה;ל;א;ה;ב;י;ר;ק;ה;ו;ה;ו;ה;י;ל;ה;ל;א;מ;ה
י;ר;ה;ו;ח;ב;ז;מ;ה;ל;א;ה;ש;י;ג;ה;ו;ן;ה;כ
ה;ת;ר;כ;ז;א;ת;א;ה;ח;נ;מ;ה;ן;מ;ן;ה;כ;ה;ם
י;נ;ח;י;ר;ה;ש;א;ה;ח;ב;ז;מ;ה;ר;י;ט;ק;ה;ו
ח;נ;מ;ה;ן;מ;ת;ר;ת;ו;נ;ה;ו;ה;ו;ה;י;ל;ח;ח
ם;י;ש;ד;ק;ש;ד;ק;ו;י;נ;ב;ל;ו;ן;ר;ה;א;ל;ה
ק;ת;ר;ש;א;ה;ח;נ;מ;ה;ל;כ;ה;ו;ה;י;י;ש;א;מ
י;כ;ץ;מ;ח;ה;ש;ע;ת;א;ל;ה;ו;ה;י;ל;ו;ב;י;ר
מ;ו;ר;י;ט;ק;ת;א;ל;ש;ב;ד;ל;כ;ו;ר;א;ש;ל;כ
ת;י;ש;א;ר;ן;ב;ר;ק;ה;ו;ה;י;ל;ה;ש;א;ו;נ;מ
ז;מ;ה;ל;א;ו;ה;ו;ה;י;ל;ם;ת;א;ו;ב;י;ר;ק;ת
ק;ל;כ;ו;ח;ח;י;נ;ח;י;ר;ל;ו;ל;ע;י;א;ל;ח;ב
ת;א;ל;ו;ח;ל;מ;ת;ח;ל;מ;ב;ך;ת;ח;נ;מ;ן;ב;ר
מ;ל;ע;מ;ך;י;ה;ל;א;ת;י;ר;ב;ח;ל;מ;ת;י;ב;ש
ל;מ;ב;י;ר;ק;ת;ך;נ;ב;ר;ק;ל;כ;ל;ע;ך;ת;ח;נ
ל;ם;י;ר;ו;כ;ב;ת;ח;נ;מ;ב;י;ר;ק;ת;ם;א;ו;ח
ר;כ;ש;ר;ג;ש;א;ב;י;ו;ל;ק;ב;י;ב;א;ה;ו;ה;י
ו;ך;י;ר;ו;כ;ב;ת;ח;נ;מ;ת;א;ב;י;ר;ק;ת;ל;מ
ב;ל;ה;י;ל;ע;ת;מ;ש;ו;ן;מ;ש;ה;י;ל;ע;ת;ת;נ
א;ן;ה;כ;ה;ר;י;ט;ק;ה;ו;א;ו;ה;ה;ח;נ;מ;ה;נ
ל;ע;ה;נ;מ;ש;מ;ו;ה;ש;ר;ג;מ;ה;ת;ר;כ;ז;א;ת
ב;ז;ם;א;ו;ה;ו;ה;י;ל;ה;ש;א;ה;ת;נ;ב;ל;ל;כ
ה;ר;ק;ב;ה;ן;מ;ם;א;ו;נ;ב;ר;ק;ם;י;מ;ל;ש;ח
מ;ת;ה;ב;ק;נ;ם;א;ר;כ;ז;ם;א;ב;י;ר;ק;מ;א;ו
מ;ס;ו;ה;ו;ה;י;י;נ;פ;ל;ו;נ;ב;י;ר;ק;י;ם;י
פ;ו;ט;ח;ש;ו;ו;נ;ב;ר;ק;ש;א;ר;ל;ע;ו;ד;י;ך
ר;ה;א;י;נ;ב;ו;ק;ר;ז;ו;ד;ע;ו;מ;ל;ה;א;ח;ת
ס;ח;ב;ז;מ;ה;ל;ע;ם;ד;ה;ת;א;ם;י;נ;ה;כ;ה;ן
א;ם;י;מ;ל;ש;ה;ח;ב;ז;מ;ב;י;ר;ק;ה;ו;ב;י;ב
ת;א;ה;ס;כ;מ;ה;ב;ל;ח;ה;ת;א;ה;ו;ה;י;ל;ה;ש
ק;ה;ל;ע;ר;ש;א;ב;ל;ח;ה;ל;כ;ת;א;ו;ב;ר;ק;ה
ב;ל;ח;ה;ת;א;ו;ת;י;ל;כ;ה;י;ת;ש;ת;א;ו;ב;ר
א;ו;ם;י;ל;ס;כ;ה;ל;ע;ר;ש;א;ן;ה;ל;ע;ר;ש;א
ת;ו;י;ל;כ;ה;ל;ע;ד;ב;כ;ה;ל;ע;ת;ר;ת;י;ה;ת
א;י;נ;ב;ו;ת;א;ו;ר;י;ט;ק;ה;ו;ה;נ;ר;י;ס;י
ל;ע;ר;ש;א;ה;ל;ע;ה;ל;ע;ה;ח;ב;ז;מ;ה;ן;ר;ה
נ;ח;י;ר;ה;ש;א;ש;א;ה;ל;ע;ר;ש;א;ם;י;צ;ע;ה
ב;ר;ק;ן;א;צ;ה;ן;מ;ם;א;ו;ה;ו;ה;י;ל;ח;ח;י
א;ר;כ;ז;ה;ו;ה;י;ל;ם;י;מ;ל;ש;ח;ב;ז;ל;ו;נ
ש;כ;ם;א;ו;נ;ב;י;ר;ק;י;ם;י;מ;ת;ה;ב;ק;נ;ו
ר;ק;ה;ו;ו;נ;ב;ר;ק;ת;א;ב;י;ר;ק;מ;א;ו;ה;ב
י;ת;א;ך;מ;ס;ו;ה;ו;ה;י;י;נ;פ;ל;ו;ת;א;ב;י
ל;ו;ת;א;ט;ח;ש;ו;ו;נ;ב;ר;ק;ש;א;ר;ל;ע;ו;ד
ה;א;י;נ;ב;ו;ק;ר;ז;ו;ד;ע;ו;מ;ל;ה;א;י;נ;פ
ה;ו;ב;י;ב;ס;ח;ב;ז;מ;ה;ל;ע;ו;מ;ד;ת;א;ן;ר
ה;י;ל;ה;ש;א;ם;י;מ;ל;ש;ה;ח;ב;ז;מ;ב;י;ר;ק
ת;מ;ע;ל;ה;מ;י;מ;ת;ה;י;ל;א;ה;ו;ב;ל;ח;ה;ו
כ;מ;ה;ב;ל;ח;ה;ת;א;ו;ה;נ;ר;י;ס;י;ה;צ;ע;ה
ר;ש;א;ב;ל;ח;ה;ל;כ;ת;א;ו;ב;ר;ק;ה;ת;א;ה;ס
ת;א;ו;ת;י;ל;כ;ה;י;ת;ש;ת;א;ו;ב;ר;ק;ה;ל;ע
ל;ס;כ;ה;ל;ע;ר;ש;א;ן;ה;ל;ע;ר;ש;א;ב;ל;ח;ה
כ;ה;ל;ע;ד;ב;כ;ה;ל;ע;ת;ר;ת;י;ה;ת;א;ו;ם;י
ן;ה;כ;ה;ו;ר;י;ט;ק;ה;ו;ה;נ;ר;י;ס;י;ת;י;ל
ם;א;ו;ה;ו;ה;י;ל;ה;ש;א;ם;ח;ל;ה;ח;ב;ז;מ;ה
ה;י;י;נ;פ;ל;ו;ב;י;ר;ק;ה;ו;ו;נ;ב;ר;ק;ז;ע
ח;ש;ו;ו;ש;א;ר;ל;ע;ו;ד;י;ת;א;ך;מ;ס;ו;ה;ו
ו;ק;ר;ז;ו;ד;ע;ו;מ;ל;ה;א;י;נ;פ;ל;ו;ת;א;ט
ס;ח;ב;ז;מ;ה;ל;ע;ו;מ;ד;ת;א;ן;ר;ה;א;י;נ;ב
ש;א;ו;נ;ב;ר;ק;ו;נ;מ;מ;ב;י;ר;ק;ה;ו;ב;י;ב
ה;ת;א;ה;ס;כ;מ;ה;ב;ל;ח;ה;ת;א;ה;ו;ה;י;ל;ה
ר;ק;ה;ל;ע;ר;ש;א;ב;ל;ח;ה;ל;כ;ת;א;ו;ב;ר;ק
א;ב;ל;ח;ה;ת;א;ו;ת;י;ל;כ;ה;י;ת;ש;ת;א;ו;ב
ת;א;ו;ם;י;ל;ס;כ;ה;ל;ע;ר;ש;א;ן;ה;ל;ע;ר;ש
ס;י;ת;י;ל;כ;ה;ל;ע;ד;ב;כ;ה;ל;ע;ת;ר;ת;י;ה
ח;ב;ז;מ;ה;ן;ה;כ;ה;ם;ר;י;ט;ק;ה;ו;ה;נ;ר;י
ב;ל;ח;ל;כ;ח;ח;י;נ;ח;י;ר;ל;ה;ש;א;ם;ח;ל;ה
ב;ם;כ;י;ת;ר;ד;ל;ם;ל;ו;ע;ת;ק;ח;ה;ו;ה;י;ל
ם;ד;ל;כ;ו;ב;ל;ח;ל;כ;ם;כ;י;ת;ב;ש;ו;מ;ל;כ
ש;מ;ל;א;ה;ו;ה;י;ר;ב;ד;י;ו;ו;ל;כ;א;ת;א;ל
א;ל;ל;א;ר;ש;י;י;נ;ב;ל;א;ר;ב;ד;ר;מ;א;ל;ה
מ;ל;כ;מ;ה;ג;ג;ש;ב;א;ט;ח;ת;י;כ;ש;פ;נ;ר;מ
ע;ו;ה;נ;י;ש;ע;ת;א;ל;ר;ש;א;ה;ו;ה;י;ת;ו;צ
י;ש;מ;ה;ן;ה;כ;ה;ם;א;ה;נ;ה;מ;ת;ח;א;מ;ה;ש
ע;ב;י;ר;ק;ה;ו;ם;ע;ה;ת;מ;ש;א;ל;א;ט;ח;י;ח
ת;ר;ק;ב;ן;ב;ר;פ;א;ט;ח;ר;ש;א;ו;ת;א;ט;ח;ל
ת;א;א;י;ב;ה;ו;ת;א;ט;ח;ל;ה;ו;ה;י;ל;ם;י;מ
י;י;נ;פ;ל;ד;ע;ו;מ;ל;ה;א;ח;ת;פ;ל;א;ר;פ;ה
ר;פ;ה;ש;א;ר;ל;ע;ו;ד;י;ת;א;ך;מ;ס;ו;ה;ו;ה
ק;ל;ו;ה;ו;ה;י;י;נ;פ;ל;ר;פ;ה;ת;א;ט;ח;ש;ו
י;ב;ה;ו;ר;פ;ה;ם;ד;מ;ח;י;ש;מ;ה;ן;ה;כ;ה;ח
ה;כ;ה;ל;ב;ט;ו;ד;ע;ו;מ;ל;ה;א;ל;א;ו;ת;א;א
ם;ד;ה;ן;מ;ה;ז;ה;ו;ם;ד;ב;ו;ע;ב;צ;א;ת;א;ן
נ;פ;ת;א;ה;ו;ה;י;י;נ;פ;ל;ם;י;מ;ע;פ;ע;ב;ש
ה;ן;מ;ן;ה;כ;ה;ן;ת;נ;ו;ש;ד;ק;ה;ת;כ;ר;פ;י
מ;ס;ה;ת;ר;ט;ק;ח;ב;ז;מ;ת;ו;נ;ר;ק;ל;ע;ם;ד
ע;ו;מ;ל;ה;א;ב;ר;ש;א;ה;ו;ה;י;י;נ;פ;ל;ם;י
ו;ס;י;ל;א;ך;פ;ש;י;ר;פ;ה;ם;ד;ל;כ;ת;א;ו;ד
ו;מ;ל;ה;א;ח;ת;פ;ר;ש;א;ה;ל;ע;ה;ח;ב;ז;מ;ד
י;ר;י;ת;א;ט;ח;ה;ר;פ;ב;ל;ח;ל;כ;ת;א;ו;ד;ע
ק;ה;ל;ע;ה;ס;כ;מ;ה;ב;ל;ח;ה;ת;א;ו;נ;מ;מ;ם
ב;ר;ק;ה;ל;ע;ר;ש;א;ב;ל;ח;ה;ל;כ;ת;א;ו;ב;ר
ש;א;ב;ל;ח;ה;ת;א;ו;ת;י;ל;כ;ה;י;ת;ש;ת;א;ו
ת;א;ו;ם;י;ל;ס;כ;ה;ל;ע;ר;ש;א;ן;ה;י;ל;ע;ר
י;ת;ו;י;ל;כ;ה;ל;ע;ד;ב;כ;ה;ל;ע;ת;ר;ת;י;ה
ח;ב;ז;ר;ו;ש;מ;ם;ר;ו;י;ר;ש;א;כ;ה;נ;ר;י;ס
מ;ל;ע;ן;ה;כ;ה;ם;ר;י;ט;ק;ה;ו;ם;י;מ;ל;ש;ה
כ;ת;א;ו;ר;פ;ה;ר;ו;ע;ת;א;ו;ה;ל;ע;ה;ח;ב;ז
ו;ו;י;ע;ר;כ;ל;ע;ו;ו;ש;א;ר;ל;ע;ו;ר;ש;ב;ל
ה;ל;כ;ת;א;א;י;צ;ו;ה;ו;ו;ש;ר;פ;ו;ו;ב;ר;ק
ט;ם;ו;ק;מ;ל;א;ה;נ;ח;מ;ל;ץ;ו;ח;מ;ל;א;ר;פ
ע;ו;ת;א;ף;ר;ש;ו;ן;ש;ד;ה;ך;פ;ש;ל;א;ר;ו;ה
ר;ש;י;ן;ש;ד;ה;ך;פ;ש;ל;ע;ש;א;ב;ם;י;צ;ע;ל
נ;ו;ו;ג;ש;י;ל;א;ר;ש;י;ת;ד;ע;ל;כ;ם;א;ו;ף
א;ו;ש;ע;ו;ל;ה;ק;ה;י;נ;י;ע;מ;ר;ב;ד;ם;ל;ע
ע;ת;א;ל;ר;ש;א;ה;ו;ה;י;ת;ו;צ;מ;ל;כ;מ;ת;ח
ת;א;ט;ח;ה;ה;ע;ד;ו;נ;ו;ו;מ;ש;א;ו;ה;נ;י;ש
ק;ה;ו;ב;י;ר;ק;ה;ו;ה;י;ל;ע;ו;א;ט;ח;ר;ש;א
ו;א;י;ב;ה;ו;ת;א;ט;ח;ל;ר;ק;ב;ן;ב;ר;פ;ל;ה
ז;ו;כ;מ;ס;ו;ד;ע;ו;מ;ל;ה;א;י;נ;פ;ל;ו;ת;א
ה;ש;א;ר;ל;ע;ם;ה;י;ד;י;ת;א;ה;ד;ע;ה;י;נ;ק
ל;ר;פ;ה;ת;א;ט;ח;ש;ו;ה;ו;ה;י;י;נ;פ;ל;ר;פ
י;ש;מ;ה;ן;ה;כ;ה;א;י;ב;ה;ו;ה;ו;ה;י;י;נ;פ
ל;ב;ט;ו;ד;ע;ו;מ;ל;ה;א;ל;א;ר;פ;ה;ם;ד;מ;ח
ב;ש;ה;ז;ה;ו;ם;ד;ה;ן;מ;ו;ע;ב;צ;א;ן;ה;כ;ה
ה;י;נ;פ;ת;א;ה;ו;ה;י;י;נ;פ;ל;ם;י;מ;ע;פ;ע
ה;ת;נ;ר;ק;ל;ע;ן;ת;י;ם;ד;ה;ן;מ;ו;ת;כ;ר;פ
א;ב;ר;ש;א;ה;ו;ה;י;י;נ;פ;ל;ר;ש;א;ח;ב;ז;מ
ל;א;ך;פ;ש;י;ם;ד;ה;ל;כ;ת;א;ו;ד;ע;ו;מ;ל;ה
ה;א;ח;ת;פ;ר;ש;א;ה;ל;ע;ה;ח;ב;ז;מ;ד;ו;ס;י
מ;מ;ם;י;ר;י;ו;ב;ל;ח;ל;כ;ת;א;ו;ד;ע;ו;מ;ל
פ;ל;ה;ש;ע;ו;ה;ח;ב;ז;מ;ה;ר;י;ט;ק;ה;ו;ו;נ
ע;י;ן;כ;ת;א;ט;ח;ה;ר;פ;ל;ה;ש;ע;ר;ש;א;כ;ר
ל;ס;נ;ו;ן;ה;כ;ה;ם;ה;ל;ע;ר;פ;כ;ו;ו;ל;ה;ש
ו;ח;מ;ל;א;ר;פ;ה;ת;א;א;י;צ;ו;ה;ו;ם;ה;ל;ח
ף;ר;ש;ר;ש;א;כ;ו;ת;א;ף;ר;ש;ו;ה;נ;ח;מ;ל;ץ
ה;ל;ה;ק;ה;ת;א;ט;ח;ן;ו;ש;א;ר;ה;ר;פ;ה;ת;א
ת;ח;א;ה;ש;ע;ו;א;ט;ח;י;א;י;ש;נ;ר;ש;א;א;ו
ל;ר;ש;א;ו;י;ה;ל;א;ה;ו;ה;י;ת;ו;צ;מ;ל;כ;מ
ו;ה;ו;א;ם;ש;א;ו;ה;ג;ג;ש;ב;ה;נ;י;ש;ע;ת;א
ו;ה;ב;א;ט;ח;ר;ש;א;ו;ת;א;ט;ח;ו;י;ל;א;ע;ד
ז;ם;י;ז;ע;ר;י;ע;ש;ו;נ;ב;ר;ק;ת;א;א;י;ב;ה
ש;ה;ש;א;ר;ל;ע;ו;ד;י;ך;מ;ס;ו;ם;י;מ;ת;ר;כ
ש;י;ר;ש;א;ם;ו;ק;מ;ב;ו;ת;א;ט;ח;ש;ו;ר;י;ע
ת;א;ט;ח;ה;ו;ה;י;י;נ;פ;ל;ה;ל;ע;ה;ת;א;ט;ח
ב;ת;א;ט;ח;ה;ם;ד;מ;ן;ה;כ;ה;ח;ק;ל;ו;א;ו;ה
ה;ח;ב;ז;מ;ת;נ;ר;ק;ל;ע;ן;ת;נ;ו;ו;ע;ב;צ;א
מ;ד;ו;ס;י;ל;א;ך;פ;ש;י;ו;מ;ד;ת;א;ו;ה;ל;ע
י;ט;ק;י;ו;ב;ל;ח;ל;כ;ת;א;ו;ה;ל;ע;ה;ח;ב;ז
ם;י;מ;ל;ש;ה;ח;ב;ז;ב;ל;ח;כ;ה;ח;ב;ז;מ;ה;ר
נ;ו;ו;ת;א;ט;ח;מ;ן;ה;כ;ה;ו;י;ל;ע;ר;פ;כ;ו
ש;ב;א;ט;ח;ת;ת;ח;א;ש;פ;נ;ם;א;ו;ו;ל;ח;ל;ס
מ;מ;ת;ח;א;ה;ת;ש;ע;ב;ץ;ר;א;ה;ם;ע;מ;ה;ג;ג
א;ו;ה;נ;י;ש;ע;ת;א;ל;ר;ש;א;ה;ו;ה;י;ת;ו;צ
ר;ש;א;ו;ת;א;ט;ח;ו;י;ל;א;ע;ד;ו;ה;ו;א;ם;ש
ז;ע;ת;ר;י;ע;ש;ו;נ;ב;ר;ק;א;י;ב;ה;ו;א;ט;ח
ש;א;ו;ת;א;ט;ח;ל;ע;ה;ב;ק;נ;ה;מ;י;מ;ת;ם;י
ח;ה;ש;א;ר;ל;ע;ו;ד;י;ת;א;ך;מ;ס;ו;א;ט;ח;ר
ה;ם;ו;ק;מ;ב;ת;א;ט;ח;ה;ת;א;ט;ח;ש;ו;ת;א;ט
ע;ב;צ;א;ב;ה;מ;ד;מ;ן;ה;כ;ה;ח;ק;ל;ו;ה;ל;ע
ו;ה;ל;ע;ה;ח;ב;ז;מ;ת;נ;ר;ק;ל;ע;ן;ת;נ;ו;ו
ז;מ;ה;ד;ו;ס;י;ל;א;ך;פ;ש;י;ה;מ;ד;ל;כ;ת;א
ה;ר;ש;א;כ;ר;י;ס;י;ה;ב;ל;ח;ל;כ;ת;א;ו;ח;ב
ה;ו;ם;י;מ;ל;ש;ה;ח;ב;ז;ל;ע;מ;ב;ל;ח;ר;ס;ו
י;נ;ח;י;ר;ל;ה;ח;ב;ז;מ;ה;ן;ה;כ;ה;ר;י;ט;ק
ו;ן;ה;כ;ה;ו;י;ל;ע;ר;פ;כ;ו;ה;ו;ה;י;ל;ח;ח
נ;ב;ר;ק;א;י;ב;י;ש;ב;כ;ם;א;ו;ו;ל;ח;ל;ס;נ
נ;א;י;ב;י;ה;מ;י;מ;ת;ה;ב;ק;נ;ת;א;ט;ח;ל;ו
ת;א;ט;ח;ה;ש;א;ר;ל;ע;ו;ד;י;ת;א;ך;מ;ס;ו;ה
ר;ש;א;ם;ו;ק;מ;ב;ת;א;ט;ח;ל;ה;ת;א;ט;ח;ש;ו
ד;מ;ן;ה;כ;ה;ח;ק;ל;ו;ה;ל;ע;ה;ת;א;ט;ח;ש;י
ר;ק;ל;ע;ן;ת;נ;ו;ו;ע;ב;צ;א;ב;ת;א;ט;ח;ה;ם
ש;י;ה;מ;ד;ל;כ;ת;א;ו;ה;ל;ע;ה;ח;ב;ז;מ;ת;נ
ל;ח;ל;כ;ת;א;ו;ח;ב;ז;מ;ה;ד;ו;ס;י;ל;א;ך;פ
ש;כ;ה;ב;ל;ח;ר;ס;ו;י;ר;ש;א;כ;ר;י;ס;י;ה;ב
ה;כ;ה;ר;י;ט;ק;ה;ו;ם;י;מ;ל;ש;ה;ח;ב;ז;מ;ב
ו;ה;ו;ה;י;י;ש;א;ל;ע;ה;ח;ב;ז;מ;ה;ם;ת;א;ן
ש;א;ו;ת;א;ט;ח;ל;ע;ן;ה;כ;ה;ו;י;ל;ע;ר;פ;כ
ט;ח;ת;י;כ;ש;פ;נ;ו;ו;ל;ח;ל;ס;נ;ו;א;ט;ח;ר
ו;א;ד;ע;א;ו;ה;ו;ה;ל;א;ל;ו;ק;ה;ע;מ;ש;ו;א
ש;נ;ו;ד;י;ג;י;א;ו;ל;ם;א;ע;ד;י;ו;א;ה;א;ר
ד;ל;כ;ב;ע;ג;ת;ר;ש;א;ש;פ;נ;ו;א;ו;נ;ו;ע;א
א;ה;א;מ;ט;ה;י;ח;ת;ל;ב;נ;ב;ו;א;א;מ;ט;ר;ב
ל;ב;נ;ב;ו;א;ה;א;מ;ט;ה;מ;ה;ב;ת;ל;ב;נ;ב;ו
א;ו;ה;ו;ו;נ;מ;מ;ם;ל;ע;נ;ו;א;מ;ט;ץ;ר;ש;ת
א;ת;א;מ;ט;ב;ע;ג;י;י;כ;ו;א;ם;ש;א;ו;א;מ;ט
ו;ה;ב;א;מ;ט;י;ר;ש;א;ו;ת;א;מ;ט;ל;כ;ל;ם;ד
א;ם;ש;א;ו;ע;ד;י;א;ו;ה;ו;ו;נ;מ;מ;ם;ל;ע;נ
ם;י;ת;פ;ש;ב;א;ט;ב;ל;ע;ב;ש;ת;י;כ;ש;פ;נ;ו
ב;י;ר;ש;א;ל;כ;ל;ב;י;ט;י;ה;ל;ו;א;ע;ר;ה;ל
ו;נ;מ;מ;ם;ל;ע;נ;ו;ה;ע;ב;ש;ב;ם;ד;א;ה;א;ט
ו;ה;ל;א;מ;ת;ח;א;ל;ם;ש;א;ו;ע;ד;י;א;ו;ה;ו
ת;ה;ו;ה;ל;א;מ;ת;ח;א;ל;ם;ש;א;י;י;כ;ה;י;ה
ת;א;א;י;ב;ה;ו;ה;י;ל;ע;א;ט;ח;ר;ש;א;ה;ד;ו
ח;ר;ש;א;ו;ת;א;ט;ח;ל;ע;ה;ו;ה;י;ל;ו;מ;ש;א
ע;ש;ו;א;ה;ב;ש;כ;ן;א;צ;ה;ן;מ;ה;ב;ק;נ;א;ט
ו;י;ל;ע;ר;פ;כ;ו;ת;א;ט;ח;ל;ם;י;ז;ע;ת;ר;י
י;ע;י;ג;ת;א;ל;ם;א;ו;ו;ת;א;ט;ח;מ;ן;ה;כ;ה
ר;ש;א;ו;מ;ש;א;ת;א;א;י;ב;ה;ו;ה;ש;י;ד;ו;ד
ו;י;י;נ;ב;י;נ;ש;ו;א;ם;י;ר;ת;י;ת;ש;א;ט;ח
ל;ד;ח;א;ו;ת;א;ט;ח;ל;ד;ח;א;ה;ו;ה;י;ל;ה;נ
ק;ה;ו;ן;ה;כ;ה;ל;א;ם;ת;א;א;י;ב;ה;ו;ה;ל;ע
ו;ה;נ;ו;ש;א;ר;ת;א;ט;ח;ל;ר;ש;א;ת;א;ב;י;ר
א;ל;ו;ו;פ;ר;ע;ל;ו;מ;מ;ו;ש;א;ר;ת;א;ק;ל;מ
ק;ל;ע;ת;א;ט;ח;ה;ם;ד;מ;ה;ז;ה;ו;ל;י;ד;ב;י
ה;צ;מ;י;ם;ד;ב;ר;א;ש;נ;ה;ו;ח;ב;ז;מ;ה;ר;י
א;ו;א;ו;ה;ת;א;ט;ח;ח;ב;ז;מ;ה;ד;ו;ס;י;ל;א
פ;כ;ו;ט;פ;ש;מ;כ;ה;ל;ע;ה;ש;ע;י;י;נ;ש;ה;ת
ט;ח;ר;ש;א;ו;ת;א;ט;ח;מ;ן;ה;כ;ה;ו;י;ל;ע;ר
ו;ד;י;ג;י;ש;ת;א;ל;ם;א;ו;ו;ל;ח;ל;ס;נ;ו;א
נ;ו;י;י;נ;ב;י;נ;ש;ל;ו;א;ם;י;ר;ת;י;ת;ש;ל
ע;א;ט;ח;ר;ש;א;ו;נ;ב;ר;ק;ת;א;א;י;ב;ה;ו;ה
ש;י;א;ל;ת;א;ט;ח;ל;ת;ל;ס;ה;פ;א;ה;ת;ר;י;ש
ל;ה;י;ל;ע;ן;ת;י;א;ל;ו;ן;מ;ש;ה;י;ל;ע;ם;י
ל;א;ה;א;י;ב;ה;ו;א;י;ה;ת;א;ט;ח;י;כ;ה;נ;ב
א;ו;ל;מ;ה;נ;מ;מ;ן;ה;כ;ה;ץ;מ;ק;ו;ן;ה;כ;ה
מ;ה;ר;י;ט;ק;ה;ו;ה;ת;ר;כ;ז;א;ת;א;ו;צ;מ;ק
א;ו;ה;ת;א;ט;ח;ה;ו;ה;י;י;ש;א;ל;ע;ה;ח;ב;ז
א;ו;ת;א;ט;ח;ל;ע;ן;ה;כ;ה;ו;י;ל;ע;ר;פ;כ;ו
ו;ל;ח;ל;ס;נ;ו;ה;ל;א;מ;ת;ח;א;מ;א;ט;ח;ר;ש
י;ר;ב;ד;י;ו;ה;ח;נ;מ;כ;ן;ה;כ;ל;ה;ת;י;ה;ו
ע;מ;ת;י;כ;ש;פ;נ;ר;מ;א;ל;ה;ש;מ;ל;א;ה;ו;ה
י;י;ש;ד;ק;מ;ה;ג;ג;ש;ב;ה;א;ט;ח;ו;ל;ע;מ;ל
א;ה;ו;ה;י;ל;ו;מ;ש;א;ת;א;א;י;ב;ה;ו;ה;ו;ה
ף;ס;כ;ך;כ;ר;ע;ב;ן;א;צ;ה;ן;מ;ם;י;מ;ת;ל;י
ת;א;ו;ם;ש;א;ל;ש;ד;ק;ה;ל;ק;ש;ב;ם;י;ל;ק;ש
ח;ת;א;ו;ם;ל;ש;י;ש;ד;ק;ה;ן;מ;א;ט;ח;ר;ש;א
ו;ת;א;ן;ת;נ;ו;ו;י;ל;ע;ף;ס;ו;י;ו;ת;ש;י;מ
י;א;ב;ו;י;ל;ע;ר;פ;כ;י;ן;ה;כ;ה;ו;ן;ה;כ;ל
י;כ;ש;פ;נ;ם;א;ו;ו;ל;ח;ל;ס;נ;ו;ם;ש;א;ה;ל
י;ת;ו;צ;מ;ל;כ;מ;ת;ח;א;ה;ת;ש;ע;ו;א;ט;ח;ת
ע;ד;י;א;ל;ו;ה;נ;י;ש;ע;ת;א;ל;ר;ש;א;ה;ו;ה
ל;י;א;א;י;ב;ה;ו;ו;נ;ו;ע;א;ש;נ;ו;ם;ש;א;ו
א;ם;ש;א;ל;ך;כ;ר;ע;ב;ן;א;צ;ה;ן;מ;ם;י;מ;ת
ש;ל;ע;ן;ה;כ;ה;ו;י;ל;ע;ר;פ;כ;ו;ן;ה;כ;ה;ל
ו;ע;ד;י;א;ל;א;ו;ה;ו;ג;ג;ש;ר;ש;א;ו;ת;ג;ג
י;ל;ם;ש;א;ם;ש;א;א;ו;ה;ם;ש;א;ו;ל;ח;ל;ס;נ
מ;א;ל;ה;ש;מ;ל;א;ה;ו;ה;י;ר;ב;ד;י;ו;ה;ו;ה
י;ב;ל;ע;מ;ה;ל;ע;מ;ו;א;ט;ח;ת;י;כ;ש;פ;נ;ר
א;ן;ו;ד;ק;פ;ב;ו;ת;י;מ;ע;ב;ש;ח;כ;ו;ה;ו;ה
ק;ש;ע;ו;א;ל;ז;ג;ב;ו;א;ד;י;ת;מ;ו;ש;ת;ב;ו
ש;ח;כ;ו;ה;ד;ב;א;א;צ;מ;ו;א;ו;ת;י;מ;ע;ת;א
ל;כ;מ;ת;ח;א;ל;ע;ר;ק;ש;ל;ע;ע;ב;ש;נ;ו;ה;ב
ו;ה;נ;ה;ב;א;ט;ח;ל;ם;ד;א;ה;ה;ש;ע;י;ר;ש;א
ת;א;ב;י;ש;ה;ו;ם;ש;א;ו;א;ט;ח;י;י;כ;ה;י;ה
א;ק;ש;ע;ה;ת;א;ו;א;ל;ז;ג;ר;ש;א;ה;ל;ז;ג;ה
פ;ה;ר;ש;א;ן;ו;ד;ק;פ;ה;ת;א;ו;א;ק;ש;ע;ר;ש
א;צ;מ;ר;ש;א;ה;ד;ב;א;ה;ת;א;ו;א;ו;ת;א;ד;ק
ר;ק;ש;ל;ו;י;ל;ע;ע;ב;ש;י;ר;ש;א;ל;כ;מ;ו;א
י;ו;י;ת;ש;מ;ח;ו;ו;ש;א;ר;ב;ו;ת;א;ם;ל;ש;ו
ו;נ;נ;ת;י;ו;ל;א;ו;ה;ר;ש;א;ל;ו;י;ל;ע;ף;ס
א;י;ב;י;ו;מ;ש;א;ת;א;ו;ו;ת;מ;ש;א;ם;ו;י;ב
ע;ב;ן;א;צ;ה;ן;מ;ם;י;מ;ת;ל;י;א;ה;ו;ה;י;ל
י;ל;ע;ר;פ;כ;ו;ן;ה;כ;ה;ל;א;ם;ש;א;ל;ך;כ;ר
ו;ל;ח;ל;ס;נ;ו;ה;ו;ה;י;י;נ;פ;ל;ן;ה;כ;ה;ו
ה;מ;ש;א;ל;ה;ש;ע;י;ר;ש;א;ל;כ;מ;ת;ח;א;ל;ע
ר;מ;א;ל;ה;ש;מ;ל;א;ה;ו;ה;י;ר;ב;ד;י;ו;ה;ב
ז;ר;מ;א;ל;ו;י;נ;ב;ת;א;ו;ן;ר;ה;א;ת;א;ו;צ
מ;ל;ע;ה;ל;ע;ה;א;ו;ה;ה;ל;ע;ה;ת;ר;ו;ת;ת;א
ד;ע;ה;ל;י;ל;ה;ל;כ;ח;ב;ז;מ;ה;ל;ע;ה;ד;ק;ו
ל;ו;ו;ב;ד;ק;ו;ת;ח;ב;ז;מ;ה;ש;א;ו;ר;ק;ב;ה
י;ד;ב;י;ס;נ;כ;מ;ו;ד;ב;ו;ד;מ;ן;ה;כ;ה;ש;ב
ן;ש;ד;ה;ת;א;ם;י;ר;ה;ו;ו;ר;ש;ב;ל;ע;ש;ב;ל
מ;ה;ל;ע;ה;ל;ע;ה;ת;א;ש;א;ה;ל;כ;א;ת;ר;ש;א
א;ט;ש;פ;ו;ח;ב;ז;מ;ה;ל;צ;א;ו;מ;ש;ו;ח;ב;ז
ם;י;ר;ח;א;ם;י;ד;ג;ב;ש;ב;ל;ו;ו;י;ד;ג;ב;ת
מ;ל;ץ;ו;ח;מ;ל;א;ן;ש;ד;ה;ת;א;א;י;צ;ו;ה;ו
ה;ל;ע;ש;א;ה;ו;ר;ו;ה;ט;ם;ו;ק;מ;ל;א;ה;נ;ח
ר;ע;ב;ו;ה;ב;כ;ת;א;ל;ו;ב;ד;ק;ו;ת;ח;ב;ז;מ
ר;ק;ב;ב;ר;ק;ב;ב;ם;י;צ;ע;ן;ה;כ;ה;ה;י;ל;ע
ל;ע;ר;י;ט;ק;ה;ו;ה;ל;ע;ה;ה;י;ל;ע;ך;ר;ע;ו
ו;ת;ד;י;מ;ת;ש;א;ם;י;מ;ל;ש;ה;י;ב;ל;ח;ה;י
ת;ת;א;ז;ו;ה;ב;כ;ת;א;ל;ח;ב;ז;מ;ה;ל;ע;ד;ק
ה;א;י;נ;ב;ה;ת;א;ב;ר;ק;ה;ה;ח;נ;מ;ה;ת;ר;ו
ח;ב;ז;מ;ה;י;נ;פ;ל;א;ה;ו;ה;י;י;נ;פ;ל;ן;ר
מ;ה;ת;ל;ס;מ;ו;צ;מ;ק;ב;ו;נ;מ;מ;ם;י;ר;ה;ו
א;ה;נ;ב;ל;ה;ל;כ;ת;א;ו;ה;נ;מ;ש;מ;ו;ה;ח;נ
ח;ב;ז;מ;ה;ר;י;ט;ק;ה;ו;ה;ח;נ;מ;ה;ל;ע;ר;ש
ה;ו;ה;ו;ה;י;ל;ה;ת;ר;כ;ז;א;ח;ח;י;נ;ח;י;ר
ב;ו;ן;ר;ה;א;ו;ל;כ;א;י;ה;נ;מ;מ;ת;ר;ת;ו;נ
ב;ש;ד;ק;ם;ו;ק;מ;ב;ל;כ;א;ת;ת;ו;צ;מ;ו;י;נ
א;ת;א;ל;ה;ו;ל;כ;א;י;ד;ע;ו;מ;ל;ה;א;ר;צ;ח
י;ש;א;מ;ה;ת;א;י;ת;ת;נ;ם;ק;ל;ח;ץ;מ;ח;ה;פ
ש;א;כ;ו;ת;א;ט;ח;כ;א;ו;ה;ם;י;ש;ד;ק;ש;ד;ק
ה;נ;ל;כ;א;י;ן;ר;ה;א;י;נ;ב;ב;ר;כ;ז;ל;כ;ם
ו;ה;י;י;ש;א;מ;ם;כ;י;ת;ר;ד;ל;ם;ל;ו;ע;ק;ח
ב;ד;י;ו;ש;ד;ק;י;ם;ה;ב;ע;ג;י;ר;ש;א;ל;כ;ה
ן;ב;ר;ק;ה;ז;ר;מ;א;ל;ה;ש;מ;ל;א;ה;ו;ה;י;ר
י;ל;ו;ב;י;ר;ק;י;ר;ש;א;ו;י;נ;ב;ו;ן;ר;ה;א
ה;ת;ר;י;ש;ע;ו;ת;א;ח;ש;מ;ה;ם;ו;י;ב;ה;ו;ה
ה;ת;י;צ;ח;מ;ד;י;מ;ת;ה;ח;נ;מ;ת;ל;ס;ה;פ;א
ב;ח;מ;ל;ע;ב;ר;ע;ב;ה;ת;י;צ;ח;מ;ו;ר;ק;ב;ב
ה;נ;א;י;ב;ת;ת;כ;ב;ר;מ;ה;ש;ע;ת;ן;מ;ש;ב;ת
י;ר;ב;י;ר;ק;ת;ם;י;ת;פ;ת;ח;נ;מ;י;נ;י;פ;ת
ח;י;ש;מ;ה;ן;ה;כ;ה;ו;ה;ו;ה;י;ל;ח;ח;י;נ;ח
ע;ק;ח;ה;ת;א;ה;ש;ע;י;ו;י;נ;ב;מ;ו;י;ת;ח;ת
מ;ל;כ;ו;ר;ט;ק;ת;ל;י;ל;כ;ה;ו;ה;י;ל;ם;ל;ו
ל;כ;א;ת;א;ל;ה;י;ה;ת;ל;י;ל;כ;ן;ה;כ;ת;ח;נ
ב;ד;ר;מ;א;ל;ה;ש;מ;ל;א;ה;ו;ה;י;ר;ב;ד;י;ו
א;ז;ר;מ;א;ל;ו;י;נ;ב;ל;א;ו;ן;ר;ה;א;ל;א;ר
ש;ת;ר;ש;א;ם;ו;ק;מ;ב;ת;א;ט;ח;ה;ת;ר;ו;ת;ת
י;י;נ;פ;ל;ת;א;ט;ח;ה;ט;ח;ש;ת;ה;ל;ע;ה;ט;ח
מ;ה;ן;ה;כ;ה;א;ו;ה;ם;י;ש;ד;ק;ש;ד;ק;ה;ו;ה
ש;ד;ק;ם;ו;ק;מ;ב;ה;נ;ל;כ;א;י;ה;ת;א;א;ט;ח
ר;ש;א;ל;כ;ד;ע;ו;מ;ל;ה;א;ר;צ;ח;ב;ל;כ;א;ת
מ;ה;ז;י;ר;ש;א;ו;ש;ד;ק;י;ה;ר;ש;ב;ב;ע;ג;י
ת;ה;י;ל;ע;ה;ז;י;ר;ש;א;ד;ג;ב;ה;ל;ע;ה;מ;ד
ש;א;ש;ר;ח;י;ל;כ;ו;ש;ד;ק;ם;ו;ק;מ;ב;ס;ב;כ
ח;נ;י;ל;כ;ב;ם;א;ו;ר;ב;ש;י;ו;ב;ל;ש;ב;ת;ר
ל;כ;ם;י;מ;ב;ף;ט;ש;ו;ק;ר;מ;ו;ה;ל;ש;ב;ת;ש
ק;ש;ד;ק;ה;ת;א;ל;כ;א;י;ם;י;נ;ה;כ;ב;ר;כ;ז
ב;ו;י;ר;ש;א;ת;א;ט;ח;ל;כ;ו;א;ו;ה;ם;י;ש;ד
ק;ב;ר;פ;כ;ל;ד;ע;ו;מ;ל;ה;א;ל;א;ה;מ;ד;מ;א
ת;ת;א;ז;ו;ף;ר;ש;ת;ש;א;ב;ל;כ;א;ת;א;ל;ש;ד
מ;ב;א;ו;ה;ם;י;ש;ד;ק;ש;ד;ק;ם;ש;א;ה;ת;ר;ו
ח;ש;י;ה;ל;ע;ה;ת;א;ו;ט;ח;ש;י;ר;ש;א;ם;ו;ק
ל;ע;ק;ר;ז;י;ו;מ;ד;ת;א;ו;ם;ש;א;ה;ת;א;ו;ט
ק;י;ו;ב;ל;ח;ל;כ;ת;א;ו;ב;י;ב;ס;ח;ב;ז;מ;ה
ל;ח;ה;ת;א;ו;ה;י;ל;א;ה;ת;א;ו;נ;מ;מ;ב;י;ר
כ;ה;י;ת;ש;ת;א;ו;ב;ר;ק;ה;ת;א;ה;ס;כ;מ;ה;ב
ש;א;ן;ה;י;ל;ע;ר;ש;א;ב;ל;ח;ה;ת;א;ו;ת;י;ל
ה;ל;ע;ת;ר;ת;י;ה;ת;א;ו;ם;י;ל;ס;כ;ה;ל;ע;ר
ט;ק;ה;ו;ה;נ;ר;י;ס;י;ת;י;ל;כ;ה;ל;ע;ד;ב;כ
י;ל;ה;ש;א;ה;ח;ב;ז;מ;ה;ן;ה;כ;ה;ם;ת;א;ר;י
ם;י;נ;ה;כ;ב;ר;כ;ז;ל;כ;א;ו;ה;ם;ש;א;ה;ו;ה
ק;ל;כ;א;י;ש;ו;ד;ק;ם;ו;ק;מ;ב;ו;נ;ל;כ;א;י
ת;ם;ש;א;כ;ת;א;ט;ח;כ;א;ו;ה;ם;י;ש;ד;ק;ש;ד
ר;פ;כ;י;ר;ש;א;ן;ה;כ;ה;ם;ה;ל;ת;ח;א;ה;ר;ו
א;ב;י;ר;ק;מ;ה;ן;ה;כ;ה;ו;ה;י;ה;י;ו;ל;ו;ב
ר;ק;ה;ר;ש;א;ה;ל;ע;ה;ר;ו;ע;ש;י;א;ת;ל;ע;ת
א;ה;ח;נ;מ;ל;כ;ו;ה;י;ה;י;ו;ל;ן;ה;כ;ל;ב;י
מ;ב;ה;ש;ע;נ;ל;כ;ו;ר;ו;נ;ת;ב;ה;פ;א;ת;ר;ש
י;ר;ק;מ;ה;ן;ה;כ;ל;ת;ב;ח;מ;ל;ע;ו;ת;ש;ח;ר
ו;ל;ב;ה;ח;נ;מ;ל;כ;ו;ה;י;ה;ת;ו;ל;ה;ת;א;ב
ר;ה;א;י;נ;ב;ל;כ;ל;ה;ב;ר;ח;ו;ן;מ;ש;ב;ה;ל
ר;ו;ת;ת;א;ז;ו;ו;י;ח;א;כ;ש;י;א;ה;י;ה;ת;ן
י;ל;ב;י;ר;ק;י;ר;ש;א;ם;י;מ;ל;ש;ה;ח;ב;ז;ת
ה;ו;ו;נ;ב;י;ר;ק;י;ה;ד;ו;ת;ל;ע;ם;א;ה;ו;ה
צ;מ;ת;ו;ל;ח;ה;ד;ו;ת;ה;ח;ב;ז;ל;ע;ב;י;ר;ק
ו;צ;מ;י;ק;י;ק;ר;ו;ן;מ;ש;ב;ת;ל;ו;ל;ב;ת;ו
ח;ת;כ;ב;ר;מ;ת;ל;ס;ו;ן;מ;ש;ב;ם;י;ח;ש;מ;ת
ח;ם;ח;ל;ת;ל;ח;ל;ע;ן;מ;ש;ב;ת;ל;ו;ל;ב;ת;ל
ד;ו;ת;ח;ב;ז;ל;ע;ו;נ;ב;ר;ק;ב;י;ר;ק;י;ץ;מ
מ;ד;ח;א;ו;נ;מ;מ;ב;י;ר;ק;ה;ו;ו;י;מ;ל;ש;ת
ן;ה;כ;ל;ה;ו;ה;י;ל;ה;מ;ו;ר;ת;ן;ב;ר;ק;ל;כ
ה;י;ה;י;ו;ל;ם;י;מ;ל;ש;ה;ם;ד;ת;א;ק;ר;ז;ה
ם;ו;י;ב;ו;י;מ;ל;ש;ת;ד;ו;ת;ח;ב;ז;ר;ש;ב;ו
ע;ו;נ;מ;מ;ח;י;נ;י;א;ל;ל;כ;א;י;ו;נ;ב;ר;ק
ק;ח;ב;ז;ה;ב;ד;נ;ו;א;ר;ד;נ;ם;א;ו;ר;ק;ב;ד
ו;ח;ב;ז;ת;א;ו;ב;י;ר;ק;ה;ם;ו;י;ב;ו;נ;ב;ר
ו;נ;מ;מ;ר;ת;ו;נ;ה;ו;ת;ר;ח;מ;מ;ו;ל;כ;א;י
י;ב;ח;ב;ז;ה;ר;ש;ב;מ;ר;ת;ו;נ;ה;ו;ל;כ;א;י
א;ה;ם;א;ו;ף;ר;ש;י;ש;א;ב;י;ש;י;ל;ש;ה;ם;ו
י;ב;ו;י;מ;ל;ש;ח;ב;ז;ר;ש;ב;מ;ל;כ;א;י;ל;כ
ב;י;ר;ק;מ;ה;ה;צ;ר;י;א;ל;י;ש;י;ל;ש;ה;ם;ו
ו;ה;י;ה;י;ל;ו;ג;פ;ו;ל;ב;ש;ח;י;א;ל;ו;ת;א
א;ש;ת;ה;נ;ו;ע;ו;נ;מ;מ;ת;ל;כ;א;ה;ש;פ;נ;ה
י;א;ל;א;מ;ט;ל;כ;ב;ע;ג;י;ר;ש;א;ר;ש;ב;ה;ו
ו;ה;ט;ל;כ;ר;ש;ב;ה;ו;ף;ר;ש;י;ש;א;ב;ל;כ;א
ל;כ;א;ת;ר;ש;א;ש;פ;נ;ה;ו;ר;ש;ב;ל;כ;א;י;ר
ו;ה;י;ל;ר;ש;א;ם;י;מ;ל;ש;ה;ח;ב;ז;מ;ר;ש;ב
פ;נ;ה;ה;ת;ר;כ;נ;ו;ו;י;ל;ע;ו;ת;א;מ;ט;ו;ה
ב;ע;ג;ת;י;כ;ש;פ;נ;ו;ה;י;מ;ע;מ;א;ו;ה;ה;ש
ה;מ;ה;ב;ב;ו;א;ם;ד;א;ת;א;מ;ט;ב;א;מ;ט;ל;כ
מ;ל;כ;א;ו;א;מ;ט;ץ;ק;ש;ל;כ;ב;ו;א;ה;א;מ;ט
ה;ו;ה;י;ל;ר;ש;א;ם;י;מ;ל;ש;ה;ח;ב;ז;ר;ש;ב
ו;ה;י;מ;ע;מ;א;ו;ה;ה;ש;פ;נ;ה;ה;ת;ר;כ;נ;ו
ר;ב;ד;ר;מ;א;ל;ה;ש;מ;ל;א;ה;ו;ה;י;ר;ב;ד;י
ש;ב;ל;ח;ל;כ;ר;מ;א;ל;ל;א;ר;ש;י;י;נ;ב;ל;א
ב;ל;ח;ו;ו;ל;כ;א;ת;א;ל;ז;ע;ו;ב;ש;כ;ו;ר;ו
מ;ל;כ;ל;ה;ש;ע;י;ה;פ;ר;ט;ב;ל;ח;ו;ה;ל;ב;נ
ל;כ;י;כ;ו;ה;ל;כ;א;ת;א;ל;ל;כ;א;ו;ה;כ;א;ל
י;ר;ק;י;ר;ש;א;ה;מ;ה;ב;ה;ן;מ;ב;ל;ח;ל;כ;א
ה;ה;ת;ר;כ;נ;ו;ה;ו;ה;י;ל;ה;ש;א;ה;נ;מ;מ;ב
א;ל;ם;ד;ל;כ;ו;ה;י;מ;ע;מ;ת;ל;כ;א;ה;ש;פ;נ
ף;ו;ע;ל;ם;כ;י;ת;ב;ש;ו;מ;ל;כ;ב;ו;ל;כ;א;ת
ל;כ;ל;כ;א;ת;ר;ש;א;ש;פ;נ;ל;כ;ה;מ;ה;ב;ל;ו
י;מ;ע;מ;א;ו;ה;ה;ש;פ;נ;ה;ה;ת;ר;כ;נ;ו;ם;ד
ד;ר;מ;א;ל;ה;ש;מ;ל;א;ה;ו;ה;י;ר;ב;ד;י;ו;ה
ר;ק;מ;ה;ר;מ;א;ל;ל;א;ר;ש;י;י;נ;ב;ל;א;ר;ב
י;ב;י;ה;ו;ה;י;ל;ו;י;מ;ל;ש;ח;ב;ז;ת;א;ב;י
מ;ל;ש;ח;ב;ז;מ;ה;ו;ה;י;ל;ו;נ;ב;ר;ק;ת;א;א
ה;י;י;ש;א;ת;א;ה;נ;י;א;י;ב;ת;ו;י;ד;י;ו;י
ו;נ;א;י;ב;י;ה;ז;ח;ה;ל;ע;ב;ל;ח;ה;ת;א;ה;ו
ל;ה;פ;ו;נ;ת;ו;ת;א;ף;י;נ;ה;ל;ה;ז;ח;ה;ת;א
ה;ת;א;ן;ה;כ;ה;ר;י;ט;ק;ה;ו;ה;ו;ה;י;י;נ;פ
ה;א;ל;ה;ז;ח;ה;ה;י;ה;ו;ה;ח;ב;ז;מ;ה;ב;ל;ח
ת;ן;י;מ;י;ה;ק;ו;ש;ת;א;ו;ו;י;נ;ב;ל;ו;ן;ר
מ;ל;ש;י;ח;ב;ז;מ;ן;ה;כ;ל;ה;מ;ו;ר;ת;ו;נ;ת
ו;ם;י;מ;ל;ש;ה;ם;ד;ת;א;ב;י;ר;ק;מ;ה;ם;כ;י
ה;י;ה;ת;ו;ל;ן;ר;ה;א;י;נ;ב;מ;ב;ל;ח;ה;ת;א
ה;ה;ז;ח;ת;א;י;כ;ה;נ;מ;ל;ן;י;מ;י;ה;ק;ו;ש
ח;ק;ל;ה;מ;ו;ר;ת;ה;ק;ו;ש;ת;א;ו;ה;פ;ו;נ;ת
ל;ש;י;ח;ב;ז;מ;ל;א;ר;ש;י;י;נ;ב;ת;א;מ;י;ת
ן;ה;כ;ה;ן;ר;ה;א;ל;ם;ת;א;ן;ת;א;ו;ם;ה;י;מ
י;י;נ;ב;ת;א;מ;ם;ל;ו;ע;ק;ח;ל;ו;י;נ;ב;ל;ו
ת;ח;ש;מ;ו;ן;ר;ה;א;ת;ח;ש;מ;ת;א;ז;ל;א;ר;ש
י;ר;ק;ה;ם;ו;י;ב;ה;ו;ה;י;י;ש;א;מ;ו;י;נ;ב
י;ה;ו;צ;ר;ש;א;ה;ו;ה;י;ל;ן;ה;כ;ל;ם;ת;א;ב
ם;ת;א;ו;ח;ש;מ;ם;ו;י;ב;ם;ה;ל;ת;ת;ל;ה;ו;ה
ד;ל;ם;ל;ו;ע;ת;ק;ח;ל;א;ר;ש;י;י;נ;ב;ת;א;מ
ה;ח;נ;מ;ל;ה;ל;ע;ל;ה;ר;ו;ת;ה;ת;א;ז;ם;ת;ר
ו;ם;י;א;ו;ל;מ;ל;ו;ם;ש;א;ל;ו;ת;א;ט;ח;ל;ו
ה;ו;ה;י;ה;ו;צ;ר;ש;א;ם;י;מ;ל;ש;ה;ח;ב;ז;ל
ו;ת;ו;צ;ם;ו;י;ב;י;נ;י;ס;ר;ה;ב;ה;ש;מ;ת;א
ר;ק;ת;א;ב;י;ר;ק;ה;ל;ל;א;ר;ש;י;י;נ;ב;ת;א
ו;י;נ;י;ס;ר;ב;ד;מ;ב;ה;ו;ה;י;ל;ם;ה;י;נ;ב
א;ח;ק;ר;מ;א;ל;ה;ש;מ;ל;א;ה;ו;ה;י;ר;ב;ד;י
ב;ה;ת;א;ו;ו;ת;א;ו;י;נ;ב;ת;א;ו;ן;ר;ה;א;ת
ר;פ;ת;א;ו;ה;ח;ש;מ;ה;ן;מ;ש;ת;א;ו;ם;י;ד;ג
ת;א;ו;ם;י;ל;י;א;ה;י;נ;ש;ת;א;ו;ת;א;ט;ח;ה
ל;ה;ק;ה;ה;ד;ע;ה;ל;כ;ת;א;ו;ת;ו;צ;מ;ה;ל;ס
כ;ה;ש;מ;ש;ע;י;ו;ד;ע;ו;מ;ל;ה;א;ח;ת;פ;ל;א
ע;ה;ל;ה;ק;ת;ו;ו;ת;א;ה;ו;ה;י;ה;ו;צ;ר;ש;א
מ;ר;מ;א;י;ו;ד;ע;ו;מ;ל;ה;א;ח;ת;פ;ל;א;ה;ד
ה;ו;צ;ר;ש;א;ר;ב;ד;ה;ה;ז;ה;ד;ע;ה;ל;א;ה;ש
א;ת;א;ה;ש;מ;ב;ר;ק;י;ו;ת;ו;ש;ע;ל;ה;ו;ה;י
מ;ב;ם;ת;א;ץ;ח;ר;י;ו;ו;י;נ;ב;ת;א;ו;ן;ר;ה
ח;י;ו;ת;נ;ת;כ;ה;ת;א;ו;י;ל;ע;ן;ת;י;ו;ם;י
ת;א;ו;ת;א;ש;ב;ל;י;ו;ט;נ;ב;א;ב;ו;ת;א;ר;ג
ו;ד;פ;א;ה;ת;א;ו;י;ל;ע;ן;ת;י;ו;ל;י;ע;מ;ה
ד;פ;א;י;ו;ד;פ;א;ה;ב;ש;ח;ב;ו;ת;א;ר;ג;ח;י
י;ו;ן;ש;ח;ה;ת;א;ו;י;ל;ע;ם;ש;י;ו;ו;ב;ו;ל
ה;ת;א;ו;ם;י;ר;ו;א;ה;ת;א;ן;ש;ח;ה;ל;א;ן;ת
א;ר;ל;ע;ת;פ;נ;צ;מ;ה;ת;א;ם;ש;י;ו;ם;י;מ;ת
פ;ל;ו;מ;ל;א;ת;פ;נ;צ;מ;ה;ל;ע;ם;ש;י;ו;ו;ש
כ;ש;ד;ק;ה;ר;ז;נ;ב;ה;ז;ה;ץ;י;צ;ת;א;ו;י;נ
מ;ח;ק;י;ו;ה;ש;מ;ת;א;ה;ו;ה;י;ה;ו;צ;ר;ש;א
ה;ת;א;ח;ש;מ;י;ו;ה;ח;ש;מ;ה;ן;מ;ש;ת;א;ה;ש
א;ש;ד;ק;י;ו;ו;ב;ר;ש;א;ל;כ;ת;א;ו;ן;כ;ש;מ
פ;ע;ב;ש;ח;ב;ז;מ;ה;ל;ע;ו;נ;מ;מ;ז;י;ו;ם;ת
כ;ת;א;ו;ח;ב;ז;מ;ה;ת;א;ח;ש;מ;י;ו;ם;י;מ;ע
ק;ל;ו;נ;כ;ת;א;ו;ר;י;כ;ה;ת;א;ו;ו;י;ל;כ;ל
א;ר;ל;ע;ה;ח;ש;מ;ה;ן;מ;ש;מ;ק;צ;י;ו;ם;ש;ד
י;ו;ו;ש;ד;ק;ל;ו;ת;א;ח;ש;מ;י;ו;ן;ר;ה;א;ש
ש;ב;ל;י;ו;ן;ר;ה;א;י;נ;ב;ת;א;ה;ש;מ;ב;ר;ק
ח;י;ו;ט;נ;ב;א;ם;ת;א;ר;ג;ח;י;ו;ת;נ;ת;כ;ם
ה;י;ה;ו;צ;ר;ש;א;כ;ת;ו;ע;ב;ג;מ;ם;ה;ל;ש;ב
ת;א;ט;ח;ה;ר;פ;ת;א;ש;ג;י;ו;ה;ש;מ;ת;א;ה;ו
ה;י;ד;י;ת;א;ו;י;נ;ב;ו;ן;ר;ה;א;ך;מ;ס;י;ו
י;ו;ט;ח;ש;י;ו;ת;א;ט;ח;ה;ר;פ;ש;א;ר;ל;ע;ם
ו;נ;ר;ק;ל;ע;ן;ת;י;ו;ם;ד;ה;ת;א;ה;ש;מ;ח;ק
ט;ח;י;ו;ו;ע;ב;צ;א;ב;ב;י;ב;ס;ח;ב;ז;מ;ה;ת
י;ל;א;ק;צ;י;ם;ד;ה;ת;א;ו;ח;ב;ז;מ;ה;ת;א;א
ע;ר;פ;כ;ל;ו;ה;ש;ד;ק;י;ו;ח;ב;ז;מ;ה;ד;ו;ס
ל;ע;ר;ש;א;ב;ל;ח;ה;ל;כ;ת;א;ח;ק;י;ו;ו;י;ל
ת;ש;ת;א;ו;ד;ב;כ;ה;ת;ר;ת;י;ת;א;ו;ב;ר;ק;ה
מ;ר;ט;ק;י;ו;ן;ה;ב;ל;ח;ת;א;ו;ת;י;ל;כ;ה;י
ו;ר;ע;ת;א;ו;ר;פ;ה;ת;א;ו;ה;ח;ב;ז;מ;ה;ה;ש
ש;א;ב;ף;ר;ש;ו;ש;ר;פ;ת;א;ו;ו;ר;ש;ב;ת;א;ו
ה;ו;ה;י;ה;ו;צ;ר;ש;א;כ;ה;נ;ח;מ;ל;ץ;ו;ח;מ
ו;ה;ל;ע;ה;ל;י;א;ת;א;ב;ר;ק;י;ו;ה;ש;מ;ת;א
ה;י;ד;י;ת;א;ו;י;נ;ב;ו;ן;ר;ה;א;ו;כ;מ;ס;י
ק;ר;ז;י;ו;ט;ח;ש;י;ו;ל;י;א;ה;ש;א;ר;ל;ע;ם
ו;ב;י;ב;ס;ח;ב;ז;מ;ה;ל;ע;ם;ד;ה;ת;א;ה;ש;מ
ר;ט;ק;י;ו;ו;י;ח;ת;נ;ל;ח;ת;נ;ל;י;א;ה;ת;א
א;ו;ם;י;ח;ת;נ;ה;ת;א;ו;ש;א;ר;ה;ת;א;ה;ש;מ
י;ע;ר;כ;ה;ת;א;ו;ב;ר;ק;ה;ת;א;ו;ר;ד;פ;ה;ת
ל;כ;ת;א;ה;ש;מ;ר;ט;ק;י;ו;ם;י;מ;ב;ץ;ח;ר;ם
ח;י;ר;ל;א;ו;ה;ה;ל;ע;ה;ח;ב;ז;מ;ה;ל;י;א;ה
צ;ר;ש;א;כ;ה;ו;ה;י;ל;א;ו;ה;ה;ש;א;ח;ח;י;נ
א;ה;ת;א;ב;ר;ק;י;ו;ה;ש;מ;ת;א;ה;ו;ה;י;ה;ו
כ;מ;ס;י;ו;ם;י;א;ל;מ;ה;ל;י;א;י;נ;ש;ה;ל;י
ר;ל;ע;ם;ה;י;ד;י;ת;א;ו;י;נ;ב;ו;ן;ר;ה;א;ו
ד;מ;ה;ש;מ;ח;ק;י;ו;ט;ח;ש;י;ו;ל;י;א;ה;ש;א
ה;ן;ר;ה;א;ן;ז;א;ך;ו;נ;ת;ל;ע;ן;ת;י;ו;ו;מ
ת;י;נ;מ;י;ה;ו;ד;י;ן;ה;ב;ל;ע;ו;ת;י;נ;מ;י
ר;ק;י;ו;ת;י;נ;מ;י;ה;ו;ל;ג;ר;ן;ה;ב;ל;ע;ו
ה;ן;מ;ה;ש;מ;ן;ת;י;ו;ן;ר;ה;א;י;נ;ב;ת;א;ב
ע;ו;ת;י;נ;מ;י;ה;ם;נ;ז;א;ך;ו;נ;ת;ל;ע;ם;ד
ר;ן;ה;ב;ל;ע;ו;ת;י;נ;מ;י;ה;ם;ד;י;ן;ה;ב;ל
ה;ת;א;ה;ש;מ;ק;ר;ז;י;ו;ת;י;נ;מ;י;ה;ם;ל;ג
ה;ת;א;ח;ק;י;ו;ב;י;ב;ס;ח;ב;ז;מ;ה;ל;ע;ם;ד
ב;ל;ח;ה;ל;כ;ת;א;ו;ה;י;ל;א;ה;ת;א;ו;ב;ל;ח
ד;ב;כ;ה;ת;ר;ת;י;ת;א;ו;ב;ר;ק;ה;ל;ע;ר;ש;א
ו;ן;ה;ב;ל;ח;ת;א;ו;ת;י;ל;כ;ה;י;ת;ש;ת;א;ו
א;ת;ו;צ;מ;ה;ל;ס;מ;ו;ן;י;מ;י;ה;ק;ו;ש;ת;א
א;ה;צ;מ;ת;ל;ח;ח;ק;ל;ה;ו;ה;י;י;נ;פ;ל;ר;ש
ק;י;ק;ר;ו;ת;ח;א;ן;מ;ש;ם;ח;ל;ת;ל;ח;ו;ת;ח
ו;ש;ל;ע;ו;ם;י;ב;ל;ח;ה;ל;ע;ם;ש;י;ו;ד;ח;א
י;פ;כ;ל;ע;ל;כ;ה;ת;א;ן;ת;י;ו;ן;י;מ;י;ה;ק
ת;א;ף;נ;י;ו;ו;י;נ;ב;י;פ;כ;ל;ע;ו;ן;ר;ה;א
ש;מ;ח;ק;י;ו;ה;ו;ה;י;י;נ;פ;ל;ה;פ;ו;נ;ת;ם
ז;מ;ה;ר;ט;ק;י;ו;ם;ה;י;פ;כ;ל;ע;מ;ם;ת;א;ה
ח;י;ר;ל;ם;ה;ם;י;א;ל;מ;ה;ל;ע;ה;ל;ע;ה;ח;ב
מ;ח;ק;י;ו;ה;ו;ה;י;ל;א;ו;ה;ה;ש;א;ח;ח;י;נ
ה;פ;ו;נ;ת;ו;ה;פ;י;נ;י;ו;ה;ז;ח;ה;ת;א;ה;ש
מ;ל;ם;י;א;ל;מ;ה;ל;י;א;מ;ה;ו;ה;י;י;נ;פ;ל
ה;ו;ה;י;ה;ו;צ;ר;ש;א;כ;ה;נ;מ;ל;ה;י;ה;ה;ש
ח;ש;מ;ה;ן;מ;ש;מ;ה;ש;מ;ח;ק;י;ו;ה;ש;מ;ת;א
ז;י;ו;ח;ב;ז;מ;ה;ל;ע;ר;ש;א;ם;ד;ה;ן;מ;ו;ה
ו;י;נ;ב;ל;ע;ו;ו;י;ד;ג;ב;ל;ע;ן;ר;ה;א;ל;ע
א;ש;ד;ק;י;ו;ו;ת;א;ו;י;נ;ב;י;ד;ג;ב;ל;ע;ו
ו;ו;י;נ;ב;ת;א;ו;ו;י;ד;ג;ב;ת;א;ן;ר;ה;א;ת
ש;מ;ר;מ;א;י;ו;ו;ת;א;ו;י;נ;ב;י;ד;ג;ב;ת;א
ת;א;ו;ל;ש;ב;ו;י;נ;ב;ל;א;ו;ן;ר;ה;א;ל;א;ה
כ;א;ת;ם;ש;ו;ד;ע;ו;מ;ל;ה;א;ח;ת;פ;ר;ש;ב;ה
מ;ה;ל;ס;ב;ר;ש;א;ם;ח;ל;ה;ת;א;ו;ו;ת;א;ו;ל
ר;ה;א;ר;מ;א;ל;י;ת;י;ו;צ;ר;ש;א;כ;ם;י;א;ל
ב;ב;ר;ת;ו;נ;ה;ו;ו;ה;ל;כ;א;י;ו;י;נ;ב;ו;ן
ח;ת;פ;מ;ו;ו;פ;ר;ש;ת;ש;א;ב;ם;ח;ל;ב;ו;ר;ש
י;מ;י;ת;ע;ב;ש;ו;א;צ;ת;א;ל;ד;ע;ו;מ;ל;ה;א
כ;ם;כ;י;א;ל;מ;י;מ;י;ת;א;ל;מ;ם;ו;י;ד;ע;ם
כ;ם;כ;ד;י;ת;א;א;ל;מ;י;ם;י;מ;י;ת;ע;ב;ש;י
ה;ו;ה;י;ה;ו;צ;ה;ז;ה;ם;ו;י;ב;ה;ש;ע;ר;ש;א
ל;ה;א;ח;ת;פ;ו;ם;כ;י;ל;ע;ר;פ;כ;ל;ת;ש;ע;ל
ע;ב;ש;ה;ל;י;ל;ו;ם;מ;ו;י;ו;ב;ש;ת;ד;ע;ו;מ
ה;י;ת;ר;מ;ש;מ;ת;א;ם;ת;ר;מ;ש;ו;ם;י;מ;י;ת
ו;י;ת;י;ו;צ;ן;כ;י;כ;ו;ת;ו;מ;ת;א;ל;ו;ה;ו
ר;ב;ד;ה;ל;כ;ת;א;ו;י;נ;ב;ו;ן;ר;ה;א;ש;ע;י
י;ו;ה;ש;מ;ד;י;ב;ה;ו;ה;י;ה;ו;צ;ר;ש;א;ם;י
א;ל;ה;ש;מ;א;ר;ק;י;נ;י;מ;ש;ה;ם;ו;י;ב;י;ה
ל;א;ר;ש;י;י;נ;ק;ז;ל;ו;ו;י;נ;ב;ל;ו;ן;ר;ה
ן;ב;ל;ג;ע;ך;ל;ח;ק;ן;ר;ה;א;ל;א;ר;מ;א;י;ו
מ;י;מ;ת;ה;ל;ע;ל;ל;י;א;ו;ת;א;ט;ח;ל;ר;ק;ב
י;נ;ב;ל;א;ו;ה;ו;ה;י;י;נ;פ;ל;ב;ר;ק;ה;ו;ם
ר;י;ע;ש;ו;ח;ק;ר;מ;א;ל;ר;ב;ד;ת;ל;א;ר;ש;י
י;נ;ב;ש;ב;כ;ו;ל;ג;ע;ו;ת;א;ט;ח;ל;ם;י;ז;ע
ל;י;א;ו;ר;ו;ש;ו;ה;ל;ע;ל;ם;מ;י;מ;ת;ה;נ;ש
מ;ו;ה;ו;ה;י;י;נ;פ;ל;ח;ב;ז;ל;ם;י;מ;ל;ש;ל
ה;י;ם;ו;י;ה;י;כ;ן;מ;ש;ב;ה;ל;ו;ל;ב;ה;ח;נ
ש;א;ת;א;ו;ח;ק;י;ו;ם;כ;י;ל;א;ה;א;ר;נ;ה;ו
ו;ד;ע;ו;מ;ל;ה;א;י;נ;פ;ל;א;ה;ש;מ;ה;ו;צ;ר
נ;פ;ל;ו;ד;מ;ע;י;ו;ה;ד;ע;ה;ל;כ;ו;ב;ר;ק;י
א;ר;ב;ד;ה;ה;ז;ה;ש;מ;ר;מ;א;י;ו;ה;ו;ה;י;י
י;ל;א;א;ר;י;ו;ו;ש;ע;ת;ה;ו;ה;י;ה;ו;צ;ר;ש
ל;א;ה;ש;מ;ר;מ;א;י;ו;ה;ו;ה;י;ד;ו;ב;כ;ם;כ
ת;א;ה;ש;ע;ו;ח;ב;ז;מ;ה;ל;א;ב;ר;ק;ן;ר;ה;א
ך;ד;ע;ב;ר;פ;כ;ו;ך;ת;ל;ע;ת;א;ו;ך;ת;א;ט;ח
ם;ע;ה;ן;ב;ר;ק;ת;א;ה;ש;ע;ו;ם;ע;ה;ד;ע;ב;ו
ו;ה;ו;ה;י;ה;ו;צ;ר;ש;א;כ;ם;ד;ע;ב;ר;פ;כ;ו
ט;ח;ש;י;ו;ח;ב;ז;מ;ה;ל;א;ן;ר;ה;א;ב;ר;ק;י
ב;ר;ק;י;ו;ו;ל;ר;ש;א;ת;א;ט;ח;ה;ל;ג;ע;ת;א
ט;י;ו;ו;י;ל;א;ם;ד;ה;ת;א;ן;ר;ה;א;י;נ;ב;ו
ו;נ;ר;ק;ל;ע;ן;ת;י;ו;ם;ד;ב;ו;ע;ב;צ;א;ל;ב
ו;ס;י;ל;א;ק;צ;י;ם;ד;ה;ת;א;ו;ח;ב;ז;מ;ה;ת
י;ל;כ;ה;ת;א;ו;ב;ל;ח;ה;ת;א;ו;ח;ב;ז;מ;ה;ד
ט;ח;ה;ן;מ;ד;ב;כ;ה;ן;מ;ת;ר;ת;י;ה;ת;א;ו;ת
ה;ו;צ;ר;ש;א;כ;ה;ח;ב;ז;מ;ה;ר;י;ט;ק;ה;ת;א
ה;ת;א;ו;ר;ש;ב;ה;ת;א;ו;ה;ש;מ;ת;א;ה;ו;ה;י
י;ו;ה;נ;ח;מ;ל;ץ;ו;ח;מ;ש;א;ב;ף;ר;ש;ר;ו;ע
ה;א;י;נ;ב;ו;א;צ;מ;י;ו;ה;ל;ע;ה;ת;א;ט;ח;ש
ל;ע;ו;ה;ק;ר;ז;י;ו;ם;ד;ה;ת;א;ו;י;ל;א;ן;ר
י;צ;מ;ה;ה;ל;ע;ה;ת;א;ו;ב;י;ב;ס;ח;ב;ז;מ;ה
ו;ש;א;ר;ה;ת;א;ו;ה;י;ח;ת;נ;ל;ו;י;ל;א;ו;א
ק;ה;ת;א;ץ;ח;ר;י;ו;ח;ב;ז;מ;ה;ל;ע;ר;ט;ק;י
ע;ה;ל;ע;ר;ט;ק;י;ו;ם;י;ע;ר;כ;ה;ת;א;ו;ב;ר
ה;ן;ב;ר;ק;ת;א;ב;ר;ק;י;ו;ה;ח;ב;ז;מ;ה;ה;ל
ר;ש;א;ת;א;ט;ח;ה;ר;י;ע;ש;ת;א;ח;ק;י;ו;ם;ע
א;ר;כ;ו;ה;א;ט;ח;י;ו;ו;ה;ט;ח;ש;י;ו;ם;ע;ל
כ;ה;ש;ע;י;ו;ה;ל;ע;ה;ת;א;ב;ר;ק;י;ו;ן;ו;ש
ל;מ;י;ו;ה;ח;נ;מ;ה;ת;א;ב;ר;ק;י;ו;ט;פ;ש;מ
ח;ב;ז;מ;ה;ל;ע;ר;ט;ק;י;ו;ה;נ;מ;מ;ו;פ;כ;א
ש;ה;ת;א;ט;ח;ש;י;ו;ר;ק;ב;ה;ת;ל;ע;ד;ב;ל;מ
ש;א;ם;י;מ;ל;ש;ה;ח;ב;ז;ל;י;א;ה;ת;א;ו;ר;ו
ה;ת;א;ן;ר;ה;א;י;נ;ב;ו;א;צ;מ;י;ו;ם;ע;ל;ר
ח;ב;ז;מ;ה;ל;ע;ו;ה;ק;ר;ז;י;ו;ו;י;ל;א;ם;ד
ו;ר;ו;ש;ה;ן;מ;ם;י;ב;ל;ח;ה;ת;א;ו;ב;י;ב;ס
כ;ה;ו;ה;ס;כ;מ;ה;ו;ה;י;ל;א;ה;ל;י;א;ה;ן;מ
ת;א;ו;מ;י;ש;י;ו;ד;ב;כ;ה;ת;ר;ת;י;ו;ת;י;ל
ח;ה;ר;ט;ק;י;ו;ת;ו;ז;ח;ה;ל;ע;ם;י;ב;ל;ח;ה
א;ו;ת;ו;ז;ח;ה;ת;א;ו;ה;ח;ב;ז;מ;ה;ם;י;ב;ל
ו;נ;ת;ן;ר;ה;א;ף;י;נ;ה;ן;י;מ;י;ה;ק;ו;ש;ת
ה;ש;מ;ה;ו;צ;ר;ש;א;כ;ה;ו;ה;י;י;נ;פ;ל;ה;פ
י;ו;ם;ע;ה;ל;א;ו;ד;י;ת;א;ן;ר;ה;א;א;ש;י;ו
ע;ה;ו;ת;א;ט;ח;ה;ת;ש;ע;מ;ד;ר;י;ו;ם;כ;ר;ב
ר;ה;א;ו;ה;ש;מ;א;ב;י;ו;ם;י;מ;ל;ש;ה;ו;ה;ל
כ;ר;ב;י;ו;ו;א;צ;י;ו;ד;ע;ו;מ;ל;ה;א;ל;א;ן
ל;א;ה;ו;ה;י;ד;ו;ב;כ;א;ר;י;ו;ם;ע;ה;ת;א;ו
ה;ו;ה;י;י;נ;פ;ל;מ;ש;א;א;צ;ת;ו;ם;ע;ה;ל;כ
א;ו;ה;ל;ע;ה;ת;א;ח;ב;ז;מ;ה;ל;ע;ל;כ;א;ת;ו
נ;ר;י;ו;ם;ע;ה;ל;כ;א;ר;י;ו;ם;י;ב;ל;ח;ה;ת
נ;ב;ו;ח;ק;י;ו;ם;ה;י;נ;פ;ל;ע;ו;ל;פ;י;ו;ו
ח;מ;ש;י;א;א;ו;ה;י;ב;א;ו;ב;ד;נ;ן;ר;ה;א;י
ע;ו;מ;י;ש;י;ו;ש;א;ן;ה;ב;ו;נ;ת;י;ו;ו;ת;ת
ו;ה;י;י;נ;פ;ל;ו;ב;ר;ק;י;ו;ת;ר;ט;ק;ה;י;ל
צ;ת;ו;ם;ת;א;ה;ו;צ;א;ל;ר;ש;א;ה;ר;ז;ש;א;ה
ת;ו;א;ל;כ;א;ת;ו;ה;ו;ה;י;י;נ;פ;ל;מ;ש;א;א
מ;ר;מ;א;י;ו;ה;ו;ה;י;י;נ;פ;ל;ו;ת;מ;י;ו;ם
ו;ה;י;ר;ב;ד;ר;ש;א;א;ו;ה;ן;ר;ה;א;ל;א;ה;ש
י;נ;פ;ל;ע;ו;ש;ד;ק;א;י;ב;ר;ק;ב;ר;מ;א;ל;ה
ק;י;ו;ן;ר;ה;א;ם;ד;י;ו;ד;ב;כ;א;ם;ע;ה;ל;כ
ן;פ;צ;ל;א;ל;א;ו;ל;א;ש;י;מ;ל;א;ה;ש;מ;א;ר
א;ר;מ;א;י;ו;ן;ר;ה;א;ד;ד;ל;א;י;ז;ע;י;נ;ב
ת;א;מ;ם;כ;י;ח;א;ת;א;ו;א;ש;ו;ב;ר;ק;ם;ה;ל
י;ו;ה;נ;ח;מ;ל;ץ;ו;ח;מ;ל;א;ש;ד;ק;ה;י;נ;פ
ו;ח;מ;ל;א;ם;ת;נ;ת;כ;ב;ם;א;ש;י;ו;ו;ב;ר;ק
מ;א;י;ו;ה;ש;מ;ר;ב;ד;ר;ש;א;כ;ה;נ;ח;מ;ל;ץ
א;ל;ו;ר;ז;ע;ל;א;ל;ו;ן;ר;ה;א;ל;א;ה;ש;מ;ר
ע;ר;פ;ת;ל;א;ם;כ;י;ש;א;ר;ו;י;נ;ב;ר;מ;ת;י
מ;ת;א;ל;ו;ו;מ;ר;פ;ת;א;ל;ם;כ;י;ד;ג;ב;ו;ו
כ;י;ח;א;ו;ף;צ;ק;י;ה;ד;ע;ה;ל;כ;ל;ע;ו;ו;ת
ר;ש;ה;ת;א;ו;כ;ב;י;ל;א;ר;ש;י;ת;י;ב;ל;כ;ם
ל;ה;א;ח;ת;פ;מ;ו;ה;ו;ה;י;ף;ר;ש;ר;ש;א;ה;פ
מ;ש;י;כ;ו;ת;מ;ת;ן;פ;ו;א;צ;ת;א;ל;ד;ע;ו;מ
כ;ו;ש;ע;י;ו;ם;כ;י;ל;ע;ה;ו;ה;י;ת;ח;ש;מ;ן
ר;ה;א;ל;א;ה;ו;ה;י;ר;ב;ד;י;ו;ה;ש;מ;ר;ב;ד
ה;ת;א;ת;ש;ת;ל;א;ר;כ;ש;ו;ן;י;י;ר;מ;א;ל;ן
ו;מ;ל;ה;א;ל;א;ם;כ;א;ב;ב;ך;ת;א;ך;י;נ;ב;ו
ת;ר;ד;ל;ם;ל;ו;ע;ת;ק;ח;ו;ת;מ;ת;א;ל;ו;ד;ע
י;ב;ו;ש;ד;ק;ה;ן;י;ב;ל;י;ד;ב;ה;ל;ו;ם;כ;י
ו;ה;ט;ה;ן;י;ב;ו;א;מ;ט;ה;ן;י;ב;ו;ל;ח;ה;ן
כ;ת;א;ל;א;ר;ש;י;י;נ;ב;ת;א;ת;ר;ו;ה;ל;ו;ר
ה;י;ל;א;ה;ו;ה;י;ר;ב;ד;ר;ש;א;ם;י;ק;ח;ה;ל
ר;ה;א;ל;א;ה;ש;מ;ר;ב;ד;י;ו;ה;ש;מ;ד;י;ב;ם
י;נ;ב;ר;מ;ת;י;א;ל;א;ו;ר;ז;ע;ל;א;ל;א;ו;ן
נ;ה;ה;ח;נ;מ;ה;ת;א;ו;ח;ק;ם;י;ר;ת;ו;נ;ה;ו
צ;מ;ה;ו;ל;כ;א;ו;ה;ו;ה;י;י;ש;א;מ;ת;ר;ת;ו
ם;י;ש;ד;ק;ש;ד;ק;י;כ;ח;ב;ז;מ;ה;ל;צ;א;ת;ו
ש;ד;ק;ם;ו;ק;מ;ב;ה;ת;א;ם;ת;ל;כ;א;ו;א;ו;ה
י;י;ש;א;מ;א;ו;ה;ך;י;נ;ב;ק;ח;ו;ך;ק;ח;י;כ
ת;ה;ה;ז;ח;ת;א;ו;י;ת;י;ו;צ;ן;כ;י;כ;ה;ו;ה
ל;כ;א;ת;ה;מ;ו;ר;ת;ה;ק;ו;ש;ת;א;ו;ה;פ;ו;נ
ב;ו;ך;י;נ;ב;ו;ה;ת;א;ר;ו;ה;ט;ם;ו;ק;מ;ב;ו
נ;ך;י;נ;ב;ק;ח;ו;ך;ק;ח;י;כ;ך;ת;א;ך;י;ת;נ
ל;א;ר;ש;י;י;נ;ב;י;מ;ל;ש;י;ח;ב;ז;מ;ו;נ;ת
ע;ה;פ;ו;נ;ת;ה;ה;ז;ח;ו;ה;מ;ו;ר;ת;ה;ק;ו;ש
ף;י;נ;ה;ל;ו;א;י;ב;י;ם;י;ב;ל;ח;ה;י;ש;א;ל
ו;ך;ל;ה;י;ה;ו;ה;ו;ה;י;י;נ;פ;ל;ה;פ;ו;נ;ת
צ;ר;ש;א;כ;ם;ל;ו;ע;ק;ח;ל;ך;ת;א;ך;י;נ;ב;ל
ר;ד;ת;א;ט;ח;ה;ר;י;ע;ש;ת;א;ו;ה;ו;ה;י;ה;ו
ע;ף;צ;ק;י;ו;ף;ר;ש;ה;נ;ה;ו;ה;ש;מ;ש;ר;ד;ש
ר;ה;א;י;נ;ב;ר;מ;ת;י;א;ל;ע;ו;ר;ז;ע;ל;א;ל
ל;כ;א;א;ל;ע;ו;ד;מ;ר;מ;א;ל;ם;ר;ת;ו;נ;ה;ן
י;כ;ש;ד;ק;ה;ם;ו;ק;מ;ב;ת;א;ט;ח;ה;ת;א;ם;ת
כ;ל;ן;ת;נ;ה;ת;א;ו;א;ו;ה;ם;י;ש;ד;ק;ש;ד;ק
ל;ע;ר;פ;כ;ל;ה;ד;ע;ה;ן;ו;ע;ת;א;ת;א;ש;ל;ם
א;א;ב;ו;ה;א;ל;ן;ה;ה;ו;ה;י;י;נ;פ;ל;ם;ה;י
ת;ל;ו;כ;א;ה;מ;י;נ;פ;ש;ד;ק;ה;ל;א;ה;מ;ד;ת
י;ת;י;ו;צ;ר;ש;א;כ;ש;ד;ק;ב;ה;ת;א;ו;ל;כ;א
ם;ו;י;ה;ן;ה;ה;ש;מ;ל;א;ן;ר;ה;א;ר;ב;ד;י;ו
ם;ת;ל;ע;ת;א;ו;ם;ת;א;ט;ח;ת;א;ו;ב;י;ר;ק;ה
א;כ;י;ת;א;ה;נ;א;ר;ק;ת;ו;ה;ו;ה;י;י;נ;פ;ל
ט;י;י;ה;ם;ו;י;ה;ת;א;ט;ח;י;ת;ל;כ;א;ו;ה;ל
י;ו;ה;ש;מ;ע;מ;ש;י;ו;ה;ו;ה;י;י;נ;י;ע;ב;ב
ל;א;ה;ו;ה;י;ר;ב;ד;י;ו;ו;י;נ;י;ע;ב;ב;ט;י
ב;ד;ם;ה;ל;א;ר;מ;א;ל;ן;ר;ה;א;ל;א;ו;ה;ש;מ
ה;ת;א;ז;ר;מ;א;ל;ל;א;ר;ש;י;י;נ;ב;ל;א;ו;ר
א;ה;מ;ה;ב;ה;ל;כ;מ;ו;ל;כ;א;ת;ר;ש;א;ה;י;ח
ו;ה;ס;ר;פ;ת;ס;ר;פ;מ;ל;כ;ץ;ר;א;ה;ל;ע;ר;ש
ב;ב;ה;ר;ג;ת;ל;ע;מ;ת;ס;ר;פ;ע;ס;ש;ת;ע;ס;ש
ת;א;ל;ה;ז;ת;א;ך;א;ו;ל;כ;א;ת;ה;ת;א;ה;מ;ה
ס;י;ר;פ;מ;מ;ו;ה;ר;ג;ה;י;ל;ע;מ;מ;ו;ל;כ;א
ר;ג;ה;ל;ע;מ;י;כ;ל;מ;ג;ה;ת;א;ה;ס;ר;פ;ה;י
ט;ס;י;ר;פ;מ;ו;נ;נ;י;א;ה;ס;ר;פ;ו;א;ו;ה;ה
ל;ע;מ;י;כ;ן;פ;ש;ה;ת;א;ו;ם;כ;ל;א;ו;ה;א;מ
ט;ס;י;ר;פ;י;א;ל;ה;ס;ר;פ;ו;א;ו;ה;ה;ר;ג;ה
מ;י;כ;ת;ב;נ;ר;א;ה;ת;א;ו;ם;כ;ל;א;ו;ה;א;מ
י;ר;פ;ה;א;ל;ה;ס;ר;פ;ו;א;ו;ה;ה;ר;ג;ת;ל;ע
ר;י;ז;ח;ה;ת;א;ו;ם;כ;ל;א;ו;ה;ה;א;מ;ט;ה;ס
ס;ש;ע;ס;ש;ו;א;ו;ה;ה;ס;ר;פ;ס;י;ר;פ;מ;י;כ
א;מ;ט;ר;ג;י;א;ל;ה;ר;ג;א;ו;ה;ו;ה;ס;ר;פ;ע
ב;ו;ו;ל;כ;א;ת;א;ל;ם;ר;ש;ב;מ;ם;כ;ל;א;ו;ה
כ;ל;ם;ה;ם;י;א;מ;ט;ו;ע;ג;ת;א;ל;ם;ת;ל;ב;נ
ם;י;מ;ב;ר;ש;א;ל;כ;מ;ו;ל;כ;א;ת;ה;ז;ת;א;ם
מ;ב;ת;ש;ק;ש;ק;ו;ר;י;פ;נ;ס;ו;ל;ר;ש;א;ל;כ
כ;א;ת;ם;ת;א;ם;י;ל;ח;נ;ב;ו;ם;י;מ;י;ב;ם;י
ק;ו;ר;י;פ;נ;ס;ו;ל;ן;י;א;ר;ש;א;ל;כ;ו;ו;ל
ש;ל;כ;מ;ם;י;ל;ח;נ;ב;ו;ם;י;מ;י;ב;ת;ש;ק;ש
ר;ש;א;ה;י;ח;ה;ש;פ;נ;ל;כ;מ;ו;ם;י;מ;ה;ץ;ר
ו;י;ה;י;ץ;ק;ש;ו;ם;כ;ל;ם;ה;ץ;ק;ש;ם;י;מ;ב
ב;נ;ת;א;ו;ו;ל;כ;א;ת;א;ל;ם;ר;ש;ב;מ;ם;כ;ל
נ;ס;ו;ל;ן;י;א;ר;ש;א;ל;כ;ו;צ;ק;ש;ת;ם;ת;ל
ל;א;ו;ה;ץ;ק;ש;ם;י;מ;ב;ת;ש;ק;ש;ק;ו;ר;י;פ
ל;ף;ו;ע;ה;ן;מ;ו;צ;ק;ש;ת;ה;ל;א;ת;א;ו;ם;כ
ת;א;ו;ר;ש;נ;ה;ת;א;ם;ה;ץ;ק;ש;ו;ל;כ;א;י;א
ה;א;ד;ה;ת;א;ו;ה;י;נ;ז;ע;ה;ת;א;ו;ס;ר;פ;ה
ל;ב;ר;ע;ל;כ;ת;א;ה;נ;י;מ;ל;ה;י;א;ה;ת;א;ו
ח;ת;ה;ת;א;ו;ה;נ;ע;י;ה;ת;ב;ת;א;ו;ו;נ;י;מ
ה;נ;י;מ;ל;ץ;נ;ה;ת;א;ו;ף;ח;ש;ה;ת;א;ו;ס;מ
י;ה;ת;א;ו;ך;ל;ש;ה;ת;א;ו;ס;ו;כ;ה;ת;א;ו;ו
ת;א;ק;ה;ת;א;ו;ת;מ;ש;נ;ת;ה;ת;א;ו;ף;ו;ש;נ
פ;נ;א;ה;ה;ד;י;ס;ח;ה;ת;א;ו;ם;ח;ר;ה;ת;א;ו
ה;ת;א;ו;ת;פ;י;כ;ו;ד;ה;ת;א;ו;ה;נ;י;מ;ל;ה
א;ל;ע;ך;ל;ה;ה;ף;ו;ע;ה;ץ;ר;ש;ל;כ;ף;ל;ט;ע
א;ת;ה;ז;ת;א;ך;א;ם;כ;ל;א;ו;ה;ץ;ק;ש;ע;ב;ר
א;ל;ע;ך;ל;ה;ה;ף;ו;ע;ה;ץ;ר;ש;ל;כ;מ;ו;ל;כ
ג;ר;ל;ל;ע;מ;מ;ם;י;ע;ר;כ;א;ל;ר;ש;א;ע;ב;ר
ל;א;ת;א;ץ;ר;א;ה;ל;ע;ן;ה;ב;ר;ת;נ;ל;ו;י;ל
נ;י;מ;ל;ה;ב;ר;א;ה;ת;א;ו;ל;כ;א;ת;ם;ה;מ;ה
ח;ה;ת;א;ו;ו;ה;נ;י;מ;ל;ם;ע;ל;ס;ה;ת;א;ו;ו
נ;י;מ;ל;ב;ג;ח;ה;ת;א;ו;ו;ה;נ;י;מ;ל;ל;ג;ר
ב;ר;א;ו;ל;ר;ש;א;ף;ו;ע;ה;ץ;ר;ש;ל;כ;ו;ו;ה
ה;ל;א;ל;ו;ם;כ;ל;א;ו;ה;ץ;ק;ש;ם;י;ל;ג;ר;ע
מ;ט;י;ם;ת;ל;ב;נ;ב;ע;ג;נ;ה;ל;כ;ו;א;מ;ט;ת
ם;ת;ל;ב;נ;מ;א;ש;נ;ה;ל;כ;ו;ב;ר;ע;ה;ד;ע;א
ל;ב;ר;ע;ה;ד;ע;א;מ;ט;ו;ו;י;ד;ג;ב;ס;ב;כ;י
ר;פ;ת;ס;ר;פ;מ;א;ו;ה;ר;ש;א;ה;מ;ה;ב;ה;ל;כ
א;ה;ר;ג;ו;ת;ע;ס;ש;ה;נ;נ;י;א;ע;ס;ש;ו;ה;ס
ל;כ;ם;כ;ל;ם;ה;ם;י;א;מ;ט;ה;ל;ע;מ;ה;נ;נ;י
ל;ע;ך;ל;ו;ה;ל;כ;ו;א;מ;ט;י;ם;ה;ב;ע;ג;נ;ה
ר;א;ל;ע;ת;כ;ל;ה;ה;ה;י;ח;ה;ל;כ;ב;ו;י;פ;כ
נ;ב;ע;ג;נ;ה;ל;כ;ם;כ;ל;ם;ה;ם;י;א;מ;ט;ע;ב
א;א;ש;נ;ה;ו;ב;ר;ע;ה;ד;ע;א;מ;ט;י;ם;ת;ל;ב
ע;א;מ;ט;ו;ו;י;ד;ג;ב;ס;ב;כ;י;ם;ת;ל;ב;נ;ת
ל;ה;ז;ו;ם;כ;ל;ה;מ;ה;ם;י;א;מ;ט;ב;ר;ע;ה;ד
ץ;ר;א;ה;ל;ע;ץ;ר;ש;ה;ץ;ר;ש;ב;א;מ;ט;ה;ם;כ
ו;ה;נ;י;מ;ל;ב;צ;ה;ו;ר;ב;כ;ע;ה;ו;ד;ל;ח;ה
מ;ח;ה;ו;ה;א;ט;ל;ה;ו;ח;כ;ה;ו;ה;ק;נ;א;ה;ו
ם;כ;ל;ם;י;א;מ;ט;ה;ה;ל;א;ת;מ;ש;נ;ת;ה;ו;ט
ם;ת;מ;ב;ם;ה;ב;ע;ג;נ;ה;ל;כ;ץ;ר;ש;ה;ל;כ;ב
ע;ל;פ;י;ר;ש;א;ל;כ;ו;ב;ר;ע;ה;ד;ע;א;מ;ט;י
י;ל;כ;ל;כ;מ;א;מ;ט;י;ם;ת;מ;ב;ם;ה;מ;ו;י;ל
ל;כ;ל;כ;ק;ש;ו;א;ר;ו;ע;ו;א;ד;ג;ב;ו;א;ץ;ע
ם;י;מ;ב;ם;ה;ב;ה;כ;א;ל;מ;ה;ש;ע;י;ר;ש;א;י
כ;ו;ר;ה;ט;ו;ב;ר;ע;ה;ד;ע;א;מ;ט;ו;א;ב;ו;י
ו;ת;ל;א;ם;ה;מ;ל;פ;י;ר;ש;א;ש;ר;ח;י;ל;כ;ל
ו;ת;א;ו;א;מ;ט;י;ו;כ;ו;ת;ב;ר;ש;א;ל;כ;ו;כ
א;ל;כ;א;י;ר;ש;א;ל;כ;א;ה;ל;כ;מ;ו;ר;ב;ש;ת
ל;כ;ו;א;מ;ט;י;ם;י;מ;ו;י;ל;ע;א;ו;ב;י;ר;ש
מ;ט;י;י;ל;כ;ל;כ;ב;ה;ת;ש;י;ר;ש;א;ה;ק;ש;מ
ו;י;ל;ע;ם;ת;ל;ב;נ;מ;ל;פ;י;ר;ש;א;ל;כ;ו;א
א;מ;ט;ץ;ת;י;ם;י;ר;י;כ;ו;ר;ו;נ;ת;א;מ;ט;י
מ;ך;א;ם;כ;ל;ו;י;ה;י;ם;י;א;מ;ט;ו;ם;ה;ם;י
ה;ט;ה;י;ה;י;ם;י;מ;ה;ו;ק;מ;ר;ו;ב;ו;ן;י;ע
י;י;כ;ו;א;מ;ט;י;ם;ת;ל;ב;נ;ב;ע;ג;נ;ו;ר;ו
א;ע;ו;ר;ז;ע;ר;ז;ל;כ;ל;ע;ם;ת;ל;ב;נ;מ;ל;פ
מ;ן;ת;י;י;כ;ו;א;ו;ה;ר;ו;ה;ט;ע;ר;ז;י;ר;ש
י;ל;ע;ם;ת;ל;ב;נ;מ;ל;פ;נ;ו;ע;ר;ז;ל;ע;ם;י
ה;ן;מ;ת;ו;מ;י;י;כ;ו;ם;כ;ל;א;ו;ה;א;מ;ט;ו
נ;ה;ה;ל;כ;א;ל;ם;כ;ל;א;י;ה;ר;ש;א;ה;מ;ה;ב
ה;ו;ב;ר;ע;ה;ד;ע;א;מ;ט;י;ה;ת;ל;ב;נ;ב;ע;ג
ט;ו;ו;י;ד;ג;ב;ס;ב;כ;י;ה;ת;ל;ב;נ;מ;ל;כ;א
ה;ת;ל;ב;נ;ת;א;א;ש;נ;ה;ו;ב;ר;ע;ה;ד;ע;א;מ
ו;ב;ר;ע;ה;ד;ע;א;מ;ט;ו;ו;י;ד;ג;ב;ס;ב;כ;י
ה;ץ;ק;ש;ץ;ר;א;ה;ל;ע;ץ;ר;ש;ה;ץ;ר;ש;ה;ל;כ
ן;ו;ח;ג;ל;ע;ך;ל;ו;ה;ל;כ;ל;כ;א;י;א;ל;א;ו
ב;ר;מ;ל;כ;ד;ע;ע;ב;ר;א;ל;ע;ך;ל;ו;ה;ל;כ;ו
ה;ל;ע;ץ;ר;ש;ה;ץ;ר;ש;ה;ל;כ;ל;ם;י;ל;ג;ר;ה
ל;א;ם;ה;ץ;ק;ש;י;כ;ם;ו;ל;כ;א;ת;א;ל;ץ;ר;א
ר;ש;ה;ל;כ;ב;ם;כ;י;ת;ש;פ;נ;ת;א;ו;צ;ק;ש;ת
מ;ט;נ;ו;ם;ה;ב;ו;א;מ;ט;ת;א;ל;ו;ץ;ר;ש;ה;ץ
ו;ם;כ;י;ה;ל;א;ה;ו;ה;י;י;נ;א;י;כ;ם;ב;ם;ת
י;כ;ם;י;ש;ד;ק;ם;ת;י;י;ה;ו;ם;ת;ש;ד;ק;ת;ה
ש;פ;נ;ת;א;ו;א;מ;ט;ת;א;ל;ו;י;נ;א;ש;ו;ד;ק
ר;א;ה;ל;ע;ש;מ;ר;ה;ץ;ר;ש;ה;ל;כ;ב;ם;כ;י;ת
מ;ם;כ;ת;א;ה;ל;ע;מ;ה;ה;ו;ה;י;י;נ;א;י;כ;ץ
י;ה;ל;א;ל;ם;כ;ל;ת;י;ה;ל;ם;י;ר;צ;מ;ץ;ר;א
נ;א;ש;ו;ד;ק;י;כ;ם;י;ש;ד;ק;ם;ת;י;י;ה;ו;ם
כ;ו;ף;ו;ע;ה;ו;ה;מ;ה;ב;ה;ת;ר;ו;ת;ת;א;ז;י
כ;ל;ו;ם;י;מ;ב;ת;ש;מ;ר;ה;ה;י;ח;ה;ש;פ;נ;ל
י;ד;ב;ה;ל;ץ;ר;א;ה;ל;ע;ת;צ;ר;ש;ה;ש;פ;נ;ל
ן;י;ב;ו;ר;ה;ט;ה;ן;י;ב;ו;א;מ;ט;ה;ן;י;ב;ל
ש;א;ה;י;ח;ה;ן;י;ב;ו;ת;ל;כ;א;נ;ה;ה;י;ח;ה
ש;מ;ל;א;ה;ו;ה;י;ר;ב;ד;י;ו;ל;כ;א;ת;א;ל;ר
א;ל;ל;א;ר;ש;י;י;נ;ב;ל;א;ר;ב;ד;ר;מ;א;ל;ה
ר;כ;ז;ה;ד;ל;י;ו;ע;י;ר;ז;ת;י;כ;ה;ש;א;ר;מ
ת;ד;נ;י;מ;י;כ;ם;י;מ;י;ת;ע;ב;ש;ה;א;מ;ט;ו
י;י;נ;י;מ;ש;ה;ם;ו;י;ב;ו;א;מ;ט;ת;ה;ת;ו;ד
ם;ו;י;ם;י;ש;ל;ש;ו;ו;ת;ל;ר;ע;ר;ש;ב;ל;ו;מ
ה;ר;ה;ט;י;מ;ד;ב;ב;ש;ת;ם;י;מ;י;ת;ש;ל;ש;ו
ל;ש;ד;ק;מ;ה;ל;א;ו;ע;ג;ת;א;ל;ש;ד;ק;ל;כ;ב
ם;א;ו;ה;ר;ה;ט;י;מ;י;ת;א;ל;מ;ד;ע;א;ב;ת;א
ד;נ;כ;ם;י;ע;ב;ש;ה;א;מ;ט;ו;ד;ל;ת;ה;ב;ק;נ
ש;ת;ם;י;מ;י;ת;ש;ש;ו;ם;ו;י;ם;י;ש;ש;ו;ה;ת
ט;י;מ;י;ת;א;ל;מ;ב;ו;ה;ר;ה;ט;י;מ;ד;ל;ע;ב
ן;ב;ש;ב;כ;א;י;ב;ת;ת;ב;ל;ו;א;ן;ב;ל;ה;ר;ה
ל;ר;ת;ו;א;ה;נ;ו;י;ן;ב;ו;ה;ל;ע;ל;ו;ת;נ;ש
כ;ה;ל;א;ד;ע;ו;מ;ל;ה;א;ח;ת;פ;ל;א;ת;א;ט;ח
פ;כ;ו;ה;ו;ה;י;י;נ;פ;ל;ו;ב;י;ר;ק;ה;ו;ן;ה
א;ז;ה;י;מ;ד;ר;ק;מ;מ;ה;ר;ה;ט;ו;ה;י;ל;ע;ר
ב;ק;נ;ל;ו;א;ר;כ;ז;ל;ת;ד;ל;י;ה;ת;ר;ו;ת;ת
ק;ל;ו;ה;ש;י;ד;ה;ד;י;א;צ;מ;ת;א;ל;ם;א;ו;ה
נ;ו;י;י;נ;ב;י;נ;ש;ו;א;ם;י;ר;ת;י;ת;ש;ה;ח
פ;כ;ו;ת;א;ט;ח;ל;ד;ח;א;ו;ה;ל;ע;ל;ד;ח;א;ה
י;ר;ב;ד;י;ו;ה;ר;ה;ט;ו;ן;ה;כ;ה;ה;י;ל;ע;ר
א;ר;מ;א;ל;ן;ר;ה;א;ל;א;ו;ה;ש;מ;ל;א;ה;ו;ה
א;ת;א;ש;ו;ר;ש;ב;ר;ו;ע;ב;ה;י;ה;י;י;כ;ם;ד
ב;ר;ו;ע;ב;ה;י;ה;ו;ת;ר;ה;ב;ו;א;ת;ח;פ;ס;ו
ה;א;ל;א;א;ב;ו;ה;ו;ת;ע;ר;צ;ע;ג;נ;ל;ו;ר;ש
כ;ה;ו;י;נ;ב;מ;ד;ח;א;ל;א;ו;א;ן;ה;כ;ה;ן;ר
ע;ב;ע;ג;נ;ה;ת;א;ן;ה;כ;ה;ה;א;ר;ו;ם;י;נ;ה
ן;ב;ל;ך;פ;ה;ע;ג;נ;ב;ר;ע;ש;ו;ר;ש;ב;ה;ר;ו
ו;ר;ש;ב;ר;ו;ע;מ;ק;מ;ע;ע;ג;נ;ה;ה;א;ר;מ;ו
ו;ן;ה;כ;ה;ו;ה;א;ר;ו;א;ו;ה;ת;ע;ר;צ;ע;ג;נ
א;ו;ה;ה;נ;ב;ל;ת;ר;ה;ב;ם;א;ו;ו;ת;א;א;מ;ט
מ;ה;א;ר;מ;ן;י;א;ק;מ;ע;ו;ו;ר;ש;ב;ר;ו;ע;ב
ה;ו;ן;ב;ל;ך;פ;ה;א;ל;ה;ר;ע;ש;ו;ר;ו;ע;ה;ן
מ;י;ת;ע;ב;ש;ע;ג;נ;ה;ת;א;ן;ה;כ;ה;ר;י;ג;ס
ע;י;ב;ש;ה;ם;ו;י;ב;ן;ה;כ;ה;ו;ה;א;ר;ו;ם;י
א;ל;ו;י;נ;י;ע;ב;ד;מ;ע;ע;ג;נ;ה;ה;נ;ה;ו;י
כ;ה;ו;ר;י;ג;ס;ה;ו;ר;ו;ע;ב;ע;ג;נ;ה;ה;ש;פ
כ;ה;ה;א;ר;ו;ת;י;נ;ש;ם;י;מ;י;ת;ע;ב;ש;ן;ה
ו;ת;י;נ;ש;י;ע;י;ב;ש;ה;ם;ו;י;ב;ו;ת;א;ן;ה
ע;ג;נ;ה;ה;ש;פ;א;ל;ו;ע;ג;נ;ה;ה;ה;כ;ה;נ;ה
י;ה;ת;ח;פ;ס;מ;ן;ה;כ;ה;ו;ר;ה;ט;ו;ר;ו;ע;ב
ה;ש;פ;ם;א;ו;ר;ה;ט;ו;ו;י;ד;ג;ב;ס;ב;כ;ו;א
ר;ה;י;ר;ח;א;ר;ו;ע;ב;ת;ח;פ;ס;מ;ה;ה;ש;פ;ת
ה;א;ר;נ;ו;ו;ת;ר;ה;ט;ל;ן;ה;כ;ה;ל;א;ו;ת;א
ה;ו;ן;ה;כ;ה;ה;א;ר;ו;ן;ה;כ;ה;ל;א;ת;י;נ;ש
א;מ;ט;ו;ר;ו;ע;ב;ת;ח;פ;ס;מ;ה;ה;ת;ש;פ;ה;נ
כ;ת;ע;ר;צ;ע;ג;נ;א;ו;ה;ת;ע;ר;צ;ן;ה;כ;ה;ו
ן;ה;כ;ה;ל;א;א;ב;ו;ה;ו;ם;ד;א;ב;ה;י;ה;ת;י
ב;ה;נ;ב;ל;ת;א;ש;ה;נ;ה;ו;ן;ה;כ;ה;ה;א;ר;ו
ח;מ;ו;ן;ב;ל;ר;ע;ש;ה;כ;פ;ה;א;י;ה;ו;ר;ו;ע
ת;נ;ש;ו;נ;ת;ע;ר;צ;ת;א;ש;ב;י;ח;ר;ש;ב;ת;י
ן;ה;כ;ה;ו;א;מ;ט;ו;ו;ר;ש;ב;ר;ו;ע;ב;א;ו;ה
פ;ם;א;ו;א;ו;ה;א;מ;ט;י;כ;ו;נ;ר;ג;ס;י;א;ל
ת;ס;כ;ו;ר;ו;ע;ב;ת;ע;ר;צ;ה;ח;ר;פ;ת;ח;ו;ר
א;ר;מ;ע;ג;נ;ה;ר;ו;ע;ל;כ;ת;א;ת;ע;ר;צ;ה;ה
נ;י;ע;ה;א;ר;מ;ל;כ;ל;ו;י;ל;ג;ר;ד;ע;ו;ו;ש
ת;ס;כ;ה;נ;ה;ו;ן;ה;כ;ה;ה;א;ר;ו;ן;ה;כ;ה;י
ת;א;ר;ה;ט;ו;ו;ר;ש;ב;ל;כ;ת;א;ת;ע;ר;צ;ה;ה
א;ו;ה;ר;ו;ה;ט;ן;ב;ל;ך;פ;ה;ו;ל;כ;ע;ג;נ;ה
מ;ט;י;י;ח;ר;ש;ב;ו;ב;ת;ו;א;ר;ה;ם;ו;י;ב;ו
ט;ו;י;ח;ה;ר;ש;ב;ה;ת;א;ן;ה;כ;ה;ה;א;ר;ו;א
ת;ע;ר;צ;א;ו;ה;א;מ;ט;י;ח;ה;ר;ש;ב;ה;ו;א;מ
נ;ו;י;ח;ה;ר;ש;ב;ה;ב;ו;ש;י;י;כ;ו;א;א;ו;ה
ה;א;ר;ו;ן;ה;כ;ה;ל;א;א;ב;ו;ן;ב;ל;ל;ך;פ;ה
ב;ל;ל;ע;ג;נ;ה;ך;פ;ה;נ;ה;נ;ה;ו;ן;ה;כ;ה;ו
ה;ר;ו;ה;ט;ע;ג;נ;ה;ת;א;ן;ה;כ;ה;ר;ה;ט;ו;ן
ח;ש;ו;ר;ע;ב;ו;ב;ה;י;ה;י;י;כ;ר;ש;ב;ו;א;ו
י;ח;ש;ה;ם;ו;ק;מ;ב;ה;י;ה;ו;א;פ;ר;נ;ו;ן;י
ד;א;ה;נ;ב;ל;ת;ר;ה;ב;ו;א;ה;נ;ב;ל;ת;א;ש;ן
ה;ה;א;ר;ו;ן;ה;כ;ה;ל;א;ה;א;ר;נ;ו;ת;מ;ד;מ
ר;ו;ע;ה;ן;מ;ל;פ;ש;ה;א;ר;מ;ה;נ;ה;ו;ן;ה;כ
ן;ה;כ;ה;ו;א;מ;ט;ו;ן;ב;ל;ך;פ;ה;ה;ר;ע;ש;ו
ו;ה;ח;ר;פ;ן;י;ח;ש;ב;א;ו;ה;ת;ע;ר;צ;ע;ג;נ
ה;ב;ן;י;א;ה;נ;ה;ו;ן;ה;כ;ה;ה;נ;א;ר;י;ם;א
ע;ה;ן;מ;ה;נ;נ;י;א;ה;ל;פ;ש;ו;ן;ב;ל;ר;ע;ש
ן;ה;כ;ה;ו;ר;י;ג;ס;ה;ו;ה;ה;כ;א;י;ה;ו;ר;ו
ע;ב;ה;ש;פ;ת;ה;ש;פ;ם;א;ו;ם;י;מ;י;ת;ע;ב;ש
ו;א;ו;ה;ע;ג;נ;ו;ת;א;ן;ה;כ;ה;א;מ;ט;ו;ר;ו
ש;פ;א;ל;ת;ר;ה;ב;ה;ד;מ;ע;ת;ה;י;ת;ח;ת;ם;א
ה;ו;ר;ה;ט;ו;א;ו;ה;ן;י;ח;ש;ה;ת;ב;ר;צ;ה;ת
כ;מ;ו;ר;ע;ב;ה;י;ה;י;י;כ;ר;ש;ב;ו;א;ן;ה;כ
ה;ב;ה;ו;כ;מ;ה;ת;י;ח;מ;ה;ת;י;ה;ו;ש;א;ת;ו
ר;ו;ה;נ;ב;ל;ו;א;ת;מ;ד;מ;ד;א;ה;נ;ב;ל;ת;ר
ר;ע;ש;ך;פ;ה;נ;ה;נ;ה;ו;ן;ה;כ;ה;ה;ת;א;ה;א
ע;ה;ן;מ;ק;מ;ע;ה;א;ר;מ;ו;ת;ר;ה;ב;ב;ן;ב;ל
ט;ו;ה;ח;ר;פ;ה;ו;כ;מ;ב;א;ו;ה;ת;ע;ר;צ;ר;ו
ו;א;ו;ה;ת;ע;ר;צ;ע;ג;נ;ן;ה;כ;ה;ו;ת;א;א;מ
ב;ב;ן;י;א;ה;נ;ה;ו;ן;ה;כ;ה;ה;נ;א;ר;י;ם;א
מ;ה;נ;נ;י;א;ה;ל;פ;ש;ו;ן;ב;ל;ר;ע;ש;ת;ר;ה
ה;ו;ר;י;ג;ס;ה;ו;ה;ה;כ;א;ו;ה;ו;ר;ו;ע;ה;ן
ן;ה;כ;ה;ו;ה;א;ר;ו;ם;י;מ;י;ת;ע;ב;ש;ן;ה;כ
ב;ה;ש;פ;ת;ה;ש;פ;ם;א;י;ע;י;ב;ש;ה;ם;ו;י;ב
ע;ר;צ;ע;ג;נ;ו;ת;א;ן;ה;כ;ה;א;מ;ט;ו;ר;ו;ע
ר;ה;ב;ה;ד;מ;ע;ת;ה;י;ת;ח;ת;ם;א;ו;א;ו;ה;ת
א;ש;ה;ה;כ;א;ו;ה;ו;ר;ו;ע;ב;ה;ת;ש;פ;א;ל;ת
י;כ;ן;ה;כ;ה;ו;ר;ה;ט;ו;א;ו;ה;ה;ו;כ;מ;ה;ת
ש;א;ו;א;ש;י;א;ו;א;ו;ה;ה;ו;כ;מ;ה;ת;ב;ר;צ
ז;ב;ו;א;ש;א;ר;ב;ע;ג;נ;ו;ב;ה;י;ה;י;י;כ;ה
ה;נ;ה;ו;ע;ג;נ;ה;ת;א;ן;ה;כ;ה;ה;א;ר;ו;ן;ק
ר;ע;ש;ו;ב;ו;ר;ו;ע;ה;ן;מ;ק;מ;ע;ו;ה;א;ר;מ
ה;ק;ת;נ;ן;ה;כ;ה;ו;ת;א;א;מ;ט;ו;ק;ד;ב;ה;צ
ו;א;ו;ה;ן;ק;ז;ה;ו;א;ש;א;ר;ה;ת;ע;ר;צ;א;ו
ו;ק;ת;נ;ה;ע;ג;נ;ת;א;ן;ה;כ;ה;ה;א;ר;י;י;כ
ר;ו;ע;ה;ן;מ;ק;מ;ע;ו;ה;א;ר;מ;ן;י;א;ה;נ;ה
כ;ה;ר;י;ג;ס;ה;ו;ו;ב;ן;י;א;ר;ח;ש;ר;ע;ש;ו
ו;ם;י;מ;י;ת;ע;ב;ש;ק;ת;נ;ה;ע;ג;נ;ת;א;ן;ה
ב;ש;ה;ם;ו;י;ב;ע;ג;נ;ה;ת;א;ן;ה;כ;ה;ה;א;ר
ה;א;ל;ו;ק;ת;נ;ה;ה;ש;פ;א;ל;ה;נ;ה;ו;י;ע;י
א;ק;ת;נ;ה;ה;א;ר;מ;ו;ב;ה;צ;ר;ע;ש;ו;ב;ה;י
ת;א;ו;ח;ל;ג;ת;ה;ו;ר;ו;ע;ה;ן;מ;ק;מ;ע;ן;י
ן;ה;כ;ה;ר;י;ג;ס;ה;ו;ח;ל;ג;י;א;ל;ק;ת;נ;ה
ר;ו;ת;י;נ;ש;ם;י;מ;י;ת;ע;ב;ש;ק;ת;נ;ה;ת;א
י;ב;ש;ה;ם;ו;י;ב;ק;ת;נ;ה;ת;א;ן;ה;כ;ה;ה;א
ו;ר;ו;ע;ב;ק;ת;נ;ה;ה;ש;פ;א;ל;ה;נ;ה;ו;י;ע
ו;ר;ו;ע;ה;ן;מ;ק;מ;ע;ו;נ;נ;י;א;ו;ה;א;ר;מ
ו;ו;י;ד;ג;ב;ס;ב;כ;ו;ן;ה;כ;ה;ו;ת;א;ר;ה;ט
ו;ע;ב;ק;ת;נ;ה;ה;ש;פ;י;ה;ש;פ;ם;א;ו;ר;ה;ט
ו;ן;ה;כ;ה;ו;ה;א;ר;ו;ו;ת;ר;ה;ט;י;ר;ח;א;ר
ר;ק;ב;י;א;ל;ר;ו;ע;ב;ק;ת;נ;ה;ה;ש;פ;ה;נ;ה
א;ו;א;ו;ה;א;מ;ט;ב;ה;צ;ה;ר;ע;ש;ל;ן;ה;כ;ה
ח;ש;ר;ע;ש;ו;ק;ת;נ;ה;ד;מ;ע;ו;י;נ;י;ע;ב;ם
ו;ה;ר;ו;ה;ט;ק;ת;נ;ה;א;פ;ר;נ;ו;ב;ח;מ;צ;ר
כ;ה;ש;א;ו;א;ש;י;א;ו;ן;ה;כ;ה;ו;ר;ה;ט;ו;א
ר;ה;ב;ת;ר;ה;ב;ם;ר;ש;ב;ר;ו;ע;ב;ה;י;ה;י;י
ו;ע;ב;ה;נ;ה;ו;ן;ה;כ;ה;ה;א;ר;ו;ת;נ;ב;ל;ת
ק;ה;ב;ת;נ;ב;ל;ת;ו;ה;כ;ת;ר;ה;ב;ם;ר;ש;ב;ר
י;א;ו;א;ו;ה;ר;ו;ה;ט;ר;ו;ע;ב;ח;ר;פ;א;ו;ה
ו;ה;ט;א;ו;ה;ח;ר;ק;ו;ש;א;ר;ט;ר;מ;י;י;כ;ש
ר;ט;ר;מ;י;ו;י;נ;פ;ת;א;פ;מ;ם;א;ו;א;ו;ה;ר
י;י;כ;ו;א;ו;ה;ר;ו;ה;ט;א;ו;ה;ח;ב;ג;ו;ש;א
ב;ל;ע;ג;נ;ת;ח;ב;ג;ב;ו;א;ת;ח;ר;ק;ב;ה;י;ה
ר;ק;ב;א;ו;ה;ת;ח;ר;פ;ת;ע;ר;צ;ם;ד;מ;ד;א;ן
כ;ה;ו;ת;א;ה;א;ר;ו;ו;ת;ח;ב;ג;ב;ו;א;ו;ת;ח
מ;ד;א;ה;נ;ב;ל;ע;ג;נ;ה;ת;א;ש;ה;נ;ה;ו;ן;ה
ר;מ;כ;ו;ת;ח;ב;ג;ב;ו;א;ו;ת;ח;ר;ק;ב;ת;מ;ד
ה;ע;ו;ר;צ;ש;י;א;ר;ש;ב;ר;ו;ע;ת;ע;ר;צ;ה;א
ה;כ;ה;ו;נ;א;מ;ט;י;א;מ;ט;א;ו;ה;א;מ;ט;א;ו
ב;ר;ש;א;ע;ו;ר;צ;ה;ו;ו;ע;ג;נ;ו;ש;א;ר;ב;ן
ו;ם;י;מ;ר;פ;ו;י;ה;י;ו;י;ד;ג;ב;ע;ג;נ;ה;ו
ע;י;ם;פ;ש;ל;ע;ו;ע;ו;ר;פ;ה;י;ה;י;ו;ש;א;ר
ש;א;י;מ;י;ל;כ;א;ר;ק;י;א;מ;ט;א;מ;ט;ו;ה;ט
ד;ד;ב;א;ו;ה;א;מ;ט;א;מ;ט;י;ו;ב;ע;ג;נ;ה;ר
ב;ה;ו;ו;ב;ש;ו;מ;ה;נ;ח;מ;ל;ץ;ו;ח;מ;ב;ש;י
ג;ב;ב;ת;ע;ר;צ;ע;ג;נ;ו;ב;ה;י;ה;י;י;כ;ד;ג
ת;ש;ב;ו;א;ם;י;ת;ש;פ;ד;ג;ב;ב;ו;א;ר;מ;צ;ד
ו;א;ר;מ;צ;ל;ו;ם;י;ת;ש;פ;ל;ב;ר;ע;ב;ו;א;י
י;ה;ו;ר;ו;ע;ת;כ;א;ל;מ;ל;כ;ב;ו;א;ר;ו;ע;ב
ג;ב;ב;ם;ד;מ;ד;א;ו;א;ק;ר;ק;ר;י;ע;ג;נ;ה;ה
א;ב;ר;ע;ב;ו;א;י;ת;ש;ב;ו;א;ר;ו;ע;ב;ו;א;ד
א;ו;ה;ת;ע;ר;צ;ע;ג;נ;ר;ו;ע;י;ל;כ;ל;כ;ב;ו
א;ן;ה;כ;ה;ה;א;ר;ו;ן;ה;כ;ה;ת;א;ה;א;ר;ה;ו
ע;ב;ש;ע;ג;נ;ה;ת;א;ר;י;ג;ס;ה;ו;ע;ג;נ;ה;ת
ה;ם;ו;י;ב;ע;ג;נ;ה;ת;א;ה;א;ר;ו;ם;י;מ;י;ת
ו;א;ד;ג;ב;ב;ע;ג;נ;ה;ה;ש;פ;י;כ;י;ע;י;ב;ש
א;ל;כ;ל;ר;ו;ע;ב;ו;א;ב;ר;ע;ב;ו;א;י;ת;ש;ב
ת;ע;ר;צ;ה;כ;א;ל;מ;ל;ר;ו;ע;ה;ה;ש;ע;י;ר;ש
א;ף;ר;ש;ו;א;ו;ה;א;מ;ט;ע;ג;נ;ה;ת;ר;א;מ;מ
ר;ע;ה;ת;א;ו;א;י;ת;ש;ה;ת;א;ו;א;ד;ג;ב;ה;ת
כ;ל;כ;ת;א;ו;א;ם;י;ת;ש;פ;ב;ו;א;ר;מ;צ;ב;ב
כ;ע;ג;נ;ה;ו;ב;ה;י;ה;י;ר;ש;א;ר;ו;ע;ה;י;ל
ף;ר;ש;ת;ש;א;ב;א;ו;ה;ת;ר;א;מ;מ;ת;ע;ר;צ;י
ה;ש;פ;א;ל;ה;נ;ה;ו;ן;ה;כ;ה;ה;א;ר;י;ם;א;ו
ב;ר;ע;ב;ו;א;י;ת;ש;ב;ו;א;ד;ג;ב;ב;ע;ג;נ;ה
ו;ן;ה;כ;ה;ה;ו;צ;ו;ר;ו;ע;י;ל;כ;ל;כ;ב;ו;א
י;ג;ס;ה;ו;ע;ג;נ;ה;ו;ב;ר;ש;א;ת;א;ו;ס;ב;כ
כ;ה;ה;א;ר;ו;ת;י;נ;ש;ם;י;מ;י;ת;ע;ב;ש;ו;ר
ה;נ;ה;ו;ע;ג;נ;ה;ת;א;ס;ב;כ;ה;י;ר;ח;א;ן;ה
ע;ג;נ;ה;ו;ו;נ;י;ע;ת;א;ע;ג;נ;ה;ך;פ;ה;א;ל
ו;נ;פ;ר;ש;ת;ש;א;ב;א;ו;ה;א;מ;ט;ה;ש;פ;א;ל
ת;ח;ב;ג;ב;ו;א;ו;ת;ח;ר;ק;ב;א;ו;ה;ת;ת;ח;פ
נ;ה;ה;ה;כ;ה;נ;ה;ו;ן;ה;כ;ה;ה;א;ר;ם;א;ו;ו
ו;ת;א;ע;ר;ק;ו;ו;ת;א;ס;ב;כ;ה;י;ר;ח;א;ע;ג
ש;ה;ן;מ;ו;א;ר;ו;ע;ה;ן;מ;ו;א;ד;ג;ב;ה;ן;מ
ד;ו;ע;ה;א;ר;ת;ם;א;ו;ב;ר;ע;ה;ן;מ;ו;א;י;ת
כ;ב;ו;א;ב;ר;ע;ב;ו;א;י;ת;ש;ב;ו;א;ד;ג;ב;ב
ר;ש;ת;ש;א;ב;א;ו;ה;ת;ח;ר;פ;ר;ו;ע;י;ל;כ;ל
א;ד;ג;ב;ה;ו;ע;ג;נ;ה;ו;ב;ר;ש;א;ת;א;ו;נ;פ
ע;ה;י;ל;כ;ל;כ;ו;א;ב;ר;ע;ה;ו;א;י;ת;ש;ה;ו
ו;ע;ג;נ;ה;ם;ה;מ;ר;ס;ו;ס;ב;כ;ת;ר;ש;א;ר;ו
ג;נ;ת;ר;ו;ת;ת;א;ז;ר;ה;ט;ו;ת;י;נ;ש;ס;ב;כ
ם;י;ת;ש;פ;ה;ו;א;ר;מ;צ;ה;ד;ג;ב;ת;ע;ר;צ;ע
ע;י;ל;כ;ל;כ;ו;א;ב;ר;ע;ה;ו;א;י;ת;ש;ה;ו;א
י;ר;ב;ד;י;ו;ו;א;מ;ט;ל;ו;א;ו;ר;ה;ט;ל;ר;ו
ת;ה;י;ה;ת;ת;א;ז;ר;מ;א;ל;ה;ש;מ;ל;א;ה;ו;ה
ו;ה;ו;ו;ת;ר;ה;ט;ם;ו;י;ב;ע;ר;צ;מ;ה;ת;ר;ו
ח;מ;ל;א;ן;ה;כ;ה;א;צ;י;ו;ן;ה;כ;ה;ל;א;א;ב
נ;ה;נ;ה;ו;ן;ה;כ;ה;ה;א;ר;ו;ה;נ;ח;מ;ל;ץ;ו
צ;ו;ע;ו;ר;צ;ה;ן;מ;ת;ע;ר;צ;ה;ע;ג;נ;א;פ;ר
פ;צ;י;ת;ש;ר;ה;ט;מ;ל;ח;ק;ל;ו;ן;ה;כ;ה;ה;ו
ש;ו;ז;ר;א;ץ;ע;ו;ת;ו;ר;ה;ט;ת;ו;י;ח;ם;י;ר
ו;ן;ה;כ;ה;ה;ו;צ;ו;ב;ז;א;ו;ת;ע;ל;ו;ת;י;נ
ח;י;ל;כ;ל;א;ת;ח;א;ה;ר;ו;פ;צ;ה;ת;א;ט;ח;ש
י;ח;ה;ר;פ;צ;ה;ת;א;ם;י;י;ח;ם;י;מ;ל;ע;ש;ר
ש;ת;א;ו;ז;ר;א;ה;ץ;ע;ת;א;ו;ה;ת;א;ח;ק;י;ה
א;ל;ב;ט;ו;ב;ז;א;ה;ת;א;ו;ת;ע;ל;ו;ת;ה;י;נ
פ;צ;ה;ם;ד;ב;ה;י;ח;ה;ר;פ;צ;ה;ת;א;ו;ם;ת;ו
ז;ה;ו;ם;י;י;ח;ה;ם;י;מ;ה;ל;ע;ה;ט;ח;ש;ה;ר
ע;פ;ע;ב;ש;ת;ע;ר;צ;ה;ן;מ;ר;ה;ט;מ;ה;ל;ע;ה
ח;ה;ר;פ;צ;ה;ת;א;ח;ל;ש;ו;ו;ר;ה;ט;ו;ם;י;מ
ר;ה;ט;מ;ה;ס;ב;כ;ו;ה;ד;ש;ה;י;נ;פ;ל;ע;ה;י
ו;ו;ר;ע;ש;ל;כ;ת;א;ח;ל;ג;ו;ו;י;ד;ג;ב;ת;א
א;א;ו;ב;י;ר;ח;א;ו;ר;ה;ט;ו;ם;י;מ;ב;ץ;ח;ר
ש;ו;ל;ה;א;ל;ץ;ו;ח;מ;ב;ש;י;ו;ה;נ;ח;מ;ה;ל
ע;י;ב;ש;ה;ם;ו;י;ב;ה;י;ה;ו;ם;י;מ;י;ת;ע;ב
ו;ו;ש;א;ר;ת;א;ו;ר;ע;ש;ל;כ;ת;א;ח;ל;ג;י;י
ת;א;ו;ו;י;נ;י;ע;ת;ב;ג;ת;א;ו;ו;נ;ק;ז;ת;א
י;ד;ג;ב;ת;א;ס;ב;כ;ו;ח;ל;ג;י;ו;ר;ע;ש;ל;כ
ו;ר;ה;ט;ו;ם;י;מ;ב;ו;ר;ש;ב;ת;א;ץ;ח;ר;ו;ו
י;ש;ב;כ;י;נ;ש;ח;ק;י;י;נ;י;מ;ש;ה;ם;ו;י;ב
ת;נ;ש;ת;ב;ת;ח;א;ה;ש;ב;כ;ו;ם;י;מ;י;מ;ת;ם
ת;ל;ס;ם;י;נ;ר;ש;ע;ה;ש;ל;ש;ו;ה;מ;י;מ;ת;ה
ש;ד;ח;א;ג;ל;ו;ן;מ;ש;ב;ה;ל;ו;ל;ב;ה;ח;נ;מ
ה;ת;א;ר;ה;ט;מ;ה;ן;ה;כ;ה;ד;י;מ;ע;ה;ו;ן;מ
ה;ו;ה;י;י;נ;פ;ל;ם;ת;א;ו;ר;ה;ט;מ;ה;ש;י;א
ת;א;ן;ה;כ;ה;ח;ק;ל;ו;ד;ע;ו;מ;ל;ה;א;ח;ת;פ
ש;א;ל;ו;ת;א;ב;י;ר;ק;ה;ו;ד;ח;א;ה;ש;ב;כ;ה
נ;ת;ם;ת;א;ף;י;נ;ה;ו;ן;מ;ש;ה;ג;ל;ת;א;ו;ם
ב;כ;ה;ת;א;ט;ח;ש;ו;ה;ו;ה;י;י;נ;פ;ל;ה;פ;ו
ת;א;ט;ח;ה;ת;א;ט;ח;ש;י;ר;ש;א;ם;ו;ק;מ;ב;ש
ח;כ;י;כ;ש;ד;ק;ה;ם;ו;ק;מ;ב;ה;ל;ע;ה;ת;א;ו
ש;ד;ק;ש;ד;ק;ן;ה;כ;ל;א;ו;ה;ם;ש;א;ה;ת;א;ט
ם;ש;א;ה;ם;ד;מ;ן;ה;כ;ה;ח;ק;ל;ו;א;ו;ה;ם;י
ט;מ;ה;ן;ז;א;ך;ו;נ;ת;ל;ע;ן;ה;כ;ה;ן;ת;נ;ו
מ;י;ה;ו;ד;י;ן;ה;ב;ל;ע;ו;ת;י;נ;מ;י;ה;ר;ה
ו;ת;י;נ;מ;י;ה;ו;ל;ג;ר;ן;ה;ב;ל;ע;ו;ת;י;נ
ל;ע;ק;צ;י;ו;ן;מ;ש;ה;ג;ל;מ;ן;ה;כ;ה;ח;ק;ל
ה;כ;ה;ל;ב;ט;ו;ת;י;ל;א;מ;ש;ה;ן;ה;כ;ה;ף;כ
ן;מ;ש;ה;ן;מ;ת;י;נ;מ;י;ה;ו;ע;ב;צ;א;ת;א;ן
מ;ה;ז;ה;ו;ת;י;ל;א;מ;ש;ה;ו;פ;כ;ל;ע;ר;ש;א
ל;ם;י;מ;ע;פ;ע;ב;ש;ו;ע;ב;צ;א;ב;ן;מ;ש;ה;ן
ע;ר;ש;א;ן;מ;ש;ה;ר;ת;י;מ;ו;ה;ו;ה;י;י;נ;פ
ן;ז;א;ך;ו;נ;ת;ל;ע;ן;ה;כ;ה;ן;ת;י;ו;פ;כ;ל
ו;ד;י;ן;ה;ב;ל;ע;ו;ת;י;נ;מ;י;ה;ר;ה;ט;מ;ה
נ;מ;י;ה;ו;ל;ג;ר;ן;ה;ב;ל;ע;ו;ת;י;נ;מ;י;ה
ן;מ;ש;ב;ר;ת;ו;נ;ה;ו;ם;ש;א;ה;ם;ד;ל;ע;ת;י
ה;ש;א;ר;ל;ע;ן;ת;י;ן;ה;כ;ה;ף;כ;ל;ע;ר;ש;א
י;נ;פ;ל;ן;ה;כ;ה;ו;י;ל;ע;ר;פ;כ;ו;ר;ה;ט;מ
ו;ת;א;ט;ח;ה;ת;א;ן;ה;כ;ה;ה;ש;ע;ו;ה;ו;ה;י
ר;ח;א;ו;ו;ת;א;מ;ט;מ;ר;ה;ט;מ;ה;ל;ע;ר;פ;כ
א;ן;ה;כ;ה;ה;ל;ע;ה;ו;ה;ל;ע;ה;ת;א;ט;ח;ש;י
ו;ה;ח;ב;ז;מ;ה;ה;ח;נ;מ;ה;ת;א;ו;ה;ל;ע;ה;ת
ל;ד;ם;א;ו;ר;ה;ט;ו;ן;ה;כ;ה;ו;י;ל;ע;ר;פ;כ
ב;כ;ח;ק;ל;ו;ת;ג;ש;מ;ו;ד;י;ן;י;א;ו;א;ו;ה
י;ל;ע;ר;פ;כ;ל;ה;פ;ו;נ;ת;ל;ם;ש;א;ד;ח;א;ש
מ;ש;ב;ל;ו;ל;ב;ד;ח;א;ת;ל;ס;ן;ו;ר;ש;ע;ו;ו
ם;י;ר;ת;י;ת;ש;ו;ן;מ;ש;ג;ל;ו;ה;ח;נ;מ;ל;ן
י;ג;י;ש;ת;ר;ש;א;ה;נ;ו;י;י;נ;ב;י;נ;ש;ו;א
ל;ע;ד;ח;א;ה;ו;ת;א;ט;ח;ד;ח;א;ה;י;ה;ו;ו;ד
ל;י;נ;י;מ;ש;ה;ם;ו;י;ב;ם;ת;א;א;י;ב;ה;ו;ה
מ;ל;ה;א;ח;ת;פ;ל;א;ן;ה;כ;ה;ל;א;ו;ת;ר;ה;ט
א;ן;ה;כ;ה;ח;ק;ל;ו;ה;ו;ה;י;י;נ;פ;ל;ד;ע;ו
נ;ה;ו;ן;מ;ש;ה;ג;ל;ת;א;ו;ם;ש;א;ה;ש;ב;כ;ת
ה;י;י;נ;פ;ל;ה;פ;ו;נ;ת;ן;ה;כ;ה;ם;ת;א;ף;י
ה;ח;ק;ל;ו;ם;ש;א;ה;ש;ב;כ;ת;א;ט;ח;ש;ו;ה;ו
ך;ו;נ;ת;ל;ע;ן;ת;נ;ו;ם;ש;א;ה;ם;ד;מ;ן;ה;כ
ן;ה;ב;ל;ע;ו;ת;י;נ;מ;י;ה;ר;ה;ט;מ;ה;ן;ז;א
ה;ו;ל;ג;ר;ן;ה;ב;ל;ע;ו;ת;י;נ;מ;י;ה;ו;ד;י
ע;ן;ה;כ;ה;ק;צ;י;ן;מ;ש;ה;ן;מ;ו;ת;י;נ;מ;י
כ;ה;ה;ז;ה;ו;ת;י;ל;א;מ;ש;ה;ן;ה;כ;ה;ף;כ;ל
ן;מ;ש;ה;ן;מ;ת;י;נ;מ;י;ה;ו;ע;ב;צ;א;ב;ן;ה
ע;פ;ע;ב;ש;ת;י;ל;א;מ;ש;ה;ו;פ;כ;ל;ע;ר;ש;א
מ;ן;ה;כ;ה;ן;ת;נ;ו;ה;ו;ה;י;י;נ;פ;ל;ם;י;מ
א;ך;ו;נ;ת;ל;ע;ו;פ;כ;ל;ע;ר;ש;א;ן;מ;ש;ה;ן
י;ן;ה;ב;ל;ע;ו;ת;י;נ;מ;י;ה;ר;ה;ט;מ;ה;ן;ז
י;ה;ו;ל;ג;ר;ן;ה;ב;ל;ע;ו;ת;י;נ;מ;י;ה;ו;ד
ו;נ;ה;ו;ם;ש;א;ה;ם;ד;ם;ו;ק;מ;ל;ע;ת;י;נ;מ
י;ן;ה;כ;ה;ף;כ;ל;ע;ר;ש;א;ן;מ;ש;ה;ן;מ;ר;ת
ו;י;ל;ע;ר;פ;כ;ל;ר;ה;ט;מ;ה;ש;א;ר;ל;ע;ן;ת
ן;מ;ד;ח;א;ה;ת;א;ה;ש;ע;ו;ה;ו;ה;י;י;נ;פ;ל
ש;א;מ;ה;נ;ו;י;ה;י;נ;ב;ן;מ;ו;א;ם;י;ר;ת;ה
ו;ד;י;ג;י;ש;ת;ר;ש;א;ת;א;ו;ד;י;ג;י;ש;ת;ר
ה;ל;ע;ד;ח;א;ה;ת;א;ו;ת;א;ט;ח;ד;ח;א;ה;ת;א
ט;מ;ה;ל;ע;ן;ה;כ;ה;ר;פ;כ;ו;ה;ח;נ;מ;ה;ל;ע
ר;ש;א;ת;ר;ו;ת;ת;א;ז;ה;ו;ה;י;י;נ;פ;ל;ר;ה
ד;י;ג;י;ש;ת;א;ל;ר;ש;א;ת;ע;ר;צ;ע;ג;נ;ו;ב
ש;מ;ל;א;ה;ו;ה;י;ר;ב;ד;י;ו;ו;ת;ר;ה;ט;ב;ו
ל;א;ו;א;ב;ת;י;כ;ר;מ;א;ל;ן;ר;ה;א;ל;א;ו;ה
ל;ם;כ;ל;ן;ת;נ;י;נ;א;ר;ש;א;ן;ע;נ;כ;ץ;ר;א
ת;י;ב;ב;ת;ע;ר;צ;ע;ג;נ;י;ת;ת;נ;ו;ה;ז;ח;א
י;ב;ה;ו;ל;ר;ש;א;א;ב;ו;ם;כ;ת;ז;ח;א;ץ;ר;א
ר;נ;ע;ג;נ;כ;ר;מ;א;ל;ן;ה;כ;ל;ד;י;ג;ה;ו;ת
ו;נ;פ;ו;ן;ה;כ;ה;ה;ו;צ;ו;ת;י;ב;ב;י;ל;ה;א
א;ר;ל;ן;ה;כ;ה;א;ב;י;ם;ר;ט;ב;ת;י;ב;ה;ת;א
ר;ש;א;ל;כ;א;מ;ט;י;א;ל;ו;ע;ג;נ;ה;ת;א;ת;ו
א;ר;ל;ן;ה;כ;ה;א;ב;י;ן;כ;ר;ח;א;ו;ת;י;ב;ב
ה;ו;ע;ג;נ;ה;ת;א;ה;א;ר;ו;ת;י;ב;ה;ת;א;ת;ו
ו;ר;ע;ק;ש;ת;י;ב;ה;ת;ר;י;ק;ב;ע;ג;נ;ה;ה;נ
א;ר;מ;ו;ת;מ;ד;מ;ד;א;ו;א;ת;ק;ר;ק;ר;י;ת;ר
ן;ה;כ;ה;א;צ;י;ו;ר;י;ק;ה;ן;מ;ל;פ;ש;ן;ה;י
י;ג;ס;ה;ו;ת;י;ב;ה;ח;ת;פ;ל;א;ת;י;ב;ה;ן;מ
כ;ה;ב;ש;ו;ם;י;מ;י;ת;ע;ב;ש;ת;י;ב;ה;ת;א;ר
ה;נ;ה;ו;ה;א;ר;ו;י;ע;י;ב;ש;ה;ם;ו;י;ב;ן;ה
ה;ו;צ;ו;ת;י;ב;ה;ת;ר;י;ק;ב;ע;ג;נ;ה;ה;ש;פ
ר;ש;א;ם;י;נ;ב;א;ה;ת;א;ו;צ;ל;ח;ו;ן;ה;כ;ה
ל;א;ן;ה;ת;א;ו;כ;י;ל;ש;ה;ו;ע;ג;נ;ה;ן;ה;ב
ת;א;ו;א;מ;ט;ם;ו;ק;מ;ל;א;ר;י;ע;ל;ץ;ו;ח;מ
כ;פ;ש;ו;ב;י;ב;ס;ת;י;ב;מ;ע;צ;ק;י;ת;י;ב;ה
ץ;ו;ח;מ;ל;א;ו;צ;ק;ה;ר;ש;א;ר;פ;ע;ה;ת;א;ו
ב;א;ו;ח;ק;ל;ו;א;מ;ט;ם;ו;ק;מ;ל;א;ר;י;ע;ל
ה;ת;ח;ת;ל;א;ו;א;י;ב;ה;ו;ת;ו;ר;ח;א;ם;י;נ
ת;א;ח;ט;ו;ח;ק;י;ר;ח;א;ר;פ;ע;ו;ם;י;נ;ב;א
ב;ח;ר;פ;ו;ע;ג;נ;ה;ב;ו;ש;י;ם;א;ו;ת;י;ב;ה
ח;א;ו;ם;י;נ;ב;א;ה;ת;א;ץ;ל;ח;ר;ח;א;ת;י;ב
ט;ה;י;ר;ח;א;ו;ת;י;ב;ה;ת;א;ת;ו;צ;ק;ה;י;ר
ה;ש;פ;ה;נ;ה;ו;ה;א;ר;ו;ן;ה;כ;ה;א;ב;ו;ח;ו
א;ו;ה;ת;ר;א;מ;מ;ת;ע;ר;צ;ת;י;ב;ב;ע;ג;נ;ה
ת;י;ב;ה;ת;א;ץ;ת;נ;ו;א;ו;ה;א;מ;ט;ת;י;ב;ב
ע;ל;כ;ת;א;ו;ו;י;צ;ע;ת;א;ו;ו;י;נ;ב;א;ת;א
ע;ל;ץ;ו;ח;מ;ל;א;א;י;צ;ו;ה;ו;ת;י;ב;ה;ר;פ
י;ב;ה;ל;א;א;ב;ה;ו;א;מ;ט;ם;ו;ק;מ;ל;א;ר;י
ד;ע;א;מ;ט;י;ו;ת;א;ר;י;ג;ס;ה;י;מ;י;ל;כ;ת
ב;ת;א;ס;ב;כ;י;ת;י;ב;ב;ב;כ;ש;ה;ו;ב;ר;ע;ה
ב;ת;א;ס;ב;כ;י;ת;י;ב;ב;ל;כ;א;ה;ו;ו;י;ד;ג
ה;א;ר;ו;ן;ה;כ;ה;א;ב;י;א;ב;ם;א;ו;ו;י;ד;ג
ר;ח;א;ת;י;ב;ב;ע;ג;נ;ה;ה;ש;פ;א;ל;ה;נ;ה;ו
ת;א;ן;ה;כ;ה;ר;ה;ט;ו;ת;י;ב;ה;ת;א;ח;ט;ה;י
ח;ל;ח;ק;ל;ו;ע;ג;נ;ה;א;פ;ר;נ;י;כ;ת;י;ב;ה
א;ץ;ע;ו;ם;י;ר;פ;צ;י;ת;ש;ת;י;ב;ה;ת;א;א;ט
א;ט;ח;ש;ו;ב;ז;א;ו;ת;ע;ל;ו;ת;י;נ;ש;ו;ז;ר
מ;ל;ע;ש;ר;ח;י;ל;כ;ל;א;ת;ח;א;ה;ר;פ;צ;ה;ת
א;ו;ז;ר;א;ה;ץ;ע;ת;א;ח;ק;ל;ו;ם;י;י;ח;ם;י
ת;א;ו;ת;ע;ל;ו;ת;ה;י;נ;ש;ת;א;ו;ב;ז;א;ה;ת
צ;ה;ם;ד;ב;ם;ת;א;ל;ב;ט;ו;ה;י;ח;ה;ר;פ;צ;ה
ה;ו;ם;י;י;ח;ה;ם;י;מ;ב;ו;ה;ט;ו;ח;ש;ה;ר;פ
א;ט;ח;ו;ם;י;מ;ע;פ;ע;ב;ש;ת;י;ב;ה;ל;א;ה;ז
ה;ם;י;מ;ב;ו;ר;ו;פ;צ;ה;ם;ד;ב;ת;י;ב;ה;ת;א
ר;א;ה;ץ;ע;ב;ו;ה;י;ח;ה;ר;פ;צ;ב;ו;ם;י;י;ח
ל;ש;ו;ת;ע;ל;ו;ת;ה;י;נ;ש;ב;ו;ב;ז;א;ב;ו;ז
י;ע;ל;ץ;ו;ח;מ;ל;א;ה;י;ח;ה;ר;פ;צ;ה;ת;א;ח
ת;י;ב;ה;ל;ע;ר;פ;כ;ו;ה;ד;ש;ה;י;נ;פ;ל;א;ר
צ;ה;ע;ג;נ;ל;כ;ל;ה;ר;ו;ת;ה;ת;א;ז;ר;ה;ט;ו
ל;ו;ד;ג;ב;ה;ת;ע;ר;צ;ל;ו;ק;ת;נ;ל;ו;ת;ע;ר
ת;ר;ה;ב;ל;ו;ת;ח;פ;ס;ל;ו;ת;א;ש;ל;ו;ת;י;ב
ט;ה;ם;ו;י;ב;ו;א;מ;ט;ה;ם;ו;י;ב;ת;ר;ו;ה;ל
י;ר;ב;ד;י;ו;ת;ע;ר;צ;ה;ת;ר;ו;ת;ת;א;ז;ר;ה
ד;ר;מ;א;ל;ן;ר;ה;א;ל;א;ו;ה;ש;מ;ל;א;ה;ו;ה
א;ם;ת;ר;מ;א;ו;ל;א;ר;ש;י;י;נ;ב;ל;א;ו;ר;ב
ש;ב;מ;ב;ז;ה;י;ה;י;י;כ;ש;י;א;ש;י;א;ם;ה;ל
ה;י;ה;ת;ת;א;ז;ו;א;ו;ה;א;מ;ט;ו;ב;ו;ז;ו;ר
ו;ז;ת;א;ו;ר;ש;ב;ר;ר;ו;ב;ו;ז;ב;ו;ת;א;מ;ט
מ;ט;ו;ב;ו;ז;מ;ו;ר;ש;ב;ם;י;ת;ח;ה;ו;א;ו;ב
ב;כ;ש;י;ר;ש;א;ב;כ;ש;מ;ה;ל;כ;א;ו;ה;ו;ת;א
ש;א;י;ל;כ;ה;ל;כ;ו;א;מ;ט;י;ב;ז;ה;ו;י;ל;ע
י;ר;ש;א;ש;י;א;ו;א;מ;ט;י;ו;י;ל;ע;ב;ש;י;ר
ח;ר;ו;ו;י;ד;ג;ב;ס;ב;כ;י;ו;ב;כ;ש;מ;ב;ע;ג
ב;ש;י;ה;ו;ב;ר;ע;ה;ד;ע;א;מ;ט;ו;ם;י;מ;ב;ץ
י;ב;ז;ה;ו;י;ל;ע;ב;ש;י;ר;ש;א;י;ל;כ;ה;ל;ע
א;מ;ט;ו;ם;י;מ;ב;ץ;ח;ר;ו;ו;י;ד;ג;ב;ס;ב;כ
כ;י;ב;ז;ה;ר;ש;ב;ב;ע;ג;נ;ה;ו;ב;ר;ע;ה;ד;ע
ע;א;מ;ט;ו;ם;י;מ;ב;ץ;ח;ר;ו;ו;י;ד;ג;ב;ס;ב
ו;ר;ו;ה;ט;ב;ב;ז;ה;ק;ר;י;י;כ;ו;ב;ר;ע;ה;ד
א;מ;ט;ו;ם;י;מ;ב;ץ;ח;ר;ו;ו;י;ד;ג;ב;ס;ב;כ
כ;ר;י;ר;ש;א;ב;כ;ר;מ;ה;ל;כ;ו;ב;ר;ע;ה;ד;ע
ב;ע;ג;נ;ה;ל;כ;ו;א;מ;ט;י;ב;ז;ה;ו;י;ל;ע;ב
ד;ע;א;מ;ט;י;ו;י;ת;ח;ת;ה;י;ה;י;ר;ש;א;ל;כ
ג;ב;ס;ב;כ;י;ם;ת;ו;א;א;ש;ו;נ;ה;ו;ב;ר;ע;ה
ר;ע;ה;ד;ע;א;מ;ט;ו;ם;י;מ;ב;ץ;ח;ר;ו;ו;י;ד
ו;י;ד;י;ו;ב;ז;ה;ו;ב;ע;ג;י;ר;ש;א;ל;כ;ו;ב
ר;ו;ו;י;ד;ג;ב;ס;ב;כ;ו;ם;י;מ;ב;ף;ט;ש;א;ל
י;ל;כ;ו;ב;ר;ע;ה;ד;ע;א;מ;ט;ו;ם;י;מ;ב;ץ;ח
כ;ו;ר;ב;ש;י;ב;ז;ה;ו;ב;ע;ג;י;ר;ש;א;ש;ר;ח
ה;ט;י;י;כ;ו;ם;י;מ;ב;ף;ט;ש;י;ץ;ע;י;ל;כ;ל
י;ת;ע;ב;ש;ו;ל;ר;פ;ס;ו;ו;ב;ו;ז;מ;ב;ז;ה;ר
ר;ו;ו;י;ד;ג;ב;ס;ב;כ;ו;ו;ת;ר;ה;ט;ל;ם;י;מ
ב;ו;ר;ה;ט;ו;ם;י;י;ח;ם;י;מ;ב;ו;ר;ש;ב;ץ;ח
י;ר;ת;י;ת;ש;ו;ל;ח;ק;י;י;נ;י;מ;ש;ה;ם;ו;י
י;נ;פ;ל;א;ב;ו;ה;נ;ו;י;י;נ;ב;י;נ;ש;ו;א;ם
נ;ת;נ;ו;ד;ע;ו;מ;ל;ה;א;ח;ת;פ;ל;א;ה;ו;ה;י
ח;א;ן;ה;כ;ה;ם;ת;א;ה;ש;ע;ו;ן;ה;כ;ה;ל;א;ם
י;ל;ע;ר;פ;כ;ו;ה;ל;ע;ד;ח;א;ה;ו;ת;א;ט;ח;ד
א;ו;ו;ב;ו;ז;מ;ה;ו;ה;י;י;נ;פ;ל;ן;ה;כ;ה;ו
ר;ו;ע;ר;ז;ת;ב;כ;ש;ו;נ;מ;מ;א;צ;ת;י;כ;ש;י
ד;ע;א;מ;ט;ו;ו;ר;ש;ב;ל;כ;ת;א;ם;י;מ;ב;ץ;ח
י;ר;ש;א;ר;ו;ע;ל;כ;ו;ד;ג;ב;ל;כ;ו;ב;ר;ע;ה
מ;ב;ס;ב;כ;ו;ע;ר;ז;ת;ב;כ;ש;ו;י;ל;ע;ה;י;ה
י;ר;ש;א;ה;ש;א;ו;ב;ר;ע;ה;ד;ע;א;מ;ט;ו;ם;י
צ;ח;ר;ו;ע;ר;ז;ת;ב;כ;ש;ה;ת;א;ש;י;א;ב;כ;ש
ה;ש;א;ו;ב;ר;ע;ה;ד;ע;ו;א;מ;ט;ו;ם;י;מ;ב;ו
ב;ב;ה;ב;ז;ה;י;ה;י;ם;ד;ה;ב;ז;ה;י;ה;ת;י;כ
ה;ת;ד;נ;ב;ה;י;ה;ת;ם;י;מ;י;ת;ע;ב;ש;ה;ר;ש
ו;ב;ר;ע;ה;ד;ע;א;מ;ט;י;ה;ב;ע;ג;נ;ה;ל;כ;ו
ט;י;ה;ת;ד;נ;ב;ו;י;ל;ע;ב;כ;ש;ת;ר;ש;א;ל;כ
ו;א;מ;ט;י;ו;י;ל;ע;ב;ש;ת;ר;ש;א;ל;כ;ו;א;מ
י;ד;ג;ב;ס;ב;כ;י;ה;ב;כ;ש;מ;ב;ע;ג;נ;ה;ל;כ
ו;ב;ר;ע;ה;ד;ע;א;מ;ט;ו;ם;י;מ;ב;ץ;ח;ר;ו;ו
ל;ע;ב;ש;ת;ר;ש;א;י;ל;כ;ל;כ;ב;ע;ג;נ;ה;ל;כ
ו;ם;י;מ;ב;ץ;ח;ר;ו;ו;י;ד;ג;ב;ס;ב;כ;י;ו;י
ה;ב;כ;ש;מ;ה;ל;ע;ם;א;ו;ב;ר;ע;ה;ד;ע;א;מ;ט
ת;ב;ש;י;א;ו;ה;ר;ש;א;י;ל;כ;ה;ל;ע;ו;א;א;ו
ר;ע;ה;ד;ע;א;מ;ט;י;ו;ב;ו;ע;ג;נ;ב;ו;י;ל;ע
ה;ת;ו;ה;ת;א;ש;י;א;ב;כ;ש;י;ב;כ;ש;ם;א;ו;ב
י;מ;י;ת;ע;ב;ש;א;מ;ט;ו;ו;י;ל;ע;ה;ת;ד;נ;י
ו;י;ל;ע;ב;כ;ש;י;ר;ש;א;ב;כ;ש;מ;ה;ל;כ;ו;ם
ה;מ;ד;ב;ו;ז;ב;ו;ז;י;י;כ;ה;ש;א;ו;א;מ;ט;י
כ;ו;א;ה;ת;ד;נ;ת;ע;א;ל;ב;ם;י;ב;ר;ם;י;מ;י
ט;ב;ו;ז;י;מ;י;ל;כ;ה;ת;ד;נ;ל;ע;ב;ו;ז;ת;י
ה;א;מ;ט;ה;י;ה;ת;ה;ת;ד;נ;י;מ;י;כ;ה;ת;א;מ
י;ל;ע;ב;כ;ש;ת;ר;ש;א;ב;כ;ש;מ;ה;ל;כ;א;ו;ה
י;ה;ת;ד;נ;ב;כ;ש;מ;כ;ה;ב;ו;ז;י;מ;י;ל;כ;ו
ל;ע;ב;ש;ת;ר;ש;א;י;ל;כ;ה;ל;כ;ו;ה;ל;ה;י;ה
כ;ו;ה;ת;ד;נ;ת;א;מ;ט;כ;ה;י;ה;י;א;מ;ט;ו;י
י;ד;ג;ב;ס;ב;כ;ו;א;מ;ט;י;ם;ב;ע;ג;ו;נ;ה;ל
ו;ב;ר;ע;ה;ד;ע;א;מ;ט;ו;ם;י;מ;ב;ץ;ח;ר;ו;ו
ב;ש;ה;ל;ה;ר;פ;ס;ו;ה;ב;ו;ז;מ;ה;ר;ה;ט;ם;א
ה;ם;ו;י;ב;ו;ר;ה;ט;ת;ר;ח;א;ו;ם;י;מ;י;ת;ע
ש;ו;א;ם;י;ר;ת;י;ת;ש;ה;ל;ח;ק;ת;י;נ;י;מ;ש
א;ם;ת;ו;א;ה;א;י;ב;ה;ו;ה;נ;ו;י;י;נ;ב;י;נ
ש;ע;ו;ד;ע;ו;מ;ל;ה;א;ח;ת;פ;ל;א;ן;ה;כ;ה;ל
א;ה;ת;א;ו;ת;א;ט;ח;ד;ח;א;ה;ת;א;ן;ה;כ;ה;ה
נ;פ;ל;ן;ה;כ;ה;ה;י;ל;ע;ר;פ;כ;ו;ה;ל;ע;ד;ח
ם;ת;ר;ז;ה;ו;ה;ת;א;מ;ט;ב;ו;ז;מ;ה;ו;ה;י;י
י;א;ל;ו;ם;ת;א;מ;ט;מ;ל;א;ר;ש;י;י;נ;ב;ת;א
נ;כ;ש;מ;ת;א;ם;א;מ;ט;ב;ם;ת;א;מ;ט;ב;ו;ת;מ
ו;ב;ז;ה;ת;ר;ו;ת;ת;א;ז;ם;כ;ו;ת;ב;ר;ש;א;י
מ;ט;ל;ע;ר;ז;ת;ב;כ;ש;ו;נ;מ;מ;א;צ;ת;ר;ש;א
ת;א;ב;ז;ה;ו;ה;ת;ד;נ;ב;ה;ו;ד;ה;ו;ה;ב;ה;א
א;ש;י;א;ל;ו;ה;ב;ק;נ;ל;ו;ר;כ;ז;ל;ו;ב;ו;ז
ו;ה;י;ר;ב;ד;י;ו;ה;א;מ;ט;ם;ע;ב;כ;ש;י;ר;ש
א;י;נ;ב;י;נ;ש;ת;ו;מ;י;ר;ח;א;ה;ש;מ;ל;א;ה
מ;י;ו;ה;ו;ה;י;י;נ;פ;ל;ם;ת;ב;ר;ק;ב;ן;ר;ה
א;ר;ב;ד;ה;ש;מ;ל;א;ה;ו;ה;י;ר;מ;א;י;ו;ו;ת
ת;ע;ל;כ;ב;א;ב;י;ל;א;ו;ך;י;ח;א;ן;ר;ה;א;ל
י;נ;פ;ל;א;ת;כ;ר;פ;ל;ת;י;ב;מ;ש;ד;ק;ה;ל;א
ו;מ;י;א;ל;ו;ן;ר;א;ה;ל;ע;ר;ש;א;ת;ר;פ;כ;ה
ז;ב;ת;ר;פ;כ;ה;ל;ע;ה;א;ר;א;ן;נ;ע;ב;י;כ;ת
ן;ב;ר;פ;ב;ש;ד;ק;ה;ל;א;ן;ר;ה;א;א;ב;י;ת;א
ת;נ;ת;כ;ה;ל;ע;ל;ל;י;א;ו;ת;א;ט;ח;ל;ר;ק;ב
י;ה;י;ד;ב;י;ס;נ;כ;מ;ו;ש;ב;ל;י;ש;ד;ק;ד;ב
ו;ר;ג;ח;י;ד;ב;ט;נ;ב;א;ב;ו;ו;ר;ש;ב;ל;ע;ו
ה;ש;ד;ק;י;ד;ג;ב;ף;נ;צ;י;ד;ב;ת;פ;נ;צ;מ;ב
ם;ש;ב;ל;ו;ו;ר;ש;ב;ת;א;ם;י;מ;ב;ץ;ח;ר;ו;ם
נ;ש;ח;ק;י;ל;א;ר;ש;י;י;נ;ב;ת;ד;ע;ת;א;מ;ו
א;ל;י;א;ו;ת;א;ט;ח;ל;ם;י;ז;ע;י;ר;י;ע;ש;י
ר;פ;ת;א;ן;ר;ה;א;ב;י;ר;ק;ה;ו;ה;ל;ע;ל;ד;ח
ב;ו;ו;ד;ע;ב;ר;פ;כ;ו;ו;ל;ר;ש;א;ת;א;ט;ח;ה
ר;י;ע;ש;ה;י;נ;ש;ת;א;ח;ק;ל;ו;ו;ת;י;ב;ד;ע
ת;פ;ה;ו;ה;י;י;נ;פ;ל;ם;ת;א;ד;י;מ;ע;ה;ו;ם
נ;ש;ל;ע;ן;ר;ה;א;ן;ת;נ;ו;ד;ע;ו;מ;ל;ה;א;ח
ד;ח;א;ל;ר;ו;ג;ת;ו;ל;ר;ו;ג;ם;ר;י;ע;ש;ה;י
ו;ל;ז;א;ז;ע;ל;ד;ח;א;ל;ר;ו;ג;ו;ה;ו;ה;י;ל
ע;ר;ש;א;ר;י;ע;ש;ה;ת;א;ן;ר;ה;א;ב;י;ר;ק;ה
ה;ש;ע;ו;ה;ו;ה;י;ל;ל;ר;ו;ג;ה;ו;י;ל;ע;ה;ל
י;ל;ע;ה;ל;ע;ר;ש;א;ר;י;ע;ש;ה;ו;ת;א;ט;ח;ו
פ;ל;י;ח;ד;מ;ע;י;ל;ז;א;ז;ע;ל;ל;ר;ו;ג;ה;ו
ת;א;ח;ל;ש;ל;ו;י;ל;ע;ר;פ;כ;ל;ה;ו;ה;י;י;נ
א;ב;י;ר;ק;ה;ו;ה;ר;ב;ד;מ;ה;ל;ז;א;ז;ע;ל;ו
פ;כ;ו;ו;ל;ר;ש;א;ת;א;ט;ח;ה;ר;פ;ת;א;ן;ר;ה
פ;ת;א;ט;ח;ש;ו;ו;ת;י;ב;ד;ע;ב;ו;ו;ד;ע;ב;ר
מ;ה;א;ל;מ;ח;ק;ל;ו;ו;ל;ר;ש;א;ת;א;ט;ח;ה;ר
פ;ל;מ;ח;ב;ז;מ;ה;ל;ע;מ;ש;א;י;ל;ח;ג;ה;ת;ח
ס;ת;ר;ט;ק;ו;י;נ;פ;ח;א;ל;מ;ו;ה;ו;ה;י;י;נ
ת;כ;ר;פ;ל;ת;י;ב;מ;א;י;ב;ה;ו;ה;ק;ד;ם;י;מ
י;נ;פ;ל;ש;א;ה;ל;ע;ת;ר;ט;ק;ה;ת;א;ן;ת;נ;ו
כ;ה;ת;א;ת;ר;ט;ק;ה;ן;נ;ע;ה;ס;כ;ו;ה;ו;ה;י
ת;ו;מ;י;א;ל;ו;ת;ו;ד;ע;ה;ל;ע;ר;ש;א;ת;ר;פ
ו;ע;ב;צ;א;ב;ה;ז;ה;ו;ר;פ;ה;ם;ד;מ;ח;ק;ל;ו
ה;י;נ;פ;ל;ו;ה;מ;ד;ק;ת;ר;פ;כ;ה;י;נ;פ;ל;ע
ם;ד;ה;ן;מ;ם;י;מ;ע;פ;ע;ב;ש;ה;ז;י;ת;ר;פ;כ
א;ט;ח;ה;ר;י;ע;ש;ת;א;ט;ח;ש;ו;ו;ע;ב;צ;א;ב
מ;ל;א;ו;מ;ד;ת;א;א;י;ב;ה;ו;ם;ע;ל;ר;ש;א;ת
ש;א;כ;ו;מ;ד;ת;א;ה;ש;ע;ו;ת;כ;ר;פ;ל;ת;י;ב
ה;ל;ע;ו;ת;א;ה;ז;ה;ו;ר;פ;ה;ם;ד;ל;ה;ש;ע;ר
ל;ע;ר;פ;כ;ו;ת;ר;פ;כ;ה;י;נ;פ;ל;ו;ת;ר;פ;כ
פ;מ;ו;ל;א;ר;ש;י;י;נ;ב;ת;א;מ;ט;מ;ש;ד;ק;ה
ה;ש;ע;י;ן;כ;ו;ם;ת;א;ט;ח;ל;כ;ל;ם;ה;י;ע;ש
ט;ך;ו;ת;ב;ם;ת;א;ן;כ;ש;ה;ד;ע;ו;מ;ל;ה;א;ל
ל;ה;א;ב;ה;י;ה;י;א;ל;ם;ד;א;ל;כ;ו;ם;ת;א;מ
א;צ;ד;ע;ש;ד;ק;ב;ר;פ;כ;ל;ו;א;ב;ב;ד;ע;ו;מ
ב;ו;ו;ת;י;ב;ד;ע;ב;ו;ו;ד;ע;ב;ר;פ;כ;ו;ו;ת
מ;ה;ל;א;א;צ;י;ו;ל;א;ר;ש;י;ל;ה;ק;ל;כ;ד;ע
ל;ע;ר;פ;כ;ו;ה;ו;ה;י;י;נ;פ;ל;ר;ש;א;ח;ב;ז
י;ע;ש;ה;ם;ד;מ;ו;ר;פ;ה;ם;ד;מ;ח;ק;ל;ו;ו;י
י;ב;ס;ח;ב;ז;מ;ה;ת;ו;נ;ר;ק;ל;ע;ן;ת;נ;ו;ר
ו;ע;ב;צ;א;ב;ם;ד;ה;ן;מ;ו;י;ל;ע;ה;ז;ה;ו;ב
ט;מ;ו;ש;ד;ק;ו;ו;ר;ה;ט;ו;ם;י;מ;ע;פ;ע;ב;ש
א;ר;פ;כ;מ;ה;ל;כ;ו;ל;א;ר;ש;י;י;נ;ב;ת;א;מ
מ;ה;ת;א;ו;ד;ע;ו;מ;ל;ה;א;ת;א;ו;ש;ד;ק;ה;ת
ו;י;ח;ה;ר;י;ע;ש;ה;ת;א;ב;י;ר;ק;ה;ו;ח;ב;ז
ש;א;ר;ל;ע;ו;ד;י;י;ת;ש;ת;א;ן;ר;ה;א;ך;מ;ס
ת;א;ו;י;ל;ע;ה;ד;ו;ת;ה;ו;י;ח;ה;ר;י;ע;ש;ה
פ;ל;כ;ת;א;ו;ל;א;ר;ש;י;י;נ;ב;ת;נ;ו;ע;ל;כ
ם;ת;א;ן;ת;נ;ו;ם;ת;א;ט;ח;ל;כ;ל;ם;ה;י;ע;ש
ש;י;א;ד;י;ב;ח;ל;ש;ו;ר;י;ע;ש;ה;ש;א;ר;ל;ע
ל;ע;ר;י;ע;ש;ה;א;ש;נ;ו;ה;ר;ב;ד;מ;ה;י;ת;ע
ה;ר;ז;ג;ץ;ר;א;ל;א;ם;ת;נ;ו;ע;ל;כ;ת;א;ו;י
א;א;ב;ו;ר;ב;ד;מ;ב;ר;י;ע;ש;ה;ת;א;ח;ל;ש;ו
ג;ב;ת;א;ט;ש;פ;ו;ד;ע;ו;מ;ל;ה;א;ל;א;ן;ר;ה
ד;ק;ה;ל;א;ו;א;ב;ב;ש;ב;ל;ר;ש;א;ד;ב;ה;י;ד
ב;ו;ר;ש;ב;ת;א;ץ;ח;ר;ו;ם;ש;ם;ח;י;נ;ה;ו;ש
ג;ב;ת;א;ש;ב;ל;ו;ש;ו;ד;ק;ם;ו;ק;מ;ב;ם;י;מ
ת;א;ו;ו;ת;ל;ע;ת;א;ה;ש;ע;ו;א;צ;י;ו;ו;י;ד
ע;ה;ד;ע;ב;ו;ו;ד;ע;ב;ר;פ;כ;ו;ם;ע;ה;ת;ל;ע
ז;מ;ה;ר;י;ט;ק;י;ת;א;ט;ח;ה;ב;ל;ח;ת;א;ו;ם
א;ז;ע;ל;ר;י;ע;ש;ה;ת;א;ח;ל;ש;מ;ה;ו;ה;ח;ב
ר;ש;ב;ת;א;ץ;ח;ר;ו;ו;י;ד;ג;ב;ס;ב;כ;י;ל;ז
מ;ה;ל;א;א;ו;ב;י;ן;כ;י;ר;ח;א;ו;ם;י;מ;ב;ו
ר;י;ע;ש;ת;א;ו;ת;א;ט;ח;ה;ר;פ;ת;א;ו;ה;נ;ח
פ;כ;ל;ם;מ;ד;ת;א;א;ב;ו;ה;ר;ש;א;ת;א;ט;ח;ה
נ;ח;מ;ל;ץ;ו;ח;מ;ל;א;א;י;צ;ו;י;ש;ד;ק;ב;ר
ש;ב;ת;א;ו;ם;ת;ר;ע;ת;א;ש;א;ב;ו;פ;ר;ש;ו;ה
ב;כ;י;ם;ת;א;ף;ר;ש;ה;ו;ם;ש;ר;פ;ת;א;ו;ם;ר
ם;י;מ;ב;ו;ר;ש;ב;ת;א;ץ;ח;ר;ו;ו;י;ד;ג;ב;ס
ה;ו;ה;נ;ח;מ;ה;ל;א;א;ו;ב;י;ן;כ;י;ר;ח;א;ו
ש;ה;ש;ד;ח;ב;ם;ל;ו;ע;ת;ק;ח;ל;ם;כ;ל;ה;ת;י
נ;ת;א;ו;נ;ע;ת;ש;ד;ח;ל;ר;ו;ש;ע;ב;י;ע;י;ב
ו;ש;ע;ת;א;ל;ה;כ;א;ל;מ;ל;כ;ו;ם;כ;י;ת;ש;פ
י;כ;ם;כ;כ;ו;ת;ב;ר;ג;ה;ר;ג;ה;ו;ח;ר;ז;א;ה
ר;ה;ט;ל;ם;כ;י;ל;ע;ר;פ;כ;י;ה;ז;ה;ם;ו;י;ב
ה;י;י;נ;פ;ל;ם;כ;י;ת;א;ט;ח;ל;כ;מ;ם;כ;ת;א
כ;ל;א;י;ה;ן;ו;ת;ב;ש;ת;ב;ש;ו;ר;ה;ט;ת;ה;ו
ע;ת;ק;ח;ם;כ;י;ת;ש;פ;נ;ת;א;ם;ת;י;נ;ע;ו;ם
ת;א;ח;ש;מ;י;ר;ש;א;ן;ה;כ;ה;ר;פ;כ;ו;ם;ל;ו
ח;ת;ן;ה;כ;ל;ו;ד;י;ת;א;א;ל;מ;י;ר;ש;א;ו;ו
ג;ב;ד;ב;ה;י;ד;ג;ב;ת;א;ש;ב;ל;ו;ו;י;ב;א;ת
ש;ד;ק;ה;ש;ד;ק;מ;ת;א;ר;פ;כ;ו;ש;ד;ק;ה;י;ד
כ;י;ח;ב;ז;מ;ה;ת;א;ו;ד;ע;ו;מ;ל;ה;א;ת;א;ו
ק;ה;ם;ע;ל;כ;ל;ע;ו;ם;י;נ;ה;כ;ה;ל;ע;ו;ר;פ
ק;ח;ל;ם;כ;ל;ת;א;ז;ה;ת;י;ה;ו;ר;פ;כ;י;ל;ה
מ;ל;א;ר;ש;י;י;נ;ב;ל;ע;ר;פ;כ;ל;ם;ל;ו;ע;ת
א;כ;ש;ע;י;ו;ה;נ;ש;ב;ת;ח;א;ם;ת;א;ט;ח;ל;כ
י;ר;ב;ד;י;ו;ה;ש;מ;ת;א;ה;ו;ה;י;ה;ו;צ;ר;ש
ר;ה;א;ל;א;ר;ב;ד;ר;מ;א;ל;ה;ש;מ;ל;א;ה;ו;ה
א;ר;ש;י;י;נ;ב;ל;כ;ל;א;ו;ו;י;נ;ב;ל;א;ו;ן
ר;ש;א;ר;ב;ד;ה;ה;ז;ם;ה;י;ל;א;ת;ר;מ;א;ו;ל
י;ב;מ;ש;י;א;ש;י;א;ר;מ;א;ל;ה;ו;ה;י;ה;ו;צ
ש;כ;ו;א;ר;ו;ש;ט;ח;ש;י;ר;ש;א;ל;א;ר;ש;י;ת
מ;ט;ח;ש;י;ר;ש;א;ו;א;ה;נ;ח;מ;ב;ז;ע;ו;א;ב
ע;ו;מ;ל;ה;א;ח;ת;פ;ל;א;ו;ה;נ;ח;מ;ל;ץ;ו;ח
י;ל;ן;ב;ר;ק;ב;י;ר;ק;ה;ל;ו;א;י;ב;ה;א;ל;ד
ש;ח;י;ם;ד;ה;ו;ה;י;ן;כ;ש;מ;י;נ;פ;ל;ה;ו;ה
ה;ת;ר;כ;נ;ו;ך;פ;ש;ם;ד;א;ו;ה;ה;ש;י;א;ל;ב
ש;א;ן;ע;מ;ל;ו;מ;ע;ב;ר;ק;מ;א;ו;ה;ה;ש;י;א
י;ח;ב;ז;ת;א;ל;א;ר;ש;י;י;נ;ב;ו;א;י;ב;י;ר
ד;ש;ה;י;נ;פ;ל;ע;ם;י;ח;ב;ז;ם;ה;ר;ש;א;ם;ה
ל;ה;א;ח;ת;פ;ל;א;ה;ו;ה;י;ל;ם;א;י;ב;ה;ו;ה
ש;י;ח;ב;ז;ו;ח;ב;ז;ו;ן;ה;כ;ה;ל;א;ד;ע;ו;מ
ה;כ;ה;ק;ר;ז;ו;ם;ת;ו;א;ה;ו;ה;י;ל;ם;י;מ;ל
א;ח;ת;פ;ה;ו;ה;י;ח;ב;ז;מ;ל;ע;ם;ד;ה;ת;א;ן
ח;י;ר;ל;ב;ל;ח;ה;ר;י;ט;ק;ה;ו;ד;ע;ו;מ;ל;ה
ד;ו;ע;ו;ח;ב;ז;י;א;ל;ו;ה;ו;ה;י;ל;ח;ח;י;נ
ז;ם;ה;ר;ש;א;ם;ר;י;ע;ש;ל;ם;ה;י;ח;ב;ז;ת;א
ה;י;ה;ת;ם;ל;ו;ע;ת;ק;ח;ם;ה;י;ר;ח;א;ם;י;נ
ר;מ;א;ת;ם;ה;ל;א;ו;ם;ת;ר;ד;ל;ם;ה;ל;ת;א;ז
ג;ה;ן;מ;ו;ל;א;ר;ש;י;ת;י;ב;מ;ש;י;א;ש;י;א
ה;ל;ע;י;ר;ש;א;ם;כ;ו;ת;ב;ר;ו;ג;י;ר;ש;א;ר
ע;ו;מ;ל;ה;א;ח;ת;פ;ל;א;ו;ח;ב;ז;ו;א;ה;ל;ע
ה;י;ל;ו;ת;א;ת;ו;ש;ע;ל;ו;נ;א;י;ב;י;א;ל;ד
ו;י;מ;ע;מ;א;ו;ה;ה;ש;י;א;ה;ת;ר;כ;נ;ו;ה;ו
ה;ן;מ;ו;ל;א;ר;ש;י;ת;י;ב;מ;ש;י;א;ש;י;א;ו
ד;ל;כ;ל;כ;א;י;ר;ש;א;ם;כ;ו;ת;ב;ר;ג;ה;ר;ג
ת;א;ת;ל;כ;א;ה;ש;פ;נ;ב;י;נ;פ;י;ת;ת;נ;ו;ם
כ;ה;מ;ע;ב;ר;ק;מ;ה;ת;א;י;ת;ר;כ;ה;ו;ם;ד;ה
ת;נ;י;נ;א;ו;א;ו;ה;ם;ד;ב;ר;ש;ב;ה;ש;פ;נ;י
נ;ל;ע;ר;פ;כ;ל;ח;ב;ז;מ;ה;ל;ע;ם;כ;ל;ו;י;ת
כ;י;ש;פ;נ;ב;א;ו;ה;ם;ד;ה;י;כ;ם;כ;י;ת;ש;פ
ל;א;ר;ש;י;י;נ;ב;ל;י;ת;ר;מ;א;ן;כ;ל;ע;ר;פ
ר;ג;ה;ו;ם;ד;ל;כ;א;ת;א;ל;ם;כ;מ;ש;פ;נ;ל;כ
י;א;ו;ם;ד;ל;כ;א;י;א;ל;ם;כ;כ;ו;ת;ב;ר;ג;ה
ה;ר;ג;ה;ן;מ;ו;ל;א;ר;ש;י;י;נ;ב;מ;ש;י;א;ש
ה;י;ח;ד;י;צ;ד;ו;צ;י;ר;ש;א;ם;כ;ו;ת;ב;ר;ג
מ;ד;ת;א;ך;פ;ש;ו;ל;כ;א;י;ר;ש;א;ף;ו;ע;ו;א
ר;ש;ב;ל;כ;ש;פ;נ;י;כ;ר;פ;ע;ב;ו;ה;ס;כ;ו;ו
י;י;נ;ב;ל;ר;מ;א;ו;א;ו;ה;ו;ש;פ;נ;ב;ו;מ;ד
י;כ;ו;ל;כ;א;ת;א;ל;ר;ש;ב;ל;כ;ם;ד;ל;א;ר;ש
י;ל;כ;א;ל;כ;א;ו;ה;ו;מ;ד;ר;ש;ב;ל;כ;ש;פ;נ
ב;נ;ל;כ;א;ת;ר;ש;א;ש;פ;נ;ל;כ;ו;ת;ר;כ;י;ו
ס;ב;כ;ו;ר;ג;ב;ו;ח;ר;ז;א;ב;ה;פ;ר;ט;ו;ה;ל
ה;ד;ע;א;מ;ט;ו;ם;י;מ;ב;ץ;ח;ר;ו;ו;י;ד;ג;ב
ר;ש;ב;ו;ס;ב;כ;י;א;ל;ם;א;ו;ר;ה;ט;ו;ב;ר;ע
ר;ב;ד;י;ו;ו;נ;ו;ע;א;ש;נ;ו;ץ;ח;ר;י;א;ל;ו
נ;ב;ל;א;ר;ב;ד;ר;מ;א;ל;ה;ש;מ;ל;א;ה;ו;ה;י
ה;י;י;נ;א;ם;ה;ל;א;ת;ר;מ;א;ו;ל;א;ר;ש;י;י
י;ר;צ;מ;ץ;ר;א;ה;ש;ע;מ;כ;ם;כ;י;ה;ל;א;ה;ו
מ;כ;ו;ו;ש;ע;ת;א;ל;ה;ב;ם;ת;ב;ש;י;ר;ש;א;ם
א;י;ב;מ;י;נ;א;ר;ש;א;ן;ע;נ;כ;ץ;ר;א;ה;ש;ע
ה;י;ת;ק;ח;ב;ו;ו;ש;ע;ת;א;ל;ה;מ;ש;ם;כ;ת;א
א;ו;ו;ש;ע;ת;י;ט;פ;ש;מ;ת;א;ו;כ;ל;ת;א;ל;ם
י;נ;א;ם;ה;ב;ת;כ;ל;ל;ו;ר;מ;ש;ת;י;ת;ק;ח;ת
ק;ח;ת;א;ם;ת;ר;מ;ש;ו;ם;כ;י;ה;ל;א;ה;ו;ה;י
ם;ת;א;ה;ש;ע;י;ר;ש;א;י;ט;פ;ש;מ;ת;א;ו;י;ת
ש;י;א;ה;ו;ה;י;י;נ;א;ם;ה;ב;י;ח;ו;ם;ד;א;ה
ב;ר;ק;ת;א;ל;ו;ר;ש;ב;ר;א;ש;ל;כ;ל;א;ש;י;א
ו;ר;ע;ה;ו;ה;י;י;נ;א;ה;ו;ר;ע;ת;ו;ל;ג;ל;ו
א;ה;ל;ג;ת;א;ל;ך;מ;א;ת;ו;ר;ע;ו;ך;י;ב;א;ת
ת;ו;ר;ע;ה;ת;ו;ר;ע;ה;ל;ג;ת;א;ל;א;ו;ה;ך;מ
י;ב;א;ת;ו;ר;ע;ה;ל;ג;ת;א;ל;ך;י;ב;א;ת;ש;א
א;ך;י;ב;א;ת;ב;ך;ת;ו;ח;א;ת;ו;ר;ע;א;ו;ה;ך
ד;ל;ו;מ;ו;א;ת;י;ב;ת;ד;ל;ו;מ;ך;מ;א;ת;ב;ו
ב;ת;ו;ר;ע;ן;ת;ו;ר;ע;ה;ל;ג;ת;א;ל;ץ;ו;ח;ת
ו;ר;ע;ה;ל;ג;ת;א;ל;ך;ת;ב;ת;ב;ו;א;ך;נ;ב;ת
ש;א;ת;ב;ת;ו;ר;ע;ה;נ;ה;ך;ת;ו;ר;ע;י;כ;ן;ת
ה;ך;ת;ו;ח;א;ך;י;ב;א;ת;ד;ל;ו;מ;ך;י;ב;א;ת
ו;ח;א;ת;ו;ר;ע;ה;ת;ו;ר;ע;ה;ל;ג;ת;א;ל;א;ו
ו;ה;ך;י;ב;א;ר;א;ש;ה;ל;ג;ת;א;ל;ך;י;ב;א;ת
י;כ;ה;ל;ג;ת;א;ל;ך;מ;א;ת;ו;ח;א;ת;ו;ר;ע;א
ך;י;ב;א;י;ח;א;ת;ו;ר;ע;א;ו;ה;ך;מ;א;ר;א;ש
ד;ד;ב;ר;ק;ת;א;ל;ו;ת;ש;א;ל;א;ה;ל;ג;ת;א;ל
א;ה;ל;ג;ת;א;ל;ך;ת;ל;כ;ת;ו;ר;ע;א;ו;ה;ך;ת
ע;ה;ת;ו;ר;ע;ה;ל;ג;ת;א;ל;א;ו;ה;ך;נ;ב;ת;ש
ת;ו;ר;ע;ה;ל;ג;ת;א;ל;ך;י;ח;א;ת;ש;א;ת;ו;ר
א;ל;ה;ת;ב;ו;ה;ש;א;ת;ו;ר;ע;א;ו;ה;ך;י;ח;א
ל;ה;ת;ב;ת;ב;ת;א;ו;ה;נ;ב;ת;ב;ת;א;ה;ל;ג;ת
נ;ה;ה;ר;א;ש;ה;ת;ו;ר;ע;ת;ו;ל;ג;ל;ח;ק;ת;א
ת;א;ל;ה;ת;ח;א;ל;א;ה;ש;א;ו;א;ו;ה;ה;מ;ז;ה
ה;י;ל;ע;ה;ת;ו;ר;ע;ת;ו;ל;ג;ל;ר;ר;צ;ל;ח;ק
ה;ת;א;מ;ט;ת;ד;נ;ב;ה;ש;א;ל;א;ו;ה;י;י;ח;ב
א;ל;א;ו;ה;ת;ו;ר;ע;ת;ו;ל;ג;ל;ב;ר;ק;ת;א;ל
ר;ז;ל;ך;ת;ב;כ;ש;ן;ת;ת;א;ל;ך;ת;י;מ;ע;ת;ש
ל;ן;ת;ת;א;ל;ך;ע;ר;ז;מ;ו;ה;ב;ה;א;מ;ט;ל;ע
ם;ש;ת;א;ל;ל;ח;ת;א;ל;ו;ך;ל;מ;ל;ר;י;ב;ע;ה
א;ל;ר;כ;ז;ת;א;ו;ה;ו;ה;י;י;נ;א;ך;י;ה;ל;א
א;ו;ה;ה;ב;ע;ו;ת;ה;ש;א;י;ב;כ;ש;מ;ב;כ;ש;ת
ט;ל;ך;ת;ב;כ;ש;ן;ת;ת;א;ל;ה;מ;ה;ב;ל;כ;ב;ו
ב;י;נ;פ;ל;ד;מ;ע;ת;א;ל;ה;ש;א;ו;ה;ב;ה;א;מ
א;מ;ט;ת;ל;א;א;ו;ה;ל;ב;ת;ה;ע;ב;ר;ל;ה;מ;ה
ו;א;מ;ט;נ;ה;ל;א;ל;כ;ב;י;כ;ה;ל;א;ל;כ;ב;ו
כ;י;נ;פ;מ;ח;ל;ש;מ;י;נ;א;ר;ש;א;ם;י;ו;ג;ה
ע;ה;נ;ו;ע;ד;ק;פ;א;ו;ץ;ר;א;ה;א;מ;ט;ת;ו;ם
ש;ו;ה;י;ב;ש;י;ת;א;ץ;ר;א;ה;א;ק;ת;ו;ה;י;ל
ט;פ;ש;מ;ת;א;ו;י;ת;ק;ח;ת;א;ם;ת;א;ם;ת;ר;מ
ל;א;ה;ת;ב;ע;ו;ת;ה;ל;כ;מ;ו;ש;ע;ת;א;ל;ו;י
כ;ם;כ;כ;ו;ת;ב;ר;ג;ה;ר;ג;ה;ו;ח;ר;ז;א;ה;ה
ש;נ;א;ו;ש;ע;ל;א;ה;ת;ב;ע;ו;ת;ה;ל;כ;ת;א;י
ה;א;מ;ט;ת;ו;ם;כ;י;נ;פ;ל;ר;ש;א;ץ;ר;א;ה;י
ט;ב;ם;כ;ת;א;ץ;ר;א;ה;א;י;ק;ת;א;ל;ו;ץ;ר;א
י;ו;ג;ה;ת;א;ה;א;ק;ר;ש;א;כ;ה;ת;א;ם;כ;א;מ
ה;ש;ע;י;ר;ש;א;ל;כ;י;כ;ם;כ;י;נ;פ;ל;ר;ש;א
ו;ת;ר;כ;נ;ו;ה;ל;א;ה;ת;ו;ב;ע;ו;ת;ה;ל;כ;מ
מ;ש;ו;ם;מ;ע;ב;ר;ק;מ;ת;ש;ע;ה;ת;ו;ש;פ;נ;ה
ת;ו;ש;ע;י;ת;ל;ב;ל;י;ת;ר;מ;ש;מ;ת;א;ם;ת;ר
פ;ל;ו;ש;ע;נ;ר;ש;א;ת;ב;ע;ו;ת;ה;ת;ו;ק;ח;מ
ה;י;י;נ;א;ם;ה;ב;ו;א;מ;ט;ת;א;ל;ו;ם;כ;י;נ
מ;ל;א;ה;ו;ה;י;ר;ב;ד;י;ו;ם;כ;י;ה;ל;א;ה;ו
י;י;נ;ב;ת;ד;ע;ל;כ;ל;א;ר;ב;ד;ר;מ;א;ל;ה;ש
ה;ת;ם;י;ש;ד;ק;ם;ה;ל;א;ת;ר;מ;א;ו;ל;א;ר;ש
כ;י;ה;ל;א;ה;ו;ה;י;י;נ;א;ש;ו;ד;ק;י;כ;ו;י
ת;א;ו;ו;א;ר;י;ת;ו;י;ב;א;ו;ו;מ;א;ש;י;א;ם
ה;ל;א;ה;ו;ה;י;י;נ;א;ו;ר;מ;ש;ת;י;ת;ת;ב;ש
א;ו;ם;י;ל;י;ל;א;ה;ל;א;ו;נ;פ;ת;ל;א;ם;כ;י
י;י;נ;א;ם;כ;ל;ו;ש;ע;ת;א;ל;ה;כ;ס;מ;י;ה;ל
ח;ב;ז;ו;ח;ב;ז;ת;י;כ;ו;ם;כ;י;ה;ל;א;ה;ו;ה
ח;ב;ז;ת;ם;כ;נ;צ;ר;ל;ה;ו;ה;י;ל;ם;י;מ;ל;ש
ר;ח;מ;מ;ו;ל;כ;א;י;ם;כ;ח;ב;ז;ם;ו;י;ב;ו;ה
א;ב;י;ש;י;ל;ש;ה;ם;ו;י;ד;ע;ר;ת;ו;נ;ה;ו;ת
ם;ו;י;ב;ל;כ;א;י;ל;כ;א;ה;ם;א;ו;ף;ר;ש;י;ש
ו;ה;צ;ר;י;א;ל;א;ו;ה;ל;ו;ג;פ;י;ש;י;ל;ש;ה
י;ש;ד;ק;ת;א;י;כ;א;ש;י;ו;נ;ו;ע;ו;י;ל;כ;א
א;ו;ה;ה;ש;פ;נ;ה;ה;ת;ר;כ;נ;ו;ל;ל;ח;ה;ו;ה
ר;א;ר;י;צ;ק;ת;א;ם;כ;ר;צ;ק;ב;ו;ה;י;מ;ע;מ
ו;ר;צ;ק;ל;ך;ד;ש;ת;א;פ;ה;ל;כ;ת;א;ל;ם;כ;צ
ל;ך;מ;ר;כ;ו;ט;ק;ל;ת;א;ל;ך;ר;י;צ;ק;ט;ק;ל
ט;ק;ל;ת;א;ל;ך;מ;ר;כ;ט;ר;פ;ו;ל;ל;ו;ע;ת;א
ה;י;י;נ;א;ם;ת;א;ב;ז;ע;ת;ר;ג;ל;ו;י;נ;ע;ל
כ;ת;א;ל;ו;ו;ב;נ;ג;ת;א;ל;ם;כ;י;ה;ל;א;ה;ו
ו;ת;י;מ;ע;ב;ש;י;א;ו;ר;ק;ש;ת;א;ל;ו;ו;ש;ח
ל;ל;ח;ו;ר;ק;ש;ל;י;מ;ש;ב;ו;ע;ב;ש;ת;א;ל;ו
ת;א;ל;ה;ו;ה;י;י;נ;א;ך;י;ה;ל;א;ם;ש;ת;א;ת
י;ל;ת;א;ל;ל;ז;ג;ת;א;ל;ו;ך;ע;ר;ת;א;ק;ש;ע
ת;א;ל;ר;ק;ב;ד;ע;ך;ת;א;ר;י;כ;ש;ת;ל;ע;פ;ן
מ;ן;ת;ת;א;ל;ר;ו;ע;י;נ;פ;ל;ו;ש;ר;ח;ל;ל;ק
ו;ה;י;י;נ;א;ך;י;ה;ל;א;מ;ת;א;ר;י;ו;ל;ש;כ
א;ש;ת;א;ל;ט;פ;ש;מ;ב;ל;ו;ע;ו;ש;ע;ת;א;ל;ה
ב;ל;ו;ד;ג;י;נ;פ;ר;ד;ה;ת;א;ל;ו;ל;ד;י;נ;פ
י;כ;ר;ך;ל;ת;א;ל;ך;ת;י;מ;ע;ט;פ;ש;ת;ק;ד;צ
א;ך;ע;ר;ם;ד;ל;ע;ד;מ;ע;ת;א;ל;ך;י;מ;ע;ב;ל
ל;ב;ך;י;ח;א;ת;א;א;נ;ש;ת;א;ל;ה;ו;ה;י;י;נ
ו;ך;ת;י;מ;ע;ת;א;ח;י;כ;ו;ת;ח;כ;ו;ה;ך;ב;ב
א;ל;ו;ם;ק;ת;א;ל;א;ט;ח;ו;י;ל;ע;א;ש;ת;א;ל
ך;ע;ר;ל;ת;ב;ה;א;ו;ך;מ;ע;י;נ;ב;ת;א;ר;ט;ת
מ;ש;ת;י;ת;ק;ח;ת;א;ה;ו;ה;י;י;נ;א;ך;ו;מ;כ
ש;ם;י;א;ל;כ;ע;י;ב;ר;ת;א;ל;ך;ת;מ;ה;ב;ו;ר
א;ל;כ;ד;ג;ב;ו;ם;י;א;ל;כ;ע;ר;ז;ת;א;ל;ך;ד
י;א;ו;ך;י;ל;ע;ה;ל;ע;י;א;ל;ז;נ;ט;ע;ש;ם;י
ו;ע;ר;ז;ת;ב;כ;ש;ה;ש;א;ת;א;ב;כ;ש;י;י;כ;ש
ד;פ;ה;ו;ש;י;א;ל;ת;פ;ר;ח;נ;ה;ח;פ;ש;א;ו;ה
ל;ן;ת;נ;א;ל;ה;ש;פ;ח;ו;א;ה;ת;ד;פ;נ;א;ל;ה
א;ל;י;כ;ו;ת;מ;ו;י;א;ל;ה;י;ה;ת;ת;ר;ק;ב;ה
ה;ו;ה;י;ל;ו;מ;ש;א;ת;א;א;י;ב;ה;ו;ה;ש;פ;ח
כ;ו;ם;ש;א;ל;י;א;ד;ע;ו;מ;ל;ה;א;ח;ת;פ;ל;א
פ;ל;ם;ש;א;ה;ל;י;א;ב;ן;ה;כ;ה;ו;י;ל;ע;ר;פ
ו;א;ט;ח;ר;ש;א;ו;ת;א;ט;ח;ל;ע;ה;ו;ה;י;י;נ
כ;ו;א;ט;ח;ר;ש;א;ו;ת;א;ט;ח;מ;ו;ל;ח;ל;ס;נ
ע;ל;כ;ם;ת;ע;ט;נ;ו;ץ;ר;א;ה;ל;א;ו;א;ב;ת;י
ר;פ;ת;א;ו;ת;ל;ר;ע;ם;ת;ל;ר;ע;ו;ל;כ;א;מ;ץ
י;ל;ר;ע;ם;כ;ל;ה;י;ה;י;ם;י;נ;ש;ש;ל;ש;ו;י
ה;י;ת;ע;י;ב;ר;ה;ה;נ;ש;ב;ו;ל;כ;א;י;א;ל;ם
ה;י;ל;ם;י;ל;ו;ל;ה;ש;ד;ק;ו;י;ר;פ;ל;כ;ה;י
ת;א;ו;ל;כ;א;ת;ת;ש;י;מ;ח;ה;ה;נ;ש;ב;ו;ה;ו
א;ו;ת;א;ו;ב;ת;ם;כ;ל;ף;י;ס;ו;ה;ל;ו;י;ר;פ
ע;ו;ל;כ;א;ת;א;ל;ם;כ;י;ה;ל;א;ה;ו;ה;י;י;נ
ו;נ;נ;ו;ע;ת;א;ל;ו;ו;ש;ח;נ;ת;א;ל;ם;ד;ה;ל
ח;ש;ת;א;ל;ו;ם;כ;ש;א;ר;ת;א;פ;ו;פ;ק;ת;א;ל
ל;ש;פ;נ;ל;ט;ר;ש;ו;ך;נ;ק;ז;ת;א;פ;ת;א;ת;י
ע;ק;ע;ק;ת;ב;ת;כ;ו;ם;כ;ר;ש;ב;ב;ו;נ;ת;ת;א
ח;ת;ל;א;ה;ו;ה;י;י;נ;א;ם;כ;ב;ו;נ;ת;ת;א;ל
נ;ז;ת;א;ל;ו;ה;ת;ו;נ;ז;ה;ל;ך;ת;ב;ת;א;ל;ל
ש;ת;א;ה;מ;ז;ץ;ר;א;ה;ה;א;ל;מ;ו;ץ;ר;א;ה;ה
ו;א;ר;י;ת;י;ש;ד;ק;מ;ו;ו;ר;מ;ש;ת;י;ת;ת;ב
ו;ת;ב;א;ה;ל;א;ו;נ;פ;ת;ל;א;ה;ו;ה;י;י;נ;א
א;מ;ט;ל;ו;ש;ק;ב;ת;ל;א;ם;י;נ;ע;ד;י;ה;ל;א
נ;פ;מ;ם;כ;י;ה;ל;א;ה;ו;ה;י;י;נ;א;ם;ה;ב;ה
ן;ק;ז;י;נ;פ;ת;ר;ד;ה;ו;ם;ו;ק;ת;ה;ב;י;ש;י
כ;ו;ה;ו;ה;י;י;נ;א;ך;י;ה;ל;א;מ;ת;א;ר;י;ו
ו;ת;א;ל;ם;כ;צ;ר;א;ב;ר;ג;ך;ת;א;ר;ו;ג;י;י
ם;כ;ל;ה;י;ה;י;ם;כ;מ;ח;ר;ז;א;כ;ו;ת;א;ו;נ
ו;מ;כ;ו;ל;ת;ב;ה;א;ו;ם;כ;ת;א;ר;ג;ה;ר;ג;ה
י;ר;צ;מ;ץ;ר;א;ב;ם;ת;י;י;ה;ם;י;ר;ג;י;כ;ך
ו;ש;ע;ת;א;ל;ם;כ;י;ה;ל;א;ה;ו;ה;י;י;נ;א;ם
מ;ב;ו;ל;ק;ש;מ;ב;ה;ד;מ;ב;ט;פ;ש;מ;ב;ל;ו;ע
א;ק;ד;צ;י;נ;ב;א;ק;ד;צ;י;נ;ז;א;מ;ה;ר;ו;ש
ם;כ;ל;ה;י;ה;י;ק;ד;צ;ן;י;ה;ו;ק;ד;צ;ת;פ;י
א;צ;ו;ה;ר;ש;א;ם;כ;י;ה;ל;א;ה;ו;ה;י;י;נ;א
ת;ר;מ;ש;ו;ם;י;ר;צ;מ;ץ;ר;א;מ;ם;כ;ת;א;י;ת
ו;י;ט;פ;ש;מ;ל;כ;ת;א;ו;י;ת;ק;ח;ל;כ;ת;א;ם
ר;ב;ד;י;ו;ה;ו;ה;י;י;נ;א;ם;ת;א;ם;ת;י;ש;ע
י;י;נ;ב;ל;א;ו;ר;מ;א;ל;ה;ש;מ;ל;א;ה;ו;ה;י
ש;י;י;נ;ב;מ;ש;י;א;ש;י;א;ר;מ;א;ת;ל;א;ר;ש
ש;א;ל;א;ר;ש;י;ב;ר;ג;ה;ר;ג;ה;ן;מ;ו;ל;א;ר
ת;מ;ו;י;ת;ו;מ;ך;ל;מ;ל;ו;ע;ר;ז;מ;ן;ת;י;ר
י;נ;א;ו;ן;ב;א;ב;ו;ה;מ;ג;ר;י;ץ;ר;א;ה;ם;ע
ר;כ;ה;ו;א;ו;ה;ה;ש;י;א;ב;י;נ;פ;ת;א;ן;ת;א
נ;ו;ע;ר;ז;מ;י;כ;ו;מ;ע;ב;ר;ק;מ;ו;ת;א;י;ת
י;ש;ד;ק;מ;ת;א;א;מ;ט;ן;ע;מ;ל;ך;ל;מ;ל;ן;ת
ם;ל;ע;ה;ם;א;ו;י;ש;ד;ק;ם;ש;ת;א;ל;ל;ח;ל;ו
ם;ה;י;נ;י;ע;ת;א;ץ;ר;א;ה;ם;ע;ו;מ;י;ל;ע;י
ל;ו;ע;ר;ז;מ;ו;ת;ת;ב;א;ו;ה;ה;ש;י;א;ה;ן;מ
י;ת;מ;ש;ו;ו;ת;א;ת;י;מ;ה;י;ת;ל;ב;ל;ך;ל;מ
ש;מ;ב;ו;א;ו;ה;ה;ש;י;א;ב;י;נ;פ;ת;א;י;נ;א
ז;ה;ל;כ;ת;א;ו;ו;ת;א;י;ת;ר;כ;ה;ו;ו;ת;ח;פ
ל;מ;ה;י;ר;ח;א;ת;ו;נ;ז;ל;ו;י;ר;ח;א;ם;י;נ
ה;נ;פ;ת;ר;ש;א;ש;פ;נ;ה;ו;ם;מ;ע;ב;ר;ק;מ;ך
ו;נ;ז;ל;ם;י;נ;ע;ד;י;ה;ל;א;ו;ת;ב;א;ה;ל;א
פ;נ;ב;י;נ;פ;ת;א;י;ת;ת;נ;ו;ם;ה;י;ר;ח;א;ת
מ;ע;ב;ר;ק;מ;ו;ת;א;י;ת;ר;כ;ה;ו;א;ו;ה;ה;ש
ם;י;ש;ד;ק;ם;ת;י;י;ה;ו;ם;ת;ש;ד;ק;ת;ה;ו;ו
ת;ר;מ;ש;ו;ם;כ;י;ה;ל;א;ה;ו;ה;י;י;נ;א;י;כ
י;י;נ;א;ם;ת;א;ם;ת;י;ש;ע;ו;י;ת;ק;ח;ת;א;ם
ר;ש;א;ש;י;א;ש;י;א;י;כ;ם;כ;ש;ד;ק;מ;ה;ו;ה
י;ת;ו;מ;ו;מ;א;ת;א;ו;ו;י;ב;א;ת;א;ל;ל;ק;י
ו;ב;ו;י;מ;ד;ל;ל;ק;ו;מ;א;ו;ו;י;ב;א;ת;מ;ו
א;ש;י;א;ת;ש;א;ת;א;ף;א;נ;י;ר;ש;א;ש;י;א;ו
ו;י;ת;ו;מ;ו;ה;ע;ר;ת;ש;א;ת;א;ף;א;נ;י;ר;ש
י;ר;ש;א;ש;י;א;ו;ת;פ;א;נ;ה;ו;ף;א;נ;ה;ת;מ
ו;י;ב;א;ת;ו;ר;ע;ו;י;ב;א;ת;ש;א;ת;א;ב;כ;ש
ה;י;מ;ד;ם;ה;י;נ;ש;ו;ת;מ;ו;י;ת;ו;מ;ה;ל;ג
ו;ת;ל;כ;ת;א;ב;כ;ש;י;ר;ש;א;ש;י;א;ו;ם;ב;ם
ד;ו;ש;ע;ל;ב;ת;ם;ה;י;נ;ש;ו;ת;מ;ו;י;ת;ו;מ
ז;ת;א;ב;כ;ש;י;ר;ש;א;ש;י;א;ו;ם;ב;ם;ה;י;מ
נ;ש;ו;ש;ע;ה;ב;ע;ו;ת;ה;ש;א;י;ב;כ;ש;מ;ר;כ
א;ו;ם;ב;ם;ה;י;מ;ד;ו;ת;מ;ו;י;ת;ו;מ;ם;ה;י
ז;ה;מ;א;ת;א;ו;ה;ש;א;ת;א;ח;ק;י;ר;ש;א;ש;י
ה;ת;א;ו;ו;ת;א;ו;פ;ר;ש;י;ש;א;ב;א;ו;ה;ה;מ
י;א;ו;ם;כ;כ;ו;ת;ב;ה;מ;ז;ה;י;ה;ת;א;ל;ו;ן
ת;ו;מ;ה;מ;ה;ב;ב;ו;ת;ב;כ;ש;ן;ת;י;ר;ש;א;ש
ש;א;ו;ו;ג;ר;ה;ת;ה;מ;ה;ב;ה;ת;א;ו;ת;מ;ו;י
ע;ב;ר;ל;ה;מ;ה;ב;ל;כ;ל;א;ב;ר;ק;ת;ר;ש;א;ה
ב;ה;ת;א;ו;ה;ש;א;ה;ת;א;ת;ג;ר;ה;ו;ה;ת;א;ה
א;ו;ם;ב;ם;ה;י;מ;ד;ו;ת;מ;ו;י;ת;ו;מ;ה;מ;ה
ו;י;ב;א;ת;ב;ו;ת;ח;א;ת;א;ח;ק;י;ר;ש;א;ש;י
ה;ו;ה;ת;ו;ר;ע;ת;א;ה;א;ר;ו;ו;מ;א;ת;ב;ו;א
ו;א;ו;ה;ד;ס;ח;ו;ת;ו;ר;ע;ת;א;ה;א;ר;ת;א;י
ת;ו;ר;ע;ם;מ;ע;י;נ;ב;י;נ;י;ע;ל;ו;ת;ר;כ;נ
ש;א;ש;י;א;ו;א;ש;י;ו;נ;ו;ע;ה;ל;ג;ו;ת;ח;א
ע;ת;א;ה;ל;ג;ו;ה;ו;ד;ה;ש;א;ת;א;ב;כ;ש;י;ר
ל;ג;א;י;ה;ו;ה;ר;ע;ה;ה;ר;ק;מ;ת;א;ה;ת;ו;ר
נ;ש;ו;ת;ר;כ;נ;ו;ה;י;מ;ד;ר;ו;ק;מ;ת;א;ה;ת
א;ת;ו;ח;א;ת;ו;ר;ע;ו;ם;מ;ע;ב;ר;ק;מ;ם;ה;י
א;י;כ;ה;ל;ג;ת;א;ל;ך;י;ב;א;ת;ו;ח;א;ו;ך;מ
י;א;ו;ו;א;ש;י;ם;נ;ו;ע;ה;ר;ע;ה;ו;ר;א;ש;ת
ד;ד;ת;ו;ר;ע;ו;ת;ד;ד;ת;א;ב;כ;ש;י;ר;ש;א;ש
מ;י;ם;י;ר;י;ר;ע;ו;א;ש;י;ם;א;ט;ח;ה;ל;ג;ו
י;ח;א;ת;ש;א;ת;א;ח;ק;י;ר;ש;א;ש;י;א;ו;ו;ת
ר;ע;ה;ל;ג;ו;י;ח;א;ת;ו;ר;ע;א;ו;ה;ה;ד;נ;ו
ק;ח;ל;כ;ת;א;ם;ת;ר;מ;ש;ו;ו;י;ה;י;ם;י;ר;י
ת;א;ם;ת;י;ש;ע;ו;י;ט;פ;ש;מ;ל;כ;ת;א;ו;י;ת
א;ר;ש;א;ץ;ר;א;ה;ם;כ;ת;א;א;י;ק;ת;א;ל;ו;ם
ו;ה;ב;ת;ב;ש;ל;ה;מ;ש;ם;כ;ת;א;א;י;ב;מ;י;נ
י;נ;א;ר;ש;א;י;ו;ג;ה;ת;ק;ח;ב;ו;כ;ל;ת;א;ל
ע;ה;ל;א;ל;כ;ת;א;י;כ;ם;כ;י;נ;פ;מ;ח;ל;ש;מ
י;ת;ם;ת;א;ם;כ;ל;ר;מ;א;ו;ם;ב;ץ;ק;א;ו;ו;ש
ל;ה;נ;נ;ת;א;י;נ;א;ו;ם;ת;מ;ד;א;ת;א;ו;ש;ר
ד;ו;ב;ל;ח;ת;ב;ז;ץ;ר;א;ה;ת;א;ת;ש;ר;ל;ם;כ
ב;ה;ר;ש;א;ם;כ;י;ה;ל;א;ה;ו;ה;י;י;נ;א;ש;ב
ל;ד;ב;ה;ו;ם;י;מ;ע;ה;ן;מ;ם;כ;ת;א;י;ת;ל;ד
ה;א;מ;ט;ל;ה;ר;ה;ט;ה;ה;מ;ה;ב;ה;ן;י;ב;ם;ת
ת;א;ל;ו;ר;ה;ט;ל;א;מ;ט;ה;ף;ו;ע;ה;ן;י;ב;ו
ב;ו;ה;מ;ה;ב;ב;ם;כ;י;ת;ש;פ;נ;ת;א;ו;צ;ק;ש
א;ה;מ;ד;א;ה;ש;מ;ר;ת;ר;ש;א;ל;כ;ב;ו;ף;ו;ע
ת;י;י;ה;ו;א;מ;ט;ל;ם;כ;ל;י;ת;ל;ד;ב;ה;ר;ש
ו;ה;י;י;נ;א;ש;ו;ד;ק;י;כ;ם;י;ש;ד;ק;י;ל;ם
י;ה;ל;ם;י;מ;ע;ה;ן;מ;ם;כ;ת;א;ל;ד;ב;א;ו;ה
ב;ה;י;ה;י;י;כ;ה;ש;א;ו;א;ש;י;א;ו;י;ל;ת;ו
ו;ת;מ;ו;י;ת;ו;מ;י;נ;ע;ד;י;ו;א;ב;ו;א;ם;ה
ו;ם;ב;ם;ה;י;מ;ד;ם;ת;א;ו;מ;ג;ר;י;ן;ב;א;ב
כ;ה;ל;א;ר;מ;א;ה;ש;מ;ל;א;ה;ו;ה;י;ר;מ;א;י
ם;ה;ל;א;ת;ר;מ;א;ו;ן;ר;ה;א;י;נ;ב;ם;י;נ;ה
ל;ם;א;י;כ;ו;י;מ;ע;ב;א;מ;ט;י;א;ל;ש;פ;נ;ל
ב;א;ל;ו;ו;מ;א;ל;ו;י;ל;א;ב;ר;ק;ה;ו;ר;א;ש
ל;ו;ו;י;ח;א;ל;ו;ו;ת;ב;ל;ו;ו;נ;ב;ל;ו;ו;י
ו;י;ל;א;ה;ב;ו;ר;ק;ה;ה;ל;ו;ת;ב;ה;ו;ת;ח;א
ל;א;מ;ט;י;ה;ל;ש;י;א;ל;ה;ת;י;ה;א;ל;ר;ש;א
א;ל;ו;ל;ח;ה;ל;ו;י;מ;ע;ב;ל;ע;ב;א;מ;ט;י;א
ק;ז;ת;א;פ;ו;ם;ש;א;ר;ב;ה;ח;ר;ק;ה;ח;ר;ק;י
ר;ש;י;א;ל;ם;ר;ש;ב;ב;ו;ו;ח;ל;ג;י;א;ל;ם;נ
י;ה;ל;א;ל;ו;י;ה;י;ם;י;ש;ד;ק;ת;ט;ר;ש;ו;ט
י;כ;ם;ה;י;ה;ל;א;ם;ש;ו;ל;ל;ח;י;א;ל;ו;ם;ה
ם;ה;ם;ה;י;ה;ל;א;ם;ח;ל;ה;ו;ה;י;י;ש;א;ת;א
ו;ה;נ;ז;ה;ש;א;ש;ד;ק;ו;י;ה;ו;ם;ב;י;ר;ק;מ
מ;ה;ש;ו;ר;ג;ה;ש;א;ו;ו;ח;ק;י;א;ל;ה;ל;ל;ח
א;ל;א;ו;ה;ש;ד;ק;י;כ;ו;ח;ק;י;א;ל;ה;ש;י;א
ה;ל;א;ם;ח;ל;ת;א;י;כ;ו;ת;ש;ד;ק;ו;ו;י;ה;ל
כ;ך;ל;ה;י;ה;י;ש;ד;ק;ב;י;ר;ק;מ;א;ו;ה;ך;י
ב;ו;ם;כ;ש;ד;ק;מ;ה;ו;ה;י;י;נ;א;ש;ו;ד;ק;י
א;ת;א;ת;ו;נ;ז;ל;ל;ח;ת;י;כ;ן;ה;כ;ש;י;א;ת
ה;ו;ף;ר;ש;ת;ש;א;ב;ת;ל;ל;ח;מ;א;י;ה;ה;י;ב
ק;צ;ו;י;ר;ש;א;ו;י;ח;א;מ;ל;ו;ד;ג;ה;ן;ה;כ
ת;א;א;ל;מ;ו;ה;ח;ש;מ;ה;ן;מ;ש;ו;ש;א;ר;ל;ע
ש;א;ר;ת;א;ם;י;ד;ג;ב;ה;ת;א;ש;ב;ל;ל;ו;ד;י
ו;ם;ר;פ;י;א;ל;ו;י;ד;ג;ב;ו;ע;ר;פ;י;א;ל;ו
ו;י;ב;א;ל;א;ב;י;א;ל;ת;מ;ת;ש;פ;נ;ל;כ;ל;ע
ל;ש;ד;ק;מ;ה;ן;מ;ו;א;מ;ט;י;א;ל;ו;מ;א;ל;ו
ה;ל;א;ש;ד;ק;מ;ת;א;ל;ל;ח;י;א;ל;ו;א;צ;י;א
ע;ו;י;ה;ל;א;ת;ח;ש;מ;ן;מ;ש;ר;ז;נ;י;כ;ו;י
ת;ב;ב;ה;ש;א;א;ו;ה;ו;ה;ו;ה;י;י;נ;א;ו;י;ל
ח;ו;ה;ש;ו;ר;ג;ו;ה;נ;מ;ל;א;ח;ק;י;ה;י;ל;ו
ם;א;י;כ;ח;ק;י;א;ל;ה;ל;א;ת;א;ה;נ;ז;ה;ל;ל
י;א;ל;ו;ה;ש;א;ח;ק;י;ו;י;מ;ע;מ;ה;ל;ו;ת;ב
ו;ה;י;י;נ;א;י;כ;ו;י;מ;ע;ב;ו;ע;ר;ז;ל;ל;ח
ה;ש;מ;ל;א;ה;ו;ה;י;ר;ב;ד;י;ו;ו;ש;ד;ק;מ;ה
ש;י;א;ר;מ;א;ל;ן;ר;ה;א;ל;א;ר;ב;ד;ר;מ;א;ל
מ;ו;ב;ה;י;ה;י;ר;ש;א;ם;ת;ר;ד;ל;ך;ע;ר;ז;מ
ה;ל;א;ם;ח;ל;ב;י;ר;ק;ה;ל;ב;ר;ק;י;א;ל;ם;ו
י;א;ל;ם;ו;מ;ו;ב;ר;ש;א;ש;י;א;ל;כ;י;כ;ו;י
א;ם;ר;ח;ו;א;ח;ס;פ;ו;א;ר;ו;ע;ש;י;א;ב;ר;ק
ש;ו;ב;ה;י;ה;י;ר;ש;א;ש;י;א;ו;א;ע;ו;ר;ש;ו
ד;ו;א;ן;ב;ג;ו;א;ד;י;ר;ב;ש;ו;א;ל;ג;ר;ר;ב
י;ו;א;ב;ר;ג;ו;א;ו;נ;י;ע;ב;ל;ל;ב;ת;ו;א;ק
ר;ש;א;ש;י;א;ל;כ;ך;ש;א;ח;ו;ר;מ;ו;א;ת;פ;ל
י;א;ל;ן;ה;כ;ה;ן;ר;ה;א;ע;ר;ז;מ;ם;ו;מ;ו;ב
ם;ו;מ;ה;ו;ה;י;י;ש;א;ת;א;ב;י;ר;ק;ה;ל;ש;ג
ק;ה;ל;ש;ג;י;א;ל;ו;י;ה;ל;א;ם;ח;ל;ת;א;ו;ב
ש;ד;ק;ה;י;ש;ד;ק;מ;ו;י;ה;ל;א;ם;ח;ל;ב;י;ר
ה;ל;א;ך;א;ל;כ;א;י;ם;י;ש;ד;ק;ה;ן;מ;ו;ם;י
י;א;ל;ח;ב;ז;מ;ה;ל;א;ו;א;ב;י;א;ל;ת;כ;ר;פ
ק;מ;ת;א;ל;ל;ח;י;א;ל;ו;ו;ב;ם;ו;מ;י;כ;ש;ג
ד;י;ו;ם;ש;ד;ק;מ;ה;ו;ה;י;י;נ;א;י;כ;י;ש;ד
א;ו;ו;י;נ;ב;ל;א;ו;ן;ר;ה;א;ל;א;ה;ש;מ;ר;ב
ה;ו;ה;י;ר;ב;ד;י;ו;ל;א;ר;ש;י;י;נ;ב;ל;כ;ל
א;ו;ן;ר;ה;א;ל;א;ר;ב;ד;ר;מ;א;ל;ה;ש;מ;ל;א
י;י;נ;ב;י;ש;ד;ק;מ;ו;ר;ז;נ;י;ו;ו;י;נ;ב;ל
י;ש;ד;ק;ם;ש;ת;א;ו;ל;ל;ח;י;א;ל;ו;ל;א;ר;ש
ה;ו;ה;י;י;נ;א;י;ל;ם;י;ש;ד;ק;מ;ם;ה;ר;ש;א
א;ש;י;א;ל;כ;ם;כ;י;ת;ר;ד;ל;ם;ה;ל;א;ר;מ;א
ש;ד;ק;ה;ל;א;ם;כ;ע;ר;ז;ל;כ;מ;ב;ר;ק;י;ר;ש
ל;ל;א;ר;ש;י;י;נ;ב;ו;ש;י;ד;ק;י;ר;ש;א;ם;י
ה;ת;ר;כ;נ;ו;ו;י;ל;ע;ו;ת;א;מ;ט;ו;ה;ו;ה;י
ה;ו;ה;י;י;נ;א;י;נ;פ;ל;מ;א;ו;ה;ה;ש;פ;נ;ה
ר;צ;א;ו;ה;ו;ן;ר;ה;א;ע;ר;ז;מ;ש;י;א;ש;י;א
ד;ע;ל;כ;א;י;א;ל;ם;י;ש;ד;ק;ב;ב;ז;ו;א;ע;ו
פ;נ;א;מ;ט;ל;כ;ב;ע;ג;נ;ה;ו;ר;ה;ט;י;ר;ש;א
ת;ב;כ;ש;ו;נ;מ;מ;א;צ;ת;ר;ש;א;ש;י;א;ו;א;ש
ץ;ר;ש;ל;כ;ב;ע;ג;י;ר;ש;א;ש;י;א;ו;א;ע;ר;ז
ט;י;ר;ש;א;ם;ד;א;ב;ו;א;ו;ל;א;מ;ט;י;ר;ש;א
ג;ת;ר;ש;א;ש;פ;נ;ו;ת;א;מ;ט;ל;כ;ל;ו;ל;א;מ
כ;א;י;א;ל;ו;ב;ר;ע;ה;ד;ע;ה;א;מ;ט;ו;ו;ב;ע
ו;ר;ש;ב;ץ;ח;ר;ם;א;י;כ;ם;י;ש;ד;ק;ה;ן;מ;ל
י;ר;ח;א;ו;ר;ה;ט;ו;ש;מ;ש;ה;א;ב;ו;ם;י;מ;ב
א;ו;ה;ו;מ;ח;ל;י;כ;ם;י;ש;ד;ק;ה;ן;מ;ל;כ;א
ה;א;מ;ט;ל;ל;כ;א;י;א;ל;ה;פ;ר;ט;ו;ה;ל;ב;נ
ר;מ;ש;מ;ת;א;ו;ר;מ;ש;ו;ה;ו;ה;י;י;נ;א;ה;ב
ו;ת;מ;ו;א;ט;ח;ו;י;ל;ע;ו;א;ש;י;א;ל;ו;י;ת
ד;ק;מ;ה;ו;ה;י;י;נ;א;ו;ה;ל;ל;ח;י;י;כ;ו;ב
ב;ש;ו;ת;ש;ד;ק;ל;כ;א;י;א;ל;ר;ז;ל;כ;ו;ם;ש
ה;כ;ו;ש;ד;ק;ל;כ;א;י;א;ל;ר;י;כ;ש;ו;ן;ה;כ
ו;ה;ו;פ;ס;כ;ן;י;נ;ק;ש;פ;נ;ה;נ;ק;י;י;כ;ן
א;י;ם;ה;ו;ת;י;ב;ד;י;ל;י;ו;ו;ב;ל;כ;א;י;א
ה;י;ה;ת;י;כ;ן;ה;כ;ת;ב;ו;ו;מ;ח;ל;ב;ו;ל;כ
י;ש;ד;ק;ה;ת;מ;ו;ר;ת;ב;א;ו;ה;ר;ז;ש;י;א;ל
א;ה;י;ה;ת;י;כ;ן;ה;כ;ת;ב;ו;ל;כ;א;ת;א;ל;ם
ו;ה;ל;ן;י;א;ע;ר;ז;ו;ה;ש;ו;ר;ג;ו;ה;נ;מ;ל
מ;ה;י;ר;ו;ע;נ;כ;ה;י;ב;א;ת;י;ב;ל;א;ה;ב;ש
א;י;א;ל;ר;ז;ל;כ;ו;ל;כ;א;ת;ה;י;ב;א;ם;ח;ל
ג;ש;ב;ש;ד;ק;ל;כ;א;י;י;כ;ש;י;א;ו;ו;ב;ל;כ
ן;ת;נ;ו;ו;י;ל;ע;ו;ת;י;ש;מ;ח;ף;ס;י;ו;ה;ג
ת;א;ו;ל;ל;ח;י;א;ל;ו;ש;ד;ק;ה;ת;א;ן;ה;כ;ל
י;ר;י;ר;ש;א;ת;א;ל;א;ר;ש;י;י;נ;ב;י;ש;ד;ק
ן;ו;ע;ם;ת;ו;א;ו;א;י;ש;ה;ו;ה;ו;ה;י;ל;ו;מ
א;י;כ;ם;ה;י;ש;ד;ק;ת;א;ם;ל;כ;א;ב;ה;מ;ש;א
ה;ו;ה;י;ר;ב;ד;י;ו;ם;ש;ד;ק;מ;ה;ו;ה;י;י;נ
א;ו;ן;ר;ה;א;ל;א;ר;ב;ד;ר;מ;א;ל;ה;ש;מ;ל;א
א;ו;ל;א;ר;ש;י;י;נ;ב;ל;כ;ל;א;ו;ו;י;נ;ב;ל
ר;ש;י;ת;י;ב;מ;ש;י;א;ש;י;א;ם;ה;ל;א;ת;ר;מ
ר;ק;י;ר;ש;א;ל;א;ר;ש;י;ב;ר;ג;ה;ן;מ;ו;ל;א
ל;כ;ל;ו;ם;ה;י;ר;ד;נ;ל;כ;ל;ו;נ;ב;ר;ק;ב;י
ה;ו;ה;י;ל;ו;ב;י;ר;ק;י;ר;ש;א;ם;ת;ו;ב;ד;נ
ק;ב;ב;ר;כ;ז;ם;י;מ;ת;ם;כ;נ;צ;ר;ל;ה;ל;ע;ל
ו;ב;ר;ש;א;ל;כ;ם;י;ז;ע;ב;ו;ם;י;ב;ש;כ;ב;ר
ן;ו;צ;ר;ל;א;ל;י;כ;ו;ב;י;ר;ק;ת;א;ל;ם;ו;מ
ב;ז;ב;י;ר;ק;י;י;כ;ש;י;א;ו;ם;כ;ל;ה;י;ה;י
ו;א;ר;ד;נ;א;ל;פ;ל;ה;ו;ה;י;ל;ם;י;מ;ל;ש;ח
י;ם;י;מ;ת;ן;א;צ;ב;ו;א;ר;ק;ב;ב;ה;ב;ד;נ;ל
ב;ה;י;ה;י;א;ל;ם;ו;מ;ל;כ;ן;ו;צ;ר;ל;ה;י;ה
י;ו;א;ץ;ו;ר;ח;ו;א;ר;ו;ב;ש;ו;א;ת;ר;ו;ע;ו
י;ר;ק;ת;א;ל;ת;פ;ל;י;ו;א;ב;ר;ג;ו;א;ת;ל;ב
ו;נ;ת;ת;א;ל;ה;ש;א;ו;ה;ו;ה;י;ל;ה;ל;א;ו;ב
ו;ר;ו;ש;ו;ה;ו;ה;י;ל;ח;ב;ז;מ;ה;ל;ע;ם;ה;מ
א;ה;ש;ע;ת;ה;ב;ד;נ;ט;ו;ל;ק;ו;ע;ו;ר;ש;ה;ש
כ;ו;ך;ו;ע;מ;ו;ה;צ;ר;י;א;ל;ר;ד;נ;ל;ו;ו;ת
ב;י;ר;ק;ת;א;ל;ת;ו;ר;כ;ו;ק;ו;ת;נ;ו;ת;ו;ת
ו;ו;ש;ע;ת;א;ל;ם;כ;צ;ר;א;ב;ו;ה;ו;ה;י;ל;ו
ח;ל;ת;א;ו;ב;י;ר;ק;ת;א;ל;ר;כ;נ;ן;ב;ד;י;מ
ם;ת;ח;ש;מ;י;כ;ה;ל;א;ל;כ;מ;ם;כ;י;ה;ל;א;ם
ד;י;ו;ם;כ;ל;ו;צ;ר;י;א;ל;ם;ב;ם;ו;מ;ם;ה;ב
ו;א;ר;ו;ש;ר;מ;א;ל;ה;ש;מ;ל;א;ה;ו;ה;י;ר;ב
ע;ב;ש;ה;י;ה;ו;ד;ל;ו;י;י;כ;ז;ע;ו;א;ב;ש;כ
י;מ;ש;ה;ם;ו;י;מ;ו;ו;מ;א;ת;ח;ת;ם;י;מ;י;ת
ל;ה;ש;א;ן;ב;ר;ק;ל;ה;צ;ר;י;ה;א;ל;ה;ו;י;נ
נ;ב;ת;א;ו;ו;ת;א;ה;ש;ו;א;ר;ו;ש;ו;ה;ו;ה;י
ז;ת;י;כ;ו;ד;ח;א;ם;ו;י;ב;ו;ט;ח;ש;ת;א;ל;ו
כ;נ;צ;ר;ל;ה;ו;ה;י;ל;ה;ד;ו;ת;ח;ב;ז;ו;ח;ב
א;ל;ל;כ;א;י;א;ו;ה;ה;ם;ו;י;ב;ו;ח;ב;ז;ת;ם
ה;י;י;נ;א;ר;ק;ב;ד;ע;ו;נ;מ;מ;ו;ר;י;ת;ו;ת
א;ם;ת;י;ש;ע;ו;י;ת;ו;צ;מ;ם;ת;ר;מ;ש;ו;ה;ו
ש;ת;א;ו;ל;ל;ח;ת;א;ל;ו;ה;ו;ה;י;י;נ;א;ם;ת
י;י;נ;ב;ך;ו;ת;ב;י;ת;ש;ד;ק;נ;ו;י;ש;ד;ק;ם
ו;מ;ה;ם;כ;ש;ד;ק;מ;ה;ו;ה;י;י;נ;א;ל;א;ר;ש
ו;י;ה;ל;ם;י;ר;צ;מ;ץ;ר;א;מ;ם;כ;ת;א;א;י;צ
ד;י;ו;ה;ו;ה;י;י;נ;א;ם;י;ה;ל;א;ל;ם;כ;ל;ת
ל;א;ר;ב;ד;ר;מ;א;ל;ה;ש;מ;ל;א;ה;ו;ה;י;ר;ב
ע;ו;מ;ם;ה;ל;א;ת;ר;מ;א;ו;ל;א;ר;ש;י;י;נ;ב
ר;ק;מ;ם;ת;א;ו;א;ר;ק;ת;ר;ש;א;ה;ו;ה;י;י;ד
מ;י;ת;ש;ש;י;ד;ע;ו;מ;ם;ה;ה;ל;א;ש;ד;ק;י;א
י;ב;ש;ה;ם;ו;י;ב;ו;ה;כ;א;ל;מ;ה;ש;ע;ת;ם;י
מ;ל;כ;ש;ד;ק;א;ר;ק;מ;ן;ו;ת;ב;ש;ת;ב;ש;י;ע
ו;ה;י;ל;א;ו;ה;ת;ב;ש;ו;ש;ע;ת;א;ל;ה;כ;א;ל
י;ד;ע;ו;מ;ה;ל;א;ם;כ;י;ת;ב;ש;ו;מ;ל;כ;ב;ה
ו;א;ר;ק;ת;ר;ש;א;ש;ד;ק;י;א;ר;ק;מ;ה;ו;ה;י
ב;ן;ו;ש;א;ר;ה;ש;ד;ח;ב;ם;ד;ע;ו;מ;ב;ם;ת;א
י;ב;ר;ע;ה;ן;י;ב;ש;ד;ח;ל;ר;ש;ע;ה;ע;ב;ר;א
ו;י;ר;ש;ע;ה;ש;מ;ח;ב;ו;ה;ו;ה;י;ל;ח;ס;פ;ם
ה;ו;ה;י;ל;ת;ו;צ;מ;ה;ג;ח;ה;ז;ה;ש;ד;ח;ל;ם
ו;י;ב;ו;ל;כ;א;ת;ת;ו;צ;מ;ם;י;מ;י;ת;ע;ב;ש
כ;ל;ה;י;ה;י;ש;ד;ק;א;ר;ק;מ;ן;ו;ש;א;ר;ה;ם
ה;ו;ו;ש;ע;ת;א;ל;ה;ד;ב;ע;ת;כ;א;ל;מ;ל;כ;ם
י;מ;י;ת;ע;ב;ש;ה;ו;ה;י;ל;ה;ש;א;ם;ת;ב;ר;ק
ל;כ;ש;ד;ק;א;ר;ק;מ;י;ע;י;ב;ש;ה;ם;ו;י;ב;ם
ר;ב;ד;י;ו;ו;ש;ע;ת;א;ל;ה;ד;ב;ע;ת;כ;א;ל;מ
נ;ב;ל;א;ר;ב;ד;ר;מ;א;ל;ה;ש;מ;ל;א;ה;ו;ה;י
א;ב;ת;י;כ;ם;ה;ל;א;ת;ר;מ;א;ו;ל;א;ר;ש;י;י
ו;ם;כ;ל;ן;ת;נ;י;נ;א;ר;ש;א;ץ;ר;א;ה;ל;א;ו
ת;א;ם;ת;א;ב;ה;ו;ה;ר;י;צ;ק;ת;א;ם;ת;ר;צ;ק
ן;ה;כ;ה;ל;א;ם;כ;ר;י;צ;ק;ת;י;ש;א;ר;ר;מ;ע
ל;ה;ו;ה;י;י;נ;פ;ל;ר;מ;ע;ה;ת;א;ף;י;נ;ה;ו
ו;נ;פ;י;נ;י;ת;ב;ש;ה;ת;ר;ח;מ;מ;ם;כ;נ;צ;ר
ם;כ;פ;י;נ;ה;ם;ו;י;ב;ם;ת;י;ש;ע;ו;ן;ה;כ;ה
ל;ו;ת;נ;ש;ן;ב;ם;י;מ;ת;ש;ב;כ;ר;מ;ע;ה;ת;א
ר;ש;ע;י;נ;ש;ו;ת;ח;נ;מ;ו;ה;ו;ה;י;ל;ה;ל;ע
י;ל;ה;ש;א;ן;מ;ש;ב;ה;ל;ו;ל;ב;ת;ל;ס;ם;י;נ
ב;ר;ן;י;י;ה;כ;ס;נ;ו;ח;ח;י;נ;ח;י;ר;ה;ו;ה
ל;מ;ר;כ;ו;י;ל;ק;ו;ם;ח;ל;ו;ן;י;ה;ה;ת;ע;י
ע;ה;ז;ה;ם;ו;י;ה;ם;צ;ע;ד;ע;ו;ל;כ;א;ת;א;ל
ח;ם;כ;י;ה;ל;א;ן;ב;ר;ק;ת;א;ם;כ;א;י;ב;ה;ד
ת;ב;ש;מ;ל;כ;ב;ם;כ;י;ת;ר;ד;ל;ם;ל;ו;ע;ת;ק
ב;ש;ה;ת;ר;ח;מ;מ;ם;כ;ל;ם;ת;ר;פ;ס;ו;ם;כ;י
ו;נ;ת;ה;ר;מ;ע;ת;א;ם;כ;א;י;ב;ה;ם;ו;י;מ;ת
נ;י;י;ה;ת;ת;מ;י;מ;ת;ת;ו;ת;ב;ש;ע;ב;ש;ה;פ
ס;ת;ת;ע;י;ב;ש;ה;ת;ב;ש;ה;ת;ר;ח;מ;מ;ד;ע;ה
נ;מ;ם;ת;ב;ר;ק;ה;ו;ם;ו;י;ם;י;ש;מ;ח;ו;ר;פ
ם;כ;י;ת;ב;ש;ו;מ;מ;ה;ו;ה;י;ל;ה;ש;ד;ח;ה;ח
י;נ;ש;ם;י;ת;ש;ה;פ;ו;נ;ת;ם;ח;ל;ו;א;י;ב;ת
א;ת;ץ;מ;ח;ה;נ;י;י;ה;ת;ת;ל;ס;ם;י;נ;ר;ש;ע
ב;ר;ק;ה;ו;ה;ו;ה;י;ל;ם;י;ר;ו;כ;ב;ה;נ;י;פ
י;מ;ת;ם;י;ש;ב;כ;ת;ע;ב;ש;ם;ח;ל;ה;ל;ע;ם;ת
ו;ד;ח;א;ר;ק;ב;ן;ב;ר;פ;ו;ה;נ;ש;י;נ;ב;ם;מ
ה;ו;ה;י;ל;ה;ל;ע;ו;י;ה;י;ם;י;נ;ש;ם;ל;י;א
נ;ח;י;ר;ה;ש;א;ם;ה;י;כ;ס;נ;ו;ם;ת;ח;נ;מ;ו
ז;ע;ר;י;ע;ש;ם;ת;י;ש;ע;ו;ה;ו;ה;י;ל;ח;ח;י
ב;ם;י;ש;ב;כ;י;נ;ש;ו;ת;א;ט;ח;ל;ד;ח;א;ם;י
ה;ף;י;נ;ה;ו;ם;י;מ;ל;ש;ח;ב;ז;ל;ה;נ;ש;י;נ
נ;ת;ם;י;ר;ו;כ;ב;ה;ם;ח;ל;ל;ע;ם;ת;א;ן;ה;כ
י;ש;ב;כ;י;נ;ש;ל;ע;ה;ו;ה;י;י;נ;פ;ל;ה;פ;ו
ר;ק;ו;ן;ה;כ;ל;ה;ו;ה;י;ל;ו;י;ה;י;ש;ד;ק;ם
ד;ק;א;ר;ק;מ;ה;ז;ה;ם;ו;י;ה;ם;צ;ע;ב;ם;ת;א
ל;ה;ד;ב;ע;ת;כ;א;ל;מ;ל;כ;ם;כ;ל;ה;י;ה;י;ש
ת;ב;ש;ו;מ;ל;כ;ב;ם;ל;ו;ע;ת;ק;ח;ו;ש;ע;ת;א
ק;ת;א;ם;כ;ר;צ;ק;ב;ו;ם;כ;י;ת;ר;ד;ל;ם;כ;י
ך;ד;ש;ת;א;פ;ה;ל;כ;ת;א;ל;ם;כ;צ;ר;א;ר;י;צ
ט;ק;ל;ת;א;ל;ך;ר;י;צ;ק;ט;ק;ל;ו;ך;ר;צ;ק;ב
ה;י;י;נ;א;ם;ת;א;ב;ז;ע;ת;ר;ג;ל;ו;י;נ;ע;ל
מ;ל;א;ה;ו;ה;י;ר;ב;ד;י;ו;ם;כ;י;ה;ל;א;ה;ו
ל;ל;א;ר;ש;י;י;נ;ב;ל;א;ר;ב;ד;ר;מ;א;ל;ה;ש
ד;ח;ל;ד;ח;א;ב;י;ע;י;ב;ש;ה;ש;ד;ח;ב;ר;מ;א
ר;ת;ן;ו;ר;כ;ז;ן;ו;ת;ב;ש;ם;כ;ל;ה;י;ה;י;ש
ד;ב;ע;ת;כ;א;ל;מ;ל;כ;ש;ד;ק;א;ר;ק;מ;ה;ע;ו
ה;י;ל;ה;ש;א;ם;ת;ב;ר;ק;ה;ו;ו;ש;ע;ת;א;ל;ה
ר;מ;א;ל;ה;ש;מ;ל;א;ה;ו;ה;י;ר;ב;ד;י;ו;ה;ו
ה;ז;ה;י;ע;י;ב;ש;ה;ש;ד;ח;ל;ר;ו;ש;ע;ב;ך;א
י;ש;ד;ק;א;ר;ק;מ;א;ו;ה;ם;י;ר;פ;כ;ה;ם;ו;י
כ;י;ת;ש;פ;נ;ת;א;ם;ת;י;נ;ע;ו;ם;כ;ל;ה;י;ה
מ;ל;כ;ו;ה;ו;ה;י;ל;ה;ש;א;ם;ת;ב;ר;ק;ה;ו;ם
ז;ה;ם;ו;י;ה;ם;צ;ע;ב;ו;ש;ע;ת;א;ל;ה;כ;א;ל
ל;ע;ר;פ;כ;ל;א;ו;ה;ם;י;ר;פ;כ;ם;ו;י;י;כ;ה
כ;י;כ;ם;כ;י;ה;ל;א;ה;ו;ה;י;י;נ;פ;ל;ם;כ;י
י;ה;ם;צ;ע;ב;ה;נ;ע;ת;א;ל;ר;ש;א;ש;פ;נ;ה;ל
ה;ל;כ;ו;ה;י;מ;ע;מ;ה;ת;ר;כ;נ;ו;ה;ז;ה;ם;ו
צ;ע;ב;ה;כ;א;ל;מ;ל;כ;ה;ש;ע;ת;ר;ש;א;ש;פ;נ
פ;נ;ה;ת;א;י;ת;ד;ב;א;ה;ו;ה;ז;ה;ם;ו;י;ה;ם
ל;ה;כ;א;ל;מ;ל;כ;ה;מ;ע;ב;ר;ק;מ;א;ו;ה;ה;ש
ב;ם;כ;י;ת;ר;ד;ל;ם;ל;ו;ע;ת;ק;ח;ו;ש;ע;ת;א
א;ו;ה;ן;ו;ת;ב;ש;ת;ב;ש;ם;כ;י;ת;ב;ש;מ;ל;כ
ת;ב;ם;כ;י;ת;ש;פ;נ;ת;א;ם;ת;י;נ;ע;ו;ם;כ;ל
ב;ר;ע;ד;ע;ב;ר;ע;מ;ב;ר;ע;ב;ש;ד;ח;ל;ה;ע;ש
א;ה;ו;ה;י;ר;ב;ד;י;ו;ם;כ;ת;ב;ש;ו;ת;ב;ש;ת
א;ר;ש;י;י;נ;ב;ל;א;ר;ב;ד;ר;מ;א;ל;ה;ש;מ;ל
ש;ד;ח;ל;ם;ו;י;ר;ש;ע;ה;ש;מ;ח;ב;ר;מ;א;ל;ל
ת;ע;ב;ש;ת;ו;כ;ס;ה;ג;ח;ה;ז;ה;י;ע;י;ב;ש;ה
מ;ן;ו;ש;א;ר;ה;ם;ו;י;ב;ה;ו;ה;י;ל;ם;י;מ;י
ת;א;ל;ה;ד;ב;ע;ת;כ;א;ל;מ;ל;כ;ש;ד;ק;א;ר;ק
ה;ש;א;ו;ב;י;ר;ק;ת;ם;י;מ;י;ת;ע;ב;ש;ו;ש;ע
ק;א;ר;ק;מ;י;נ;י;מ;ש;ה;ם;ו;י;ב;ה;ו;ה;י;ל
ל;ה;ש;א;ם;ת;ב;ר;ק;ה;ו;ם;כ;ל;ה;י;ה;י;ש;ד
ב;ע;ת;כ;א;ל;מ;ל;כ;א;ו;ה;ת;ר;צ;ע;ה;ו;ה;י
ה;ו;ה;י;י;ד;ע;ו;מ;ה;ל;א;ו;ש;ע;ת;א;ל;ה;ד
ל;ש;ד;ק;י;א;ר;ק;מ;ם;ת;א;ו;א;ר;ק;ת;ר;ש;א
ח;נ;מ;ו;ה;ל;ע;ה;ו;ה;י;ל;ה;ש;א;ב;י;ר;ק;ה
מ;ו;י;ב;ם;ו;י;ר;ב;ד;ם;י;כ;ס;נ;ו;ח;ב;ז;ה
ת;מ;ד;ב;ל;מ;ו;ה;ו;ה;י;ת;ת;ב;ש;ד;ב;ל;מ;ו
ו;ם;כ;י;ר;ד;נ;ל;כ;ד;ב;ל;מ;ו;ם;כ;י;ת;ו;נ
נ;ת;ת;ר;ש;א;ם;כ;י;ת;ו;ב;ד;נ;ל;כ;ד;ב;ל;מ
ל;ם;ו;י;ר;ש;ע;ה;ש;מ;ח;ב;ך;א;ה;ו;ה;י;ל;ו
ו;ב;ת;ת;א;ם;כ;פ;ס;א;ב;י;ע;י;ב;ש;ה;ש;ד;ח
ב;ש;ה;ו;ה;י;ג;ח;ת;א;ו;ג;ח;ת;ץ;ר;א;ה;ת;א
ו;ת;ב;ש;ן;ו;ש;א;ר;ה;ם;ו;י;ב;ם;י;מ;י;ת;ע
ק;ל;ו;ן;ו;ת;ב;ש;י;נ;י;מ;ש;ה;ם;ו;י;ב;ו;ן
ע;י;ר;פ;ן;ו;ש;א;ר;ה;ם;ו;י;ב;ם;כ;ל;ם;ת;ח
ב;ע;ץ;ע;ף;נ;ע;ו;ם;י;ר;מ;ת;ת;פ;כ;ר;ד;ה;ץ
י;י;נ;פ;ל;ם;ת;ח;מ;ש;ו;ל;ח;נ;י;ב;ר;ע;ו;ת
ג;ח;ו;ם;י;מ;י;ת;ע;ב;ש;ם;כ;י;ה;ל;א;ה;ו;ה
ם;י;מ;י;ת;ע;ב;ש;ה;ו;ה;י;ל;ג;ח;ו;ת;א;ם;ת
ח;ב;ם;כ;י;ת;ר;ד;ל;ם;ל;ו;ע;ת;ק;ח;ה;נ;ש;ב
ת;ת;כ;ס;ב;ו;ת;א;ו;ג;ח;ת;י;ע;י;ב;ש;ה;ש;ד
י;ב;ח;ר;ז;א;ה;ל;כ;ם;י;מ;י;ת;ע;ב;ש;ו;ב;ש
ו;ע;ד;י;ן;ע;מ;ל;ת;כ;ס;ב;ו;ב;ש;י;ל;א;ר;ש
א;י;ת;ב;ש;ו;ה;ת;ו;כ;ס;ב;י;כ;ם;כ;י;ת;ר;ד
ם;ת;ו;א;י;א;י;צ;ו;ה;ב;ל;א;ר;ש;י;י;נ;ב;ת
י;ה;ל;א;ה;ו;ה;י;י;נ;א;ם;י;ר;צ;מ;ץ;ר;א;מ
ה;ו;ה;י;י;ד;ע;מ;ת;א;ה;ש;מ;ר;ב;ד;י;ו;ם;כ
א;ה;ו;ה;י;ר;ב;ד;י;ו;ל;א;ר;ש;י;י;נ;ב;ל;א
ל;א;ר;ש;י;י;נ;ב;ת;א;ו;צ;ר;מ;א;ל;ה;ש;מ;ל
י;ת;כ;ך;ז;ת;י;ז;ן;מ;ש;ך;י;ל;א;ו;ח;ק;י;ו
ו;ח;מ;ד;י;מ;ת;ר;נ;ת;ל;ע;ה;ל;ר;ו;א;מ;ל;ת
ע;י;ד;ע;ו;מ;ל;ה;א;ב;ת;ד;ע;ה;ת;כ;ר;פ;ל;ץ
פ;ל;ר;ק;ב;ד;ע;ב;ר;ע;מ;ן;ר;ה;א;ו;ת;א;ך;ר
ר;ד;ל;ם;ל;ו;ע;ת;ק;ח;ד;י;מ;ת;ה;ו;ה;י;י;נ
ך;ר;ע;י;ה;ר;ה;ט;ה;ה;ר;נ;מ;ה;ל;ע;ם;כ;י;ת
ו;ד;י;מ;ת;ה;ו;ה;י;י;נ;פ;ל;ת;ו;ר;נ;ה;ת;א
ע;ם;י;ת;ש;ה;ת;א;ת;י;פ;א;ו;ת;ל;ס;ת;ח;ק;ל
ה;י;ה;י;ם;י;נ;ר;ש;ע;י;נ;ש;ת;ו;ל;ח;ה;ר;ש
ם;י;ת;ש;ם;ת;ו;א;ת;מ;ש;ו;ת;ח;א;ה;ה;ל;ח;ה
ח;ל;ש;ה;ל;ע;ת;כ;ר;ע;מ;ה;ש;ש;ת;ו;כ;ר;ע;מ
ה;ל;ע;ת;ת;נ;ו;ה;ו;ה;י;י;נ;פ;ל;ר;ה;ט;ה;ן
ח;ל;ל;ה;ת;י;ה;ו;ה;כ;ז;ה;נ;ב;ל;ת;כ;ר;ע;מ
ה;ם;ו;י;ב;ה;ו;ה;י;ל;ה;ש;א;ה;ר;כ;ז;א;ל;ם
נ;פ;ל;ו;נ;כ;ר;ע;י;ת;ב;ש;ה;ם;ו;י;ב;ת;ב;ש
ל;א;ר;ש;י;י;נ;ב;ת;א;מ;ד;י;מ;ת;ה;ו;ה;י;י
ל;ו;ן;ר;ה;א;ל;ה;ת;י;ה;ו;ם;ל;ו;ע;ת;י;ר;ב
י;כ;ש;ד;ק;ם;ו;ק;מ;ב;ו;ה;ל;כ;א;ו;ו;י;נ;ב
ו;ה;י;י;ש;א;מ;ו;ל;א;ו;ה;ם;י;ש;ד;ק;ש;ד;ק
א;ר;ש;י;ה;ש;א;ן;ב;א;צ;י;ו;ם;ל;ו;ע;ק;ח;ה
ך;ו;ת;ב;י;ר;צ;מ;ש;י;א;ן;ב;א;ו;ה;ו;ת;י;ל
ן;ב;ה;נ;ח;מ;ב;ו;צ;נ;י;ו;ל;א;ר;ש;י;י;נ;ב
ו;י;ל;א;ר;ש;י;ה;ש;י;א;ו;ת;י;ל;א;ר;ש;י;ה
ה;ת;א;ת;י;ל;א;ר;ש;י;ה;ה;ש;א;ה;ן;ב;ב;ק;י
ש;מ;ל;א;ו;ת;א;ו;א;י;ב;י;ו;ל;ל;ק;י;ו;ם;ש
מ;ל;י;ר;ב;ד;ת;ב;ת;י;מ;ל;ש;ו;מ;א;ם;ש;ו;ה
ש;ר;פ;ל;ר;מ;ש;מ;ב;ו;ה;ח;י;נ;י;ו;ן;ד;ה;ט
ה;ו;ה;י;ר;ב;ד;י;ו;ה;ו;ה;י;י;פ;ל;ע;ם;ה;ל
ל;ל;ק;מ;ה;ת;א;א;צ;ו;ה;ר;מ;א;ל;ה;ש;מ;ל;א
ש;ה;ל;כ;ו;כ;מ;ס;ו;ה;נ;ח;מ;ל;ץ;ו;ח;מ;ל;א
ג;ר;ו;ו;ש;א;ר;ל;ע;ם;ה;י;ד;י;ת;א;ם;י;ע;מ
ר;ש;י;י;נ;ב;ל;א;ו;ה;ד;ע;ה;ל;כ;ו;ת;א;ו;מ
ק;י;י;כ;ש;י;א;ש;י;א;ר;מ;א;ל;ר;ב;ד;ת;ל;א
ש;ב;ק;נ;ו;ו;א;ט;ח;א;ש;נ;ו;ו;י;ה;ל;א;ל;ל
מ;ג;ר;י;ם;ו;ג;ר;ת;מ;ו;י;ת;ו;מ;ה;ו;ה;י;ם
ק;נ;ב;ח;ר;ז;א;כ;ר;ג;כ;ה;ד;ע;ה;ל;כ;ו;ב;ו
נ;ל;כ;ה;כ;י;י;כ;ש;י;א;ו;ת;מ;ו;י;ם;ש;ו;ב
ב;ש;פ;נ;ה;כ;מ;ו;ת;מ;ו;י;ת;ו;מ;ם;ד;א;ש;פ
א;ו;ש;פ;נ;ת;ח;ת;ש;פ;נ;ה;נ;מ;ל;ש;י;ה;מ;ה
ר;ש;א;כ;ו;ת;י;מ;ע;ב;ם;ו;מ;ן;ת;י;י;כ;ש;י
ר;ב;ש;ת;ח;ת;ר;ב;ש;ו;ל;ה;ש;ע;י;ן;כ;ה;ש;ע
ר;ש;א;כ;ן;ש;ת;ח;ת;ן;ש;ן;י;ע;ת;ח;ת;ן;י;ע
מ;ו;ו;ב;ן;ת;נ;י;ן;כ;ם;ד;א;ב;ם;ו;מ;ן;ת;י
י;ם;ד;א;ה;כ;מ;ו;ה;נ;מ;ל;ש;י;ה;מ;ה;ב;ה;כ
ר;ג;כ;ם;כ;ל;ה;י;ה;י;ד;ח;א;ט;פ;ש;מ;ת;מ;ו
ל;א;ה;ו;ה;י;י;נ;א;י;כ;ה;י;ה;י;ח;ר;ז;א;כ
ר;ש;י;י;נ;ב;ל;א;ה;ש;מ;ר;ב;ד;י;ו;ם;כ;י;ה
ח;מ;ל;א;ל;ל;ק;מ;ה;ת;א;ו;א;י;צ;ו;י;ו;ל;א
ו;ן;ב;א;ו;ת;א;ו;מ;ג;ר;י;ו;ה;נ;ח;מ;ל;ץ;ו
ה;י;ה;ו;צ;ר;ש;א;כ;ו;ש;ע;ל;א;ר;ש;י;י;נ;ב
ש;מ;ל;א;ה;ו;ה;י;ר;ב;ד;י;ו;ה;ש;מ;ת;א;ה;ו
י;נ;ב;ל;א;ר;ב;ד;ר;מ;א;ל;י;נ;י;ס;ר;ה;ב;ה
ו;א;ב;ת;י;כ;ם;ה;ל;א;ת;ר;מ;א;ו;ל;א;ר;ש;י
ש;ו;ם;כ;ל;ן;ת;נ;י;נ;א;ר;ש;א;ץ;ר;א;ה;ל;א
י;נ;ש;ש;ש;ה;ו;ה;י;ל;ת;ב;ש;ץ;ר;א;ה;ה;ת;ב
כ;ר;מ;ז;ת;ם;י;נ;ש;ש;ש;ו;ך;ד;ש;ע;ר;ז;ת;ם
נ;ש;ב;ו;ה;ת;א;ו;ב;ת;ת;א;ת;פ;ס;א;ו;ך;מ;ר
ל;ה;י;ה;י;ן;ו;ת;ב;ש;ת;ב;ש;ת;ע;י;ב;ש;ה;ה
ע;ר;ז;ת;א;ל;ך;ד;ש;ה;ו;ה;י;ל;ת;ב;ש;ץ;ר;א
י;צ;ק;ח;י;פ;ס;ת;א;ר;מ;ז;ת;א;ל;ך;מ;ר;כ;ו
ר;י;ז;נ;י;ב;נ;ע;ת;א;ו;ר;ו;צ;ק;ת;א;ל;ך;ר
ל;ה;י;ה;י;ן;ו;ת;ב;ש;ת;נ;ש;ר;צ;ב;ת;א;ל;ך
א;ל;ם;כ;ל;ץ;ר;א;ה;ת;ב;ש;ה;ת;י;ה;ו;ץ;ר;א
ש;ל;ו;ך;ת;מ;א;ל;ו;ך;ד;ב;ע;ל;ו;ך;ל;ה;ל;כ
ו;ך;מ;ע;ם;י;ר;ג;ה;ך;ב;ש;ו;ת;ל;ו;ך;ר;י;כ
ת;ך;צ;ר;א;ב;ר;ש;א;ה;י;ח;ל;ו;ך;ת;מ;ה;ב;ל
ת;ר;פ;ס;ו;ל;כ;א;ל;ה;ת;א;ו;ב;ת;ל;כ;ה;י;ה
ם;י;נ;ש;ע;ב;ש;ם;י;נ;ש;ת;ת;ב;ש;ע;ב;ש;ך;ל
ע;ב;ש;י;מ;י;ך;ל;ו;י;ה;ו;ם;י;מ;ע;פ;ע;ב;ש
ש;ם;י;ע;ב;ר;א;ו;ע;ש;ת;ם;י;נ;ש;ה;ת;ת;ב;ש
ד;ח;ב;ה;ע;ו;ר;ת;ר;פ;ו;ש;ת;ר;ב;ע;ה;ו;ה;נ
ה;ם;ו;י;ב;ש;ד;ח;ל;ר;ו;ש;ע;ב;י;ע;ב;ש;ה;ש
ר;א;ל;כ;ב;ר;פ;ו;ש;ו;ר;י;ב;ע;ת;ם;י;ר;פ;כ
ם;י;ש;מ;ח;ה;ת;נ;ש;ת;א;ם;ת;ש;ד;ק;ו;ם;כ;צ
ל;כ;ל;ץ;ר;א;ב;ר;ו;ר;ד;ם;ת;א;ר;ק;ו;ה;נ;ש
ו;ם;כ;ל;ה;י;ה;ת;א;ו;ה;ל;ב;ו;י;ה;י;ב;ש;י
ל;א;ש;י;א;ו;ו;ת;ז;ח;א;ל;א;ש;י;א;ם;ת;ב;ש
ת;נ;ש;א;ו;ה;ל;ב;ו;י;ו;ב;ש;ת;ו;ת;ח;פ;ש;מ
ז;ת;א;ל;ם;כ;ל;ה;י;ה;ת;ה;נ;ש;ם;י;ש;מ;ח;ה
ו;ה;י;ח;י;פ;ס;ת;א;ו;ר;צ;ק;ת;א;ל;ו;ו;ע;ר
ל;ב;ו;י;י;כ;ה;י;ר;ז;נ;ת;א;ו;ר;צ;ב;ת;א;ל
ת;ה;ד;ש;ה;ן;מ;ם;כ;ל;ה;י;ה;ת;ש;ד;ק;א;ו;ה
ב;ו;י;ה;ת;נ;ש;ב;ה;ת;א;ו;ב;ת;ת;א;ו;ל;כ;א
ו;ו;ת;ז;ח;א;ל;א;ש;י;א;ו;ב;ש;ת;ת;א;ז;ה;ל
ק;ו;א;ך;ת;י;מ;ע;ל;ר;כ;מ;מ;ו;ר;כ;מ;ת;י;כ
א;ש;י;א;ו;נ;ו;ת;ל;א;ך;ת;י;מ;ע;ד;י;מ;ה;נ
ו;י;ה;ר;ח;א;ם;י;נ;ש;ר;פ;ס;מ;ב;ו;י;ח;א;ת
ש;ר;פ;ס;מ;ב;ך;ת;י;מ;ע;ת;א;מ;ה;נ;ק;ת;ל;ב
ש;ה;ב;ר;י;פ;ל;ך;ל;ר;כ;מ;י;ת;א;ו;ב;ת;י;נ
ה;ט;ע;מ;י;פ;ל;ו;ו;ת;נ;ק;מ;ה;ב;ר;ת;ם;י;נ
ר;פ;ס;מ;י;כ;ו;ת;נ;ק;מ;ט;י;ע;מ;ת;ם;י;נ;ש
ו;נ;ו;ת;א;ל;ו;ך;ל;ר;כ;מ;א;ו;ה;ת;א;ו;ב;ת
י;ה;ל;א;מ;ת;א;ר;י;ו;ו;ת;י;מ;ע;ת;א;ש;י;א
י;ש;ע;ו;ם;כ;י;ה;ל;א;ה;ו;ה;י;י;נ;א;י;כ;ך
ר;מ;ש;ת;י;ט;פ;ש;מ;ת;א;ו;י;ת;ק;ח;ת;א;ם;ת
א;ה;ל;ע;ם;ת;ב;ש;י;ו;ם;ת;א;ם;ת;י;ש;ע;ו;ו
ו;ה;י;ר;פ;ץ;ר;א;ה;ה;נ;ת;נ;ו;ח;ט;ב;ל;ץ;ר
ע;ח;ט;ב;ל;ם;ת;ב;ש;י;ו;ע;ב;ש;ל;ם;ת;ל;כ;א
נ;ש;ב;ל;כ;א;נ;ה;מ;ו;ר;מ;א;ת;י;כ;ו;ה;י;ל
א;נ;א;ל;ו;ע;ר;ז;נ;א;ל;ן;ה;ת;ע;י;ב;ש;ה;ה
ב;ת;א;י;ת;י;ו;צ;ו;ו;נ;ת;א;ו;ב;ת;ת;א;ף;ס
ת;ש;ע;ו;ת;י;ש;ש;ה;ה;נ;ש;ב;ם;כ;ל;י;ת;כ;ר
ר;ז;ו;ם;י;נ;ש;ה;ש;ל;ש;ל;ה;א;ו;ב;ת;ה;ת;א
ת;ל;כ;א;ו;ת;נ;י;מ;ש;ה;ה;נ;ש;ה;ת;א;ם;ת;ע
ת;ה;ה;נ;ש;ה;ד;ע;ן;ש;י;ה;א;ו;ב;ת;ה;ן;מ;ם
ו;ל;כ;א;ת;ה;ת;א;ו;ב;ת;א;ו;ב;ד;ע;ת;ע;י;ש
כ;ת;ת;מ;צ;ל;ר;כ;מ;ת;א;ל;ץ;ר;א;ה;ו;ן;ש;י
ם;י;ב;ש;ו;ת;ו;ם;י;ר;ג;י;כ;ץ;ר;א;ה;י;ל;י
ם;כ;ת;ז;ח;א;ץ;ר;א;ל;כ;ב;ו;י;ד;מ;ע;ם;ת;א
ח;א;ך;ו;מ;י;י;כ;ץ;ר;א;ל;ו;נ;ת;ת;ה;ל;א;ג
ה;ו;ל;א;ג;א;ב;ו;ו;ת;ז;ח;א;מ;ר;כ;מ;ו;ך;י
י;ח;א;ר;כ;מ;מ;ת;א;ל;א;ג;ו;ו;י;ל;א;ב;ר;ק
ה;ו;ל;א;ג;ו;ל;ה;י;ה;י;א;ל;י;כ;ש;י;א;ו;ו
ו;ו;ת;ל;א;ג;י;ד;כ;א;צ;מ;ו;ו;ד;י;ה;ג;י;ש
ת;א;ב;י;ש;ה;ו;ו;ר;כ;מ;מ;י;נ;ש;ת;א;ב;ש;ח
ל;ב;ש;ו;ו;ל;ר;כ;מ;ר;ש;א;ש;י;א;ל;ף;ד;ע;ה
ה;י;ד;ו;ד;י;ה;א;צ;מ;א;ל;ם;א;ו;ו;ת;ז;ח;א
נ;ק;ה;ד;י;ב;ו;ר;כ;מ;מ;ה;י;ה;ו;ו;ל;ב;י;ש
י;ב;א;צ;י;ו;ל;ב;ו;י;ה;ת;נ;ש;ד;ע;ו;ת;א;ה
כ;מ;י;י;כ;ש;י;א;ו;ו;ת;ז;ח;א;ל;ב;ש;ו;ל;ב
ה;ת;י;ה;ו;ה;מ;ו;ח;ר;י;ע;ב;ש;ו;מ;ת;י;ב;ר
י;מ;י;ו;ר;כ;מ;מ;ת;נ;ש;ם;ת;ד;ע;ו;ת;ל;א;ג
ע;ל;א;ג;י;א;ל;ם;א;ו;ו;ת;ל;א;ג;ה;י;ה;ת;ם
ב;ה;ם;ק;ו;ה;מ;י;מ;ת;ה;נ;ש;ו;ל;ת;א;ל;מ;ד
מ;צ;ל;ה;מ;ח;א;ל;ר;ש;א;ר;י;ע;ב;ר;ש;א;ת;י
צ;י;א;ל;ו;י;ת;ר;ד;ל;ו;ת;א;ה;נ;ק;ל;ת;ת;י
י;א;ר;ש;א;ם;י;ר;צ;ח;ה;י;ת;ב;ו;ל;ב;י;ב;א
ץ;ר;א;ה;ה;ד;ש;ל;ע;ב;י;ב;ס;ה;מ;ח;ם;ה;ל;ן
י;ל;ב;י;ב;ו;ו;ל;ה;י;ה;ת;ה;ל;א;ג;ב;ש;ח;י
ז;ח;א;י;ר;ע;י;ת;ב;ם;י;ו;ל;ה;י;ר;ע;ו;א;צ
ו;ם;י;ו;ל;ל;ה;י;ה;ת;ם;ל;ו;ע;ת;ל;א;ג;ם;ת
מ;מ;א;צ;י;ו;ם;י;ו;ל;ה;ן;מ;ל;א;ג;י;ר;ש;א
י;כ;ל;ב;י;ב;ו;ת;ז;ח;א;ר;י;ע;ו;ת;י;ב;ר;כ
ב;ם;ת;ז;ח;א;א;ו;ה;ם;י;ו;ל;ה;י;ר;ע;י;ת;ב
ע;ש;ר;ג;מ;ה;ד;ש;ו;ל;א;ר;ש;י;י;נ;ב;ך;ו;ת
ם;ל;ו;ע;ת;ז;ח;א;י;כ;ר;כ;מ;י;א;ל;ם;ה;י;ר
ט;מ;ו;ך;י;ח;א;ך;ו;מ;י;י;כ;ו;ם;ה;ל;א;ו;ה
ו;ת;ו;ר;ג;ו;ב;ת;ק;ז;ח;ה;ו;ך;מ;ע;ו;ד;י;ה
ך;ש;נ;ו;ת;א;מ;ח;ק;ת;ל;א;ך;מ;ע;י;ח;ו;ב;ש
י;ח;ו;ך;י;ה;ל;א;מ;ת;א;ר;י;ו;ת;י;ב;ר;ת;ו
ו;ל;ן;ת;ת;א;ל;ך;פ;ס;כ;ת;א;ך;מ;ע;ך;י;ח;א
ך;ל;כ;א;ן;ת;ת;א;ל;ת;י;ב;ר;מ;ב;ו;ך;ש;נ;ב
א;צ;ו;ה;ר;ש;א;ם;כ;י;ה;ל;א;ה;ו;ה;י;י;נ;א
כ;ל;ת;ת;ל;ם;י;ר;צ;מ;ץ;ר;א;מ;ם;כ;ת;א;י;ת
א;ל;ם;כ;ל;ת;ו;י;ה;ל;ן;ע;נ;כ;ץ;ר;א;ת;א;ם
נ;ו;ך;מ;ע;ך;י;ח;א;ך;ו;מ;י;י;כ;ו;ם;י;ה;ל
ד;ב;ע;ת;ד;ב;ע;ו;ב;ד;ב;ע;ת;א;ל;ך;ל;ר;כ;מ
ש;ד;ע;ך;מ;ע;ה;י;ה;י;ב;ש;ו;ת;כ;ר;י;כ;ש;כ
מ;ע;מ;א;צ;י;ו;ך;מ;ע;ד;ב;ע;י;ל;ב;י;ה;ת;נ
פ;ש;מ;ל;א;ב;ש;ו;ו;מ;ע;ו;י;נ;ב;ו;א;ו;ה;ך
כ;ב;ו;ש;י;ו;י;ת;ב;א;ת;ז;ח;א;ל;א;ו;ו;ת;ח
מ;ם;ת;א;י;ת;א;צ;ו;ה;ר;ש;א;ם;ה;י;ד;ב;ע;י
ת;ר;כ;מ;מ;ו;ר;כ;מ;י;א;ל;ם;י;ר;צ;מ;ץ;ר;א
ת;א;ר;י;ו;ך;ר;פ;ב;ו;ב;ה;ד;ר;ת;א;ל;ד;ב;ע
י;ר;ש;א;ך;ת;מ;א;ו;ך;ד;ב;ע;ו;ך;י;ה;ל;א;מ
ב;י;ב;ס;ר;ש;א;ם;י;ו;ג;ה;ת;א;מ;ך;ל;ו;י;ה
ג;ו;ה;מ;א;ו;ד;ב;ע;ו;נ;ק;ת;ם;ה;מ;ם;כ;י;ת
כ;מ;ע;ם;י;ר;ג;ה;ם;י;ב;ש;ו;ת;ה;י;נ;ב;מ;ם
ע;ר;ש;א;ם;ת;ח;פ;ש;מ;מ;ו;ו;נ;ק;ת;ם;ה;מ;ם
ה;ו;ם;כ;צ;ר;א;ב;ו;ד;י;ל;ו;ה;ר;ש;א;ם;כ;מ
ת;א;ם;ת;ל;ח;נ;ת;ה;ו;ה;ז;ח;א;ל;ם;כ;ל;ו;י
ז;ח;א;ת;ש;ר;ל;ם;כ;י;ר;ח;א;ם;כ;י;נ;ב;ל;ם
ם;כ;י;ח;א;ב;ו;ו;ד;ב;ע;ת;ם;ה;ב;ם;ל;ע;ל;ה
ר;ת;א;ל;ו;י;ח;א;ב;ש;י;א;ל;א;ר;ש;י;י;נ;ב
ו;ר;ג;ד;י;ג;י;ש;ת;י;כ;ו;ך;ר;פ;ב;ו;ב;ה;ד
מ;נ;ו;ו;מ;ע;ך;י;ח;א;ך;מ;ו;ך;מ;ע;ב;ש;ו;ת
ש;מ;ר;ק;ע;ל;ו;א;ך;מ;ע;ב;ש;ו;ת;ר;ג;ל;ר;כ
י;ה;ת;ה;ל;א;ג;ר;כ;מ;נ;י;ר;ח;א;ר;ג;ת;ח;פ
ד;ו;א;ו;נ;ל;א;ג;י;ו;י;ח;א;מ;ד;ח;א;ו;ל;ה
א;ש;מ;ו;א;ו;נ;ל;א;ג;י;ו;ד;ד;ן;ב;ו;א;ו;ד
ו;א;ו;נ;ל;א;ג;י;ו;ת;ח;פ;ש;מ;מ;ו;ר;ש;ב;ר
ק;ם;ע;ב;ש;ח;ו;ל;א;ג;נ;ו;ו;ד;י;ה;ג;י;ש;ה
ה;ת;נ;ש;ד;ע;ו;ל;ו;ר;כ;מ;ה;ת;נ;ש;מ;ו;ה;נ
ר;פ;ס;מ;ב;ו;ר;כ;מ;מ;ף;ס;כ;ה;י;ה;ו;ל;ב;י
א;ו;מ;ע;ה;י;ה;י;ר;י;כ;ש;י;מ;י;כ;ם;י;נ;ש
ש;י;ן;ה;י;פ;ל;ם;י;נ;ש;ב;ת;ו;ב;ר;ד;ו;ע;ם
מ;ם;א;ו;ו;ת;נ;ק;מ;ף;ס;כ;מ;ו;ת;ל;א;ג;ב;י
ל;ב;י;ה;ת;נ;ש;ד;ע;ם;י;נ;ש;ב;ר;א;ש;נ;ט;ע
ג;ת;א;ב;י;ש;י;ו;י;נ;ש;י;פ;כ;ו;ל;ב;ש;ח;ו
ה;י;ה;י;ה;נ;ש;ב;ה;נ;ש;ר;י;כ;ש;כ;ו;ת;ל;א
ך;י;נ;י;ע;ל;ך;ר;פ;ב;ו;נ;ד;ר;י;א;ל;ו;מ;ע
נ;ש;ב;א;צ;י;ו;ה;ל;א;ב;ל;א;ג;י;א;ל;ם;א;ו
י;ל;י;כ;ו;מ;ע;ו;י;נ;ב;ו;א;ו;ה;ל;ב;י;ה;ת
א;ם;ה;י;ד;ב;ע;ם;י;ד;ב;ע;ל;א;ר;ש;י;י;נ;ב
י;ר;צ;מ;ץ;ר;א;מ;ם;ת;ו;א;י;ת;א;צ;ו;ה;ר;ש
ו;ש;ע;ת;א;ל;ם;כ;י;ה;ל;א;ה;ו;ה;י;י;נ;א;ם
ת;א;ל;ה;ב;צ;מ;ו;ל;ס;פ;ו;ם;ל;י;ל;א;ם;כ;ל
ת;ת;א;ל;ת;י;כ;ש;מ;ן;ב;א;ו;ם;כ;ל;ו;מ;י;ק
כ;ה;י;ל;ע;ת;ו;ח;ת;ש;ה;ל;ם;כ;צ;ר;א;ב;ו;נ
ת;ת;ב;ש;ת;א;ם;כ;י;ה;ל;א;ה;ו;ה;י;י;נ;א;י
י;נ;א;ו;א;ר;י;ת;י;ש;ד;ק;מ;ו;ו;ר;מ;ש;ת;י
צ;מ;ת;א;ו;ו;כ;ל;ת;י;ת;ק;ח;ב;ם;א;ה;ו;ה;י
ת;נ;ו;ם;ת;א;ם;ת;י;ש;ע;ו;ו;ר;מ;ש;ת;י;ת;ו
ר;א;ה;ה;נ;ת;נ;ו;ם;ת;ע;ב;ם;כ;י;מ;ש;ג;י;ת
ו;י;ר;פ;ן;ת;י;ה;ד;ש;ה;ץ;ע;ו;ה;ל;ו;ב;י;ץ
צ;ב;ו;ר;י;צ;ב;ת;א;ש;י;ד;ם;כ;ל;ג;י;ש;ה;ו
מ;ח;ל;ם;ת;ל;כ;א;ו;ע;ר;ז;ת;א;ג;י;ש;י;ר;י
צ;ר;א;ב;ח;ט;ב;ל;ם;ת;ב;ש;י;ו;ע;ב;ש;ל;ם;כ
ת;ב;כ;ש;ו;ץ;ר;א;ב;ם;ו;ל;ש;י;ת;ת;נ;ו;ם;כ
ר;ה;י;ח;י;ת;ב;ש;ה;ו;ד;י;ר;ח;מ;ן;י;א;ו;ם
א;ב;ר;ב;ע;ת;א;ל;ב;ר;ח;ו;ץ;ר;א;ה;ן;מ;ה;ע
נ;ו;ם;כ;י;ב;י;א;ת;א;ם;ת;פ;ד;ר;ו;ם;כ;צ;ר
כ;מ;ו;פ;ד;ר;ו;ב;ר;ח;ל;ם;כ;י;נ;פ;ל;ו;ל;פ
י;ה;ב;ב;ר;ם;כ;מ;ה;א;מ;ו;ה;א;מ;ה;ש;מ;ח;ם
כ;י;נ;פ;ל;ם;כ;י;ב;י;א;ו;ל;פ;נ;ו;ו;פ;ד;ר
ר;פ;ה;ו;ם;כ;י;ל;א;י;ת;י;נ;פ;ו;ב;ר;ח;ל;ם
ה;ו;ם;כ;ת;א;י;ת;י;ב;ר;ה;ו;ם;כ;ת;א;י;ת;י
ל;כ;א;ו;ם;כ;ת;א;י;ת;י;ר;ב;ת;א;י;ת;מ;י;ק
ש;ד;ח;י;נ;פ;מ;ן;ש;י;ו;ן;ש;ו;נ;ן;ש;י;ם;ת
כ;ו;ת;ב;י;נ;כ;ש;מ;י;ת;ת;נ;ו;ו;א;י;צ;ו;ת
ת;ה;ו;ם;כ;ת;א;י;ש;פ;נ;ל;ע;ג;ת;א;ל;ו;ם;כ
ם;כ;ל;י;ת;י;י;ה;ו;ם;כ;כ;ו;ת;ב;י;ת;כ;ל;ה
א;ם;ע;ל;י;ל;ו;י;ה;ת;ם;ת;א;ו;ם;י;ה;ל;א;ל
ת;א;צ;ו;ה;ר;ש;א;ם;כ;י;ה;ל;א;ה;ו;ה;י;י;נ
ה;ל;ת;י;ה;מ;ם;י;ר;צ;מ;ץ;ר;א;מ;ם;כ;ת;א;י
א;ו;ם;כ;ל;ע;ת;ט;מ;ר;ב;ש;א;ו;ם;י;ד;ב;ע;ם
ת;א;ל;ם;א;ו;ת;ו;י;מ;מ;ו;ק;ם;כ;ת;א;ך;ל;ו
צ;מ;ה;ל;כ;ת;א;ו;ש;ע;ת;א;ל;ו;י;ל;ו;ע;מ;ש
ו;ו;ס;א;מ;ת;י;ת;ק;ח;ב;ם;א;ו;ה;ל;א;ה;ת;ו
ב;ל;ם;כ;ש;פ;נ;ל;ע;ג;ת;י;ט;פ;ש;מ;ת;א;ם;א
ר;פ;ה;ל;י;ת;ו;צ;מ;ל;כ;ת;א;ת;ו;ש;ע;י;ת;ל
א;ז;ה;ש;ע;א;י;נ;א;ף;א;י;ת;י;ר;ב;ת;א;ם;כ
ה;ל;ה;ב;ם;כ;י;ל;ע;י;ת;ד;ק;פ;ה;ו;ם;כ;ל;ת
ת;ו;ל;כ;מ;ת;ח;ד;ק;ה;ת;א;ו;ת;פ;ח;ש;ה;ת;א
ם;ת;ע;ר;ז;ו;ש;פ;נ;ת;ב;י;ד;מ;ו;ם;י;נ;י;ע
כ;י;ב;י;א;ו;ה;ל;כ;א;ו;ם;כ;ע;ר;ז;ק;י;ר;ל
פ;ל;ם;ת;פ;ג;נ;ו;ם;כ;ב;י;נ;פ;י;ת;ת;נ;ו;ם
כ;י;א;נ;ש;ם;כ;ב;ו;ד;ר;ו;ם;כ;י;ב;י;א;י;נ
ם;א;ו;ם;כ;ת;א;ף;ד;ר;ן;י;א;ו;ם;ת;ס;נ;ו;ם
י;ת;פ;ס;י;ו;י;ל;ו;ע;מ;ש;ת;א;ל;ה;ל;א;ד;ע
כ;י;ת;א;ט;ח;ל;ע;ע;ב;ש;ם;כ;ת;א;ה;ר;ס;י;ל
ת;נ;ו;ם;כ;ז;ע;ן;ו;א;ג;ת;א;י;ת;ר;ב;ש;ו;ם
צ;ר;א;ת;א;ו;ל;ז;ר;ב;כ;ם;כ;י;מ;ש;ת;א;י;ת
ל;ו;ם;כ;ח;כ;ק;י;ר;ל;ם;ת;ו;ה;ש;ח;נ;כ;ם;כ
ה;ץ;ע;ו;ה;ל;ו;ב;י;ת;א;ם;כ;צ;ר;א;ן;ת;ת;א
ע;ו;כ;ל;ת;ם;א;ו;ו;י;ר;פ;ן;ת;י;א;ל;ץ;ר;א
י;ו;י;ל;ע;מ;ש;ל;ו;ב;א;ת;א;ל;ו;י;ר;ק;י;מ
ת;א;ט;ח;כ;ע;ב;ש;ה;כ;מ;ם;כ;י;ל;ע;י;ת;פ;ס
ש;ה;ת;י;ח;ת;א;ם;כ;ב;י;ת;ח;ל;ש;ה;ו;ם;כ;י
ת;א;ה;ת;י;ר;כ;ה;ו;ם;כ;ת;א;ה;ל;כ;ש;ו;ה;ד
ש;נ;ו;ם;כ;ת;א;ה;ט;י;ע;מ;ה;ו;ם;כ;ת;מ;ה;ב
ס;ו;ת;א;ל;ה;ל;א;ב;ם;א;ו;ם;כ;י;כ;ר;ד;ו;מ
כ;ל;ה;ו;י;ר;ק;י;מ;ע;ם;ת;כ;ל;ה;ו;י;ל;ו;ר
ת;י;כ;ה;ו;י;ר;ק;ב;ם;כ;מ;ע;י;נ;א;ף;א;י;ת
י;ת;א;ט;ח;ל;ע;ע;ב;ש;י;נ;א;ם;ג;ם;כ;ת;א;י
ת;מ;ק;נ;ב;ר;ח;ם;כ;י;ל;ע;י;ת;א;ב;ה;ו;ם;כ
כ;י;ר;ע;ל;א;ם;ת;פ;ס;א;נ;ו;ת;י;ר;ב;ם;ק;נ
ת;ת;נ;ו;ם;כ;כ;ו;ת;ב;ר;ב;ד;י;ת;ח;ל;ש;ו;ם
ל;ה;ט;מ;ם;כ;ל;י;ר;ב;ש;ב;ב;י;ו;א;ד;י;ב;ם
ת;ב;ם;כ;מ;ח;ל;ם;י;ש;נ;ר;ש;ע;ו;פ;א;ו;ם;ח
ש;מ;ב;ם;כ;מ;ח;ל;ו;ב;י;ש;ה;ו;ד;ח;א;ר;ו;נ
ב;ם;א;ו;ו;ע;ב;ש;ת;א;ל;ו;ם;ת;ל;כ;א;ו;ל;ק
מ;ע;ם;ת;כ;ל;ה;ו;י;ל;ו;ע;מ;ש;ת;א;ל;ת;א;ז
ק;ת;מ;ח;ב;ם;כ;מ;ע;י;ת;כ;ל;ה;ו;י;ר;ק;ב;י
ע;ב;ש;י;נ;א;ף;א;ם;כ;ת;א;י;ת;ר;ס;י;ו;י;ר
נ;ב;ר;ש;ב;ם;ת;ל;כ;א;ו;ם;כ;י;ת;א;ט;ח;ל;ע
ה;ו;ו;ל;כ;א;ת;ם;כ;י;ת;נ;ב;ר;ש;ב;ו;ם;כ;י
א;י;ת;ר;כ;ה;ו;ם;כ;י;ת;מ;ב;ת;א;י;ת;ד;מ;ש
ם;כ;י;ר;ג;פ;ת;א;י;ת;ת;נ;ו;ם;כ;י;נ;מ;ח;ת
פ;נ;ה;ל;ע;ג;ו;ם;כ;י;ל;ו;ל;ג;י;ר;ג;פ;ל;ע
ר;ח;ם;כ;י;ר;ע;ת;א;י;ת;ת;נ;ו;ם;כ;ת;א;י;ש
ל;ו;ם;כ;י;ש;ד;ק;מ;ת;א;י;ת;ו;מ;ש;ה;ו;ה;ב
ת;מ;ש;ה;ו;ם;כ;ח;ח;י;נ;ח;י;ר;ב;ח;י;ר;א;א
א;ה;י;ל;ע;ו;מ;מ;ש;ו;ץ;ר;א;ה;ת;א;י;נ;א;י
ז;א;ם;כ;ת;א;ו;ה;ב;ם;י;ב;ש;י;ה;ם;כ;י;ב;י
ם;כ;י;ר;ח;א;י;ת;ק;י;ר;ה;ו;ם;י;ו;ג;ב;ה;ר
ר;ע;ו;ה;מ;מ;ש;ם;כ;צ;ר;א;ה;ת;י;ה;ו;ב;ר;ח
ר;א;ה;ה;צ;ר;ת;ז;א;ה;ב;ר;ח;ו;י;ה;י;ם;כ;י
א;ו;ה;מ;ש;ה;י;מ;י;ל;כ;ה;י;ת;ת;ב;ש;ת;א;ץ
א;ה;ת;ב;ש;ת;ז;א;ם;כ;י;ב;י;א;ץ;ר;א;ב;ם;ת
י;מ;י;ל;כ;ה;י;ת;ת;ב;ש;ת;א;ת;צ;ר;ה;ו;ץ;ר
ב;ה;ת;ב;ש;א;ל;ר;ש;א;ת;א;ת;ב;ש;ת;ה;מ;ש;ה
נ;ה;ו;ה;י;ל;ע;ם;כ;ת;ב;ש;ב;ם;כ;י;ת;ת;ב;ש
ב;ל;ב;ך;ר;מ;י;ת;א;ב;ה;ו;ם;כ;ב;ם;י;ר;א;ש
ם;ת;א;ף;ד;ר;ו;ם;ה;י;ב;י;א;ת;צ;ר;א;ב;ם;ב
ב;ר;ח;ת;ס;נ;מ;ו;ס;נ;ו;ף;ד;נ;ה;ל;ע;ל;ו;ק
ש;י;א;ו;ל;ש;כ;ו;ף;ד;ר;ן;י;א;ו;ו;ל;פ;נ;ו
ן;י;א;ף;ד;ר;ו;ב;ר;ח;י;נ;פ;מ;כ;ו;י;ח;א;ב
א;י;נ;פ;ל;ה;מ;ו;ק;ת;ם;כ;ל;ה;י;ה;ת;א;ל;ו
ל;כ;א;ו;ם;י;ו;ג;ב;ם;ת;ד;ב;א;ו;ם;כ;י;ב;י
ר;א;ש;נ;ה;ו;ם;כ;י;ב;י;א;ץ;ר;א;ם;כ;ת;א;ה
א;ת;צ;ר;א;ב;ם;נ;ו;ע;ב;ו;ק;מ;י;ם;כ;ב;ם;י
ם;ת;א;ם;ת;ב;א;ת;נ;ו;ע;ב;ף;א;ו;ם;כ;י;ב;י
ע;ת;א;ו;ם;נ;ו;ע;ת;א;ו;ד;ו;ת;ה;ו;ו;ק;מ;י
י;ב;ו;ל;ע;מ;ר;ש;א;ם;ל;ע;מ;ב;ם;ת;ב;א;ן;ו
א;ף;א;י;ר;ק;ב;י;מ;ע;ו;כ;ל;ה;ר;ש;א;ף;א;ו
ת;א;י;ת;א;ב;ה;ו;י;ר;ק;ב;ם;מ;ע;ך;ל;א;י;נ
ל;ע;נ;כ;י;ז;א;ו;א;ם;ה;י;ב;י;א;ץ;ר;א;ב;ם
ם;נ;ו;ע;ת;א;ו;צ;ר;י;ז;א;ו;ל;ר;ע;ה;ם;ב;ב
א;ו;ב;ו;ק;ע;י;י;ת;י;ר;ב;ת;א;י;ת;ר;כ;ז;ו
י;ר;ב;ת;א;ף;א;ו;ק;ח;צ;י;י;ת;י;ר;ב;ת;א;ף
ר;כ;ז;א;ץ;ר;א;ה;ו;ר;כ;ז;א;ם;ה;ר;ב;א;י;ת
ב;ש;ת;א;ץ;ר;ת;ו;ם;ה;מ;ב;ז;ע;ת;ץ;ר;א;ה;ו
א;ו;צ;ר;י;ם;ה;ו;ם;ה;מ;ה;מ;ש;ה;ב;ה;י;ת;ת
מ;י;ט;פ;ש;מ;ב;ן;ע;י;ב;ו;ן;ע;י;ם;נ;ו;ע;ת
א;ו;ם;ש;פ;נ;ה;ל;ע;ג;י;ת;ק;ח;ת;א;ו;ו;ס;א
י;ב;י;א;ץ;ר;א;ב;ם;ת;ו;י;ה;ב;ת;א;ז;ם;ג;ף
ל;ם;י;ת;ל;ע;ג;א;ל;ו;ם;י;ת;ס;א;מ;א;ל;ם;ה
נ;א;י;כ;ם;ת;א;י;ת;י;ר;ב;ר;פ;ה;ל;ם;ת;ל;כ
ם;ה;ל;י;ת;ר;כ;ז;ו;ם;ה;י;ה;ל;א;ה;ו;ה;י;י
א;י;ת;א;צ;ו;ה;ר;ש;א;ם;י;נ;ש;א;ר;ת;י;ר;ב
י;ו;ג;ה;י;נ;י;ע;ל;ם;י;ר;צ;מ;ץ;ר;א;מ;ם;ת
ו;ה;י;י;נ;א;ם;י;ה;ל;א;ל;ם;ה;ל;ת;י;ה;ל;ם
ת;ה;ו;ם;י;ט;פ;ש;מ;ה;ו;ם;י;ק;ח;ה;ה;ל;א;ה
י;ב;ו;ו;נ;י;ב;ה;ו;ה;י;ן;ת;נ;ר;ש;א;ת;ר;ו
מ;ד;י;ב;י;נ;י;ס;ר;ה;ב;ל;א;ר;ש;י;י;נ;ב;ן
ר;מ;א;ל;ה;ש;מ;ל;א;ה;ו;ה;י;ר;ב;ד;י;ו;ה;ש
ל;א;ת;ר;מ;א;ו;ל;א;ר;ש;י;י;נ;ב;ל;א;ר;ב;ד
נ;ך;כ;ר;ע;ב;ר;ד;נ;א;ל;פ;י;י;כ;ש;י;א;ם;ה
ר;כ;ז;ה;ך;כ;ר;ע;ה;י;ה;ו;ה;ו;ה;י;ל;ת;ש;פ
ם;י;ש;ש;ן;ב;ד;ע;ו;ה;נ;ש;ם;י;ר;ש;ע;ן;ב;מ
כ;ל;ק;ש;ם;י;ש;מ;ח;ך;כ;ר;ע;ה;י;ה;ו;ה;נ;ש
א;ו;ה;ה;ב;ק;נ;ם;א;ו;ש;ד;ק;ה;ל;ק;ש;ב;ף;ס
מ;ם;א;ו;ל;ק;ש;ם;י;ש;ל;ש;ך;כ;ר;ע;ה;י;ה;ו
ש;ם;י;ר;ש;ע;ן;ב;ד;ע;ו;ם;י;נ;ש;ש;מ;ח;ן;ב
ש;ם;י;ר;ש;ע;ר;כ;ז;ה;ך;כ;ר;ע;ה;י;ה;ו;ה;נ
ו;ם;י;ל;ק;ש;ת;ר;ש;ע;ה;ב;ק;נ;ל;ו;ם;י;ל;ק
ם;י;נ;ש;ש;מ;ח;ן;ב;ד;ע;ו;ש;ד;ח;ן;ב;מ;ם;א
י;ל;ק;ש;ה;ש;מ;ח;ר;כ;ז;ה;ך;כ;ר;ע;ה;י;ה;ו
ק;ש;ת;ש;ל;ש;ך;כ;ר;ע;ה;ב;ק;נ;ל;ו;ף;ס;כ;ם
ו;ה;נ;ש;ם;י;ש;ש;ן;ב;מ;ם;א;ו;ף;ס;כ;ם;י;ל
ש;מ;ח;ך;כ;ר;ע;ה;י;ה;ו;ר;כ;ז;ם;א;ה;ל;ע;מ
ל;ק;ש;ה;ר;ש;ע;ה;ב;ק;נ;ל;ו;ל;ק;ש;ר;ש;ע;ה
י;מ;ע;ה;ו;ך;כ;ר;ע;מ;א;ו;ה;ך;מ;ם;א;ו;ם;י
ה;ו;ת;א;ך;י;ר;ע;ה;ו;ן;ה;כ;ה;י;נ;פ;ל;ו;ד
ר;ד;נ;ה;ד;י;ג;י;ש;ת;ר;ש;א;י;פ;ל;ע;ן;ה;כ
ש;א;ה;מ;ה;ב;ם;א;ו;ן;ה;כ;ה;ו;נ;כ;י;ר;ע;י
ה;ו;ה;י;ל;ן;ב;ר;ק;ה;נ;מ;מ;ו;ב;י;ר;ק;י;ר
י;ה;י;ה;ו;ה;י;ל;ו;נ;מ;מ;ן;ת;י;ר;ש;א;ל;כ
ר;י;מ;י;א;ל;ו;ו;נ;פ;י;ל;ח;י;א;ל;ש;ד;ק;ה
ם;א;ו;ב;ו;ט;ב;ע;ר;ו;א;ע;ר;ב;ב;ו;ט;ו;ת;א
ה;י;ה;ו;ה;מ;ה;ב;ב;ה;מ;ה;ב;ר;י;מ;י;ר;מ;ה
ם;א;ו;ש;ד;ק;ה;י;ה;י;ו;ת;ר;ו;מ;ת;ו;א;ו;ה
ב;י;ר;ק;י;א;ל;ר;ש;א;ה;א;מ;ט;ה;מ;ה;ב;ל;כ
ד;י;מ;ע;ה;ו;ה;ו;ה;י;ל;ן;ב;ר;ק;ה;נ;מ;מ;ו
י;ר;ע;ה;ו;ן;ה;כ;ה;י;נ;פ;ל;ה;מ;ה;ב;ה;ת;א
ע;ר;ן;י;ב;ו;ב;ו;ט;ן;י;ב;ה;ת;א;ן;ה;כ;ה;ך
א;ג;ם;א;ו;ה;י;ה;י;ן;כ;ן;ה;כ;ה;ך;כ;ר;ע;כ
ע;ל;ע;ו;ת;ש;י;מ;ח;ף;ס;י;ו;ה;נ;ל;א;ג;י;ל
ק;ו;ת;י;ב;ת;א;ש;ד;ק;י;י;כ;ש;י;א;ו;ך;כ;ר
י;ב;ן;ה;כ;ה;ו;כ;י;ר;ע;ה;ו;ה;ו;ה;י;ל;ש;ד
א;ך;י;ר;ע;י;ר;ש;א;כ;ע;ר;ן;י;ב;ו;ב;ו;ט;ן
י;ד;ק;מ;ה;ם;א;ו;ם;ו;ק;י;ן;כ;ן;ה;כ;ה;ו;ת
י;ש;י;מ;ח;ף;ס;י;ו;ו;ת;י;ב;ת;א;ל;א;ג;י;ש
א;ו;ו;ל;ה;י;ה;ו;ו;י;ל;ע;ך;כ;ר;ע;ף;ס;כ;ת
י;ל;ש;י;א;ש;י;ד;ק;י;ו;ת;ז;ח;א;ה;ד;ש;מ;ם
ר;ז;ו;ע;ר;ז;י;פ;ל;ך;כ;ר;ע;ה;י;ה;ו;ה;ו;ה
ס;כ;ל;ק;ש;ם;י;ש;מ;ח;ב;ם;י;ר;ע;ש;ר;מ;ח;ע
ו;ה;ד;ש;ש;י;ד;ק;י;ל;ב;י;ה;ת;נ;ש;מ;ם;א;ף
י;ל;ב;י;ה;ר;ח;א;ם;א;ו;ם;ו;ק;י;ך;כ;ר;ע;כ
ת;א;ן;ה;כ;ה;ו;ל;ב;ש;ח;ו;ו;ה;ד;ש;ש;י;ד;ק
ע;ת;ר;ת;ו;נ;ה;ם;י;נ;ש;ה;י;פ;ל;ע;ף;ס;כ;ה
א;ו;ך;כ;ר;ע;מ;ע;ר;ג;נ;ו;ל;ב;י;ה;ת;נ;ש;ד
ש;י;ד;ק;מ;ה;ה;ד;ש;ה;ת;א;ל;א;ג;י;ל;א;ג;ם
ע;ך;כ;ר;ע;ף;ס;כ;ת;י;ש;מ;ח;ף;ס;י;ו;ו;ת;א
ה;ת;א;ל;א;ג;י;א;ל;ם;א;ו;ו;ל;ם;ק;ו;ו;י;ל
א;ש;י;א;ל;ה;ד;ש;ה;ת;א;ר;כ;מ;ם;א;ו;ה;ד;ש
ב;ה;ד;ש;ה;ה;י;ה;ו;ד;ו;ע;ל;א;ג;י;א;ל;ר;ח
ה;ד;ש;כ;ה;ו;ה;י;ל;ש;ד;ק;ל;ב;י;ב;ו;ת;א;צ
ם;א;ו;ו;ת;ז;ח;א;ה;י;ה;ת;ן;ה;כ;ל;ם;ר;ח;ה
א;ה;ד;ש;מ;א;ל;ר;ש;א;ו;ת;נ;ק;מ;ה;ד;ש;ת;א
ו;ל;ב;ש;ח;ו;ה;ו;ה;י;ל;ש;י;ד;ק;י;ו;ת;ז;ח
ת;נ;ש;ד;ע;ך;כ;ר;ע;ה;ת;ס;כ;מ;ת;א;ן;ה;כ;ה
ה;ם;ו;י;ב;ך;כ;ר;ע;ה;ת;א;ן;ת;נ;ו;ל;ב;י;ה
ל;ב;ו;י;ה;ת;נ;ש;ב;ה;ו;ה;י;ל;ש;ד;ק;א;ו;ה
ו;ת;א;מ;ו;ה;נ;ק;ר;ש;א;ל;ה;ד;ש;ה;ב;ו;ש;י
כ;ר;ע;ל;כ;ו;ץ;ר;א;ה;ת;ז;ח;א;ו;ל;ר;ש;א;ל
ר;ג;ם;י;ר;ש;ע;ש;ד;ק;ה;ל;ק;ש;ב;ה;י;ה;י;ך
ב;י;ר;ש;א;ר;ו;כ;ב;ך;א;ל;ק;ש;ה;ה;י;ה;י;ה
א;ש;י;ד;ק;י;א;ל;ה;מ;ה;ב;ב;ה;ו;ה;י;ל;ר;כ
ה;ה;ו;ה;י;ל;ה;ש;ם;א;ר;ו;ש;ם;א;ו;ת;א;ש;י
ב;ה;ד;פ;ו;ה;א;מ;ט;ה;ה;מ;ה;ב;ב;ם;א;ו;א;ו
ם;א;ו;ו;י;ל;ע;ו;ת;ש;מ;ח;ף;ס;י;ו;ך;כ;ר;ע
ל;כ;ך;א;ך;כ;ר;ע;ב;ר;כ;מ;נ;ו;ל;א;ג;י;א;ל
כ;מ;ה;ו;ה;י;ל;ש;י;א;ם;ר;ח;י;ר;ש;א;ם;ר;ח
ה;ד;ש;מ;ו;ה;מ;ה;ב;ו;ם;ד;א;מ;ו;ל;ר;ש;א;ל
ל;כ;ל;א;ג;י;א;ל;ו;ר;כ;מ;י;א;ל;ו;ת;ז;ח;א
כ;ה;ו;ה;י;ל;א;ו;ה;ם;י;ש;ד;ק;ש;ד;ק;ם;ר;ח
י;א;ל;ם;ד;א;ה;ן;מ;ם;ר;ח;י;ר;ש;א;ם;ר;ח;ל
ר;א;ה;ר;ש;ע;מ;ל;כ;ו;ת;מ;ו;י;ת;ו;מ;ה;ד;פ
ו;ה;י;ל;ץ;ע;ה;י;ר;פ;מ;ץ;ר;א;ה;ע;ר;ז;מ;ץ
ג;י;ל;א;ג;ם;א;ו;ה;ו;ה;י;ל;ש;ד;ק;א;ו;ה;ה
ף;ס;י;ו;ת;י;ש;מ;ח;ו;ר;ש;ע;מ;מ;ש;י;א;ל;א
ל;כ;ן;א;צ;ו;ר;ק;ב;ר;ש;ע;מ;ל;כ;ו;ו;י;ל;ע
י;ר;י;ש;ע;ה;ט;ב;ש;ה;ת;ח;ת;ר;ב;ע;י;ר;ש;א
י;ב;ר;ק;ב;י;א;ל;ה;ו;ה;י;ל;ש;ד;ק;ה;י;ה;י
ה;ם;א;ו;ו;נ;ר;י;מ;י;א;ל;ו;ע;ר;ל;ב;ו;ט;ן
ר;ו;מ;ת;ו;א;ו;ה;ה;י;ה;ו;ו;נ;ר;י;מ;י;ר;מ
מ;ה;ה;ל;א;ל;א;ג;י;א;ל;ש;ד;ק;ה;י;ה;י;ו;ת
ל;א;ה;ש;מ;ת;א;ה;ו;ה;י;ה;ו;צ;ר;ש;א;ת;ו;צ
 ; ; ; ; ;י;נ;י;ס;ר;ה;ב;ל;א;ר;ש;י;י;נ;ב
