ו;ר;י;ב;ך;ל;מ;ד;ו;ד;ן;ב;ת;ל;ה;ק;י;ר;ב;ד;(33, 1, 1, 1, 1)
ב;ה;ת;ל;ה;ק;ר;מ;א;ם;י;ל;ב;ה;ל;ב;ה;ם;ל;ש;(33, 1, 1, 21, 21)
ל;ן;ו;ר;ת;י;ה;מ;ל;ב;ה;ל;כ;ה;ם;י;ל;ב;ה;ל;(33, 1, 2, 18, 41)
ש;ה;ת;ח;ת;ל;מ;ע;י;ש;ו;ל;מ;ע;ל;כ;ב;ם;ד;א;(33, 1, 3, 9, 61)
ל;ץ;ר;א;ה;ו;א;ב;ר;ו;ד;ו;ך;ל;ה;ר;ו;ד;ש;מ;(33, 1, 3, 29, 81)
ה;א;ב;ו;ש;מ;ש;ה;ח;ר;ז;ו;ת;ד;מ;ע;ם;ל;ו;ע;(33, 1, 4, 19, 101)
ה;ח;ר;ו;ז;ף;א;ו;ש;ו;מ;ו;ק;מ;ל;א;ו;ש;מ;ש;(33, 1, 5, 13, 121)
א;ב;ב;ו;ס;ו;ם;ו;ר;ד;ל;א;ך;ל;ו;ה;ם;ש;א;ו;(33, 1, 5, 33, 141)
ח;ו;ר;ה;ך;ל;ו;ה;ב;ב;ס;ב;ב;ו;ס;ן;ו;פ;צ;ל;(33, 1, 6, 17, 161)
נ;ה;ל;כ;ח;ו;ר;ה;ב;ש;ו;י;ת;ב;י;ב;ס;ל;ע;ו;(33, 1, 6, 37, 181)
י;א;ם;י;ה;ו;ם;י;ה;ל;א;ם;י;כ;ל;ה;ם;י;ל;ח;(33, 1, 7, 5, 201)
ה;ם;י;ל;ח;נ;ה;ש;ם;ו;ק;מ;ל;א;א;ל;מ;ו;נ;נ;(33, 1, 7, 25, 221)
ד;ה;ל;כ;ת;כ;ל;ל;ם;י;ב;ש;ם;ה;ם;ש;ם;י;כ;ל;(33, 1, 7, 45, 241)
ד;ל;ש;י;א;ל;כ;ו;י;א;ל;ם;י;ע;ג;י;ם;י;ר;ב;(33, 1, 8, 5, 261)
ת;א;ל;ו;ת;ו;א;ר;ל;ן;י;ע;ע;ב;ש;ת;א;ל;ר;ב;(33, 1, 8, 25, 281)
ש;א;ו;ה;ה;י;ה;ש;ה;מ;ע;מ;ש;מ;ן;ז;א;א;ל;מ;(33, 1, 8, 45, 301)
ה;ש;ע;י;ש;א;ו;ה;ה;ש;ע;נ;ש;ה;מ;ו;ה;י;ה;י;(33, 1, 9, 11, 321)
ב;ד;ש;י;ש;מ;ש;ה;ת;ח;ת;ש;ד;ח;ל;כ;ן;י;א;ו;(33, 1, 9, 31, 341)
ר;ב;כ;א;ו;ה;ש;ד;ח;ה;ז;ה;א;ר;ר;מ;א;י;ש;ר;(33, 1, 10, 5, 361)
נ;נ;פ;ל;מ;ה;י;ה;ר;ש;א;ם;י;מ;ל;ע;ל;ה;י;ה;(33, 1, 10, 25, 381)
ל;ם;ג;ו;ם;י;נ;ש;א;ר;ל;ן;ו;ר;כ;ז;ן;י;א;ו;(33, 1, 10, 45, 401)
ם;ה;ל;ה;י;ה;י;א;ל;ו;י;ה;י;ש;ם;י;נ;ר;ח;א;(33, 1, 11, 20, 421)
נ;א;ה;נ;ר;ח;א;ל;ו;י;ה;י;ש;ם;ע;ן;ו;ר;כ;ז;(33, 1, 11, 40, 441)
ל;א;ר;ש;י;ל;ע;ך;ל;מ;י;ת;י;י;ה;ת;ל;ה;ק;י;(33, 1, 12, 3, 461)
ר;ד;ל;י;ב;ל;ת;א;י;ת;ת;נ;ו;ם;ל;ש;ו;ר;י;ב;(33, 1, 12, 23, 481)
נ;ר;ש;א;ל;כ;ל;ע;ה;מ;כ;ח;ב;ר;ו;ת;ל;ו;ש;ו;(33, 1, 13, 14, 501)
ע;ר;ן;י;נ;ע;א;ו;ה;ם;י;מ;ש;ה;ת;ח;ת;ה;ש;ע;(33, 1, 13, 34, 521)
ו;נ;ע;ל;ם;ד;א;ה;י;נ;ב;ל;ם;י;ה;ל;א;ן;ת;נ;(33, 1, 13, 54, 541)
נ;ש;ם;י;ש;ע;מ;ה;ל;כ;ת;א;י;ת;י;א;ר;ו;ב;ת;(33, 1, 13, 74, 561)
ל;ב;ה;ל;כ;ה;ה;נ;ה;ו;ש;מ;ש;ה;ת;ח;ת;ו;ש;ע;(33, 1, 14, 18, 581)
ת;ל;ל;כ;ו;י;א;ל;ת;ו;ע;מ;ח;ו;ר;ת;ו;ע;ר;ו;(33, 1, 14, 38, 601)
ת;ו;נ;מ;ה;ל;ל;כ;ו;י;א;ל;ן;ו;ר;ס;ח;ו;ן;ק;(33, 1, 15, 13, 621)
י;נ;א;ר;מ;א;ל;י;ב;ל;ם;ע;י;נ;א;י;ת;ר;ב;ד;(33, 1, 16, 1, 641)
ה;מ;כ;ח;י;ת;פ;ס;ו;ה;ו;י;ת;ל;ד;ג;ה;ה;נ;ה;(33, 1, 16, 21, 661)
ש;ו;ר;י;ל;ע;י;נ;פ;ל;ה;י;ה;ר;ש;א;ל;כ;ל;ע;(33, 1, 16, 41, 681)
ע;ד;ו;ה;מ;כ;ח;ה;ב;ר;ה;ה;א;ר;י;ב;ל;ו;ם;ל;(33, 1, 16, 61, 701)
ע;ד;ו;ה;מ;כ;ח;ת;ע;ד;ל;י;ב;ל;ה;נ;ת;א;ו;ת;(33, 1, 16, 81, 721)
ג;ש;י;ת;ע;ד;י;ת;ו;ל;כ;ש;ו;ת;ו;ל;ל;ו;ה;ת;(33, 1, 17, 20, 741)
ח;ב;ר;ב;י;כ;ח;ו;ר;ן;ו;י;ע;ר;א;ו;ה;ה;ז;ם;(33, 1, 17, 40, 761)
ס;ו;י;ת;ע;ד;ף;י;ס;ו;י;ו;ס;ע;כ;ב;ר;ה;מ;כ;(33, 1, 18, 7, 781)
ל;י;ב;ל;ב;י;נ;א;י;ת;ר;מ;א;ב;ו;א;כ;מ;ף;י;(33, 1, 18, 27, 801)
ט;ב;ה;א;ר;ו;ה;ח;מ;ש;ב;ה;כ;ס;נ;א;א;נ;ה;כ;(33, 2, 1, 14, 821)
א;ק;ו;ח;ש;ל;ל;ב;ה;א;ו;ה;ם;ג;ה;נ;ה;ו;ב;ו;(33, 2, 1, 34, 841)
ע;ה;ז;ה;מ;ה;ח;מ;ש;ל;ו;ל;ל;ו;ה;מ;י;ת;ר;מ;(33, 2, 2, 7, 861)
א;ן;י;י;ב;ך;ו;ש;מ;ל;י;ב;ל;ב;י;ת;ר;ת;ה;ש;(33, 2, 2, 27, 881)
א;ל;ו;ה;מ;כ;ח;ב;ג;ה;נ;י;ב;ל;ו;י;ר;ש;ב;ת;(33, 2, 3, 19, 901)
ז;י;א;ה;א;ר;א;ר;ש;א;ד;ע;ת;ו;ל;כ;ס;ב;ז;ח;(33, 2, 3, 39, 921)
ת;ו;ש;ע;י;ר;ש;א;ם;ד;א;ה;י;נ;ב;ל;ב;ו;ט;ה;(33, 2, 3, 59, 941)
ה;ם;ה;י;י;ח;י;מ;י;ר;פ;ס;מ;ם;י;מ;ש;ה;ת;ח;(33, 2, 3, 79, 961)
ם;י;ת;ב;י;ל;י;ת;י;נ;ב;י;ש;ע;מ;י;ת;ל;ד;ג;(33, 2, 4, 2, 981)
ג;י;ל;י;ת;י;ש;ע;ם;י;מ;ר;כ;י;ל;י;ת;ע;ט;נ;(33, 2, 4, 22, 1001)
ע;ם;ה;ב;י;ת;ע;ט;נ;ו;ם;י;ס;ד;ר;פ;ו;ת;ו;נ;(33, 2, 5, 9, 1021)
י;מ;ת;ו;כ;ר;ב;י;ל;י;ת;י;ש;ע;י;ר;פ;ל;כ;ץ;(33, 2, 5, 29, 1041)
י;צ;ע;ח;מ;ו;צ;ר;ע;י;ם;ה;מ;ת;ו;ק;ש;ה;ל;ם;(33, 2, 6, 15, 1061)
נ;ב;ו;ת;ו;ח;פ;ש;ו;ם;י;ד;ב;ע;י;ת;י;נ;ק;ם;(33, 2, 6, 35, 1081)
צ;ו;ר;ק;ב;ה;נ;ק;מ;ם;ג;י;ל;ה;י;ה;ת;י;ב;י;(33, 2, 7, 20, 1101)
פ;ל;ו;י;ה;ש;ל;כ;מ;י;ל;ה;י;ה;ה;ב;ר;ה;ן;א;(33, 2, 7, 40, 1121)
ס;כ;ם;ג;י;ל;י;ת;ס;נ;כ;ם;ל;ש;ו;ר;י;ב;י;נ;(33, 2, 7, 60, 1141)
י;ד;מ;ה;ו;ם;י;כ;ל;מ;ת;ל;ג;ס;ו;ב;ה;ז;ו;ף;(33, 2, 8, 12, 1161)
ו;ת;ו;ר;ש;ו;ם;י;ר;ש;י;ל;י;ת;י;ש;ע;ת;ו;נ;(33, 2, 8, 32, 1181)
ו;ד;ש;ו;ה;ד;ש;ם;ד;א;ה;י;נ;ב;ת;ג;ו;נ;ע;ת;(33, 2, 8, 52, 1201)
י;ה;ש;ל;כ;מ;י;ת;פ;ס;ו;ה;ו;י;ת;ל;ד;ג;ו;ת;(33, 2, 8, 72, 1221)
ע;י;ת;מ;כ;ח;ף;א;ם;ל;ש;ו;ר;י;ב;י;נ;פ;ל;ה;(33, 2, 9, 20, 1241)
ל;י;נ;י;ע;ו;ל;א;ש;ר;ש;א;ל;כ;ו;י;ל;ה;ד;מ;(33, 2, 9, 40, 1261)
ב;ל;ת;א;י;ת;ע;נ;מ;א;ל;ם;ה;מ;י;ת;ל;צ;א;א;(33, 2, 10, 16, 1281)
ע;ל;כ;מ;ח;מ;ש;י;ב;ל;י;כ;ה;ח;מ;ש;ל;כ;מ;י;(33, 2, 10, 36, 1301)
י;ל;מ;ע;ל;כ;מ;י;ק;ל;ח;ה;י;ה;ה;ז;ו;י;ל;מ;(33, 2, 10, 56, 1321)
ו;ש;ע;ש;י;ש;ע;מ;ל;כ;ב;י;נ;א;י;ת;י;נ;פ;ו;(33, 2, 11, 1, 1341)
ו;ת;ו;ש;ע;ל;י;ת;ל;מ;ע;ש;ל;מ;ע;ב;ו;י;ד;י;(33, 2, 11, 21, 1361)
י;א;ו;ח;ו;ר;ת;ו;ע;ר;ו;ל;ב;ה;ל;כ;ה;ה;נ;ה;(33, 2, 11, 41, 1381)
א;י;ת;י;נ;פ;ו;ש;מ;ש;ה;ת;ח;ת;ן;ו;ר;ת;י;ן;(33, 2, 11, 61, 1401)
ס;ו;ת;ו;ל;ל;ו;ה;ו;ה;מ;כ;ח;ת;ו;א;ר;ל;י;נ;(33, 2, 12, 8, 1421)
ר;ח;א;א;ו;ב;י;ש;ם;ד;א;ה;ה;מ;י;כ;ת;ו;ל;כ;(33, 2, 12, 28, 1441)
ר;ו;ו;ה;ו;ש;ע;ר;ב;כ;ר;ש;א;ת;א;ך;ל;מ;ה;י;(33, 2, 12, 48, 1461)
ה;מ;כ;ח;ל;ן;ו;ר;ת;י;ש;י;ש;י;נ;א;י;ת;י;א;(33, 2, 13, 3, 1481)
ן;מ;ר;ו;א;ה;ן;ו;ר;ת;י;כ;ת;ו;ל;כ;ס;ה;ן;מ;(33, 2, 13, 23, 1501)
ה;ו;ו;ש;א;ר;ב;ו;י;נ;י;ע;ם;כ;ח;ה;ך;ש;ח;ה;(33, 2, 13, 43, 1521)
ם;ג;י;ת;ע;ד;י;ו;ך;ל;ו;ה;ך;ש;ח;ב;ל;י;ס;כ;(33, 2, 14, 17, 1541)
ם;ל;כ;ת;א;ה;ר;ק;י;ד;ח;א;ה;ר;ק;מ;ש;י;נ;א;(33, 2, 14, 37, 1561)
כ;ה;ה;ר;ק;מ;כ;י;ב;ל;ב;י;נ;א;י;ת;ר;מ;א;ו;(33, 2, 15, 1, 1581)
מ;כ;ח;ה;מ;ל;ו;י;נ;ר;ק;י;י;נ;א;ם;ג;ל;י;ס;(33, 2, 15, 21, 1601)
ב;ל;ב;י;ת;ר;ב;ד;ו;ר;ת;ו;י;ז;א;י;נ;א;י;ת;(33, 2, 15, 41, 1621)
ל;ן;ו;ר;כ;ז;ן;י;א;י;כ;ל;ב;ה;ה;ז;ם;ג;ש;י;(33, 2, 15, 61, 1641)
ר;ב;כ;ש;ב;ם;ל;ו;ע;ל;ל;י;ס;כ;ה;ם;ע;ם;כ;ח;(33, 2, 16, 12, 1661)
י;א;ו;ח;כ;ש;נ;ל;כ;ה;ם;י;א;ב;ה;ם;י;מ;י;ה;(33, 2, 16, 32, 1681)
א;נ;ש;ו;ל;י;ס;כ;ה;ם;ע;ם;כ;ח;ה;ת;ו;מ;י;ך;(33, 2, 16, 52, 1701)
ש;ע;מ;ה;י;ל;ע;ע;ר;י;כ;ם;י;י;ח;ה;ת;א;י;ת;(33, 2, 17, 5, 1721)
ב;ה;ל;כ;ה;י;כ;ש;מ;ש;ה;ת;ח;ת;ה;ש;ע;נ;ש;ה;(33, 2, 17, 25, 1741)
ת;א;י;נ;א;י;ת;א;נ;ש;ו;ח;ו;ר;ת;ו;ע;ר;ו;ל;(33, 2, 17, 45, 1761)
ש;מ;ש;ה;ת;ח;ת;ל;מ;ע;י;נ;א;ש;י;ל;מ;ע;ל;כ;(33, 2, 18, 12, 1781)
י;ר;ח;א;ה;י;ה;י;ש;ם;ד;א;ל;ו;נ;ח;י;נ;א;ש;(33, 2, 18, 32, 1801)
ל;כ;ס;ו;א;ה;י;ה;י;ם;כ;ח;ה;ע;ד;ו;י;י;מ;ו;(33, 2, 19, 1, 1821)
ש;ו;י;ת;ל;מ;ע;ש;י;ל;מ;ע;ל;כ;ב;ט;ל;ש;י;ו;(33, 2, 19, 21, 1841)
ו;ל;ב;ה;ה;ז;ם;ג;ש;מ;ש;ה;ת;ח;ת;י;ת;מ;כ;ח;(33, 2, 19, 41, 1861)
כ;ל;ע;י;ב;ל;ת;א;ש;א;י;ל;י;נ;א;י;ת;ו;ב;ס;(33, 2, 20, 2, 1881)
י;כ;ש;מ;ש;ה;ת;ח;ת;י;ת;ל;מ;ע;ש;ל;מ;ע;ה;ל;(33, 2, 20, 22, 1901)
ת;ע;ד;ב;ו;ה;מ;כ;ח;ב;ו;ל;מ;ע;ש;ם;ד;א;ש;י;(33, 2, 21, 3, 1921)
ו;ב;ל;מ;ע;א;ל;ש;ם;ד;א;ל;ו;ן;ו;ר;ש;כ;ב;ו;(33, 2, 21, 23, 1941)
ה;ע;ר;ו;ל;ב;ה;ה;ז;ם;ג;ו;ק;ל;ח;ו;נ;נ;ת;י;(33, 2, 21, 43, 1961)
ל;מ;ע;ל;כ;ב;ם;ד;א;ל;ה;ו;ה;ה;מ;י;כ;ה;ב;ר;(33, 2, 21, 63, 1981)
ח;ת;ל;מ;ע;א;ו;ה;ש;ו;ב;ל;ן;ו;י;ע;ר;ב;ו;ו;(33, 2, 22, 18, 2001)
ו;ם;י;ב;א;כ;מ;ו;י;מ;י;ל;כ;י;כ;ש;מ;ש;ה;ת;(33, 2, 22, 38, 2021)
ב;כ;ש;א;ל;ה;ל;י;ל;ב;ם;ג;ו;נ;י;נ;ע;ס;ע;כ;(33, 2, 23, 16, 2041)
ב;ב;ו;ט;ן;י;א;א;ו;ה;ל;ב;ה;ה;ז;ם;ג;ו;ב;ל;(33, 2, 23, 36, 2061)
נ;ת;א;ה;א;ר;ה;ו;ה;ת;ש;ו;ל;כ;א;י;ש;ם;ד;א;(33, 2, 24, 8, 2081)
י;ת;י;א;ר;ה;ז;ם;ג;ו;ל;מ;ע;ב;ב;ו;ט;ו;ש;פ;(33, 2, 24, 28, 2101)
מ;י;כ;א;י;ה;ם;י;ה;ל;א;ה;ד;י;מ;י;כ;י;נ;א;(33, 2, 24, 48, 2121)
כ;י;נ;מ;מ;ץ;ו;ח;ש;ו;ח;י;י;מ;ו;ל;כ;א;י;י;(33, 2, 25, 4, 2141)
מ;כ;ח;ן;ת;נ;ו;י;נ;פ;ל;ב;ו;ט;ש;ם;ד;א;ל;י;(33, 2, 26, 2, 2161)
ע;ן;ת;נ;א;ט;ו;ח;ל;ו;ה;ח;מ;ש;ו;ת;ע;ד;ו;ה;(33, 2, 26, 22, 2181)
ו;ט;ל;ת;ת;ל;ס;ו;נ;כ;ל;ו;ף;ו;ס;א;ל;ן;י;נ;(33, 2, 26, 42, 2201)
ר;ו;ל;ב;ה;ה;ז;ם;ג;ם;י;ה;ל;א;ה;י;נ;פ;ל;ב;(33, 2, 26, 62, 2221)
פ;ח;ל;כ;ל;ת;ע;ו;ן;מ;ז;ל;כ;ל;ח;ו;ר;ת;ו;ע;(33, 2, 26, 82, 2241)
מ;ל;ת;ע;ו;ת;ד;ל;ל;ת;ע;ם;י;מ;ש;ה;ת;ח;ת;ץ;(33, 3, 1, 15, 2261)
ע;ו;ט;נ;ר;ו;ק;ע;ל;ת;ע;ו;ת;ע;ט;ל;ת;ע;ת;ו;(33, 3, 2, 12, 2281)
ר;פ;ל;ת;ע;א;ו;פ;ר;ל;ת;ע;ו;ג;ו;ר;ה;ל;ת;ע;(33, 3, 3, 1, 2301)
ת;ע;ו;ת;ו;כ;ב;ל;ת;ע;ת;ו;נ;ב;ל;ת;ע;ו;ץ;ו;(33, 3, 3, 21, 2321)
ת;ע;ד;ו;ק;ר;ת;ע;ו;ד;ו;פ;ס;ת;ע;ק;ו;ח;ש;ל;(33, 3, 4, 11, 2341)
ב;א;ס;ו;נ;כ;ת;ע;ו;ם;י;נ;ב;א;ך;י;ל;ש;ה;ל;(33, 3, 5, 3, 2361)
ב;ח;מ;ק;ח;ר;ל;ת;ע;ו;ק;ו;ב;ח;ל;ת;ע;ם;י;נ;(33, 3, 5, 23, 2381)
ו;מ;ש;ל;ת;ע;ד;ב;א;ל;ת;ע;ו;ש;ק;ב;ל;ת;ע;ק;(33, 3, 5, 43, 2401)
ת;ע;ו;ע;ו;ר;ק;ל;ת;ע;ך;י;ל;ש;ה;ל;ת;ע;ו;ר;(33, 3, 6, 20, 2421)
ע;ר;ב;ד;ל;ת;ע;ו;ת;ו;ש;ח;ל;ת;ע;ר;ו;פ;ת;ל;(33, 3, 7, 11, 2441)
ו;ה;מ;ח;ל;מ;ת;ע;א;נ;ש;ל;ת;ע;ו;ב;ה;א;ל;ת;(33, 3, 8, 2, 2461)
א;ב;ה;ש;ו;ע;ה;ן;ו;ר;ת;י;ה;מ;ם;ו;ל;ש;ת;ע;(33, 3, 8, 22, 2481)
ן;י;נ;ע;ה;ת;א;י;ת;י;א;ר;ל;מ;ע;א;ו;ה;ר;ש;(33, 3, 9, 15, 2501)
ל;ם;ד;א;ה;י;נ;ב;ל;ם;י;ה;ל;א;ן;ת;נ;ר;ש;א;(33, 3, 10, 13, 2521)
ת;ע;ב;ה;פ;י;ה;ש;ע;ל;כ;ה;ת;א;ו;ב;ת;ו;נ;ע;(33, 3, 10, 33, 2541)
י;ל;ב;מ;ם;ב;ל;ב;ן;ת;נ;ם;ל;ע;ה;ת;א;ם;ג;ו;(33, 3, 11, 15, 2561)
ה;ש;ע;מ;ה;ת;א;ם;ד;א;ה;א;צ;מ;י;א;ל;ר;ש;א;(33, 3, 11, 35, 2581)
ס;ד;ע;ו;ש;א;ר;מ;ם;י;ה;ל;א;ה;ה;ש;ע;ר;ש;א;(33, 3, 11, 55, 2601)
א;י;כ;ם;ב;ב;ו;ט;ן;י;א;י;כ;י;ת;ע;ד;י;ף;ו;(33, 3, 11, 75, 2621)
ו;י;י;ח;ב;ב;ו;ט;ת;ו;ש;ע;ל;ו;ח;ו;מ;ש;ל;ם;(33, 3, 12, 19, 2641)
ר;ו;ה;ת;ש;ו;ל;כ;א;י;ש;ם;ד;א;ה;ל;כ;ם;ג;ו;(33, 3, 13, 1, 2661)
ם;י;ה;ל;א;ת;ת;מ;ו;ל;מ;ע;ל;כ;ב;ב;ו;ט;ה;א;(33, 3, 13, 21, 2681)
ה;ה;ש;ע;י;ר;ש;א;ל;כ;י;כ;י;ת;ע;ד;י;א;י;ה;(33, 3, 13, 41, 2701)
י;ל;ע;ם;ל;ו;ע;ל;ה;י;ה;י;א;ו;ה;ם;י;ה;ל;א;(33, 3, 14, 18, 2721)
ג;ל;ן;י;א;ו;נ;מ;מ;ו;ף;י;ס;ו;ה;ל;ן;י;א;ו;(33, 3, 14, 38, 2741)
פ;ל;מ;ו;א;ר;י;ש;ה;ש;ע;ם;י;ה;ל;א;ה;ו;ע;ר;(33, 3, 14, 58, 2761)
ל;ר;ש;א;ו;א;ו;ה;ר;ב;כ;ה;י;ה;ש;ה;מ;ו;י;נ;(33, 3, 14, 78, 2781)
ק;ב;י;ם;י;ה;ל;א;ה;ו;ה;י;ה;ר;ב;כ;ת;ו;י;ה;(33, 3, 15, 18, 2801)
ה;ת;ח;ת;י;ת;י;א;ר;ד;ו;ע;ו;ף;ד;ר;נ;ת;א;ש;(33, 3, 15, 38, 2821)
ו;ע;ש;ר;ה;ה;מ;ש;ט;פ;ש;מ;ה;ם;ו;ק;מ;ש;מ;ש;(33, 3, 16, 14, 2841)
י;ת;ר;מ;א;ע;ש;ר;ה;ה;מ;ש;ק;ד;צ;ה;ם;ו;ק;מ;(33, 3, 16, 34, 2861)
ש;ר;ה;ת;א;ו;ק;י;ד;צ;ה;ת;א;י;ב;ל;ב;י;נ;א;(33, 3, 17, 6, 2881)
פ;ח;ל;כ;ל;ת;ע;י;כ;ם;י;ה;ל;א;ה;ט;פ;ש;י;ע;(33, 3, 17, 26, 2901)
נ;א;י;ת;ר;מ;א;ם;ש;ה;ש;ע;מ;ה;ל;כ;ל;ע;ו;ץ;(33, 3, 17, 46, 2921)
ב;ל;ם;ד;א;ה;י;נ;ב;ת;ר;ב;ד;ל;ע;י;ב;ל;ב;י;(33, 3, 18, 8, 2941)
מ;ה;ב;ם;ה;ש;ת;ו;א;ר;ל;ו;ם;י;ה;ל;א;ה;ם;ר;(33, 3, 18, 28, 2961)
ם;ד;א;ה;י;נ;ב;ה;ר;ק;מ;י;כ;ם;ה;ל;ה;מ;ה;ה;(33, 3, 18, 48, 2981)
ה;ל;ד;ח;א;ה;ר;ק;מ;ו;ה;מ;ה;ב;ה;ה;ר;ק;מ;ו;(33, 3, 19, 14, 3001)
ח;א;ח;ו;ר;ו;ה;ז;ת;ו;מ;ן;כ;ה;ז;ת;ו;מ;כ;ם;(33, 3, 19, 34, 3021)
ה;מ;ה;ב;ה;ן;מ;ם;ד;א;ה;ר;ת;ו;מ;ו;ל;כ;ל;ד;(33, 3, 19, 54, 3041)
ל;א;ך;ל;ו;ה;ל;כ;ה;ל;ב;ה;ל;כ;ה;י;כ;ן;י;א;(33, 3, 19, 74, 3061)
ו;ר;פ;ע;ה;ן;מ;ה;י;ה;ל;כ;ה;ד;ח;א;ם;ו;ק;מ;(33, 3, 20, 10, 3081)
ח;ו;ר;ע;ד;ו;י;י;מ;ר;פ;ע;ה;ל;א;ב;ש;ל;כ;ה;(33, 3, 20, 30, 3101)
ו;ה;ל;ע;מ;ל;א;י;ה;ה;ל;ע;ה;ם;ד;א;ה;י;נ;ב;(33, 3, 21, 10, 3121)
ה;ט;מ;ל;א;י;ה;ת;ד;ר;י;ה;ה;מ;ה;ב;ה;ח;ו;ר;(33, 3, 21, 30, 3141)
א;מ;ב;ו;ט;ן;י;א;י;כ;י;ת;י;א;ר;ו;ץ;ר;א;ל;(33, 3, 21, 50, 3161)
ו;ה;י;כ;ו;י;ש;ע;מ;ב;ם;ד;א;ה;ח;מ;ש;י;ר;ש;(33, 3, 22, 17, 3181)
ת;ו;א;ר;ל;ו;נ;א;י;ב;י;י;מ;י;כ;ו;ק;ל;ח;א;(33, 3, 22, 37, 3201)
נ;א;י;ת;ב;ש;ו;ו;י;ר;ח;א;ה;י;ה;י;ש;ה;מ;ב;(33, 3, 22, 57, 3221)
נ;ר;ש;א;ם;י;ק;ש;ע;ה;ל;כ;ת;א;ה;א;ר;א;ו;י;(33, 4, 1, 8, 3241)
ה;ת;ע;מ;ד;ה;נ;ה;ו;ש;מ;ש;ה;ת;ח;ת;ם;י;ש;ע;(33, 4, 1, 28, 3261)
ד;י;מ;ו;ם;ח;נ;מ;ם;ה;ל;ן;י;א;ו;ם;י;ק;ש;ע;(33, 4, 1, 48, 3281)
ו;ם;ח;נ;מ;ם;ה;ל;ן;י;א;ו;ח;כ;ם;ה;י;ק;ש;ע;(33, 4, 1, 68, 3301)
ו;ת;מ;ר;ב;כ;ש;ם;י;ת;מ;ה;ת;א;י;נ;א;ח;ב;ש;(33, 4, 2, 2, 3321)
נ;ד;ע;ם;י;י;ח;ה;מ;ה;ר;ש;א;ם;י;י;ח;ה;ן;מ;(33, 4, 2, 22, 3341)
ל;ן;ד;ע;ר;ש;א;ת;א;ם;ה;י;נ;ש;מ;ב;ו;ט;ו;ה;(33, 4, 2, 42, 3361)
ה;ה;ש;ע;מ;ה;ת;א;ה;א;ר;א;ל;ר;ש;א;ה;י;ה;א;(33, 4, 3, 20, 3381)
י;א;ר;ו;ש;מ;ש;ה;ת;ח;ת;ה;ש;ע;נ;ר;ש;א;ע;ר;(33, 4, 3, 40, 3401)
ר;ש;כ;ל;כ;ת;א;ו;ל;מ;ע;ל;כ;ת;א;י;נ;א;י;ת;(33, 4, 4, 5, 3421)
מ;ש;י;א;ת;א;נ;ק;א;י;ה;י;כ;ה;ש;ע;מ;ה;ן;ו;(33, 4, 4, 25, 3441)
ה;ח;ו;ר;ת;ו;ע;ר;ו;ל;ב;ה;ה;ז;ם;ג;ו;ה;ע;ר;(33, 4, 4, 45, 3461)
ב;ת;א;ל;כ;א;ו;ו;י;ד;י;ת;א;ק;ב;ח;ל;י;ס;כ;(33, 4, 5, 2, 3481)
פ;ח;א;ל;מ;מ;ת;ח;נ;ף;כ;א;ל;מ;ב;ו;ט;ו;ר;ש;(33, 4, 5, 22, 3501)
א;י;ת;ב;ש;ו;ח;ו;ר;ת;ו;ע;ר;ו;ל;מ;ע;ם;י;נ;(33, 4, 6, 18, 3521)
א;ש;י;ש;מ;ש;ה;ת;ח;ת;ל;ב;ה;ה;א;ר;א;ו;י;נ;(33, 4, 7, 7, 3541)
ל;ן;י;א;ח;א;ו;ן;ב;ם;ג;י;נ;ש;ן;י;א;ו;ד;ח;(33, 4, 8, 4, 3561)
י;נ;י;ע;ם;ג;ו;ל;מ;ע;ל;כ;ל;ץ;ק;ן;י;א;ו;ו;(33, 4, 8, 24, 3581)
ל;מ;ע;י;נ;א;י;מ;ל;ו;ר;ש;ע;ע;ב;ש;ת;א;ל;ו;(33, 4, 8, 44, 3601)
ה;ז;ם;ג;ה;ב;ו;ט;מ;י;ש;פ;נ;ת;א;ר;ס;ח;מ;ו;(33, 4, 8, 64, 3621)
ש;ה;ם;י;ב;ו;ט;א;ו;ה;ע;ר;ן;י;נ;ע;ו;ל;ב;ה;(33, 4, 8, 84, 3641)
ר;כ;ש;ם;ה;ל;ש;י;ר;ש;א;ד;ח;א;ה;ן;מ;ם;י;נ;(33, 4, 9, 8, 3661)
ד;ח;א;ה;ו;ל;פ;י;ם;א;י;כ;ם;ל;מ;ע;ב;ב;ו;ט;(33, 4, 9, 28, 3681)
ש;ד;ח;א;ה;ו;ל;י;א;ו;ו;ר;ב;ח;ת;א;ם;י;ק;י;(33, 4, 10, 13, 3701)
א;ם;ג;ו;מ;י;ק;ה;ל;י;נ;ש;ן;י;א;ו;ל;ו;פ;י;(33, 4, 10, 33, 3721)
ח;א;ל;ו;ם;ה;ל;ם;ח;ו;ם;י;נ;ש;ו;ב;כ;ש;י;ם;(33, 4, 11, 4, 3741)
ה;ד;ח;א;ה;ו;פ;ק;ת;י;ם;א;ו;ם;ח;י;ך;י;א;ד;(33, 4, 11, 24, 3761)
מ;ה;ט;ו;ח;ה;ו;ו;ד;ג;נ;ו;ד;מ;ע;י;ם;י;נ;ש;(33, 4, 12, 14, 3781)
ד;ל;י;ב;ו;ט;ק;ת;נ;י;ה;ר;ה;מ;ב;א;ל;ש;ל;ש;(33, 4, 12, 34, 3801)
ל;י;ס;כ;ו;ן;ק;ז;ך;ל;מ;מ;ם;כ;ח;ו;ן;כ;ס;מ;(33, 4, 13, 7, 3821)
ב;מ;י;כ;ד;ו;ע;ר;ה;ז;ה;ל;ע;ד;י;א;ל;ר;ש;א;(33, 4, 13, 27, 3841)
ב;ם;ג;י;כ;ך;ל;מ;ל;א;צ;י;ם;י;ר;ו;ס;ה;ת;י;(33, 4, 14, 5, 3861)
כ;ת;א;י;ת;י;א;ר;ש;ר;ד;ל;ו;נ;ו;ת;ו;כ;ל;מ;(33, 4, 14, 25, 3881)
ש;מ;ש;ה;ת;ח;ת;ם;י;כ;ל;ה;מ;ה;ם;י;י;ח;ה;ל;(33, 4, 15, 9, 3901)
ת;ח;ת;ד;מ;ע;י;ר;ש;א;י;נ;ש;ה;ד;ל;י;ה;ם;ע;(33, 4, 15, 29, 3921)
ה;ר;ש;א;ל;כ;ל;ם;ע;ה;ל;כ;ל;ץ;ק;ן;י;א;ו;י;(33, 4, 15, 49, 3941)
א;ל;ם;י;נ;ו;ר;ח;א;ה;ם;ג;ם;ה;י;נ;פ;ל;ה;י;(33, 4, 16, 19, 3961)
י;ע;ר;ו;ל;ב;ה;ה;ז;ם;ג;י;כ;ו;ב;ו;ח;מ;ש;י;(33, 4, 16, 39, 3981)
ך;ל;ת;ר;ש;א;כ;ך;י;ל;ג;ר;ר;מ;ש;ח;ו;ר;ן;ו;(33, 4, 16, 59, 4001)
ע;מ;ש;ל;ב;ו;ר;ק;ו;ם;י;ה;ל;א;ה;ת;י;ב;ל;א;(33, 4, 17, 16, 4021)
י;ם;נ;י;א;י;כ;ח;ב;ז;ם;י;ל;י;ס;כ;ה;ת;ת;מ;(33, 4, 17, 36, 4041)
ל;ע;ל;ה;ב;ת;ל;א;ע;ר;ת;ו;ש;ע;ל;ם;י;ע;ד;ו;(33, 4, 17, 56, 4061)
ד;א;י;צ;ו;ה;ל;ר;ה;מ;י;ל;א;ך;ב;ל;ו;ך;י;פ;(33, 5, 1, 9, 4081)
ם;י;ה;ל;א;ה;י;כ;ם;י;ה;ל;א;ה;י;נ;פ;ל;ר;ב;(33, 5, 1, 29, 4101)
י;ן;כ;ל;ע;ץ;ר;א;ה;ל;ע;ה;ת;א;ו;ם;י;מ;ש;ב;(33, 5, 1, 49, 4121)
ל;ח;ה;א;ב;י;כ;ם;י;ט;ע;מ;ך;י;ר;ב;ד;ו;י;ה;(33, 5, 1, 69, 4141)
ב;ר;ב;ל;י;ס;כ;ל;ו;ק;ו;ן;י;נ;ע;ב;ר;ב;ם;ו;(33, 5, 2, 8, 4161)
י;ה;ל;א;ל;ר;ד;נ;ר;ד;ת;ר;ש;א;כ;ם;י;ר;ב;ד;(33, 5, 2, 28, 4181)
ץ;פ;ח;ן;י;א;י;כ;ו;מ;ל;ש;ל;ר;ח;א;ת;ל;א;ם;(33, 5, 3, 16, 4201)
ו;ט;ם;ל;ש;ר;ד;ת;ר;ש;א;ת;א;ם;י;ל;י;ס;כ;ב;(33, 5, 3, 36, 4221)
ש;ת;א;ל;ו;ר;ו;ד;ת;ש;מ;ר;ד;ת;א;ל;ר;ש;א;ב;(33, 5, 4, 3, 4241)
ב;ת;א;א;י;ט;ח;ל;ך;י;פ;ת;א;ן;ת;ת;ל;א;ם;ל;(33, 5, 4, 23, 4261)
כ;ך;א;ל;מ;ה;י;נ;פ;ל;ר;מ;א;ת;ל;א;ו;ך;ר;ש;(33, 5, 5, 19, 4281)
י;ה;ל;א;ה;ף;צ;ק;י;ה;מ;ל;א;י;ה;ה;ג;ג;ש;י;(33, 5, 5, 39, 4301)
י;ד;י;ה;ש;ע;מ;ת;א;ל;ב;ח;ו;ך;ל;ו;ק;ל;ע;ם;(33, 5, 5, 59, 4321)
ב;ד;ו;ם;י;ל;ב;ה;ו;ת;ו;מ;ל;ח;ב;ר;ב;י;כ;ך;(33, 5, 5, 79, 4341)
א;ר;י;ם;י;ה;ל;א;ה;ת;א;י;כ;ה;ב;ר;ה;ם;י;ר;(33, 5, 6, 20, 4361)
ת;ק;ד;צ;ו;ט;פ;ש;מ;ל;ז;ג;ו;ש;ר;ק;ש;ע;ם;א;(33, 5, 7, 1, 4381)
פ;ח;ה;ל;ע;ה;מ;ת;ת;ל;א;ה;נ;י;ד;מ;ב;ה;א;ר;(33, 5, 7, 21, 4401)
י;ה;ב;ג;ו;ר;מ;ש;ה;ב;ג;ל;ע;מ;ה;ב;ג;י;כ;ץ;(33, 5, 7, 41, 4421)
י;ה;ל;כ;ב;ץ;ר;א;ן;ו;ר;ת;י;ו;ם;ה;י;ל;ע;ם;(33, 5, 7, 61, 4441)
א;ל;ף;ס;כ;ב;ה;א;ד;ב;ע;נ;ה;ד;ש;ל;ך;ל;מ;א;(33, 5, 8, 15, 4461)
א;ל;ן;ו;מ;ה;ב;ב;ה;א;י;מ;ו;ף;ס;כ;ע;ב;ש;י;(33, 5, 9, 9, 4481)
ו;ט;ה;ת;ו;ב;ר;ב;ל;ב;ה;ה;ז;ם;ג;ה;א;ו;ב;ת;(33, 5, 9, 29, 4501)
ל;ן;ו;ר;ש;כ;ה;מ;ו;ה;י;ל;כ;ו;א;ו;ב;ר;ה;ב;(33, 5, 10, 9, 4521)
ת;מ;ו;י;נ;י;ע;ת;י;א;ר;ם;א;י;כ;ה;י;ל;ע;ב;(33, 5, 10, 29, 4541)
ר;ה;ם;א;ו;ט;ע;מ;ם;א;ד;ב;ע;ה;ת;נ;ש;ה;ק;ו;(33, 5, 11, 3, 4561)
נ;נ;י;א;ר;י;ש;ע;ל;ע;ב;ש;ה;ו;ל;כ;א;י;ה;ב;(33, 5, 11, 23, 4581)
ל;ו;ח;ה;ע;ר;ש;י;ן;ו;ש;י;ל;ו;ל;ח;י;נ;מ;ו;(33, 5, 11, 43, 4601)
ר;ו;מ;ש;ר;ש;ע;ש;מ;ש;ה;ת;ח;ת;י;ת;י;א;ר;ה;(33, 5, 12, 9, 4621)
ה;ר;ש;ע;ה;ד;ב;א;ו;ו;ת;ע;ר;ל;ו;י;ל;ע;ב;ל;(33, 5, 12, 29, 4641)
א;ו;ן;ב;ד;י;ל;ו;ה;ו;ע;ר;ן;י;נ;ע;ב;א;ו;ה;(33, 5, 13, 10, 4661)
ב;מ;א;צ;י;ר;ש;א;כ;ה;מ;ו;א;מ;ו;ד;י;ב;ן;י;(33, 5, 13, 30, 4681)
ב;ש;כ;ת;כ;ל;ל;ב;ו;ש;י;ם;ו;ר;ע;ו;מ;א;ן;ט;(33, 5, 14, 10, 4701)
ל;י;ש;ו;ל;מ;ע;ב;א;ש;י;א;ל;ה;מ;ו;א;מ;ו;א;(33, 5, 14, 30, 4721)
ע;ל;כ;ה;ל;ו;ח;ה;ע;ר;ה;ז;ם;ג;ו;ו;ד;י;ב;ך;(33, 5, 14, 50, 4741)
ו;ל;ן;ו;ר;ת;י;ה;מ;ו;ך;ל;י;ן;כ;א;ב;ש;ת;מ;(33, 5, 15, 16, 4761)
ש;ח;ב;ו;י;מ;י;ל;כ;ם;ג;ח;ו;ר;ל;ל;מ;ע;י;ש;(33, 5, 15, 36, 4781)
ק;ו;ו;י;ל;ח;ו;ה;ב;ר;ה;ס;ע;כ;ו;ל;כ;א;י;ך;(33, 5, 16, 12, 4801)
א;ב;ו;ט;י;נ;א;י;ת;י;א;ר;ר;ש;א;ה;נ;ה;ף;צ;(33, 5, 16, 32, 4821)
א;ר;ל;ו;ת;ו;ת;ש;ל;ו;ל;ו;כ;א;ל;ה;פ;י;ר;ש;(33, 5, 17, 19, 4841)
ח;ת;ל;מ;ע;י;ש;ו;ל;מ;ע;ל;כ;ב;ה;ב;ו;ט;ת;ו;(33, 5, 17, 39, 4861)
ת;נ;ר;ש;א;ו;י;ח;י;מ;י;ר;פ;ס;מ;ש;מ;ש;ה;ת;(33, 5, 17, 59, 4881)
ם;ג;ו;ק;ל;ח;א;ו;ה;י;כ;ם;י;ה;ל;א;ה;ו;ל;ן;(33, 5, 17, 79, 4901)
ם;י;ה;ל;א;ה;ו;ל;ן;ת;נ;ר;ש;א;ם;ד;א;ה;ל;כ;(33, 5, 18, 3, 4921)
ל;כ;א;ל;ו;ט;י;ל;ש;ה;ו;ם;י;ס;כ;נ;ו;ר;ש;ע;(33, 5, 18, 23, 4941)
ח;מ;ש;ל;ו;ו;ק;ל;ח;ת;א;ת;א;ש;ל;ו;ו;נ;מ;מ;(33, 5, 18, 43, 4961)
י;כ;א;י;ה;ם;י;ה;ל;א;ת;ת;מ;ה;ז;ו;ל;מ;ע;ב;(33, 5, 18, 63, 4981)
כ;ו;י;י;ח;י;מ;י;ת;א;ר;כ;ז;י;ה;ב;ר;ה;א;ל;(33, 5, 19, 3, 5001)
י;ו;ב;ל;ת;ח;מ;ש;ב;ה;נ;ע;מ;ם;י;ה;ל;א;ה;י;(33, 5, 19, 23, 5021)
ו;ש;מ;ש;ה;ת;ח;ת;י;ת;י;א;ר;ר;ש;א;ה;ע;ר;ש;(33, 6, 1, 2, 5041)
ת;י;ר;ש;א;ש;י;א;ם;ד;א;ה;ל;ע;א;י;ה;ה;ב;ר;(33, 6, 1, 22, 5061)
כ;ו;ם;י;ס;כ;נ;ו;ר;ש;ע;ם;י;ה;ל;א;ה;ו;ל;ן;(33, 6, 2, 9, 5081)
ל;כ;מ;ו;ש;פ;נ;ל;ר;ס;ח;ו;נ;נ;י;א;ו;ד;ו;ב;(33, 6, 2, 29, 5101)
א;ה;ו;נ;ט;י;ל;ש;י;א;ל;ו;ה;ו;א;ת;י;ר;ש;א;(33, 6, 2, 49, 5121)
ר;כ;נ;ש;י;א;י;כ;ו;נ;מ;מ;ל;כ;א;ל;ם;י;ה;ל;(33, 6, 2, 69, 5141)
ו;ה;ע;ר;י;ל;ח;ו;ל;ב;ה;ה;ז;ו;נ;ל;כ;א;י;י;(33, 6, 2, 89, 5161)
ר;ם;י;נ;ש;ו;ה;א;מ;ש;י;א;ד;י;ל;ו;י;ם;א;א;(33, 6, 2, 109, 5181)
נ;ש;י;מ;י;ו;י;ה;י;ש;ב;ר;ו;ה;י;ח;י;ת;ו;ב;(33, 6, 3, 20, 5201)
ה;ב;ו;ט;ה;ן;מ;ע;ב;ש;ת;א;ל;ו;ש;פ;נ;ו;ו;י;(33, 6, 3, 40, 5221)
ת;ר;מ;א;ו;ל;ה;ת;י;ה;א;ל;ה;ר;ו;ב;ק;ם;ג;ו;(33, 6, 3, 60, 5241)
א;ב;ל;ב;ה;ב;י;כ;ל;פ;נ;ה;ו;נ;מ;מ;ב;ו;ט;י;(33, 6, 3, 80, 5261)
ה;ס;כ;י;ו;מ;ש;ך;ש;ח;ב;ו;ך;ל;י;ך;ש;ח;ב;ו;(33, 6, 4, 9, 5281)
ל;ת;ח;נ;ע;ד;י;א;ל;ו;ה;א;ר;א;ל;ש;מ;ש;ם;ג;(33, 6, 5, 1, 5301)
פ;ם;י;נ;ש;ף;ל;א;ה;י;ח;ו;ל;א;ו;ה;ז;מ;ה;ז;(33, 6, 5, 21, 5321)
מ;ל;א;א;ל;ה;ה;א;ר;א;ל;ה;ב;ו;ט;ו;ם;י;מ;ע;(33, 6, 6, 16, 5341)
א;ה;ל;מ;ע;ל;כ;ך;ל;ו;ה;ל;כ;ה;ד;ח;א;ם;ו;ק;(33, 6, 6, 36, 5361)
א;ל;מ;ת;א;ל;ש;פ;נ;ה;ם;ג;ו;ו;ה;י;פ;ל;ם;ד;(33, 6, 7, 8, 5381)
מ;ל;י;ס;כ;ה;ן;מ;ם;כ;ח;ל;ר;ת;ו;י;ה;מ;י;כ;(33, 6, 8, 1, 5401)
י;י;ח;ה;ד;ג;נ;ך;ל;ה;ל;ע;ד;ו;י;י;נ;ע;ל;ה;(33, 6, 8, 21, 5421)
ש;פ;נ;ך;ל;ה;מ;ם;י;נ;י;ע;ה;א;ר;מ;ב;ו;ט;ם;(33, 6, 8, 41, 5441)
י;ה;ש;ה;מ;ח;ו;ר;ת;ו;ע;ר;ו;ל;ב;ה;ה;ז;ם;ג;(33, 6, 9, 20, 5461)
ה;ר;ש;א;ע;ד;ו;נ;ו;ו;מ;ש;א;ר;ק;נ;ר;ב;כ;ה;(33, 6, 10, 6, 5481)
ה;ש;ם;ע;ן;י;ד;ל;ל;כ;ו;י;א;ל;ו;ם;ד;א;א;ו;(33, 6, 10, 26, 5501)
ב;ר;ה;ם;י;ר;ב;ד;ש;י;י;כ;ו;נ;מ;מ;ף;י;ק;ת;(33, 6, 10, 46, 5521)
י;כ;ם;ד;א;ל;ר;ת;י;ה;מ;ל;ב;ה;ם;י;ב;ר;מ;ה;(33, 6, 11, 13, 5541)
ם;י;י;ח;ב;ם;ד;א;ל;ב;ו;ט;ה;מ;ע;ד;ו;י;י;מ;(33, 6, 12, 3, 5561)
כ;ם;ש;ע;י;ו;ו;ל;ב;ה;י;י;ח;י;מ;י;ר;פ;ס;מ;(33, 6, 12, 23, 5581)
י;ה;י;ה;מ;ם;ד;א;ל;ד;י;ג;י;י;מ;ר;ש;א;ל;צ;(33, 6, 12, 43, 5601)
ש;מ;ם;ש;ב;ו;ט;ש;מ;ש;ה;ת;ח;ת;ו;י;ר;ח;א;ה;(33, 6, 12, 63, 5621)
ל;ו;ה;ם;ו;י;מ;ת;ו;מ;ה;ם;ו;י;ו;ב;ו;ט;ן;מ;(33, 7, 1, 8, 5641)
כ;ל;מ;ל;ב;א;ת;י;ב;ל;א;ת;כ;ל;ל;ב;ו;ט;ו;ד;(33, 7, 1, 28, 5661)
ף;ו;ס;א;ו;ה;ר;ש;א;ב;ה;ת;ש;מ;ת;י;ב;ל;א;ת;(33, 7, 2, 19, 5681)
ו;ט;ו;ב;ל;ל;א;ן;ת;י;י;ח;ה;ו;ם;ד;א;ה;ל;כ;(33, 7, 2, 39, 5701)
ט;י;י;ם;י;נ;פ;ע;ר;ב;י;כ;ק;ח;ש;מ;ס;ע;כ;ב;(33, 7, 3, 3, 5721)
ב;ל;ו;ל;ב;א;ת;י;ב;ב;ם;י;מ;כ;ח;ב;ל;ב;ל;ב;(33, 7, 3, 23, 5741)
מ;ש;ל;ב;ו;ט;ה;ח;מ;ש;ת;י;ב;ב;ם;י;ל;י;ס;כ;(33, 7, 4, 18, 5761)
ס;כ;ר;י;ש;ע;מ;ש;ש;י;א;מ;ם;כ;ח;ת;ר;ע;ג;ע;(33, 7, 5, 7, 5781)
ה;ת;ח;ת;ם;י;ר;י;ס;ה;ל;ו;ק;כ;י;כ;ם;י;ל;י;(33, 7, 5, 27, 5801)
ב;ה;ה;ז;ם;ג;ו;ל;י;ס;כ;ה;ק;ח;ש;ן;כ;ר;י;ס;(33, 7, 6, 17, 5821)
ד;ב;א;י;ו;ם;כ;ח;ל;ל;ו;ה;י;ק;ש;ע;ה;י;כ;ל;(33, 7, 6, 37, 5841)
מ;ר;ב;ד;ת;י;ר;ח;א;ב;ו;ט;ה;נ;ת;מ;ב;ל;ת;א;(33, 7, 7, 20, 5861)
ר;ה;ב;ג;מ;ח;ו;ר;ך;ר;א;ב;ו;ט;ו;ת;י;ש;א;ר;(33, 7, 8, 13, 5881)
י;כ;ס;ו;ע;כ;ל;ך;ח;ו;ר;ב;ל;ה;ב;ת;ל;א;ח;ו;(33, 7, 8, 33, 5901)
ת;ל;א;ח;ו;נ;י;ם;י;ל;י;ס;כ;ק;י;ח;ב;ס;ע;כ;(33, 7, 9, 19, 5921)
י;נ;ש;א;ר;ה;ם;י;מ;י;ה;ש;ה;י;ה;ה;מ;ר;מ;א;(33, 7, 10, 4, 5941)
כ;ח;מ;א;ל;י;כ;ה;ל;א;מ;ם;י;ב;ו;ט;ו;י;ה;ם;(33, 7, 10, 24, 5961)
ם;ע;ה;מ;כ;ח;ה;ב;ו;ט;ה;ז;ל;ע;ת;ל;א;ש;ה;מ;(33, 7, 10, 44, 5981)
צ;ב;י;כ;ש;מ;ש;ה;י;א;ר;ל;ר;ת;י;ו;ה;ל;ח;נ;(33, 7, 11, 11, 6001)
ד;ן;ו;ר;ת;י;ו;ף;ס;כ;ה;ל;צ;ב;ה;מ;כ;ח;ה;ל;(33, 7, 12, 5, 6021)
א;ה;א;ר;ה;י;ל;ע;ב;ה;י;ח;ת;ה;מ;כ;ח;ה;ת;ע;(33, 7, 12, 25, 6041)
ל;ל;כ;ו;י;י;מ;י;כ;ם;י;ה;ל;א;ה;ה;ש;ע;מ;ת;(33, 7, 13, 5, 6061)
ה;ב;ו;ט;ם;ו;י;ב;ו;ת;ו;ע;ר;ש;א;ת;א;ן;ק;ת;(33, 7, 13, 25, 6081)
ם;ג;ה;א;ר;ה;ע;ר;ם;ו;י;ב;ו;ב;ו;ט;ב;ה;י;ה;(33, 7, 14, 9, 6101)
ע;ם;י;ה;ל;א;ה;ה;ש;ע;ה;ז;ת;מ;ע;ל;ה;ז;ת;א;(33, 7, 14, 29, 6121)
י;ר;ח;א;ם;ד;א;ה;א;צ;מ;י;א;ל;ש;ת;ר;ב;ד;ל;(33, 7, 14, 49, 6141)
י;מ;י;ב;י;ת;י;א;ר;ל;כ;ה;ת;א;ה;מ;ו;א;מ;ו;(33, 7, 14, 69, 6161)
י;ו;ו;ק;ד;צ;ב;ד;ב;א;ק;י;ד;צ;ש;י;י;ל;ב;ה;(33, 7, 15, 15, 6181)
צ;י;ה;ת;ל;א;ו;ת;ע;ר;ב;ך;י;ר;א;מ;ע;ש;ר;ש;(33, 7, 15, 35, 6201)
ל;ר;ת;ו;י;ם;כ;ח;ת;ת;ל;א;ו;ה;ב;ר;ה;ק;י;ד;(33, 7, 16, 7, 6221)
ל;א;ו;ה;ב;ר;ה;ע;ש;ר;ת;ל;א;ם;מ;ו;ש;ת;ה;מ;(33, 7, 16, 27, 6241)
ט;ך;ת;ע;א;ל;ב;ת;ו;מ;ת;ה;מ;ל;ל;כ;ס;י;ה;ת;(33, 7, 17, 14, 6261)
ל;א;ה;ז;מ;ם;ג;ו;ה;ז;ב;ז;ח;א;ת;ר;ש;א;ב;ו;(33, 7, 18, 2, 6281)
צ;י;ם;י;ה;ל;א;א;ר;י;י;כ;ך;ד;י;ת;א;ח;נ;ת;(33, 7, 18, 22, 6301)
ע;מ;ם;כ;ח;ל;ז;ע;ת;ה;מ;כ;ח;ה;ם;ל;כ;ת;א;א;(33, 7, 18, 42, 6321)
כ;ר;י;ע;ב;ו;י;ה;ר;ש;א;ם;י;ט;י;ל;ש;ה;ר;ש;(33, 7, 19, 15, 6341)
ע;י;ר;ש;א;ץ;ר;א;ב;ק;י;ד;צ;ן;י;א;ם;ד;א;י;(33, 7, 20, 2, 6361)
ב;ד;ה;ל;כ;ל;ם;ג;א;ט;ח;י;א;ל;ו;ב;ו;ט;ה;ש;(33, 7, 20, 22, 6381)
א;ך;ב;ל;ן;ת;ת;ל;א;ו;ר;ב;ד;י;ר;ש;א;ם;י;ר;(33, 7, 21, 9, 6401)
כ;ך;ל;ל;ק;מ;ך;ד;ב;ע;ת;א;ע;מ;ש;ת;א;ל;ר;ש;(33, 7, 21, 29, 6421)
ש;א;ך;ב;ל;ע;ד;י;ת;ו;ב;ר;ם;י;מ;ע;פ;ם;ג;י;(33, 7, 22, 2, 6441)
ס;נ;ה;ז;ל;כ;ם;י;ר;ח;א;ת;ל;ל;ק;ת;א;ם;ג;ר;(33, 7, 22, 22, 6461)
ה;ו;ה;מ;כ;ח;א;י;ת;ר;מ;א;ה;מ;כ;ח;ב;י;ת;י;(33, 7, 23, 7, 6481)
י;ה;ש;ה;מ;ק;ו;ח;ר;י;נ;מ;מ;ה;ק;ו;ח;ר;א;י;(33, 7, 23, 27, 6501)
ת;ו;ב;ס;ו;נ;א;צ;מ;י;י;מ;ק;מ;ע;ק;מ;ע;ו;ה;(33, 7, 24, 10, 6521)
ק;ב;ו;ר;ו;ת;ל;ו;ת;ע;ד;ל;י;ב;ל;ו;י;נ;א;י;(33, 7, 25, 5, 6541)
כ;ע;ש;ר;ת;ע;ד;ל;ו;ן;ו;ב;ש;ח;ו;ה;מ;כ;ח;ש;(33, 7, 25, 25, 6561)
א;צ;ו;מ;ו;ת;ו;ל;ל;ו;ה;ת;ו;ל;כ;ס;ה;ו;ל;ס;(33, 7, 25, 45, 6581)
י;ה;ר;ש;א;ה;ש;א;ה;ת;א;ת;ו;מ;מ;ר;מ;י;נ;א;(33, 7, 26, 6, 6601)
ר;ו;ס;א;ה;ב;ל;ם;י;מ;ר;ח;ו;ם;י;ד;ו;צ;מ;א;(33, 7, 26, 26, 6621)
י;ם;י;ה;ל;א;ה;י;נ;פ;ל;ב;ו;ט;ה;י;ד;י;ם;י;(33, 7, 26, 46, 6641)
א;ר;ה;ב;ד;כ;ל;י;א;ט;ו;ח;ו;ה;נ;מ;מ;ט;ל;מ;(33, 7, 26, 66, 6661)
ל;ת;ח;א;ת;ל;ה;ק;ה;ר;מ;א;י;ת;א;צ;מ;ה;ז;ה;(33, 7, 27, 3, 6681)
ק;ב;ד;ו;ע;ר;ש;א;ן;ו;ב;ש;ח;א;צ;מ;ל;ת;ח;א;(33, 7, 27, 23, 6701)
ד;ח;א;ם;ד;א;י;ת;א;צ;מ;א;ל;ו;י;ש;פ;נ;ה;ש;(33, 7, 28, 9, 6721)
ל;ה;ל;א;ל;כ;ב;ה;ש;א;ו;י;ת;א;צ;מ;ף;ל;א;מ;(33, 7, 28, 29, 6741)
א;י;ת;א;צ;מ;ה;ז;ה;א;ר;ד;ב;ל;י;ת;א;צ;מ;א;(33, 7, 28, 49, 6761)
ר;ש;י;ם;ד;א;ה;ת;א;ם;י;ה;ל;א;ה;ה;ש;ע;ר;ש;(33, 7, 29, 15, 6781)
י;מ;ם;י;ב;ר;ת;ו;נ;ב;ש;ח;ו;ש;ק;ב;ה;מ;ה;ו;(33, 7, 29, 35, 6801)
כ;ח;ר;ב;ד;ר;ש;פ;ע;ד;ו;י;י;מ;ו;ם;כ;ח;ה;כ;(33, 8, 1, 3, 6821)
ו;י;נ;פ;ז;ע;ו;ו;י;נ;פ;ר;י;א;ת;ם;ד;א;ת;מ;(33, 8, 1, 23, 6841)
ד;ל;ע;ו;ר;ו;מ;ש;ך;ל;מ;י;פ;י;נ;א;א;נ;ש;י;(33, 8, 1, 43, 6861)
מ;ל;ה;ב;ת;ל;א;ם;י;ה;ל;א;ת;ע;ו;ב;ש;ת;ר;ב;(33, 8, 2, 17, 6881)
כ;ע;ר;ר;ב;ד;ב;ד;מ;ע;ת;ל;א;ך;ל;ת;ו;י;נ;פ;(33, 8, 3, 8, 6901)
ב;ד;ר;ש;א;ב;ה;ש;ע;י;ץ;פ;ח;י;ר;ש;א;ל;כ;י;(33, 8, 3, 28, 6921)
ה;מ;ו;ל;ר;מ;א;י;י;מ;ו;ן;ו;ט;ל;ש;ך;ל;מ;ר;(33, 8, 4, 7, 6941)
ר;ב;ד;ע;ד;י;א;ל;ה;ו;צ;מ;ר;מ;ו;ש;ה;ש;ע;ת;(33, 8, 4, 27, 6961)
י;כ;ם;כ;ח;ב;ל;ע;ד;י;ט;פ;ש;מ;ו;ת;ע;ו;ע;ר;(33, 8, 5, 17, 6981)
ת;ע;ר;י;כ;ט;פ;ש;מ;ו;ת;ע;ש;י;ץ;פ;ח;ל;כ;ל;(33, 8, 6, 3, 7001)
ד;י;ו;נ;נ;י;א;י;כ;ו;י;ל;ע;ה;ב;ר;ם;ד;א;ה;(33, 8, 6, 23, 7021)
י;מ;ה;י;ה;י;ר;ש;א;כ;י;כ;ה;י;ה;י;ש;ה;מ;ע;(33, 8, 7, 10, 7041)
ח;ו;ר;ב;ט;י;ל;ש;ם;ד;א;ן;י;א;ו;ל;ד;י;ג;י;(33, 8, 7, 30, 7061)
ן;ו;ט;ל;ש;ן;י;א;ו;ח;ו;ר;ה;ת;א;א;ו;ל;כ;ל;(33, 8, 8, 15, 7081)
ל;מ;ב;ת;ח;ל;ש;מ;ן;י;א;ו;ת;ו;מ;ה;ם;ו;י;ב;(33, 8, 8, 35, 7101)
ו;י;ל;ע;ב;ת;א;ע;ש;ר;ט;ל;מ;י;א;ל;ו;ה;מ;ח;(33, 8, 8, 55, 7121)
ב;ל;ת;א;ן;ו;ת;נ;ו;י;ת;י;א;ר;ה;ז;ל;כ;ת;א;(33, 8, 9, 1, 7141)
ש;ה;ת;ח;ת;ה;ש;ע;נ;ר;ש;א;ה;ש;ע;מ;ל;כ;ל;י;(33, 8, 9, 21, 7161)
ר;ל;ם;ד;א;ב;ם;ד;א;ה;ט;ל;ש;ר;ש;א;ת;ע;ש;מ;(33, 8, 9, 41, 7181)
ר;ב;ק;ם;י;ע;ש;ר;י;ת;י;א;ר;ן;כ;ב;ו;ו;ל;ע;(33, 8, 9, 61, 7201)
כ;ל;ה;י;ש;ו;ד;ק;ם;ו;ק;מ;מ;ו;ו;א;ב;ו;ם;י;(33, 8, 10, 18, 7221)
ו;ש;ע;ן;כ;ר;ש;א;ר;י;ע;ב;ו;ח;כ;ת;ש;י;ו;ו;(33, 8, 10, 38, 7241)
ג;ת;פ;ה;ש;ע;נ;ן;י;א;ר;ש;א;ל;ב;ה;ה;ז;ם;ג;(33, 8, 10, 58, 7261)
א;ל;מ;ן;כ;ל;ע;ה;ר;ה;מ;ה;ע;ר;ה;ה;ש;ע;מ;ם;(33, 8, 11, 14, 7281)
א;ע;ר;ת;ו;ש;ע;ל;ם;ה;ב;ם;ד;א;ה;י;נ;ב;ב;ל;(33, 8, 11, 34, 7301)
ל;ך;י;ר;א;מ;ו;ת;א;מ;ע;ר;ה;ש;ע;א;ט;ח;ר;ש;(33, 8, 12, 2, 7321)
ט;ה;י;ה;י;ר;ש;א;י;נ;א;ע;ד;ו;י;ם;ג;י;כ;ו;(33, 8, 12, 22, 7341)
א;ר;י;י;ר;ש;א;ם;י;ה;ל;א;ה;י;א;ר;י;ל;ב;ו;(33, 8, 12, 42, 7361)
ש;ר;ל;ה;י;ה;י;א;ל;ב;ו;ט;ו;ו;י;נ;פ;ל;מ;ו;(33, 8, 12, 62, 7381)
א;ר;ש;א;ל;צ;כ;ם;י;מ;י;ך;י;ר;א;י;א;ל;ו;ע;(33, 8, 13, 14, 7401)
ה;ש;י;ם;י;ה;ל;א;י;נ;פ;ל;מ;א;ר;י;ו;נ;נ;י;(33, 8, 13, 34, 7421)
ש;י;ר;ש;א;ץ;ר;א;ה;ל;ע;ה;ש;ע;נ;ר;ש;א;ל;ב;(33, 8, 14, 4, 7441)
ע;מ;כ;ם;ה;ל;א;ע;י;ג;מ;ר;ש;א;ם;י;ק;י;ד;צ;(33, 8, 14, 24, 7461)
י;ג;מ;ש;ם;י;ע;ש;ר;ש;י;ו;ם;י;ע;ש;ר;ה;ה;ש;(33, 8, 14, 44, 7481)
ר;מ;א;ם;י;ק;י;ד;צ;ה;ה;ש;ע;מ;כ;ם;ה;ל;א;ע;(33, 8, 14, 64, 7501)
א;י;נ;א;י;ת;ח;ב;ש;ו;ל;ב;ה;ה;ז;ם;ג;ש;י;ת;(33, 8, 14, 84, 7521)
ת;ם;ד;א;ל;ב;ו;ט;ן;י;א;ר;ש;א;ה;ח;מ;ש;ה;ת;(33, 8, 15, 11, 7541)
ו;ת;ש;ל;ו;ל;ו;כ;א;ל;ם;א;י;כ;ש;מ;ש;ה;ת;ח;(33, 8, 15, 31, 7561)
ל;מ;ע;ב;ו;נ;ו;ל;י;א;ו;ה;ו;ח;ו;מ;ש;ל;ו;ת;(33, 8, 15, 51, 7581)
ה;ל;א;ה;ו;ל;ן;ת;נ;ר;ש;א;ו;י;י;ח;י;מ;י;ו;(33, 8, 15, 71, 7601)
ל;ת;א;י;ת;ת;נ;ר;ש;א;כ;ש;מ;ש;ה;ת;ח;ת;ם;י;(33, 8, 15, 91, 7621)
ע;ה;ת;א;ת;ו;א;ר;ל;ו;ה;מ;כ;ח;ת;ע;ד;ל;י;ב;(33, 8, 16, 12, 7641)
ם;ג;י;כ;ץ;ר;א;ה;ל;ע;ה;ש;ע;נ;ר;ש;א;ן;י;נ;(33, 8, 16, 32, 7661)
א;ו;י;נ;י;ע;ב;ה;נ;ש;ה;ל;י;ל;ב;ו;ם;ו;י;ב;(33, 8, 16, 52, 7681)
ש;ע;מ;ל;כ;ת;א;י;ת;י;א;ר;ו;ה;א;ר;ו;נ;נ;י;(33, 8, 16, 72, 7701)
ל;ם;ד;א;ה;ל;כ;ו;י;א;ל;י;כ;ם;י;ה;ל;א;ה;ה;(33, 8, 17, 14, 7721)
ח;ת;ה;ש;ע;נ;ר;ש;א;ה;ש;ע;מ;ה;ת;א;א;ו;צ;מ;(33, 8, 17, 34, 7741)
ל;ם;ד;א;ה;ל;מ;ע;י;ר;ש;א;ל;ש;ב;ש;מ;ש;ה;ת;(33, 8, 17, 54, 7761)
ה;ר;מ;א;י;ם;א;ם;ג;ו;א;צ;מ;י;א;ל;ו;ש;ק;ב;(33, 8, 17, 74, 7781)
א;י;כ;א;צ;מ;ל;ל;כ;ו;י;א;ל;ת;ע;ד;ל;ם;כ;ח;(33, 8, 17, 94, 7801)
א;ר;ו;ב;ל;ו;י;ב;ל;ל;א;י;ת;ת;נ;ה;ז;ל;כ;ת;(33, 9, 1, 4, 7821)
מ;כ;ח;ה;ו;ם;י;ק;י;ד;צ;ה;ר;ש;א;ה;ז;ל;כ;ת;(33, 9, 1, 24, 7841)
ם;ג;ם;י;ה;ל;א;ה;ד;י;ב;ם;ה;י;ד;ב;ע;ו;ם;י;(33, 9, 1, 44, 7861)
ד;א;ה;ע;ד;ו;י;ן;י;א;ה;א;נ;ש;ם;ג;ה;ב;ה;א;(33, 9, 1, 64, 7881)
ל;כ;ל;ר;ש;א;כ;ל;כ;ה;ם;ה;י;נ;פ;ל;ל;כ;ה;ם;(33, 9, 1, 84, 7901)
ו;ט;ל;ע;ש;ר;ל;ו;ק;י;ד;צ;ל;ד;ח;א;ה;ר;ק;מ;(33, 9, 2, 11, 7921)
א;ל;ו;ח;ב;ז;ל;ו;א;מ;ט;ל;ו;ר;ו;ה;ט;ל;ו;ב;(33, 9, 2, 31, 7941)
נ;ה;א;ט;ח;כ;ב;ו;ט;כ;ח;ב;ז;ו;נ;נ;י;א;ר;ש;(33, 9, 2, 51, 7961)
ב;ע;ר;ה;ז;א;ר;י;ה;ע;ו;ב;ש;ר;ש;א;כ;ע;ב;ש;(33, 9, 2, 71, 7981)
ק;מ;י;כ;ש;מ;ש;ה;ת;ח;ת;ה;ש;ע;נ;ר;ש;א;ל;כ;(33, 9, 3, 6, 8001)
ם;ד;א;ה;י;נ;ב;ב;ל;ם;ג;ו;ל;כ;ל;ד;ח;א;ה;ר;(33, 9, 3, 26, 8021)
י;ח;ב;ם;ב;ב;ל;ב;ת;ו;ל;ל;ו;ה;ו;ע;ר;א;ל;מ;(33, 9, 3, 46, 8041)
י;מ;י;כ;ם;י;ת;מ;ה;ל;א;ו;י;ר;ח;א;ו;ם;ה;י;(33, 9, 3, 66, 8061)
ט;ב;ש;י;ם;י;י;ח;ה;ל;כ;ל;א;ר;ח;ב;י;ר;ש;א;(33, 9, 4, 5, 8081)
ה;ן;מ;ב;ו;ט;א;ו;ה;י;ח;ב;ל;כ;ל;י;כ;ן;ו;ח;(33, 9, 4, 25, 8101)
ם;י;ע;ד;ו;י;ם;י;י;ח;ה;י;כ;ת;מ;ה;ה;י;ר;א;(33, 9, 4, 45, 8121)
י;ע;ד;ו;י;ם;נ;י;א;ם;י;ת;מ;ה;ו;ו;ת;מ;י;ש;(33, 9, 5, 14, 8141)
כ;ר;כ;ש;ם;ה;ל;ד;ו;ע;ן;י;א;ו;ה;מ;ו;א;מ;ם;(33, 9, 5, 34, 8161)
נ;ש;ם;ג;ם;ת;ב;ה;א;ם;ג;ם;ר;כ;ז;ח;כ;ש;נ;י;(33, 9, 5, 54, 8181)
ל;ח;ו;ה;ד;ב;א;ר;ב;כ;ם;ת;א;נ;ק;ם;ג;ם;ת;א;(33, 9, 6, 12, 8201)
ש;א;ל;כ;ב;ם;ל;ו;ע;ל;ד;ו;ע;ם;ה;ל;ן;י;א;ק;(33, 9, 6, 32, 8221)
מ;ש;ב;ל;כ;א;ך;ל;ש;מ;ש;ה;ת;ח;ת;ה;ש;ע;נ;ר;(33, 9, 6, 52, 8241)
ך;נ;י;י;ב;ו;ט;ב;ל;ב;ה;ת;ש;ו;ך;מ;ח;ל;ה;ח;(33, 9, 7, 9, 8261)
י;ש;ע;מ;ת;א;ם;י;ה;ל;א;ה;ה;צ;ר;ר;ב;כ;י;כ;(33, 9, 7, 29, 8281)
ם;י;נ;ב;ל;ך;י;ד;ג;ב;ו;י;ה;י;ת;ע;ל;כ;ב;ך;(33, 9, 7, 49, 8301)
ח;ה;א;ר;ר;ס;ח;י;ל;א;ך;ש;א;ר;ל;ע;ן;מ;ש;ו;(33, 9, 8, 20, 8321)
י;מ;י;ל;כ;ת;ב;ה;א;ר;ש;א;ה;ש;א;ם;ע;ם;י;י;(33, 9, 9, 5, 8341)
ש;ה;ת;ח;ת;ך;ל;ן;ת;נ;ר;ש;א;ך;ל;ב;ה;י;י;ח;(33, 9, 9, 25, 8361)
ך;ק;ל;ח;א;ו;ה;י;כ;ך;ל;ב;ה;י;מ;י;ל;כ;ש;מ;(33, 9, 9, 45, 8381)
ל;מ;ע;ה;ת;א;ר;ש;א;ך;ל;מ;ע;ב;ו;ם;י;י;ח;ב;(33, 9, 9, 65, 8401)
ל;ך;ד;י;א;צ;מ;ת;ר;ש;א;ל;כ;ש;מ;ש;ה;ת;ח;ת;(33, 9, 9, 85, 8421)
ה;ש;ע;מ;ן;י;א;י;כ;ה;ש;ע;ך;ח;כ;ב;ת;ו;ש;ע;(33, 9, 10, 14, 8441)
ל;ו;א;ש;ב;ה;מ;כ;ח;ו;ת;ע;ד;ו;ן;ו;ב;ש;ח;ו;(33, 9, 10, 34, 8461)
ה;א;ר;ו;י;ת;ב;ש;ה;מ;ש;ך;ל;ה;ה;ת;א;ר;ש;א;(33, 9, 10, 54, 8481)
ו;ר;מ;ה;ם;י;ל;ק;ל;א;ל;י;כ;ש;מ;ש;ה;ת;ח;ת;(33, 9, 11, 9, 8501)
ם;ג;ו;ה;מ;ח;ל;מ;ה;ם;י;ר;ו;ב;ג;ל;א;ל;ו;ץ;(33, 9, 11, 29, 8521)
נ;ב;נ;ל;א;ל;ם;ג;ו;ם;ח;ל;ם;י;מ;כ;ח;ל;א;ל;(33, 9, 11, 49, 8541)
י;כ;ן;ח;ם;י;ע;ד;י;ל;א;ל;ם;ג;ו;ר;ש;ע;ם;י;(33, 9, 11, 69, 8561)
ל;ם;ג;י;כ;ם;ל;כ;ת;א;ה;ר;ק;י;ע;ג;פ;ו;ת;ע;(33, 9, 11, 89, 8581)
נ;ש;ם;י;ג;ד;כ;ו;ת;ע;ת;א;ם;ד;א;ה;ע;ד;י;א;(33, 9, 12, 6, 8601)
י;ר;פ;צ;כ;ו;ה;ע;ר;ה;ד;ו;צ;מ;ב;ם;י;ז;ח;א;(33, 9, 12, 26, 8621)
ב;ם;י;ש;ק;ו;י;ם;ה;כ;ח;פ;ב;ת;ו;ז;ח;א;ה;ם;(33, 9, 12, 46, 8641)
ל;ע;ל;ו;פ;ת;ש;כ;ה;ע;ר;ת;ע;ל;ם;ד;א;ה;י;נ;(33, 9, 12, 66, 8661)
ה;מ;כ;ח;י;ת;י;א;ר;ה;ז;ם;ג;ם;א;ת;פ;ם;ה;י;(33, 9, 12, 86, 8681)
ע;י;ל;א;א;י;ה;ה;ל;ו;ד;ג;ו;ש;מ;ש;ה;ת;ח;ת;(33, 9, 13, 14, 8701)
א;ב;ו;ט;ע;מ;ה;ב;ם;י;ש;נ;א;ו;ה;נ;ט;ק;ר;י;(33, 9, 14, 2, 8721)
ב;ו;ה;ת;א;ב;ב;ס;ו;ל;ו;ד;ג;ך;ל;מ;ה;י;ל;א;(33, 9, 14, 22, 8741)
צ;מ;ו;ם;י;ל;ד;ג;ם;י;ד;ו;צ;מ;ה;י;ל;ע;ה;נ;(33, 9, 14, 42, 8761)
א;ו;ה;ט;ל;מ;ו;ם;כ;ח;ן;כ;ס;מ;ש;י;א;ה;ב;א;(33, 9, 15, 4, 8781)
כ;ז;א;ל;ם;ד;א;ו;ו;ת;מ;כ;ח;ב;ר;י;ע;ה;ת;א;(33, 9, 15, 24, 8801)
ר;מ;א;ו;א;ו;ה;ה;ן;כ;ס;מ;ה;ש;י;א;ה;ת;א;ר;(33, 9, 15, 44, 8821)
ו;ה;ר;ו;ב;ג;מ;ה;מ;כ;ח;ה;ב;ו;ט;י;נ;א;י;ת;(33, 9, 16, 5, 8841)
ו;י;ר;ב;ד;ו;ה;י;ו;ז;ב;ן;כ;ס;מ;ה;ת;מ;כ;ח;(33, 9, 16, 25, 8861)
ב;ם;י;מ;כ;ח;י;ר;ב;ד;ם;י;ע;מ;ש;נ;ם;נ;י;א;(33, 9, 16, 45, 8881)
כ;ב;ל;ש;ו;מ;ת;ק;ע;ז;מ;ם;י;ע;מ;ש;נ;ת;ח;נ;(33, 9, 17, 11, 8901)
ב;ר;ק;י;ל;כ;מ;ה;מ;כ;ח;ה;ב;ו;ט;ם;י;ל;י;ס;(33, 9, 17, 31, 8921)
ה;ב;ר;ה;ה;ב;ו;ט;ד;ב;א;י;ד;ח;א;א;ט;ו;ח;ו;(33, 9, 18, 16, 8941)
ן;מ;ש;ע;י;ב;י;ש;י;א;ב;י;ת;ו;מ;י;ב;ו;ב;ז;(33, 10, 1, 1, 8961)
ל;כ;ס;ד;ו;ב;כ;מ;ה;מ;כ;ח;מ;ר;ק;י;ח;ק;ו;ר;(33, 10, 1, 21, 8981)
כ;ב;ל;ו;ו;נ;י;מ;י;ל;ם;כ;ח;ב;ל;ט;ע;מ;ת;ו;(33, 10, 1, 41, 9001)
ס;ה;ש;כ;ך;ר;ד;ב;ם;ג;ו;ו;ל;א;מ;ש;ל;ל;י;ס;(33, 10, 2, 16, 9021)
כ;ס;ל;כ;ל;ר;מ;א;ו;ר;ס;ח;ו;ב;ל;ך;ל;ה;ל;כ;(33, 10, 3, 12, 9041)
ל;ע;ה;ל;ע;ת;ל;ש;ו;מ;ה;ח;ו;ר;ם;א;א;ו;ה;ל;(33, 10, 3, 32, 9061)
נ;י;א;פ;ר;מ;י;כ;ח;נ;ת;ל;א;ך;מ;ו;ק;מ;ך;י;(33, 10, 4, 17, 9081)
א;ר;ה;ע;ר;ש;י;ם;י;ל;ו;ד;ג;ם;י;א;ט;ח;ח;י;(33, 10, 4, 37, 9101)
מ;א;צ;י;ש;ה;ג;ג;ש;כ;ש;מ;ש;ה;ת;ח;ת;י;ת;י;(33, 10, 5, 8, 9121)
ו;ר;מ;ב;ל;כ;ס;ה;ן;ת;נ;ט;י;ל;ש;ה;י;נ;פ;ל;(33, 10, 5, 28, 9141)
ש;י;ל;פ;ש;ב;ם;י;ר;י;ש;ע;ו;ם;י;ב;ר;ם;י;מ;(33, 10, 6, 12, 9161)
ו;ם;י;ס;ו;ס;ל;ע;ם;י;ד;ב;ע;י;ת;י;א;ר;ו;ב;(33, 10, 6, 32, 9181)
ר;א;ה;ל;ע;ם;י;ד;ב;ע;כ;ם;י;כ;ל;ה;ם;י;ר;ש;(33, 10, 7, 19, 9201)
ד;ג;ץ;ר;פ;ו;ל;ו;פ;י;ו;ב;ץ;מ;ו;ג;ר;פ;ח;ץ;(33, 10, 7, 39, 9221)
ע;י;ם;י;נ;ב;א;ע;י;ס;מ;ש;ח;נ;ו;נ;כ;ש;י;ר;(33, 10, 8, 20, 9241)
א;ם;ב;ן;כ;ס;י;ם;י;צ;ע;ע;ק;ו;ב;ם;ה;ב;ב;צ;(33, 10, 9, 12, 9261)
ק;ם;י;נ;פ;א;ל;א;ו;ה;ו;ל;ז;ר;ב;ה;ה;ה;ק;ם;(33, 10, 10, 2, 9281)
ה;ן;ו;ר;ת;י;ו;ר;ב;ג;י;ם;י;ל;י;ח;ו;ל;ק;ל;(33, 10, 10, 22, 9301)
ו;ל;ב;ש;ח;נ;ה;ך;ש;י;ם;א;ה;מ;כ;ח;ר;י;ש;כ;(33, 10, 10, 42, 9321)
ש;ל;ה;ל;ע;ב;ל;ן;ו;ר;ת;י;ן;י;א;ו;ש;ח;ל;א;(33, 10, 11, 13, 9341)
כ;ת;ו;ת;פ;ש;ו;ן;ח;ם;כ;ח;י;פ;י;ר;ב;ד;ן;ו;(33, 10, 11, 33, 9361)
ה;י;פ;י;ר;ב;ד;ת;ל;ח;ת;ו;נ;ע;ל;ב;ת;ל;י;ס;(33, 10, 12, 19, 9381)
ל;ל;ו;ה;ו;ה;י;פ;ת;י;ר;ח;א;ו;ת;ו;ל;כ;ס;ו;(33, 10, 13, 12, 9401)
ל;ם;י;ר;ב;ד;ה;ב;ר;י;ל;כ;ס;ה;ו;ה;ע;ר;ת;ו;(33, 10, 13, 32, 9421)
י;ר;ש;א;ו;ה;י;ה;י;ש;ה;מ;ם;ד;א;ה;ע;ד;י;א;(33, 10, 14, 16, 9441)
ל;מ;ע;ו;ל;ד;י;ג;י;י;מ;ו;י;ר;ח;א;מ;ה;י;ה;(33, 10, 14, 36, 9461)
ד;י;א;ל;ר;ש;א;ו;נ;ע;ג;י;ת;ם;י;ל;י;ס;כ;ה;(33, 10, 15, 4, 9481)
ל;מ;ש;ץ;ר;א;ך;ל;י;א;ר;י;ע;ל;א;ת;כ;ל;ל;ע;(33, 10, 15, 24, 9501)
א;ו;ל;כ;א;י;ר;ק;ב;ב;ך;י;ר;ש;ו;ר;ע;נ;ך;כ;(33, 10, 16, 11, 9521)
ו;ם;י;ר;ו;ח;ן;ב;ך;כ;ל;מ;ש;ץ;ר;א;ך;י;ר;ש;(33, 10, 17, 2, 9541)
ל;ו;ה;ר;ו;ב;ג;ב;ו;ל;כ;א;י;ת;ע;ב;ך;י;ר;ש;(33, 10, 17, 22, 9561)
ה;ר;ק;מ;ה;ך;מ;י;ם;י;ת;ל;צ;ע;ב;י;ת;ש;ב;א;(33, 10, 17, 42, 9581)
ל;ת;י;ב;ה;ף;ל;ד;י;ם;י;ד;י;ת;ו;ל;פ;ש;ב;ו;(33, 10, 18, 16, 9601)
ח;ח;מ;ש;י;ן;י;י;ו;ם;ח;ל;ם;י;ש;ע;ק;ו;ח;ש;(33, 10, 19, 2, 9621)
ב;ם;ג;ל;כ;ה;ת;א;ה;נ;ע;י;ף;ס;כ;ה;ו;ם;י;י;(33, 10, 19, 22, 9641)
מ;י;ר;ד;ח;ב;ו;ל;ל;ק;ת;ל;א;ך;ל;מ;ך;ע;ד;מ;(33, 10, 20, 4, 9661)
ה;ף;ו;ע;י;כ;ר;י;ש;ע;ל;ל;ק;ת;ל;א;ך;ב;כ;ש;(33, 10, 20, 24, 9681)
ה;ל;ע;ב;ו;ל;ו;ק;ה;ת;א;ך;י;ל;ו;י;ם;י;מ;ש;(33, 10, 20, 44, 9701)
ע;ך;מ;ח;ל;ח;ל;ש;ר;ב;ד;ד;י;ג;י;ם;י;פ;נ;כ;(33, 10, 20, 64, 9721)
מ;ת;ם;י;מ;י;ה;ב;ר;ב;י;כ;ם;י;מ;ה;י;נ;פ;ל;(33, 11, 1, 9, 9741)
מ;ש;ל;ם;ג;ו;ה;ע;ב;ש;ל;ק;ל;ח;ן;ת;ו;נ;א;צ;(33, 11, 1, 29, 9761)
ע;ה;ע;ר;ה;י;ה;י;ה;מ;ע;ד;ת;א;ל;י;כ;ה;נ;ו;(33, 11, 2, 17, 9781)
ם;ש;ג;ם;י;ב;ע;ה;ו;א;ל;מ;י;ם;א;ץ;ר;א;ה;ל;(33, 11, 2, 37, 9801)
ץ;ע;ל;ו;פ;י;ם;א;ו;ו;ק;י;ר;י;ץ;ר;א;ה;ל;ע;(33, 11, 3, 16, 9821)
פ;י;ש;ם;ו;ק;מ;ן;ו;פ;צ;ב;ם;א;ו;ם;ו;ר;ד;ב;(33, 11, 3, 36, 9841)
י;א;ל;ח;ו;ר;ר;מ;ש;א;ו;ה;י;ם;ש;ץ;ע;ה;ל;ו;(33, 11, 3, 56, 9861)
כ;ר;ו;צ;ק;י;א;ל;ם;י;ב;ע;ב;ה;א;ר;ו;ע;ר;ז;(33, 11, 4, 10, 9881)
ח;ו;ר;ה;ך;ר;ד;ה;מ;ע;ד;ו;י;ך;נ;י;א;ר;ש;א;(33, 11, 5, 2, 9901)
א;ל;ה;כ;כ;ה;א;ל;מ;ה;ן;ט;ב;ב;ם;י;מ;צ;ע;כ;(33, 11, 5, 22, 9921)
ע;י;ר;ש;א;ם;י;ה;ל;א;ה;ה;ש;ע;מ;ת;א;ע;ד;ת;(33, 11, 5, 42, 9941)
ך;ע;ר;ז;ת;א;ע;ר;ז;ר;ק;ב;ב;ל;כ;ה;ת;א;ה;ש;(33, 11, 5, 62, 9961)
י;ך;נ;י;א;י;כ;ך;ד;י;ח;נ;ת;ל;א;ב;ר;ע;ל;ו;(33, 11, 6, 14, 9981)
א;ו;ה;ז;ו;א;ה;ז;ה;ר;ש;כ;י;ה;ז;י;א;ע;ד;ו;(33, 11, 6, 34, 10001)
ק;ו;ת;מ;ו;ם;י;ב;ו;ט;ד;ח;א;כ;ם;ה;י;נ;ש;ם;(33, 11, 6, 54, 10021)
א;ת;ו;א;ר;ל;ם;י;נ;י;ע;ל;ב;ו;ט;ו;ר;ו;א;ה;(33, 11, 7, 6, 10041)
י;ח;י;ה;ב;ר;ה;ם;י;נ;ש;ם;א;י;כ;ש;מ;ש;ה;ת;(33, 11, 7, 26, 10061)
ת;א;ר;כ;ז;י;ו;ח;מ;ש;י;ם;ל;כ;ב;ם;ד;א;ה;ה;(33, 11, 8, 16, 10081)
ש;ל;כ;ו;י;ה;י;ה;ב;ר;ה;י;כ;ך;ש;ח;ה;י;מ;י;(33, 11, 8, 36, 10101)
ך;י;ת;ו;ד;ל;י;ב;ר;ו;ח;ב;ח;מ;ש;ל;ב;ה;א;ב;(33, 11, 8, 56, 10121)
ך;ת;ו;ר;ו;ח;ב;י;מ;י;ב;ך;ב;ל;ך;ב;י;ט;י;ו;(33, 11, 9, 16, 10141)
י;ע;י;א;ר;מ;ב;ו;ך;ב;ל;י;כ;ר;ד;ב;ך;ל;ה;ו;(33, 11, 9, 36, 10161)
ך;א;י;ב;י;ה;ל;א;ל;כ;ל;ע;י;כ;ע;ד;ו;ך;י;נ;(33, 11, 9, 56, 10181)
ל;מ;ס;ע;כ;ר;ס;ה;ו;ט;פ;ש;מ;ב;ם;י;ה;ל;א;ה;(33, 11, 9, 76, 10201)
ל;י;ה;י;כ;ך;ר;ש;ב;מ;ה;ע;ר;ר;ב;ע;ה;ו;ך;ב;(33, 11, 10, 10, 10221)
ב;ת;א;ר;כ;ז;ו;ל;ב;ה;ת;ו;ר;ח;ש;ה;ו;ת;ו;ד;(33, 11, 10, 30, 10241)
ש;א;ד;ע;ך;י;ת;ר;ו;ח;ב;י;מ;י;ב;ך;י;א;ר;ו;(33, 12, 1, 8, 10261)
ו;ע;י;ג;ה;ו;ה;ע;ר;ה;י;מ;י;ו;א;ב;י;א;ל;ר;(33, 12, 1, 28, 10281)
ח;ם;ה;ב;י;ל;ן;י;א;ר;מ;א;ת;ר;ש;א;ם;י;נ;ש;(33, 12, 1, 48, 10301)
א;ה;ו;ש;מ;ש;ה;ך;ש;ח;ת;א;ל;ר;ש;א;ד;ע;ץ;פ;(33, 12, 1, 68, 10321)
ה;ו;ב;ש;ו;ם;י;ב;כ;ו;כ;ה;ו;ח;ר;י;ה;ו;ר;ו;(33, 12, 2, 19, 10341)
ו;ע;ז;י;ש;ם;ו;י;ב;ם;ש;ג;ה;ר;ח;א;ם;י;ב;ע;(33, 12, 2, 39, 10361)
ה;י;ש;נ;א;ו;ת;ו;ע;ת;ה;ו;ת;י;ב;ה;י;ר;מ;ש;(33, 12, 3, 10, 10381)
ו;ט;ע;מ;י;כ;ת;ו;נ;ח;ט;ה;ו;ל;ט;ב;ו;ל;י;ח;(33, 12, 3, 30, 10401)
ר;ג;ס;ו;ת;ו;ב;ר;א;ב;ת;ו;א;ר;ה;ו;כ;ש;ח;ו;(33, 12, 3, 50, 10421)
ח;ט;ה;ל;ו;ק;ל;פ;ש;ב;ק;ו;ש;ב;ם;י;ת;ל;ד;ו;(33, 12, 4, 5, 10441)
ח;ש;י;ו;ר;ו;פ;צ;ה;ל;ו;ק;ל;ם;ו;ק;י;ו;ה;נ;(33, 12, 4, 25, 10461)
א;ר;י;ה;ב;ג;מ;ם;ג;ר;י;ש;ה;ת;ו;נ;ב;ל;כ;ו;(33, 12, 4, 45, 10481)
ק;ש;ה;ץ;א;נ;י;ו;ך;ר;ד;ב;ם;י;ת;ח;ת;ח;ו;ו;(33, 12, 5, 10, 10501)
ו;י;ב;א;ה;ר;פ;ת;ו;ב;ג;ח;ה;ל;ב;ת;ס;י;ו;ד;(33, 12, 5, 30, 10521)
מ;ל;ו;ע;ת;י;ב;ל;א;ם;ד;א;ה;ך;ל;ה;י;כ;ה;נ;(33, 12, 5, 50, 10541)
ש;א;ד;ע;ם;י;ד;פ;ס;ה;ק;ו;ש;ב;ו;ב;ב;ס;ו;ו;(33, 12, 5, 70, 10561)
ל;ג;ץ;ר;ת;ו;ף;ס;כ;ה;ל;ב;ח;ק;ח;ר;י;א;ל;ר;(33, 12, 6, 5, 10581)
ו;ע;ו;ב;מ;ה;ל;ע;ד;כ;ר;ב;ש;ת;ו;ב;ה;ז;ה;ת;(33, 12, 6, 25, 10601)
ע;ה;ב;ש;י;ו;ר;ו;ב;ה;ל;א;ל;ג;ל;ג;ה;ץ;ר;נ;(33, 12, 6, 45, 10621)
ש;ת;ח;ו;ר;ה;ו;ה;י;ה;ש;כ;ץ;ר;א;ה;ל;ע;ר;פ;(33, 12, 7, 7, 10641)
ל;ב;ה;ה;נ;ת;נ;ר;ש;א;ם;י;ה;ל;א;ה;ל;א;ב;ו;(33, 12, 7, 27, 10661)
ל;ב;ה;ל;כ;ה;ת;ל;ה;ו;ק;ה;ר;מ;א;ם;י;ל;ב;ה;(33, 12, 8, 4, 10681)
מ;ל;ד;ו;ע;ם;כ;ח;ת;ל;ה;ק;ה;י;ה;ש;ר;ת;י;ו;(33, 12, 9, 1, 10701)
ן;ק;ת;ר;ק;ח;ו;ן;ז;א;ו;ם;ע;ה;ת;א;ת;ע;ד;ד;(33, 12, 9, 21, 10721)
א;צ;מ;ל;ת;ל;ה;ק;ש;ק;ב;ה;ב;ר;ה;ם;י;ל;ש;מ;(33, 12, 9, 41, 10741)
א;י;ר;ב;ד;ר;ש;י;ב;ו;ת;כ;ו;ץ;פ;ח;י;ר;ב;ד;(33, 12, 10, 12, 10761)
כ;ו;ת;ו;נ;ב;ר;ד;כ;ם;י;מ;כ;ח;י;ר;ב;ד;ת;מ;(33, 12, 10, 32, 10781)
ו;פ;ס;א;י;ל;ע;ב;ם;י;ע;ו;ט;נ;ת;ו;ר;מ;ש;מ;(33, 12, 11, 19, 10801)
ה;מ;ה;מ;ר;ת;י;ו;ד;ח;א;ה;ע;ר;מ;ו;נ;ת;נ;ת;(33, 12, 11, 39, 10821)
ה;ב;ר;ה;ם;י;ר;פ;ס;ת;ו;ש;ע;ר;ה;ז;ה;י;נ;ב;(33, 12, 12, 9, 10841)
ר;ש;ב;ת;ע;ג;י;ה;ב;ר;ה;ג;ה;ל;ו;ץ;ק;ן;י;א;(33, 12, 12, 29, 10861)
י;ה;ל;א;ה;ת;א;ע;מ;ש;נ;ל;כ;ה;ר;ב;ד;ף;ו;ס;(33, 12, 13, 1, 10881)
ז;י;כ;ר;ו;מ;ש;ו;י;ת;ו;צ;מ;ת;א;ו;א;ר;י;ם;(33, 12, 13, 21, 10901)
ל;א;ה;ה;ש;ע;מ;ל;כ;ת;א;י;כ;ם;ד;א;ה;ל;כ;ה;(33, 12, 13, 41, 10921)
א;ם;ל;ע;נ;ל;כ;ל;ע;ט;פ;ש;מ;ב;א;ב;י;ם;י;ה;(33, 12, 14, 14, 10941)
 ; ; ; ; ; ; ; ; ; ; ;ע;ר;ם;א;ו;ב;ו;ט;ם;(33, 12, 14, 34, 10961)
