ע;י;ת;ב;ר;ר;י;ע;ה;ד;ד;ב;ה;ב;ש;י;ה;כ;י;א
ם;י;ו;ג;ב;י;ת;ב;ר;ה;נ;מ;ל;א;כ;ה;ת;י;ה;ם
כ;ב;ס;מ;ל;ה;ת;י;ה;ת;ו;נ;י;ד;מ;ב;י;ת;ר;ש
ח;ל;ל;ע;ה;ת;ע;מ;ד;ו;ה;ל;י;ל;ב;ה;כ;ב;ת;ו
כ;ה;י;ב;ה;א;ל;כ;מ;ם;ח;נ;מ;ה;ל;ן;י;א;ה;י
ב;י;א;ל;ה;ל;ו;י;ה;ה;ב;ו;ד;ג;ב;ה;י;ע;ר;ל
ע;ב;ר;מ;ו;י;נ;ע;מ;ה;ד;ו;ה;י;ה;ת;ל;ג;ם;י
א;צ;מ;א;ל;ם;י;ו;ג;ב;ה;ב;ש;י;א;י;ה;ה;ד;ב
י;ב;ה;ו;ג;י;ש;ה;ה;י;פ;ד;ר;ל;כ;ח;ו;נ;מ;ה
ת;ו;ל;ב;א;ן;ו;י;צ;י;כ;ר;ד;ם;י;ר;צ;מ;ה;ן
ו;ש;ה;י;ר;ע;ש;ל;כ;ד;ע;ו;מ;י;א;ב;י;ל;ב;מ
ת;ל;ו;ת;ב;ם;י;ח;נ;א;נ;ה;י;נ;ה;כ;ן;י;מ;מ
ר;צ;ו;י;ה;ה;ל;ר;מ;א;י;ה;ו;ת;ו;ג;ו;נ;ה;י
ה;ו;ה;י;י;כ;ו;ל;ש;ה;י;ב;י;א;ש;א;ר;ל;ה;י
ה;ה;י;ל;ל;ו;ע;ה;י;ע;ש;פ;ב;ר;ל;ע;ה;ג;ו;ה
ת;ב;ן;מ;א;צ;י;ו;ר;צ;י;נ;פ;ל;י;ב;ש;ו;כ;ל
י;א;כ;ה;י;ר;ש;ו;י;ה;ה;ר;ד;ה;ל;כ;ן;ו;י;צ
ל;ב;ו;כ;ל;י;ו;ה;ע;ר;מ;ו;א;צ;מ;א;ל;ם;י;ל
ל;ש;ו;ר;י;ה;ר;כ;ז;ף;ד;ו;ר;י;נ;פ;ל;ח;כ;א
מ;ח;מ;ל;כ;ה;י;ד;ו;ר;מ;ו;ה;י;נ;ע;י;מ;י;ם
ל;פ;נ;ב;ם;ד;ק;י;מ;י;מ;ו;י;ה;ר;ש;א;ה;י;ד
א;ר;ה;ל;ר;ז;ו;ע;ן;י;א;ו;ר;צ;ד;י;ב;ה;מ;ע
א;ט;ח;ה;ת;ב;ש;מ;ל;ע;ו;ק;ח;ש;ם;י;ר;צ;ה;ו
ה;ה;ד;י;נ;ל;ן;כ;ל;ע;ם;ל;ש;ו;ר;י;ה;א;ט;ח
ר;י;כ;ה;ו;ל;י;ז;ה;ה;י;ד;ב;כ;מ;ל;כ;ה;ת;י
ש;ת;ו;ה;ח;נ;א;נ;א;י;ה;ם;ג;ה;ת;ו;ר;ע;ו;א
כ;ז;א;ל;ה;י;ל;ו;ש;ב;ה;ת;א;מ;ט;ר;ו;ח;א;ב
ן;י;א;ם;י;א;ל;פ;ד;ר;ת;ו;ה;ת;י;ר;ח;א;ה;ר
כ;י;י;נ;ע;ת;א;ה;ו;ה;י;ה;א;ר;ה;ל;ם;ח;נ;מ
ל;ע;ר;צ;ש;ר;פ;ו;ד;י;ב;י;ו;א;ל;י;ד;ג;ה;י
א;ב;ם;י;ו;ג;ה;ת;א;ר;י;כ;ה;י;ד;מ;ח;מ;ל;כ
ו;א;ב;י;א;ל;ה;ת;י;ו;צ;ר;ש;א;ה;ש;ד;ק;מ;ו
ק;ב;מ;ם;י;ח;נ;א;נ;ה;מ;ע;ל;כ;ך;ל;ל;ה;ק;ב
א;ב;ם;ה;י;ד;ו;מ;ח;מ;ו;נ;ת;נ;ם;ח;ל;ם;י;ש
ב;ה;ו;ה;ו;ה;י;ה;א;ר;ש;פ;נ;ב;י;ש;ה;ל;ל;כ
ל;א;א;ו;ל;ה;ל;ל;ו;ז;י;ת;י;י;ה;י;כ;ה;ט;י
א;ר;ו;ו;ט;י;ב;ה;ך;ר;ד;י;ר;ב;ע;ל;כ;ם;כ;י
ע;ר;ש;א;י;ב;א;כ;מ;כ;ב;ו;א;כ;מ;ש;י;ם;א;ו
ם;ו;י;ב;ה;ו;ה;י;ה;ג;ו;ה;ר;ש;א;י;ל;ל;ל;ו
צ;ע;ב;ש;א;ח;ל;ש;ם;ו;ר;מ;מ;ו;פ;א;ן;ו;ר;ח
י;ל;ג;ר;ל;ת;ש;ר;ש;ר;פ;ה;נ;ד;ר;י;ו;י;ת;מ
כ;ה;מ;מ;ש;י;נ;נ;ת;נ;ר;ו;ח;א;י;נ;ב;י;ש;ה
י;ב;י;ע;ש;פ;ל;ע;ד;ק;ש;נ;ה;ו;ד;ם;ו;י;ה;ל
כ;ה;י;ר;א;ו;צ;ל;ע;ו;ל;ע;ו;ג;ר;ת;ש;י;ו;ד
ל;י;ד;י;ב;י;נ;ד;א;י;נ;נ;ת;נ;י;ח;כ;ל;י;ש
ד;א;י;ר;י;ב;א;ל;כ;ה;ל;ס;ם;ו;ק;ל;כ;ו;א;א
ב;ש;ל;ד;ע;ו;מ;י;ל;ע;א;ר;ק;י;ב;ר;ק;ב;י;נ
ל;ו;ת;ב;ל;י;נ;ד;א;ך;ר;ד;ת;ג;י;ר;ו;ח;ב;ר
י;כ;ו;ב;י;נ;א;ה;ל;א;ל;ע;ה;ד;ו;ה;י;ת;ב;ת
ח;ר;י;כ;ם;י;מ;ה;ד;ר;י;י;נ;י;ע;י;נ;י;ע;ה
ו;י;ה;י;ש;פ;נ;ב;י;ש;מ;ם;ח;נ;מ;י;נ;מ;מ;ק
ר;פ;ב;י;ו;א;ר;ב;ג;י;כ;ם;י;מ;מ;ו;ש;י;נ;ב
ה;ל;ם;ח;נ;מ;ן;י;א;ה;י;ד;י;ב;ן;ו;י;צ;ה;ש
ר;צ;ו;י;ב;י;ב;ס;ב;ק;ע;י;ל;ה;ו;ה;י;ה;ו;צ
י;נ;י;ב;ה;ד;נ;ל;ם;ל;ש;ו;ר;י;ה;ת;י;ה;ו;י
מ;ו;ה;י;פ;י;כ;ה;ו;ה;י;א;ו;ה;ק;י;ד;צ;ם;ה
ו;א;ר;ו;ם;י;מ;ע;ל;כ;א;נ;ו;ע;מ;ש;י;ת;י;ר
כ;ל;ה;י;ר;ו;ח;ב;ו;י;ת;ל;ו;ת;ב;י;ב;א;כ;מ
ר;ה;מ;ה;י;ב;ה;א;מ;ל;י;ת;א;ר;ק;י;ב;ש;ב;ו
ע;ו;ג;ר;י;ע;ב;י;נ;ק;ז;ו;י;נ;ה;כ;י;נ;ו;מ
א;ו;ב;י;ש;י;ו;ו;מ;ל;ל;כ;א;ו;ש;ק;ב;י;כ;ו
ע;מ;י;ל;ר;צ;י;כ;ה;ו;ה;י;ה;א;ר;ם;ש;פ;נ;ת
כ;י;ב;ר;ק;ב;י;ב;ל;ך;פ;ה;נ;ו;ר;מ;ר;מ;ח;י
ב;ר;ח;ה;ל;כ;ש;ץ;ו;ח;מ;י;ת;י;ר;מ;ו;ר;מ;י
א;ה;ח;נ;א;נ;י;כ;ו;ע;מ;ש;ת;ו;מ;כ;ת;י;ב;ב
ע;מ;ש;י;ב;י;א;ל;כ;י;ל;ם;ח;נ;מ;ן;י;א;י;נ
א;ב;ה;ת;י;ש;ע;ה;ת;א;י;כ;ו;ש;ש;י;ת;ע;ר;ו
ב;ת;י;נ;ו;מ;כ;ו;י;ה;י;ו;ת;א;ר;ק;ם;ו;י;ת
ו;מ;ל;ל;ל;ו;ע;ו;ך;י;נ;פ;ל;ם;ת;ע;ר;ל;כ;א
כ;י;ע;ש;פ;ל;כ;ל;ע;י;ל;ת;ל;ל;ו;ע;ר;ש;א;כ
כ;י;א;י;ו;ד;י;ב;ל;ו;י;ת;ח;נ;א;ת;ו;ב;ר;י
ו;י;צ;ת;ב;ת;א;י;נ;ד;א;ו;פ;א;ב;ב;י;ע;י;ה
י;ת;ר;א;פ;ת;ץ;ר;א;ם;י;מ;ש;מ;ך;י;ל;ש;ה;ן
י;ב;ו;י;ל;ג;ר;ם;ד;ה;ר;כ;ז;א;ל;ו;ל;א;ר;ש
כ;ת;א;ל;מ;ח;א;ל;י;נ;ד;א;ע;ל;ב;ו;פ;א;ם;ו
ב;מ;ו;ת;ר;ב;ע;ב;ס;ר;ה;ב;ק;ע;י;ת;ו;א;נ;ל
ל;ח;ץ;ר;א;ל;ע;י;ג;ה;ה;ד;ו;ה;י;ת;ב;י;ר;צ
ף;א;י;ר;ח;ב;ע;ד;ג;ה;י;ר;ש;ו;ה;כ;ל;מ;מ;ל
מ;י;ר;ו;ח;א;ב;י;ש;ה;ל;א;ר;ש;י;ן;ר;ק;ל;כ
ק;ע;י;ב;ר;ע;ב;י;ו;ב;י;ו;א;י;נ;פ;מ;ו;נ;י
ק;ך;ר;ד;ב;י;ב;ס;ה;ל;כ;א;ה;ב;ה;ל;ש;א;כ;ב
ו;ר;צ;כ;ו;נ;י;מ;י;ב;צ;נ;ב;י;ו;א;כ;ו;ת;ש
ת;ב;ל;ה;א;ב;ן;י;ע;י;ד;מ;ח;מ;ל;כ;ג;ר;ה;י
נ;ד;א;ה;י;ה;ו;ת;מ;ח;ש;א;כ;ך;פ;ש;ן;ו;י;צ
א;ל;כ;ע;ל;ב;ל;א;ר;ש;י;ע;ל;ב;ב;י;ו;א;כ;י
ב;ר;י;ו;ו;י;ר;צ;ב;מ;ת;ח;ש;ה;י;ת;ו;נ;מ;ר
י;ו;ה;י;נ;א;ו;ה;י;נ;א;ת;ה;ד;ו;ה;י;ת;ב;ב
ח;כ;ש;ו;ד;ע;ו;מ;ת;ח;ש;ו;כ;ש;ן;ג;כ;ס;מ;ח
נ;י;ו;ת;ב;ש;ו;ד;ע;ו;מ;ן;ו;י;צ;ב;ה;ו;ה;י
א;ח;נ;ז;ן;ה;כ;ו;ך;ל;מ;ו;פ;א;ם;ע;ז;ב;ץ;א
י;ג;ס;ה;ו;ש;ד;ק;מ;ר;א;נ;ו;ח;ב;ז;מ;י;נ;ד
ה;י;ת;ו;נ;מ;ר;א;ת;מ;ו;ח;ב;י;ו;א;ד;י;ב;ר
מ;ם;ו;י;כ;ה;ו;ה;י;ת;י;ב;ב;ו;נ;ת;נ;ל;ו;ק
ת;מ;ו;ח;ת;י;ח;ש;ה;ל;ה;ו;ה;י;ב;ש;ח;ד;ע;ו
ו;ד;י;ב;י;ש;ה;א;ל;ו;ק;ה;ט;נ;ן;ו;י;צ;ת;ב
ו;ד;ח;י;ה;מ;ו;ח;ו;ל;ח;ל;ב;א;י;ו;ע;ל;ב;מ
ב;א;ה;י;ר;ע;ש;ץ;ר;א;ב;ו;ע;ב;ט;ו;ל;ל;מ;א
ה;י;ר;ש;ו;ה;כ;ל;מ;ה;י;ח;י;ר;ב;ר;ב;ש;ו;ד
ה;י;א;י;ב;נ;ם;ג;ה;ר;ו;ת;ן;י;א;ם;י;ו;ג;ב
ל;ו;ב;ש;י;ה;ו;ה;י;מ;ן;ו;ז;ח;ו;א;צ;מ;א;ל
ל;ע;ה;ן;ו;י;צ;ת;ב;י;נ;ק;ז;ו;מ;ד;י;ץ;ר;א
ו;ה;ם;י;ק;ש;ו;ר;ג;ח;ם;ש;א;ר;ל;ע;ר;פ;ע;ו
ו;ר;י;ת;ל;ו;ת;ב;ן;ש;א;ר;ץ;ר;א;ל;ו;ד;י;ר
מ;ר;מ;ח;י;נ;י;ע;ת;ו;ע;מ;ד;ב;ו;ל;כ;ם;ל;ש
ש;ל;ע;י;ד;ב;כ;ץ;ר;א;ל;ך;פ;ש;נ;י;ע;מ;ו;ר
ק;נ;ו;י;ו;ל;ל;ו;ע;ף;ט;ע;ב;י;מ;ע;ת;ב;ר;ב
ו;ר;מ;א;י;ם;ת;מ;א;ל;ה;י;ר;ק;ת;ו;ב;ח;ר;ב
ל;ח;כ;ם;פ;ט;ע;ת;ה;ב;ן;י;י;ו;ן;ג;ד;ה;י;א
ם;ש;פ;נ;ך;פ;ת;ש;ה;ב;ר;י;ע;ת;ו;ב;ח;ר;ב;ל
ד;א;ה;מ;ך;ד;י;ע;א;ה;מ;ם;ת;מ;א;ק;י;ח;ל;א
ל;ה;ו;ש;א;ה;מ;ם;ל;ש;ו;ר;י;ת;ב;ה;ך;ל;ה;מ
י;כ;ן;ו;י;צ;ת;ב;ת;ל;ו;ת;ב;ך;מ;ח;נ;א;ו;ך
נ;ך;ל;א;פ;ר;י;י;מ;ך;ר;ב;ש;ם;י;כ;ל;ו;ד;ג
א;ל;ו;ל;פ;ת;ו;א;ו;ש;ך;ל;ו;ז;ח;ך;י;א;י;ב
ו;ך;ת;י;ב;ש;ב;י;ש;ה;ל;ך;נ;ו;ע;ל;ע;ו;ל;ג
י;ח;ו;ד;מ;ו;א;ו;ש;ת;ו;א;ש;מ;ך;ל;ו;ז;ח;י
ד;י;ר;ב;ע;ל;כ;ם;י;פ;כ;ך;י;ל;ע;ו;ק;פ;ס;ם
י;ת;ב;ל;ע;ם;ש;א;ר;ו;ע;נ;י;ו;ו;ק;ר;ש;ך;ר
כ;ו;ר;מ;א;י;ש;ר;י;ע;ה;ת;א;ז;ה;ם;ל;ש;ו;ר
צ;פ;ץ;ר;א;ה;ל;כ;ל;ש;ו;ש;מ;י;פ;י;ת;ל;י;ל
ק;ר;ש;ך;י;ב;י;ו;א;ל;כ;ם;ה;י;פ;ך;י;ל;ע;ו
ך;א;ו;נ;ע;ל;ב;ו;ר;מ;א;ן;ש;ו;ק;ר;ח;י;ו;ו
א;ר;ו;נ;א;צ;מ;ו;ה;נ;י;ו;ק;ש;ם;ו;י;ה;ה;ז
א;ע;צ;ב;ם;מ;ז;ר;ש;א;ה;ו;ה;י;ה;ש;ע;ו;נ;י
ס;ר;ה;ם;ד;ק;י;מ;י;מ;ה;ו;צ;ר;ש;א;ו;ת;ר;מ
ה;ב;י;ו;א;ך;י;ל;ע;ח;מ;ש;י;ו;ל;מ;ח;א;ל;ו
ד;א;ל;א;ם;ב;ל;ק;ע;צ;ך;י;ר;צ;ן;ר;ק;ם;י;ר
נ;כ;י;ד;י;ר;ו;ה;ן;ו;י;צ;ת;ב;ת;מ;ו;ח;י;נ
נ;ת;ת;ל;א;ה;ל;י;ל;ו;ם;מ;ו;י;ה;ע;מ;ד;ל;ח
ו;ק;ך;נ;י;ע;ת;ב;ם;ד;ת;ל;א;ך;ל;ת;ג;ו;פ;י
ש;ת;ו;ר;מ;ש;א;ש;א;ר;ל;ל;י;ל;ב;י;נ;ר;י;מ
י;נ;ד;א;י;נ;פ;ח;כ;נ;ך;ב;ל;ם;י;מ;כ;י;כ;פ
ל;ל;ו;ע;ש;פ;נ;ל;ע;ך;י;פ;כ;ו;י;ל;א;י;א;ש
ח;ל;כ;ש;א;ר;ב;ב;ע;ר;ב;ם;י;פ;ו;ט;ע;ה;ך;י
י;מ;ל;ה;ט;י;ב;ה;ו;ה;ו;ה;י;ה;א;ר;ת;ו;צ;ו
פ;ם;י;ש;נ;ה;נ;ל;כ;א;ת;ם;א;ה;כ;ת;ל;ל;ו;ע
מ;ב;ג;ר;ה;י;ם;א;ם;י;ח;פ;ט;י;ל;ל;ע;ם;י;ר
ל;ו;ב;כ;ש;א;י;ב;נ;ו;ן;ה;כ;י;נ;ד;א;ש;ד;ק
ת;ל;ו;ת;ב;ן;ק;ז;ו;ר;ע;נ;ת;ו;צ;ו;ח;ץ;ר;א
ב;ת;ג;ר;ה;ב;ר;ח;ב;ו;ל;פ;נ;י;ר;ו;ח;ב;ו;י
א;ר;ק;ת;ת;ל;מ;ח;א;ל;ת;ח;ב;ט;ך;פ;א;ם;ו;י
ל;ו;ב;י;ב;ס;מ;י;ר;ו;ג;מ;ד;ע;ו;מ;ם;ו;י;כ
ש;ו;ט;י;ל;פ;ה;ו;ה;י;ף;א;ם;ו;י;ב;ה;י;ה;א
ב;י;א;י;ת;י;ב;ר;ו;י;ת;ח;פ;ט;ר;ש;א;ד;י;ר
ב;ש;ב;י;נ;ע;ה;א;ר;ר;ב;ג;ה;י;נ;א;ם;ל;כ;י
ך;ש;ח;ך;ל;י;ו;ג;ה;נ;י;ת;ו;א;ו;ת;ר;ב;ע;ט
ו;ד;י;ך;פ;ה;י;ב;ש;י;י;ב;ך;א;ר;ו;א;א;ל;ו
ב;ש;י;ר;ו;ע;ו;י;ר;ש;ב;ה;ל;ב;ם;ו;י;ה;ל;כ
ש;א;ר;ף;ק;י;ו;י;ל;ע;ה;נ;ב;י;ת;ו;מ;צ;ע;ר
כ;י;נ;ב;י;ש;ו;ה;ם;י;כ;ש;ח;מ;ב;ה;א;ל;ת;ו
א;צ;א;א;ל;ו;י;ד;ע;ב;ר;ד;ג;ם;ל;ו;ע;י;ת;מ
א;ו;ק;ע;ז;א;י;כ;ם;ג;י;ת;ש;ח;נ;ד;י;ב;כ;ה
ג;ב;י;כ;ר;ד;ר;ד;ג;י;ת;ל;פ;ת;ם;ת;ש;ע;ו;ש
א;ו;ה;ב;ר;א;ב;ד;ה;ו;ע;י;ת;ב;י;ת;נ;ת;י;ז
ר;ו;ס;י;כ;ר;ד;ם;י;ר;ת;ס;מ;ב;ה;י;ר;א;י;ל
ש;ק;ך;ר;ד;ם;מ;ש;י;נ;מ;ש;י;נ;ח;ש;פ;י;ו;ר
י;ב;ה;ץ;ח;ל;א;ר;ט;מ;כ;י;נ;ב;י;צ;י;ו;ו;ת
ת;י;י;ה;ו;ת;פ;ש;א;י;נ;ב;י;ת;ו;י;ל;כ;ב;א
י;ה;ל;כ;ם;ת;נ;י;ג;נ;י;מ;ע;ל;כ;ל;ק;ח;ש;י
נ;ו;ר;ה;ם;י;ר;ו;ר;מ;ב;י;נ;ע;י;ב;ש;ה;ם;ו
פ;כ;ה;י;נ;ש;ץ;צ;ח;ב;ס;ר;ג;י;ו;ה;נ;ע;ל;י
פ;נ;ם;ו;ל;ש;מ;ח;נ;ז;ת;ו;ר;פ;א;ב;י;נ;ש;י
צ;נ;ד;ב;א;ר;מ;א;ו;ה;ב;ו;ט;י;ת;י;ש;נ;י;ש
י;נ;ע;ר;כ;ז;ה;ו;ה;י;מ;י;ת;ל;ח;ו;ת;ו;י;ח
ת;ר;ו;כ;ז;ש;א;ר;ו;ה;נ;ע;ל;י;ד;ו;ר;מ;ו;י
א;ת;א;ז;י;ש;פ;נ;י;ל;ע;ח;י;ש;ת;ו;ר;ו;כ;ז
ד;ס;ח;ל;י;ח;ו;א;ן;כ;ל;ע;י;ב;ל;ל;א;ב;י;ש
ו;ל;כ;א;ל;י;כ;ו;נ;מ;ת;א;ל;י;כ;ה;ו;ה;י;י
א;ה;ב;ר;ם;י;ר;ק;ב;ל;ם;י;ש;ד;ח;ו;י;מ;ח;ר
ש;פ;נ;ה;ר;מ;א;ה;ו;ה;י;י;ק;ל;ח;ך;ת;נ;ו;מ
ל;ה;ו;ה;י;ב;ו;ט;ו;ל;ל;י;ח;ו;א;ן;כ;ל;ע;י
י;ח;י;ו;ב;ו;ט;ו;נ;ש;ר;ד;ת;ש;פ;נ;ל;ו;ו;ק
ל;ב;ו;ט;ה;ו;ה;י;ת;ע;ו;ש;ת;ל;ם;מ;ו;ד;ו;ל
ב;ש;י;ו;י;ר;ו;ע;נ;ב;ל;ע;א;ש;י;י;כ;ר;ב;ג
ב;ן;ת;י;ו;י;ל;ע;ל;ט;נ;י;כ;ם;ד;י;ו;ד;ד;ב
ן;ת;י;ה;ו;ק;ת;ש;י;י;ל;ו;א;ו;ה;י;פ;ר;פ;ע
ל;י;כ;ה;פ;ר;ח;ב;ע;ב;ש;י;י;ח;ל;ו;ה;כ;מ;ל
ו;ה;ם;א;י;כ;י;נ;ד;א;ם;ל;ו;ע;ל;ח;נ;ז;י;א
ה;נ;ע;א;ל;י;כ;ו;ד;ס;ח;ב;ר;כ;ם;ח;ר;ו;ה;ג
ח;ת;א;כ;ד;ל;ש;י;א;י;נ;ב;ה;ג;י;ו;ו;ב;ל;מ
ו;ט;ה;ל;ץ;ר;א;י;ר;י;ס;א;ל;כ;ו;י;ל;ג;ר;ת
ל;ן;ו;י;ל;ע;י;נ;פ;ד;ג;נ;ר;ב;ג;ט;פ;ש;מ;ת
ה;א;ר;א;ל;י;נ;ד;א;ו;ב;י;ר;ב;ם;ד;א;ת;ו;ע
ה;ו;צ;א;ל;י;נ;ד;א;י;ה;ת;ו;ר;מ;א;ה;ז;י;מ
ה;ו;ת;ו;ע;ר;ה;א;צ;ת;א;ל;ן;ו;י;ל;ע;י;פ;מ
ע;ר;ב;ג;י;ח;ם;ד;א;ן;נ;ו;א;ת;י;ה;מ;ב;ו;ט
ק;ח;נ;ו;ו;נ;י;כ;ר;ד;ה;ש;פ;ח;נ;ו;א;ט;ח;ל
ב;ב;ל;א;ש;נ;ה;ו;ה;י;ד;ע;ה;ב;ו;ש;נ;ו;ה;ר
נ;ח;נ;ם;י;מ;ש;ב;ל;א;ל;א;ם;י;פ;כ;ל;א;ו;נ
ח;ל;ס;א;ל;ה;ת;א;ו;נ;י;ר;מ;ו;ו;נ;ע;ש;פ;ו
ל;ת;ג;ר;ה;ו;נ;פ;ד;ר;ת;ו;ף;א;ב;ה;ת;כ;ס;ת
ו;ב;ע;מ;ך;ל;ן;נ;ע;ב;ה;ת;ו;כ;ס;ת;ל;מ;ח;א
ב;ו;נ;מ;י;ש;ת;ס;ו;א;מ;ו;י;ח;ס;ה;ל;פ;ת;ר
ם;ה;י;פ;ו;נ;י;ל;ע;ו;צ;פ;ם;י;מ;ע;ה;ב;ר;ק
נ;ל;ה;י;ה;ת;ח;פ;ו;ד;ח;פ;ו;נ;י;ב;י;א;ל;כ
ד;ר;ת;ם;י;מ;י;ג;ל;פ;ר;ב;ש;ה;ו;ת;א;ש;ה;ו
ג;נ;י;נ;י;ע;י;מ;ע;ת;ב;ר;ב;ש;ל;ע;י;נ;י;ע
ד;ע;ת;ו;ג;פ;ה;ן;י;א;מ;ה;מ;ד;ת;א;ל;ו;ה;ר
י;ע;ם;י;מ;ש;מ;ה;ו;ה;י;א;ר;י;ו;ף;י;ק;ש;י
ע;ת;ו;נ;ב;ל;כ;מ;י;ש;פ;נ;ל;ה;ל;ל;ו;ע;י;נ
י;ב;י;א;ר;ו;פ;צ;כ;י;נ;ו;ד;צ;ד;ו;צ;י;ר;י
ב;א;ו;ד;י;ו;י;י;ח;ר;ו;ב;ב;ו;ת;מ;צ;ם;נ;ח
י;ת;ר;מ;א;י;ש;א;ר;ל;ע;ם;י;מ;ו;פ;צ;י;ב;ן
ב;מ;ה;ו;ה;י;ך;מ;ש;י;ת;א;ר;ק;י;ת;ר;ז;ג;נ
ע;ת;ל;א;ת;ע;מ;ש;י;ל;ו;ק;ת;ו;י;ת;ח;ת;ר;ו
ר;ק;י;ת;ע;ו;ש;ל;י;ת;ח;ו;ר;ל;ך;נ;ז;א;ם;ל
ר;י;ת;ל;א;ת;ר;מ;א;ך;א;ר;ק;א;ם;ו;י;ב;ת;ב
ת;ל;א;ג;י;ש;פ;נ;י;ב;י;ר;י;נ;ד;א;ת;ב;ר;א
ט;פ;ש;י;ת;ת;ו;ע;ה;ו;ה;י;ה;ת;י;א;ר;י;י;ח
ל;כ;ם;ת;מ;ק;נ;ל;כ;ה;ת;י;א;ר;י;ט;פ;ש;מ;ה
ו;ה;י;ם;ת;פ;ר;ח;ת;ע;מ;ש;י;ל;ם;ת;ב;ש;ח;מ
ו;י;מ;ק;י;ת;פ;ש;י;ל;ע;ם;ת;ב;ש;ח;מ;ל;כ;ה
ו;ם;ת;ב;ש;ם;ו;י;ה;ל;כ;י;ל;ע;ם;נ;ו;י;ג;ה
ם;ת;נ;י;ג;נ;מ;י;נ;א;ה;ט;י;ב;ה;ם;ת;מ;י;ק
ה;ש;ע;מ;כ;ה;ו;ה;י;ל;ו;מ;ג;ם;ה;ל;ב;י;ש;ת
ל;א;ת;ב;ל;ת;נ;ג;מ;ם;ה;ל;ן;ת;ת;ם;ה;י;ד;י
מ;ם;ד;י;מ;ש;ת;ו;ף;א;ב;ף;ד;ר;ת;ם;ה;ל;ך;ת
ה;ז;ם;ע;ו;י;ה;כ;י;א;ה;ו;ה;י;י;מ;ש;ת;ח;ת
ה;נ;כ;פ;ת;ש;ת;ב;ו;ט;ה;ם;ת;כ;ה;א;נ;ש;י;ב
נ;ב;ת;ו;צ;ו;ח;ל;כ;ש;א;ר;ב;ש;ד;ק;י;נ;ב;א
פ;ב;ם;י;א;ל;ס;מ;ה;ם;י;ר;ק;י;ה;ן;ו;י;צ;י
ע;מ;ש;ר;ח;י;ל;ב;נ;ל;ו;ב;ש;ח;נ;ה;כ;י;א;ז
ש;ו;צ;ל;ח;ן;י;נ;ת;ם;ג;ר;צ;ו;י;י;ד;י;ה;ש
א;ל;י;מ;ע;ת;ב;ן;ה;י;ר;ו;ג;ו;ק;י;נ;י;ה;ד
ו;ש;ל;ק;ב;ד;ר;ב;ד;מ;ב;ם;י;נ;ע;י;כ;ר;ז;כ
ם;י;ל;ל;ו;ע;א;מ;צ;ב;ו;כ;ח;ל;א;ק;נ;ו;י;ן
ל;כ;א;ה;ם;ה;ל;ן;י;א;ש;ר;פ;ם;ח;ל;ו;ל;א;ש
ה;ת;ו;צ;ו;ח;ב;ו;מ;ש;נ;ם;י;נ;ד;ע;מ;ל;ם;י
ת;פ;ש;א;ו;ק;ב;ח;ע;ל;ו;ת;י;ל;ע;ם;י;נ;מ;א
ת;א;ט;ח;מ;י;מ;ע;ת;ב;ן;ו;ע;ל;ד;ג;י;ו;ת;ו
ל;ח;א;ל;ו;ע;ג;ר;ו;מ;כ;ה;כ;ו;פ;ה;ה;ם;ד;ס
ג;ל;ש;מ;ה;י;ר;י;ז;נ;ו;כ;ז;ם;י;ד;י;ה;ב;ו
י;נ;י;נ;פ;מ;ם;צ;ע;ו;מ;ד;א;ב;ל;ח;מ;ו;ח;צ
א;ת;ר;ו;ח;ש;מ;ך;ש;ח;ם;ת;ר;ז;ג;ר;י;פ;ס;ם
ר;ו;ע;ד;פ;צ;ת;ו;צ;ו;ח;ב;ו;ר;כ;נ;א;ל;ם;ר
י;ב;ו;ט;ץ;ע;כ;ה;י;ה;ש;ב;י;ם;מ;צ;ע;ל;ע;ם
ש;ב;ע;ר;י;ל;ל;ח;מ;ב;ר;ח;י;ל;ל;ח;ו;י;ה;ם
ש;ת;ב;ו;נ;ת;מ;ם;י;ר;ק;ד;מ;ו;ב;ו;ז;י;ם;ה
ו;ל;ש;ב;ת;ו;י;נ;מ;ח;ר;ם;י;ש;נ;י;ד;י;י;ד
ב;ש;ב;ו;מ;ל;ת;ו;ר;ב;ל;ו;י;ה;ן;ה;י;ד;ל;י
ש;ו;ת;מ;ח;ת;א;ה;ו;ה;י;ה;ל;כ;י;מ;ע;ת;ב;ר
ן;ו;י;צ;ב;ש;א;ת;צ;י;ו;ו;פ;א;ן;ו;ר;ח;ך;פ
ו;נ;י;מ;א;ה;א;ל;ה;י;ת;ד;ו;ס;י;ל;כ;א;ת;ו
י;י;כ;ל;ב;ת;י;ב;ש;י;ל;כ;ו;ץ;ר;א;י;כ;ל;מ
ם;ל;ש;ו;ר;י;י;ר;ע;ש;ב;ב;י;ו;א;ו;ר;צ;א;ב
י;נ;ה;כ;ת;ו;נ;ו;ע;ה;י;א;י;ב;נ;ת;א;ט;ח;מ
ם;י;ק;י;ד;צ;ם;ד;ה;ב;ר;ק;ב;ם;י;כ;פ;ש;ה;ה
ב;ו;ל;א;ג;נ;ת;ו;צ;ו;ח;ב;ם;י;ר;ו;ע;ו;ע;נ
ה;י;ש;ב;ל;ב;ו;ע;ג;י;ו;ל;כ;ו;י;א;ל;ב;ם;ד
ס;ו;ר;ו;ס;ו;מ;ל;ו;א;ר;ק;א;מ;ט;ו;ר;ו;ס;ם
א;ו;ע;נ;ם;ג;ו;צ;נ;י;כ;ו;ע;ג;ת;ל;א;ו;ר;ו
ר;ו;ג;ל;ו;פ;י;ס;ו;י;א;ל;ם;י;ו;ג;ב;ו;ר;מ
ה;ל;ף;י;ס;ו;י;א;ל;ם;ק;ל;ח;ה;ו;ה;י;י;נ;פ
ק;ז;ו;א;ש;נ;א;ל;ם;י;נ;ה;כ;י;נ;פ;ם;ט;י;ב
נ;י;ל;כ;ת;ה;נ;י;ד;ו;ע;ו;נ;נ;ח;א;ל;ם;י;נ
צ;ב;ל;ב;ה;ו;נ;ת;ר;ז;ע;ל;א;ו;נ;י;נ;י;ע;ה
ש;ו;י;א;ל;י;ו;ג;ל;א;ו;נ;י;פ;צ;ו;נ;ת;י;פ
י;ת;ב;ח;ר;ב;ת;כ;ל;מ;ו;נ;י;ד;ע;צ;ו;ד;צ;ע
כ;ו;נ;י;מ;י;ו;א;ל;מ;ו;נ;י;צ;ק;ב;ר;ק;ו;נ
נ;י;פ;ד;ר;ו;י;ה;ם;י;ל;ק;ו;נ;י;צ;ק;א;ב;י
ק;ל;ד;ם;י;ר;ה;ה;ל;ע;ם;י;מ;ש;י;ר;ש;נ;מ;ו
י;פ;א;ח;ו;ר;ו;נ;ל;ו;ב;ר;א;ר;ב;ד;מ;ב;ו;נ
ו;ת;י;ח;ש;ב;ד;כ;ל;נ;ה;ו;ה;י;ח;י;ש;מ;ו;נ
ג;ב;ה;י;ח;נ;ו;ל;צ;ב;ו;נ;ר;מ;א;ר;ש;א;ם;ת
ו;י;ם;ו;ד;א;ת;ב;י;ח;מ;ש;ו;י;ש;י;ש;ם;י;ו
ב;ע;ת;ך;י;ל;ע;ם;ג;ץ;ו;ע;ץ;ר;א;ב;י;ת;ב;ש
נ;ו;ע;ם;ת;י;ר;ע;ת;ת;ו;י;ר;כ;ש;ת;ס;ו;כ;ר
ת;ו;ל;ג;ה;ל;ף;י;ס;ו;י;א;ל;ן;ו;י;צ;ת;ב;ך
ח;ל;ע;ה;ל;ג;ם;ו;ד;א;ת;ב;ך;נ;ו;ע;ד;ק;פ;ך
ו;נ;ל;ה;י;ה;ה;מ;ה;ו;ה;י;ר;כ;ז;ך;י;ת;א;ט
ת;ל;ח;נ;ו;נ;ת;פ;ר;ח;ת;א;ה;א;ר;ו;ט;י;ב;ה
כ;נ;ל;ו;נ;י;ת;ב;ם;י;ר;ז;ל;ה;כ;פ;ה;נ;ו;נ
א;ב;א;ן;י;א;ו;נ;י;י;ה;ם;י;מ;ו;ת;י;ם;י;ר
כ;ב;ו;נ;י;מ;י;מ;ת;ו;נ;מ;ל;א;כ;ו;נ;י;ת;מ
א;ב;י;ר;י;ח;מ;ב;ו;נ;י;צ;ע;ו;נ;י;ת;ש;ף;ס
ו;נ;ע;ג;י;ו;נ;פ;ד;ר;נ;ו;נ;ר;א;ו;צ;ל;ע;ו
ד;י;ו;נ;ת;נ;ם;י;ר;צ;מ;ו;נ;ל;ח;נ;ו;ה;א;ל
א;ט;ח;ו;נ;י;ת;ב;א;ם;ח;ל;ע;ב;ש;ל;ר;ו;ש;א
ל;ב;ס;ם;ה;י;ת;נ;ו;ע;ו;נ;ח;נ;א;ם;נ;י;א;ו
ן;י;א;ק;ר;פ;ו;נ;ב;ו;ל;ש;מ;ם;י;ד;ב;ע;ו;נ
מ;ו;נ;מ;ח;ל;א;י;ב;נ;ו;נ;ש;פ;נ;ב;ם;ד;י;מ
ו;נ;ת;כ;ו;נ;ר;ו;ע;ר;ב;ד;מ;ה;ב;ר;ח;י;נ;פ
נ;ב;ע;ר;ת;ו;פ;ע;ל;ז;י;נ;פ;מ;ו;ר;מ;כ;נ;ר
י;י;ר;ע;ב;ת;ל;ת;ב;ו;נ;ע;ן;ו;י;צ;ב;ם;י;ש
ז;י;נ;פ;ו;ל;ת;נ;ם;ד;י;ב;ם;י;ר;ש;ה;ד;ו;ה
ו;ח;ט;ם;י;ר;ו;ח;ב;ו;ר;ד;ה;נ;א;ל;ם;י;נ;ק
ק;ז;ו;ל;ש;כ;ץ;ע;ב;ם;י;ר;ע;נ;ו;ו;א;ש;נ;ן
ג;נ;מ;ם;י;ר;ו;ח;ב;ו;ת;ב;ש;ר;ע;ש;מ;ם;י;נ
ל;ך;פ;ה;נ;ו;נ;ב;ל;ש;ו;ש;מ;ת;ב;ש;ם;ת;נ;י
נ;ש;א;ר;ת;ר;ט;ע;ה;ל;פ;נ;ו;נ;ל;ח;מ;ל;ב;א
ה;ז;ל;ע;ו;נ;א;ט;ח;י;כ;ו;נ;ל;א;נ;י;ו;א;ו
ע;ו;כ;ש;ח;ה;ל;א;ל;ע;ו;נ;ב;ל;ה;ו;ד;ה;י;ה
ע;ו;ש;ם;מ;ש;ש;ן;ו;י;צ;ר;ה;ל;ע;ו;נ;י;נ;י
ל;ו;ע;ל;ה;ו;ה;י;ה;ת;א;ו;ב;ו;כ;ל;ה;ם;י;ל
נ;ל;ה;מ;ל;ר;ו;ד;ו;ר;ד;ל;ך;א;ס;כ;ב;ש;ת;ם
מ;י;ך;ר;א;ל;ו;נ;ב;ז;ע;ת;ו;נ;ח;כ;ש;ת;ח;צ
ו;ש;נ;ו;ך;י;ל;א;ה;ו;ה;י;ו;נ;ב;י;ש;ה;ם;י
ס;א;מ;ם;א;י;כ;ם;ד;ק;כ;ו;נ;י;מ;י;ש;ד;ח;ב
ד;א;מ;ד;ע;ו;נ;י;ל;ע;ת;פ;צ;ק;ו;נ;ת;ס;א;מ
