י;ק;י;ו;ה;י;ת;ו;כ;ל;מ;ל;ש;ו;ל;ש;ת;נ;ש;ב;(35, 1, 1, 1, 1)
ר;צ;א;נ;ד;כ;ו;ב;נ;א;ב;ה;ד;ו;ה;י;ך;ל;מ;ם;(35, 1, 1, 21, 21)
ה;י;ל;ע;ר;צ;י;ו;ם;ל;ש;ו;ר;י;ל;ב;ב;ך;ל;מ;(35, 1, 1, 41, 41)
י;ק;י;ו;ה;י;ת;א;ו;ד;י;ב;י;נ;ד;א;ן;ת;י;ו;(35, 1, 2, 1, 61)
ת;י;ב;י;ל;כ;ת;צ;ק;מ;ו;ה;ד;ו;ה;י;ך;ל;מ;ם;(35, 1, 2, 21, 81)
ב;ר;ע;נ;ש;ץ;ר;א;ם;א;י;ב;י;ו;ם;י;ה;ל;א;ה;(35, 1, 2, 41, 101)
ב;א;י;ב;ה;ם;י;ל;כ;ה;ת;א;ו;ו;י;ה;ל;א;ת;י;(35, 1, 2, 61, 121)
ך;ל;מ;ה;ר;מ;א;י;ו;ו;י;ה;ל;א;ר;צ;ו;א;ת;י;(35, 1, 2, 81, 141)
מ;א;י;ב;ה;ל;ו;י;ס;י;ר;ס;ב;ר;ז;נ;פ;ש;א;ל;(35, 1, 3, 10, 161)
ו;ה;כ;ו;ל;מ;ה;ע;ר;ז;מ;ו;ל;א;ר;ש;י;י;נ;ב;(35, 1, 3, 30, 181)
ן;י;א;ר;ש;א;ם;י;ד;ל;י;ם;י;מ;ת;ר;פ;ה;ן;מ;(35, 1, 3, 50, 201)
מ;ו;ה;א;ר;מ;י;ב;ו;ט;ו;ם;ו;א;מ;ל;כ;ם;ה;ב;(35, 1, 4, 12, 221)
ע;ד;י;ע;ד;י;ו;ה;מ;כ;ח;ל;כ;ב;ם;י;ל;י;כ;ש;(35, 1, 4, 32, 241)
ל;ם;ה;ב;ח;כ;ר;ש;א;ו;ע;ד;מ;י;נ;י;ב;מ;ו;ת;(35, 1, 4, 52, 261)
פ;ס;ם;ד;מ;ל;ל;ו;ך;ל;מ;ה;ל;כ;י;ה;ב;ד;מ;ע;(35, 1, 4, 72, 281)
מ;ה;ם;ה;ל;ן;מ;י;ו;ם;י;ד;ש;כ;ן;ו;ש;ל;ו;ר;(35, 1, 4, 92, 301)
מ;ה;ג;ב;ת;פ;מ;ו;מ;ו;י;ב;ם;ו;י;ר;ב;ד;ך;ל;(35, 1, 5, 10, 321)
נ;ש;ם;ל;ד;ג;ל;ו;ו;י;ת;ש;מ;ן;י;י;מ;ו;ך;ל;(35, 1, 5, 30, 341)
נ;פ;ל;ו;ד;מ;ע;י;ם;ת;צ;ק;מ;ו;ש;ו;ל;ש;ם;י;(35, 1, 5, 50, 361)
ד;ו;ה;י;י;נ;ב;מ;ם;ה;ב;י;ה;י;ו;ך;ל;מ;ה;י;(35, 1, 5, 70, 381)
ר;ז;ע;ו;ל;א;ש;י;מ;ה;י;נ;נ;ח;ל;א;י;נ;ד;ה;(35, 1, 6, 16, 401)
מ;ש;ם;י;ס;י;ר;ס;ה;ר;ש;ם;ה;ל;ם;ש;י;ו;ה;י;(35, 1, 6, 36, 421)
ו;ר;צ;א;ש;ט;ל;ב;ל;א;י;נ;ד;ל;ם;ש;י;ו;ת;ו;(35, 1, 7, 19, 441)
ש;י;מ;ל;א;ש;י;מ;ל;ו;ך;ר;ד;ש;ה;י;נ;נ;ח;ל;(35, 1, 7, 39, 461)
נ;ד;ם;ש;י;ו;ו;ג;נ;ד;ב;ע;ה;י;ר;ז;ע;ל;ו;ך;(35, 1, 7, 59, 481)
פ;ב;ל;א;ג;ת;י;א;ל;ר;ש;א;ו;ב;ל;ל;ע;ל;א;י;(35, 1, 8, 7, 501)
ב;י;ו;ו;י;ת;ש;מ;ן;י;י;ב;ו;ך;ל;מ;ה;ג;ב;ת;(35, 1, 8, 27, 521)
ג;ת;י;א;ל;ר;ש;א;ם;י;ס;י;ר;ס;ה;ר;ש;מ;ש;ק;(35, 1, 8, 47, 541)
ל;ל;א;י;נ;ד;ת;א;ם;י;ה;ל;א;ה;ן;ת;י;ו;ל;א;(35, 1, 8, 67, 561)
י;ר;ס;ה;ר;ש;י;נ;פ;ל;ם;י;מ;ח;ר;ל;ו;ד;ס;ח;(35, 1, 9, 19, 581)
נ;ד;ל;ם;י;ס;י;ר;ס;ה;ר;ש;ר;מ;א;י;ו;ם;י;ס;(35, 1, 9, 39, 601)
א;ך;ל;מ;ה;י;נ;ד;א;ת;א;י;נ;א;א;ר;י;ל;א;י;(35, 1, 10, 18, 621)
י;ת;ש;מ;ת;א;ו;ם;כ;ל;כ;א;מ;ת;א;ה;נ;מ;ר;ש;(35, 1, 10, 38, 641)
ז;ם;כ;י;נ;פ;ת;א;ה;א;ר;י;ה;מ;ל;ר;ש;א;ם;כ;(35, 1, 10, 58, 661)
כ;ל;י;ג;כ;ר;ש;א;ם;י;ד;ל;י;ה;ן;מ;ם;י;פ;ע;(35, 1, 10, 78, 681)
א;י;ו;ך;ל;מ;ל;י;ש;א;ר;ת;א;ם;ת;ב;י;ח;ו;ם;(35, 1, 10, 98, 701)
ה;נ;מ;ר;ש;א;ר;צ;ל;מ;ה;ל;א;ל;א;י;נ;ד;ר;מ;(35, 1, 11, 4, 721)
י;נ;נ;ח;ל;א;י;נ;ד;ל;ע;ם;י;ס;י;ר;ס;ה;ר;ש;(35, 1, 11, 24, 741)
ב;ע;ת;א;א;נ;ס;נ;ה;י;ר;ז;ע;ו;ל;א;ש;י;מ;ה;(35, 1, 11, 44, 761)
מ;ו;נ;ל;ו;נ;ת;י;ו;ה;ר;ש;ע;ם;י;מ;י;ך;י;ד;(35, 1, 12, 9, 781)
ש;נ;ו;ם;י;מ;ו;ה;ל;כ;א;נ;ו;ם;י;ע;ר;ז;ה;ן;(35, 1, 12, 29, 801)
מ;ו;ו;נ;י;א;ר;מ;ך;י;נ;פ;ל;ו;א;ר;י;ו;ה;ת;(35, 1, 12, 49, 821)
ב;ת;פ;ת;א;ם;י;ל;כ;א;ה;ם;י;ד;ל;י;ה;ה;א;ר;(35, 1, 13, 19, 841)
ע;ם;ע;ה;ש;ע;ה;א;ר;ת;ר;ש;א;כ;ו;ך;ל;מ;ה;ג;(35, 1, 13, 39, 861)
ו;ה;ז;ה;ר;ב;ד;ל;ם;ה;ל;ע;מ;ש;י;ו;ך;י;ד;ב;(35, 1, 13, 59, 881)
י;מ;י;ת;צ;ק;מ;ו;ה;ר;ש;ע;ם;י;מ;י;ם;ס;נ;י;(35, 1, 14, 17, 901)
ב;ו;ב;ו;ט;ם;ה;י;א;ר;מ;ה;א;ר;נ;ה;ר;ש;ע;ם;(35, 1, 15, 9, 921)
כ;א;ה;ם;י;ד;ל;י;ה;ל;כ;ן;מ;ר;ש;ב;י;א;י;ר;(35, 1, 15, 29, 941)
ל;מ;ה;י;ה;י;ו;ך;ל;מ;ה;ג;ב;ת;פ;ת;א;ם;י;ל;(35, 1, 15, 49, 961)
י;ת;ש;מ;ן;י;י;ו;ם;ג;ב;ת;פ;ת;א;א;ש;נ;ר;צ;(35, 1, 16, 8, 981)
ד;ל;י;ה;ו;ם;י;נ;ע;ר;ז;ם;ה;ל;ן;ת;נ;ו;ם;ה;(35, 1, 16, 28, 1001)
א;ה;ם;ה;ל;ן;ת;נ;ם;ת;ע;ב;ר;א;ה;ל;א;ה;ם;י;(35, 1, 17, 6, 1021)
ח;ו;ר;פ;ס;ל;כ;ב;ל;כ;ש;ה;ו;ע;ד;מ;ם;י;ה;ל;(35, 1, 17, 26, 1041)
ן;ו;ז;ח;ל;כ;ב;ן;י;ב;ה;ל;א;י;נ;ד;ו;ה;מ;כ;(35, 1, 17, 46, 1061)
ר;ש;א;ם;י;מ;י;ה;ת;צ;ק;מ;ל;ו;ת;ו;מ;ל;ח;ו;(35, 1, 17, 66, 1081)
ש;ם;א;י;ב;י;ו;ם;א;י;ב;ה;ל;ך;ל;מ;ה;ר;מ;א;(35, 1, 18, 15, 1101)
ו;ר;צ;נ;ד;כ;ב;נ;י;נ;פ;ל;ם;י;ס;י;ר;ס;ה;ר;(35, 1, 18, 35, 1121)
כ;מ;א;צ;מ;נ;א;ל;ו;ך;ל;מ;ה;ם;ת;א;ר;ב;ד;י;(35, 1, 19, 2, 1141)
ע;ו;ל;א;ש;י;מ;ה;י;נ;נ;ח;ל;א;י;נ;ד;כ;ם;ל;(35, 1, 19, 22, 1161)
כ;ו;ך;ל;מ;ה;י;נ;פ;ל;ו;ד;מ;ע;י;ו;ה;י;ר;ז;(35, 1, 19, 42, 1181)
ה;מ;ש;ק;ב;ר;ש;א;ה;נ;י;ב;ת;מ;כ;ח;ר;ב;ד;ל;(35, 1, 20, 3, 1201)
ל;ע;ת;ו;ד;י;ר;ש;ע;ם;א;צ;מ;י;ו;ך;ל;מ;ה;ם;(35, 1, 20, 23, 1221)
כ;ב;ר;ש;א;ם;י;פ;ש;א;ה;ם;י;מ;ט;ר;ח;ה;ל;כ;(35, 1, 20, 43, 1241)
נ;ש;ד;ע;ל;א;י;נ;ד;י;ה;י;ו;ו;ת;ו;כ;ל;מ;ל;(35, 1, 20, 63, 1261)
ת;ש;ת;נ;ש;ב;ו;ך;ל;מ;ה;ש;ר;ו;כ;ל;ת;ח;א;ת;(35, 1, 21, 14, 1281)
ב;נ;ם;ל;ח;ר;צ;נ;ד;כ;ב;נ;ת;ו;כ;ל;מ;ל;ם;י;(35, 2, 1, 8, 1301)
ו;ח;ו;ר;ם;ע;פ;ת;ת;ו;ת;ו;מ;ל;ח;ר;צ;נ;ד;כ;(35, 2, 1, 28, 1321)
ה;ר;מ;א;י;ו;ו;י;ל;ע;ה;ת;י;ה;נ;ו;ת;נ;ש;ו;(35, 2, 1, 48, 1341)
י;פ;ש;א;ל;ו;ם;י;מ;ט;ר;ח;ל;א;ר;ק;ל;ך;ל;מ;(35, 2, 2, 7, 1361)
י;ג;ה;ל;ם;י;ד;ש;כ;ל;ו;ם;י;פ;ש;כ;מ;ל;ו;ם;(35, 2, 2, 27, 1381)
מ;ע;י;ו;ו;א;ב;י;ו;ו;י;ת;מ;ל;ח;ך;ל;מ;ל;ד;(35, 2, 2, 47, 1401)
מ;ה;ם;ה;ל;ר;מ;א;י;ו;ך;ל;מ;ה;י;נ;פ;ל;ו;ד;(35, 2, 2, 67, 1421)
י;ח;ו;ר;ם;ע;פ;ת;ו;י;ת;מ;ל;ח;ם;ו;ל;ח;ך;ל;(35, 2, 3, 11, 1441)
ש;כ;ה;ו;ר;ב;ד;י;ו;ם;ו;ל;ח;ה;ת;א;ת;ע;ד;ל;(35, 2, 3, 31, 1461)
מ;ל;ע;ל;א;כ;ל;מ;ת;י;מ;ר;א;ך;ל;מ;ל;ם;י;ד;(35, 2, 4, 10, 1481)
פ;ו;ך;י;ד;ב;ע;ל;א;מ;ל;ח;ר;מ;א;י;י;ח;ן;י;(35, 2, 4, 30, 1501)
כ;ל;ר;מ;א;ו;א;כ;ל;מ;ה;נ;ע;א;ו;ח;נ;א;ר;ש;(35, 2, 4, 50, 1521)
ת;א;ל;ן;ה;א;ד;ז;א;י;נ;מ;א;ת;ל;מ;א;י;ד;ש;(35, 2, 5, 14, 1541)
מ;ד;ה;ה;ר;ש;פ;ו;א;מ;ל;ח;י;נ;נ;ו;ע;ד;ו;ה;(35, 2, 5, 34, 1561)
י;ל;ו;נ;ן;ו;כ;י;ת;ב;ו;ן;ו;ד;ב;ע;ת;ת;ן;י;(35, 2, 5, 54, 1581)
ה;ת;ה;ר;ש;פ;ו;א;מ;ל;ח;ן;ה;ו;ן;ו;מ;ש;ת;י;(35, 2, 5, 74, 1601)
י;ג;ש;ר;ק;י;ו;ה;ב;ז;ב;נ;ו;ן;נ;ת;מ;ן;ו;ח;(35, 2, 6, 15, 1621)
א;מ;ל;ח;ן;ה;ל;י;מ;ד;ק;ן;מ;ן;ו;ל;ב;ק;ת;א;(35, 2, 6, 35, 1641)
ו;ת;ו;נ;י;נ;ת;ו;נ;ע;י;נ;ו;ח;ה;ה;ר;ש;פ;ו;(35, 2, 6, 55, 1661)
ב;ע;ל;ר;מ;א;י;א;מ;ל;ח;א;כ;ל;מ;ן;י;ר;מ;א;(35, 2, 7, 11, 1681)
כ;ל;מ;ה;נ;ע;ה;ו;ח;ה;נ;ה;ר;ש;פ;ו;י;ה;ו;ד;(35, 2, 7, 31, 1701)
ע;י;ד;ה;נ;א;ע;ד;י;ב;י;צ;י;ן;מ;ר;מ;א;ו;א;(35, 2, 8, 7, 1721)
י;ד;ל;ב;ק;ל;כ;ן;י;נ;ב;ז;ן;ו;ת;נ;א;א;נ;ד;(35, 2, 8, 27, 1741)
ד;א;ת;ל;מ;י;נ;מ;א;ד;ז;א;י;ד;ן;ו;ת;י;ז;ח;(35, 2, 8, 47, 1761)
ה;ד;ח;י;נ;נ;ע;ד;ו;ה;ת;א;ל;א;מ;ל;ח;ן;ה;י;(35, 2, 9, 2, 1781)
י;ח;ש;ו;ה;ב;ד;כ;ה;ל;מ;ו;ן;ו;כ;ת;ד;א;י;ה;(35, 2, 9, 22, 1801)
ד;ע;י;מ;ד;ק;ר;מ;א;מ;ל;ן;ו;ת;נ;מ;ז;ה;ה;ת;(35, 2, 9, 42, 1821)
מ;א;א;מ;ל;ח;ן;ה;ל;א;נ;ת;ש;י;א;נ;ד;ע;י;ד;(35, 2, 9, 62, 1841)
נ;ו;ח;ה;ת;ה;ר;ש;פ;י;ד;ע;ד;נ;א;ו;י;ל;ו;ר;(35, 2, 9, 82, 1861)
מ;א;ו;א;כ;ל;מ;ם;ד;ק;א;י;ד;ש;כ;ו;נ;ע;י;נ;(35, 2, 9, 102, 1881)
ד;א;ת;ש;ב;י;ל;ע;ש;נ;א;י;ת;י;א;א;ל;ן;י;ר;(35, 2, 10, 19, 1901)
ל;כ;ה;י;ו;ח;ה;ל;ל;כ;ו;י;א;כ;ל;מ;ת;ל;מ;י;(35, 2, 10, 39, 1921)
ה;ל;מ;ט;י;ל;ש;ו;ב;ר;ך;ל;מ;ל;כ;י;ד;ל;ב;ק;(35, 2, 10, 59, 1941)
ף;ש;א;ו;ם;ט;ר;ח;ל;כ;ל;ל;א;ש;א;ל;ה;נ;ד;כ;(35, 2, 10, 79, 1961)
י;ל;א;ש;ה;כ;ל;מ;י;ד;א;ת;ל;מ;ו;י;ד;ש;כ;ו;(35, 2, 10, 99, 1981)
ו;ח;י;י;ד;י;ת;י;א;א;ל;ן;ר;ח;א;ו;ה;ר;י;ק;(35, 2, 11, 16, 2001)
מ;י;ד;ן;י;ה;ל;א;ן;ה;ל;א;כ;ל;מ;ם;ד;ק;ה;נ;(35, 2, 11, 36, 2021)
כ;י;ה;ו;ת;י;א;א;ל;א;ר;ש;ב;ם;ע;ן;ו;ה;ר;ד;(35, 2, 11, 56, 2041)
ג;ש;ף;צ;ק;ו;ס;נ;ב;א;כ;ל;מ;ה;נ;ד;ל;ב;ק;ל;(35, 2, 12, 2, 2061)
י;מ;י;כ;ח;ל;כ;ל;ה;ד;ב;ו;ה;ל;ר;מ;א;ו;א;י;(35, 2, 12, 22, 2081)
ת;מ;א;י;מ;י;כ;ח;ו;ת;ק;פ;נ;א;ת;ד;ו;ל;ב;ב;(35, 2, 12, 42, 2101)
ה;ו;ר;ב;ח;ו;ל;א;י;נ;ד;ו;ע;ב;ו;ן;י;ל;ט;ק;(35, 2, 13, 18, 2121)
ת;ה;ל;א;י;נ;ד;ן;י;ד;א;ב;ה;ל;ט;ק;ת;ה;ל;י;(35, 2, 13, 38, 2141)
ח;ב;ט;ב;ר;ך;ו;י;ר;א;ל;ם;ע;ט;ו;א;ט;ע;ב;י;(35, 2, 14, 13, 2161)
ח;ל;ה;ל;ט;ק;ל;ק;פ;נ;י;ד;א;כ;ל;מ;י;ד;א;י;(35, 2, 14, 33, 2181)
ך;ו;י;ר;א;ל;ר;מ;א;ו;ה;נ;ע;ל;ב;ב;י;מ;י;כ;(35, 2, 14, 53, 2201)
ה;מ;א;ת;ד;ה;מ;ל;ע;א;כ;ל;מ;י;ד;א;ט;י;ל;ש;(35, 2, 15, 14, 2221)
ת;ל;מ;ן;י;ד;א;א;כ;ל;מ;ם;ד;ק;ן;מ;ה;פ;צ;ח;(35, 2, 15, 34, 2241)
י;נ;ד;ו;ל;א;י;נ;ד;ל;ך;ו;י;ר;א;ע;ד;ו;ה;א;(35, 2, 15, 54, 2261)
י;ן;מ;ז;י;ד;א;כ;ל;מ;ן;מ;ה;ע;ב;ו;ל;ע;ל;א;(35, 2, 16, 5, 2281)
כ;ל;מ;ל;ה;י;ו;ח;ה;ל;א;ר;ש;פ;ו;ה;ל;ן;ת;נ;(35, 2, 16, 25, 2301)
ל;ו;ל;ז;א;ה;ת;י;ב;ל;ל;א;י;נ;ד;ן;י;ד;א;א;(35, 2, 16, 45, 2321)
ו;ר;ב;ח;ה;י;ר;ז;ע;ו;ל;א;ש;י;מ;ה;י;נ;נ;ח;(35, 2, 17, 20, 2341)
ע;ב;מ;ל;ן;י;מ;ח;ר;ו;ע;ד;ו;ה;א;ת;ל;מ;י;ה;(35, 2, 17, 40, 2361)
נ;ד;ה;ז;ר;ל;ע;א;י;מ;ש;ה;ל;א;ם;ד;ק;ן;מ;א;(35, 2, 18, 11, 2381)
ר;ב;ח;ו;ל;א;י;נ;ד;ן;ו;ד;ב;ה;י;א;ל;י;ד;ה;(35, 2, 18, 31, 2401)
ן;י;ד;א;ל;ב;ב;י;מ;י;כ;ח;ר;א;ש;ם;ע;י;ה;ו;(35, 2, 18, 51, 2421)
ז;ר;א;י;ל;י;ל;י;ד;א;ו;ז;ח;ב;ל;א;י;נ;ד;ל;(35, 2, 19, 5, 2441)
ה;ל;א;ל;ך;ר;ב;ל;א;י;נ;ד;ן;י;ד;א;י;ל;ג;ה;(35, 2, 19, 25, 2461)
א;ו;ה;ל;ר;מ;א;ו;ל;א;י;נ;ד;ה;נ;ע;א;י;מ;ש;(35, 2, 19, 45, 2481)
ו;א;מ;ל;ע;ן;מ;ך;ר;ב;מ;א;ה;ל;א;י;ד;ה;מ;ש;(35, 2, 20, 17, 2501)
א;ת;ר;ו;ב;ג;ו;א;ת;מ;כ;ח;י;ד;א;מ;ל;ע;ד;ע;(35, 2, 20, 37, 2521)
י;נ;ד;ע;א;נ;ש;ה;מ;א;ו;ה;ו;א;י;ה;ה;ל;י;ד;(35, 2, 20, 57, 2541)
ה;מ;ו;ן;י;כ;ל;מ;ה;ד;ע;ה;מ;א;י;נ;מ;ז;ו;א;(35, 2, 21, 14, 2561)
י;כ;ח;ל;א;ת;מ;כ;ח;ב;ה;י;ן;י;כ;ל;מ;ם;י;ק;(35, 2, 21, 34, 2581)
ו;ה;ה;נ;י;ב;י;ע;ד;י;ל;א;ע;ד;נ;מ;ו;ן;י;מ;(35, 2, 21, 54, 2601)
ע;ד;י;א;ת;ר;ת;ס;מ;ו;א;ת;ק;י;מ;ע;א;ל;ג;א;(35, 2, 22, 3, 2621)
א;ר;ש;ה;מ;ע;א;ר;י;ה;נ;ו;א;כ;ו;ש;ח;ב;ה;מ;(35, 2, 22, 23, 2641)
ח;ב;ש;מ;ו;א;ד;ו;ה;מ;י;ת;ה;ב;א;ה;ל;א;ך;ל;(35, 2, 23, 1, 2661)
ב;ה;י;א;ת;ר;ו;ב;ג;ו;א;ת;מ;כ;ח;י;ד;ה;נ;א;(35, 2, 23, 21, 2681)
נ;י;ע;ב;י;ד;י;נ;ת;ע;ד;ו;ה;ן;ע;כ;ו;י;ל;ת;(35, 2, 23, 41, 2701)
א;נ;ת;ע;ד;ו;ה;א;כ;ל;מ;ת;ל;מ;י;ד;ך;נ;מ;א;(35, 2, 23, 61, 2721)
י;ר;א;ל;ע;ל;ע;ל;א;י;נ;ד;ה;נ;ד;ל;ב;ק;ל;כ;(35, 2, 24, 1, 2741)
כ;ח;ל;ה;ד;ב;ו;ה;ל;א;כ;ל;מ;י;נ;מ;י;ד;ך;ו;(35, 2, 24, 21, 2761)
כ;ח;ל;ה;ל;ר;מ;א;ן;כ;ו;ל;ז;א;ל;ב;ב;י;מ;י;(35, 2, 24, 41, 2781)
ד;ק;י;נ;ל;ע;ה;ד;ב;ו;ה;ת;ל;א;ל;ב;ב;י;מ;י;(35, 2, 24, 61, 2801)
א;א;ו;ח;א;א;כ;ל;מ;ל;א;ר;ש;פ;ו;א;כ;ל;מ;ם;(35, 2, 24, 81, 2821)
ל;ל;ע;נ;ה;ה;ל;ה;ב;ת;ה;ב;ך;ו;י;ר;א;ן;י;ד;(35, 2, 25, 2, 2841)
ה;ל;ר;מ;א;ן;כ;ו;א;כ;ל;מ;ם;ד;ק;ל;א;י;נ;ד;(35, 2, 25, 22, 2861)
א;ת;ו;ל;ג;י;נ;ב;ן;מ;ר;ב;ג;ת;ח;כ;ש;ה;י;ד;(35, 2, 25, 42, 2881)
ו;ה;י;א;כ;ל;מ;ל;א;ר;ש;פ;י;ד;ד;ו;ה;י;י;ד;(35, 2, 25, 62, 2901)
ד;ל;א;י;נ;ד;ל;ר;מ;א;ו;א;כ;ל;מ;ה;נ;ע;ע;ד;(35, 2, 25, 82, 2921)
ל;ה;כ;ך;י;ת;י;א;ה;ר;צ;א;ש;ט;ל;ב;ה;מ;ש;י;(35, 2, 26, 19, 2941)
פ;ו;ת;י;ז;ח;י;ד;א;מ;ל;ח;י;נ;ת;ע;ד;ו;ה;ל;(35, 2, 26, 39, 2961)
א;ו;א;כ;ל;מ;ם;ד;ק;ל;א;י;נ;ד;ה;נ;ע;ה;ר;ש;(35, 2, 26, 59, 2981)
מ;י;כ;ח;א;ל;ל;א;ש;א;כ;ל;מ;י;ד;ה;ז;ר;ר;מ;(35, 2, 27, 18, 3001)
כ;י;ן;י;ר;ז;ג;ן;י;מ;ט;ר;ח;ן;י;פ;ש;א;ן;י;(35, 2, 27, 38, 3021)
ת;י;א;ם;ר;ב;א;כ;ל;מ;ל;ה;י;ו;ח;ה;ל;ן;י;ל;(35, 2, 27, 58, 3041)
ד;ו;ה;ו;ן;י;ז;ר;א;ל;ג;א;י;מ;ש;ב;ה;ל;א;י;(35, 2, 28, 7, 3061)
ה;ל;י;ד;ה;מ;ר;צ;נ;ד;כ;ו;ב;נ;א;כ;ל;מ;ל;ע;(35, 2, 28, 27, 3081)
ז;ח;ו;ך;מ;ל;ח;א;י;מ;ו;י;ת;י;ר;ח;א;ב;א;ו;(35, 2, 28, 47, 3101)
א;א;ו;ה;ה;נ;ד;ך;ב;כ;ש;מ;ל;ע;ך;ש;א;ר;י;ו;(35, 2, 28, 67, 3121)
ך;ב;כ;ש;מ;ל;ע;ך;נ;ו;י;ע;ר;א;כ;ל;מ;ה;ת;נ;(35, 2, 29, 2, 3141)
ו;ה;נ;ד;י;ר;ח;א;א;ו;ה;ל;י;ד;ה;מ;ו;ק;ל;ס;(35, 2, 29, 22, 3161)
א;ו;ה;ל;י;ד;ה;מ;ך;ע;ד;ו;ה;א;י;ז;ר;א;ל;ג;(35, 2, 29, 42, 3181)
מ;י;ב;י;ת;י;א;י;ד;ה;מ;כ;ח;ב;א;ל;ה;נ;א;ו;(35, 2, 30, 1, 3201)
ה;ל;י;ל;י;ל;ג;ה;נ;ד;א;ז;ר;א;י;י;ח;ל;כ;ן;(35, 2, 30, 21, 3221)
ה;י;א;כ;ל;מ;ל;א;ר;ש;פ;י;ד;ת;ר;ב;ד;ל;ע;ן;(35, 2, 30, 41, 3241)
ע;ד;נ;ת;ך;ב;ב;ל;י;נ;ו;י;ע;ר;ו;ן;ו;ע;ד;ו;(35, 2, 30, 61, 3261)
צ;ו;ל;א;ו;ת;י;ו;ה;ה;ז;ח;א;כ;ל;מ;ה;ת;נ;א;(35, 2, 31, 1, 3281)
י;ז;ו;ב;ר;ן;כ;ד;א;מ;ל;צ;א;י;ג;ש;ד;ח;ם;ל;(35, 2, 31, 21, 3301)
ח;ד;ה;ו;ר;ו;ך;ל;ב;ק;ל;ם;א;ק;ר;י;ת;י;ה;ו;(35, 2, 31, 41, 3321)
ב;ט;ב;ה;ד;י;ד;ה;ש;א;ר;א;מ;ל;צ;א;ו;ה;ל;י;(35, 2, 31, 61, 3341)
ו;ע;מ;ף;ס;כ;י;ד;י;ה;ו;ע;ר;ד;ו;י;ה;ו;ד;ח;(35, 2, 32, 19, 3361)
י;ד;י;ה;ו;ק;ש;ש;ח;נ;י;ד;ה;ת;כ;ר;י;ו;י;ה;(35, 2, 32, 39, 3381)
ז;ר;פ;י;ד;ן;ו;ה;נ;מ;י;ה;ו;ל;ג;ר;ל;ז;ר;פ;(35, 2, 33, 8, 3401)
ע;ת;י;ו;ה;ה;ז;ח;ף;ס;ח;י;ד;ן;ו;ה;נ;מ;ו;ל;(35, 2, 33, 28, 3421)
י;ד;י;ב;א;ל;י;ד;ן;ב;א;ת;ר;ז;ג;ת;ה;י;ד;ד;(35, 2, 34, 9, 3441)
י;ד;י;ה;ו;ל;ג;ר;ל;ע;א;מ;ל;צ;ל;ת;ח;מ;ו;ן;(35, 2, 34, 29, 3461)
ב;ן;ו;מ;ה;ת;ק;ד;ה;ו;א;פ;ס;ח;ו;א;ל;ז;ר;פ;(35, 2, 34, 49, 3481)
א;פ;ס;ח;א;ל;ז;ר;פ;ה;ד;ח;כ;ו;ק;ד;ן;י;ד;א;(35, 2, 35, 2, 3501)
ו;ע;כ;ו;ו;ה;ו;א;ב;ה;ד;ו;א;פ;ס;כ;א;ש;ח;נ;(35, 2, 35, 22, 3521)
ו;ר;ן;ו;מ;ה;א;ש;נ;ו;ט;י;ק;י;ר;ד;א;ן;מ;ר;(35, 2, 35, 42, 3541)
ו;ן;ו;ה;ל;ח;כ;ת;ש;ה;א;ל;ר;ת;א;ל;כ;ו;א;ח;(35, 2, 35, 62, 3561)
ו;ט;ל;ת;ו;ה;א;מ;ל;צ;ל;ת;ח;מ;י;ד;א;נ;ב;א;(35, 2, 35, 82, 3581)
א;מ;ל;ח;ה;נ;ד;א;ע;ר;א;ל;כ;ת;ל;מ;ו;ב;ר;ר;(35, 2, 35, 102, 3601)
ה;ת;נ;א;א;כ;ל;מ;ם;ד;ק;ר;מ;א;נ;ה;ר;ש;פ;ו;(35, 2, 36, 8, 3621)
י;מ;ש;ה;ל;א;י;ד;א;י;כ;ל;מ;ך;ל;מ;א;כ;ל;מ;(35, 2, 37, 5, 3641)
ר;ק;י;ו;א;פ;ק;ת;ו;א;נ;ס;ח;א;ת;ו;כ;ל;מ;א;(35, 2, 37, 25, 3661)
י;נ;ב;ן;י;ר;א;ד;י;ד;ל;כ;ב;ו;ך;ל;ב;ה;י;א;(35, 2, 37, 45, 3681)
י;א;י;מ;ש;ף;ו;ע;ו;א;ר;ב;ת;ו;י;ח;א;ש;נ;א;(35, 2, 38, 15, 3701)
נ;א;ן;ו;ה;ל;כ;ב;ך;ט;ל;ש;ה;ו;ך;ד;י;ב;ב;ה;(35, 2, 38, 35, 3721)
ך;ר;ת;ב;ו;א;ב;ה;ד;י;ד;ה;ש;א;ר;א;ו;ה;ה;ת;(35, 2, 38, 55, 3741)
ו;ך;נ;מ;א;ע;ר;א;י;ר;ח;א;ו;כ;ל;מ;ם;ו;ק;ת;(35, 2, 39, 6, 3761)
א;ש;ח;נ;י;ד;י;ר;ח;א;א;י;ת;י;ל;ת;ו;כ;ל;מ;(35, 2, 39, 26, 3781)
ב;ר;ו;כ;ל;מ;ו;א;ע;ר;א;ל;כ;ב;ט;ל;ש;ת;י;ד;(35, 2, 39, 46, 3801)
כ;א;ל;ז;ר;פ;כ;ה;פ;י;ק;ת;א;ו;ה;ת;ה;י;ע;י;(35, 2, 40, 8, 3821)
כ;ל;ש;ח;ו;ק;ד;ה;מ;א;ל;ז;ר;פ;י;ד;ל;ב;ק;ל;(35, 2, 40, 28, 3841)
י;ל;א;ל;כ;ע;ע;ר;מ;י;ד;א;ל;ז;ר;פ;כ;ו;א;ל;(35, 2, 40, 48, 3861)
י;ל;ג;ר;ה;ת;י;ז;ח;י;ד;ו;ע;ר;ת;ו;ק;ד;ת;ן;(35, 2, 40, 68, 3881)
ח;פ;י;ד;ף;ס;ח;ן;ו;ה;נ;מ;א;ת;ע;ב;צ;א;ו;א;(35, 2, 41, 13, 3901)
ה;ג;י;ל;פ;ו;כ;ל;מ;ל;ז;ר;פ;ן;ו;ה;נ;מ;ו;ר;(35, 2, 41, 33, 3921)
ל;א;ל;ז;ר;פ;י;ד;א;ת;ב;צ;נ;ן;מ;ו;ה;ו;ה;ת;(35, 2, 41, 53, 3941)
ז;ר;פ;ה;ת;י;ז;ח;י;ד;ל;ב;ק;ל;כ;ה;ב;א;ו;ה;(35, 2, 41, 73, 3961)
ת;ע;ב;צ;א;ו;א;נ;י;ט;ף;ס;ח;ב;ב;ר;ע;מ;א;ל;(35, 2, 41, 93, 3981)
ן;ו;ה;נ;מ;ו;ל;ז;ר;פ;ן;ו;ה;נ;מ;א;י;ל;ג;ר;(35, 2, 42, 7, 4001)
ק;ת;ה;ו;ה;ת;א;ת;ו;כ;ל;מ;ת;צ;ק;ן;מ;ף;ס;ח;(35, 2, 42, 27, 4021)
ז;ח;י;ד;ה;ר;י;ב;ת;ה;ו;ה;ת;ה;נ;מ;ו;ה;פ;י;(35, 2, 42, 47, 4041)
מ;א;נ;י;ט;ף;ס;ח;ב;ב;ר;ע;מ;א;ל;ז;ר;פ;ת;י;(35, 2, 43, 5, 4061)
ל;ו;א;ש;נ;א;ע;ר;ז;ב;ן;ו;ה;ל;ן;י;ב;ר;ע;ת;(35, 2, 43, 25, 4081)
א;ה;ה;נ;ד;ם;ע;ה;נ;ד;ן;י;ק;ב;ד;ן;ו;ה;ל;א;(35, 2, 43, 45, 4101)
פ;ס;ח;ם;ע;ב;ר;ע;ת;מ;א;ל;א;ל;ז;ר;פ;י;ד;כ;(35, 2, 43, 65, 4121)
ו;נ;א;א;י;כ;ל;מ;י;ד;ן;ו;ה;י;מ;ו;י;ב;ו;א;(35, 2, 43, 85, 4141)
ע;ל;י;ד;ו;כ;ל;מ;א;י;מ;ש;ה;ל;א;ם;י;ק;י;ן;(35, 2, 44, 20, 4161)
ע;ל;ה;ת;ו;כ;ל;מ;ו;ל;ב;ח;ת;ת;א;ל;ן;י;מ;ל;(35, 2, 44, 40, 4181)
ף;י;ס;ת;ו;ק;ד;ת;ק;ב;ת;ש;ת;א;ל;ן;ר;ח;א;ם;(35, 2, 44, 60, 4201)
ם;ו;ק;ת;א;י;ה;ו;א;ת;ו;כ;ל;מ;ן;י;ל;א;ל;כ;(35, 2, 44, 80, 4221)
מ;י;ד;ת;י;ז;ח;י;ד;ל;ב;ק;ל;כ;א;י;מ;ל;ע;ל;(35, 2, 44, 100, 4241)
ד;י;ב;א;ל;י;ד;ן;ב;א;ת;ר;ז;ג;ת;א;א;ר;ו;ט;(35, 2, 45, 15, 4261)
א;פ;ס;ח;א;ש;ח;נ;א;ל;ז;ר;פ;ת;ק;ד;ה;ו;ן;י;(35, 2, 45, 35, 4281)
מ;ל;ע;ד;ו;ה;ב;ר;ה;ל;א;א;ב;ה;ד;ו;א;פ;ס;כ;(35, 2, 45, 55, 4301)
י;ו;ה;נ;ד;י;ר;ח;א;א;ו;ה;ל;י;ד;ה;מ;א;כ;ל;(35, 2, 45, 75, 4321)
ד;א;ב;ה;ר;ש;פ;ן;מ;י;ה;מ;ו;א;מ;ל;ח;ב;י;צ;(35, 2, 45, 95, 4341)
א;ל;ע;ל;פ;נ;ר;צ;נ;ד;כ;ו;ב;נ;א;כ;ל;מ;ן;י;(35, 2, 46, 4, 4361)
ה;ח;נ;מ;ו;ד;ג;ס;ל;א;י;נ;ד;ל;ו;י;ה;ו;פ;נ;(35, 2, 46, 24, 4381)
ה;נ;ע;ה;ל;ה;כ;ס;נ;ל;ר;מ;א;ן;י;ח;ח;י;נ;ו;(35, 2, 46, 44, 4401)
ד;ט;ש;ק;ן;מ;ר;מ;א;ו;ל;א;י;נ;ד;ל;א;כ;ל;מ;(35, 2, 47, 4, 4421)
מ;ו;ן;י;ה;ל;א;ה;ל;א;א;ו;ה;ן;ו;כ;ה;ל;א;י;(35, 2, 47, 24, 4441)
ל;כ;י;י;ד;ן;י;ז;ר;ה;ל;ג;ו;ן;י;כ;ל;מ;א;ר;(35, 2, 47, 44, 4461)
א;כ;ל;מ;ן;י;ד;א;ה;נ;ד;ה;ז;ר;א;ל;ג;מ;ל;ת;(35, 2, 47, 64, 4481)
ש;ן;ב;ר;ב;ר;ן;נ;ת;מ;ו;י;ב;ר;ל;א;י;נ;ד;ל;(35, 2, 48, 9, 4501)
מ;ל;כ;ל;ע;ה;ט;ל;ש;ה;ו;ה;ל;ב;ה;י;ן;א;י;ג;(35, 2, 48, 29, 4521)
ח;ל;כ;ל;ע;ן;י;נ;ג;ס;ב;ר;ו;ל;ב;ב;ת;נ;י;ד;(35, 2, 48, 49, 4541)
ל;מ;ן;מ;א;ע;ב;ל;א;י;נ;ד;ו;ל;ב;ב;י;מ;י;כ;(35, 2, 48, 69, 4561)
נ;י;ד;מ;י;ד;א;ת;ד;י;ב;ע;ל;ע;י;נ;מ;ו;א;כ;(35, 2, 49, 14, 4581)
ו;ג;נ;ד;ב;ע;ו;ך;ש;י;מ;ך;ר;ד;ש;ל;ל;ב;ב;ת;(35, 2, 49, 34, 4601)
נ;ד;כ;ו;ב;נ;א;כ;ל;מ;ע;ר;ת;ב;ל;א;י;נ;ד;ו;(35, 2, 49, 54, 4621)
מ;ו;ר;ב;ה;ד;י;ד;ם;ל;צ;ד;ב;ע;א;כ;ל;מ;ר;צ;(35, 3, 1, 7, 4641)
א;ת;ש;ן;י;מ;א;ה;י;ת;פ;ן;י;ת;ש;ן;י;מ;א;ה;(35, 3, 1, 27, 4661)
ב;ת;נ;י;ד;מ;ב;א;ר;ו;ד;ת;ע;ק;ב;ב;ה;מ;י;ק;(35, 3, 1, 47, 4681)
מ;ל;ח;ל;ש;א;כ;ל;מ;ר;צ;נ;ד;כ;ו;ב;נ;ו;ל;ב;(35, 3, 1, 67, 4701)
פ;ו;א;י;נ;ג;ס;א;י;נ;פ;ר;ד;ש;ח;א;ל;ש;נ;כ;(35, 3, 2, 19, 4721)
ת;ד;א;י;ר;ב;ד;ג;א;י;ר;ז;ג;ר;ד;א;א;ת;ו;ח;(35, 3, 2, 39, 4741)
י;ד;מ;י;נ;ט;ל;ש;ל;כ;ו;א;י;ת;פ;ת;א;י;ר;ב;(35, 3, 2, 59, 4761)
ק;ה;י;ד;א;מ;ל;צ;ת;כ;נ;ח;ל;א;ת;מ;ל;א;ת;נ;(35, 3, 2, 79, 4781)
מ;ן;י;ד;א;ב;א;כ;ל;מ;ר;צ;נ;ד;כ;ו;ב;נ;ם;י;(35, 3, 2, 99, 4801)
א;י;נ;ג;ס;א;י;נ;פ;ר;ד;ש;ח;א;ן;י;ש;נ;כ;ת;(35, 3, 3, 7, 4821)
א;י;ר;ב;ד;ג;א;י;ר;ז;ג;ר;ד;א;א;ת;ו;ח;פ;ו;(35, 3, 3, 27, 4841)
מ;י;נ;ט;ל;ש;ל;כ;ו;א;י;ת;פ;ת;א;י;ר;ב;ת;ד;(35, 3, 3, 47, 4861)
ם;י;ק;ה;י;ד;א;מ;ל;צ;ת;כ;נ;ח;ל;א;ת;נ;י;ד;(35, 3, 3, 67, 4881)
ק;ל;ן;י;מ;א;ק;ו;א;כ;ל;מ;ר;צ;נ;ד;כ;ו;ב;נ;(35, 3, 3, 87, 4901)
ר;צ;נ;ד;כ;ו;ב;נ;ם;י;ק;ה;י;ד;א;מ;ל;צ;ל;ב;(35, 3, 3, 107, 4921)
ר;מ;א;ן;ו;כ;ל;ל;י;ח;ב;א;ר;ק;א;ז;ו;ר;כ;ו;(35, 3, 4, 1, 4941)
ד;ע;ב;א;י;נ;ש;ל;ו;א;י;מ;א;א;י;מ;מ;ע;ן;י;(35, 3, 4, 21, 4961)
ו;ר;ש;מ;א;נ;ר;ק;ל;ק;ן;ו;ע;מ;ש;ת;י;ד;א;נ;(35, 3, 5, 4, 4981)
י;ר;ת;נ;ס;פ;א;כ;ב;ס;ס;ו;ר;ת;י;ק;א;ת;י;ק;(35, 3, 5, 24, 5001)
פ;ת;א;ר;מ;ז;י;נ;ז;ל;כ;ו;ה;י;נ;פ;מ;ו;ס;ן;(35, 3, 5, 44, 5021)
י;ד;א;ב;ה;ד;ם;ל;צ;ל;ן;ו;ד;ג;ס;ת;ו;ן;ו;ל;(35, 3, 5, 64, 5041)
ד;ן;מ;ו;א;כ;ל;מ;ר;צ;נ;ד;כ;ו;ב;נ;ם;י;ק;ה;(35, 3, 5, 84, 5061)
ר;ת;י;א;ת;ע;ש;ה;ב;ד;ג;ס;י;ו;ל;פ;י;א;ל;י;(35, 3, 6, 5, 5081)
כ;א;ת;ד;ק;י;א;ר;ו;נ;ן;ו;ת;א;א;ו;ג;ל;א;מ;(35, 3, 6, 25, 5101)
י;ע;מ;ש;י;ד;כ;א;נ;מ;ז;ה;ב;ה;נ;ד;ל;ב;ק;ל;(35, 3, 7, 2, 5121)
י;ק;ו;ר;ש;מ;א;נ;ר;ק;ל;ק;א;י;מ;מ;ע;ל;כ;ן;(35, 3, 7, 22, 5141)
כ;ו;ן;י;ר;ט;נ;ס;פ;א;כ;ב;ש;ס;ר;ת;י;ק;א;ת;(35, 3, 7, 42, 5161)
א;י;מ;מ;ע;ל;כ;ן;י;ל;פ;נ;א;ר;מ;ז;י;נ;ז;ל;(35, 3, 7, 62, 5181)
ד;ם;ל;צ;ל;ן;י;ד;ג;ס;א;י;נ;ש;ל;ו;א;י;מ;א;(35, 3, 7, 82, 5201)
כ;ל;מ;ר;צ;נ;ד;כ;ו;ב;נ;ם;י;ק;ה;י;ד;א;ב;ה;(35, 3, 7, 102, 5221)
ג;ו;ב;ר;ק;א;נ;מ;ז;ה;ב;ה;נ;ד;ל;ב;ק;ל;כ;א;(35, 3, 7, 122, 5241)
ה;י;צ;ר;ק;ו;ל;כ;א;ו;ן;י;א;ד;ש;כ;ן;י;ר;ב;(35, 3, 8, 20, 5261)
ל;ן;י;ר;מ;א;ו;ו;נ;ע;א;י;ד;ו;ה;י;י;ד;ן;ו;(35, 3, 8, 40, 5281)
מ;ל;ע;ל;א;כ;ל;מ;א;כ;ל;מ;ר;צ;נ;ד;כ;ו;ב;נ;(35, 3, 9, 11, 5301)
ד;ם;ע;ט;ת;מ;ש;א;כ;ל;מ;ה;ת;נ;א;י;י;ח;ן;י;(35, 3, 9, 31, 5321)
ש;מ;א;נ;ר;ק;ל;ק;ע;מ;ש;י;י;ד;ש;נ;א;ל;כ;י;(35, 3, 10, 16, 5341)
י;ר;ת;נ;ס;פ;א;כ;ב;ש;ס;ר;ת;י;ק;א;ת;י;ק;ר;(35, 3, 10, 36, 5361)
פ;י;א;ר;מ;ז;י;נ;ז;ל;כ;ו;ה;י;נ;פ;י;ס;ו;ן;(35, 3, 10, 56, 5381)
ל;י;ד;ן;מ;ו;א;ב;ה;ד;ם;ל;צ;ל;ד;ג;ס;י;ו;ל;(35, 3, 10, 76, 5401)
ת;א;א;ו;ג;ל;א;מ;ר;ת;י;ד;ג;ס;י;ו;ל;פ;י;א;(35, 3, 11, 7, 5421)
ן;י;ר;ב;ג;י;ת;י;א;א;ת;ד;ק;י;א;ר;ו;נ;ן;ו;(35, 3, 11, 27, 5441)
ל;ע;ן;ו;ה;ת;י;ת;י;נ;מ;י;ד;ן;י;א;ד;ו;ה;י;(35, 3, 12, 10, 5461)
ש;י;מ;ך;ר;ד;ש;ל;ב;ב;ת;נ;י;ד;מ;ת;ד;י;ב;ע;(35, 3, 12, 30, 5481)
מ;ש;א;ל;ך;ל;א;א;י;ר;ב;ג;ו;ג;נ;ד;ב;ע;ו;ך;(35, 3, 12, 50, 5501)
א;ל;ך;י;ה;ל;א;ל;ם;ע;ט;א;כ;ל;מ;ך;י;ל;ע;ו;(35, 3, 12, 70, 5521)
מ;י;ק;ה;י;ד;א;ב;ה;ד;ם;ל;צ;ל;ו;ן;י;ח;ל;פ;(35, 3, 12, 90, 5541)
צ;נ;ד;כ;ו;ב;נ;ן;י;ד;א;ב;ן;י;ד;ג;ס;א;ל;ת;(35, 3, 12, 110, 5561)
ש;ל;ה;י;ת;י;ה;ל;ר;מ;א;ה;מ;ח;ו;ז;ג;ר;ב;ר;(35, 3, 13, 13, 5581)
ג;ן;י;ד;א;ב;ו;ג;נ;ד;ב;ע;ו;ך;ש;י;מ;ך;ר;ד;(35, 3, 13, 33, 5601)
ע;א;כ;ל;מ;ם;ד;ק;ו;י;ת;י;ה;ך;ל;א;א;י;ר;ב;(35, 3, 13, 53, 5621)
ד;צ;ה;ן;ו;ה;ל;ר;מ;א;ו;ר;צ;נ;ד;כ;ב;נ;ה;נ;(35, 3, 14, 2, 5641)
ה;ל;א;ל;ו;ג;נ;ד;ב;ע;ו;ך;ש;י;מ;ך;ר;ד;ש;א;(35, 3, 14, 22, 5661)
ם;ל;צ;ל;ו;ן;י;ח;ל;פ;ן;ו;כ;י;ת;י;א;א;ל;י;(35, 3, 14, 42, 5681)
ע;כ;ן;י;ד;ג;ס;א;ל;ת;מ;י;ק;ה;י;ד;א;ב;ה;ד;(35, 3, 14, 62, 5701)
ע;ב;י;ד;ן;י;ד;י;ת;ע;ן;ו;כ;י;ת;י;א;ן;ה;ן;(35, 3, 15, 3, 5721)
ר;ש;מ;א;נ;ר;ק;ל;ק;ן;ו;ע;מ;ש;ת;י;ד;א;נ;ד;(35, 3, 15, 23, 5741)
י;ר;ת;נ;ס;פ;א;כ;ב;ש;ס;ר;ת;י;ק;א;ת;י;ק;ו;(35, 3, 15, 43, 5761)
ת;א;ר;מ;ז;י;נ;ז;ל;כ;ו;ה;י;נ;פ;מ;ו;ס;ו;ן;(35, 3, 15, 63, 5781)
ב;ע;י;ד;א;מ;ל;צ;ל;ן;ו;ד;ג;ס;ת;ו;ן;ו;ל;פ;(35, 3, 15, 83, 5801)
ת;ה;ת;ע;ש;ה;ב;ן;ו;ד;ג;ס;ת;א;ל;ן;ה;ו;ת;ד;(35, 3, 15, 103, 5821)
ד;ק;י;א;ר;ו;נ;ן;ו;ת;א;א;ו;ג;ל;ן;ו;מ;ר;ת;(35, 3, 15, 123, 5841)
כ;נ;ב;ז;י;ש;י;י;ד;ה;ל;א;א;ו;ה;ן;מ;ו;א;ת;(35, 3, 15, 143, 5861)
ע;ו;ך;ש;י;מ;ך;ר;ד;ש;ו;נ;ע;י;ד;י;ן;מ;ן;ו;(35, 3, 15, 163, 5881)
כ;ו;ב;נ;א;כ;ל;מ;ל;ן;י;ר;מ;א;ו;ו;ג;נ;ד;ב;(35, 3, 16, 14, 5901)
נ;ד;ל;ע;ה;נ;ח;נ;א;ן;י;ח;ש;ח;א;ל;ר;צ;נ;ד;(35, 3, 16, 34, 5921)
ל;א;י;ת;י;א;ן;ה;ך;ת;ו;ב;ת;ה;ל;ם;ג;ת;פ;ה;(35, 3, 16, 54, 5941)
ש;ל;ל;כ;י;ן;י;ח;ל;פ;א;נ;ח;נ;א;י;ד;א;נ;ה;(35, 3, 17, 9, 5961)
ד;ק;י;א;ר;ו;נ;ן;ו;ת;א;ן;מ;א;נ;ת;ו;ב;ז;י;(35, 3, 17, 29, 5981)
ן;ה;ו;ב;ז;י;ש;י;א;כ;ל;מ;ך;ד;י;ן;מ;ו;א;ת;(35, 3, 17, 49, 6001)
א;ל;י;ד;א;כ;ל;מ;ך;ל;א;ו;ה;ל;ע;י;ד;י;א;ל;(35, 3, 18, 4, 6021)
צ;ל;ו;ן;י;ח;ל;פ;א;נ;י;ת;י;א;א;ל;ך;י;ה;ל;(35, 3, 18, 24, 6041)
ב;ד;ג;ס;נ;א;ל;ת;מ;י;ק;ה;י;ד;א;ב;ה;ד;ם;ל;(35, 3, 18, 44, 6061)
א;מ;ח;י;ל;מ;ת;ה;ר;צ;נ;ד;כ;ו;ב;נ;ן;י;ד;א;(35, 3, 19, 2, 6081)
ר;ד;ש;ל;ע;ו;נ;ת;ש;א;י;ה;ו;פ;נ;א;ם;ל;צ;ו;(35, 3, 19, 22, 6101)
ל;ר;מ;א;ו;ה;נ;ע;ו;ג;נ;ד;ב;ע;ו;ך;ש;י;מ;ך;(35, 3, 19, 42, 6121)
ח;י;ד;ל;ע;ה;ע;ב;ש;ד;ח;א;נ;ו;ת;א;ל;א;ז;מ;(35, 3, 19, 62, 6141)
י;ח;י;ר;ב;ג;ן;י;ר;ב;ג;ל;ו;ה;י;ז;מ;ל;ה;ז;(35, 3, 19, 82, 6161)
ר;ד;ש;ל;ה;ת;פ;כ;ל;ר;מ;א;ה;ל;י;ח;ב;י;ד;ל;(35, 3, 20, 14, 6181)
ת;א;ל;א;מ;ר;מ;ל;ו;ג;נ;ד;ב;ע;ו;ך;ש;י;מ;ך;(35, 3, 20, 34, 6201)
י;ר;ב;ג;ן;י;ד;א;ב;א;ת;ד;ק;י;א;ר;ו;נ;ן;ו;(35, 3, 20, 54, 6221)
י;ט;פ;ן;ו;ה;י;ל;ב;ר;ס;ב;ו;ת;פ;כ;ך;ל;א;א;(35, 3, 21, 10, 6241)
ה;י;ש;ב;ל;ו;ן;ו;ה;ת;ל;ב;ר;כ;ו;ן;ו;ה;י;ש;(35, 3, 21, 30, 6261)
י;א;ר;ו;נ;ן;ו;ת;א;א;ו;ג;ל;ו;י;מ;ר;ו;ן;ו;(35, 3, 21, 50, 6281)
מ;ת;ל;מ;י;ד;ן;מ;ה;נ;ד;ל;ב;ק;ל;כ;א;ת;ד;ק;(35, 3, 21, 70, 6301)
י;ת;י;ה;ז;א;א;נ;ו;ת;א;ו;ה;פ;צ;ח;מ;א;כ;ל;(35, 3, 22, 17, 6321)
ר;ד;ש;ל;ו;ק;ס;ה;י;ד;ך;ל;א;א;י;ר;ב;ג;א;ר;(35, 3, 22, 37, 6341)
ש;ן;ו;מ;ה;ל;ט;ק;ו;ג;נ;ד;ב;ע;ו;ך;ש;י;מ;ך;(35, 3, 22, 57, 6361)
ת;ך;ל;א;א;י;ר;ב;ג;ו;א;ר;ו;נ;י;ד;א;ב;י;ב;(35, 3, 22, 77, 6381)
ו;ג;נ;ד;ב;ע;ו;ך;ש;י;מ;ך;ר;ד;ש;ן;ו;ה;ת;ל;(35, 3, 23, 11, 6401)
ת;ד;ק;י;א;ר;ו;נ;ן;ו;ת;א;א;ו;ג;ל;ו;ל;פ;נ;(35, 3, 23, 31, 6421)
מ;ר;צ;נ;ד;כ;ו;ב;נ;ן;י;ד;א;ן;י;ת;פ;כ;מ;א;(35, 3, 23, 51, 6441)
ו;ה;נ;ע;ה;ל;ה;ב;ת;ה;ב;ם;ק;ו;ה;ו;ת;א;כ;ל;(35, 3, 24, 14, 6461)
ת;ן;י;ר;ב;ג;א;ל;ה;י;ה;ו;ר;ב;ד;ה;ל;ר;מ;א;(35, 3, 24, 34, 6481)
ת;פ;כ;מ;א;ר;ו;נ;א;ו;ג;ל;א;נ;י;מ;ר;א;ת;ל;(35, 3, 24, 54, 6501)
י;צ;י;א;כ;ל;מ;ל;ן;י;ר;מ;א;ו;ן;י;נ;ע;ן;י;(35, 3, 24, 74, 6521)
ז;ח;ה;נ;א;א;ה;ר;מ;א;ו;ה;נ;ע;א;כ;ל;מ;א;ב;(35, 3, 24, 94, 6541)
י;כ;ל;ה;מ;ן;י;ר;ש;ה;ע;ב;ר;א;ן;י;ר;ב;ג;ה;(35, 3, 25, 15, 6561)
ב;י;ת;י;א;א;ל;ל;ב;ח;ו;א;ר;ו;נ;א;ו;ג;ב;ן;(35, 3, 25, 35, 6581)
ב;ל;ה;מ;ד;א;י;ע;י;ב;ר;י;ד;ה;ו;ר;ו;ן;ו;ה;(35, 3, 25, 55, 6601)
נ;ד;כ;ו;ב;נ;ב;ר;ק;ן;י;ד;א;ב;ן;י;ה;ל;א;ר;(35, 3, 25, 75, 6621)
ע;א;ת;ד;ק;י;א;ר;ו;נ;ן;ו;ת;א;ע;ר;ת;ל;ר;צ;(35, 3, 26, 15, 6641)
ג;נ;ד;ב;ע;ו;ך;ש;י;מ;ך;ר;ד;ש;ר;מ;א;ו;ה;נ;(35, 3, 26, 35, 6661)
ו;ק;פ;א;י;ל;ע;א;ה;ל;א;י;ד;י;ה;ו;ד;ב;ע;ו;(35, 3, 26, 55, 6681)
י;מ;ך;ר;ד;ש;ן;י;ק;פ;נ;ן;י;ד;א;ב;ו;ת;א;ו;(35, 3, 26, 75, 6701)
מ;ו;א;ר;ו;נ;א;ו;ג;ן;מ;ו;ג;נ;ד;ב;ע;ו;ך;ש;(35, 3, 26, 95, 6721)
א;י;נ;ג;ס;א;י;נ;פ;ר;ד;ש;ח;א;ן;י;ש;נ;כ;ת;(35, 3, 27, 3, 6741)
ן;י;ז;ח;א;כ;ל;מ;י;ר;ב;ד;ה;ו;א;ת;ו;ח;פ;ו;(35, 3, 27, 23, 6761)
א;ר;ו;נ;ט;ל;ש;א;ל;י;ד;ך;ל;א;א;י;ר;ב;ג;ל;(35, 3, 27, 43, 6781)
ה;א;ל;ן;ו;ה;ש;א;ר;ר;ע;ש;ו;ן;ו;ה;מ;ש;ג;ב;(35, 3, 27, 63, 6801)
ר;ו;ו;נ;ש;א;ל;ן;ו;ה;י;ל;ב;ר;ס;ו;ך;ר;ח;ת;(35, 3, 27, 83, 6821)
ו;ב;נ;ה;נ;ע;ן;ו;ה;ב;ת;ד;ע;א;ל;ר;ו;נ;ח;י;(35, 3, 27, 103, 6841)
ד;ן;ו;ה;ה;ל;א;ך;י;ר;ב;ר;מ;א;ו;ר;צ;נ;ד;כ;(35, 3, 28, 7, 6861)
ל;ש;י;ד;ו;ג;נ;ד;ב;ע;ו;ך;ש;י;מ;ך;ר;ד;ש;י;(35, 3, 28, 27, 6881)
י;ד;י;ה;ו;ד;ב;ע;ל;ב;ז;י;ש;ו;ה;כ;א;ל;מ;ח;(35, 3, 28, 47, 6901)
ש;א;כ;ל;מ;ת;ל;מ;ו;י;ה;ו;ל;ע;ו;צ;ח;ר;ת;ה;(35, 3, 28, 67, 6921)
י;א;ל;י;ד;ן;ו;ה;י;מ;ש;ג;ו;ב;ה;י;ו;ו;י;נ;(35, 3, 28, 87, 6941)
ה;ל;א;ל;כ;ל;ן;ו;ד;ג;ס;י;א;ל;ו;ן;ו;ח;ל;פ;(35, 3, 28, 107, 6961)
ם;ע;ט;ם;י;ש;י;נ;מ;ו;ן;ו;ה;ה;ל;א;ל;ן;ה;ל;(35, 3, 28, 127, 6981)
ש;ר;מ;א;י;י;ד;ן;ש;ל;ו;ה;מ;א;ם;ע;ל;כ;י;ד;(35, 3, 29, 11, 7001)
ך;ש;י;מ;ך;ר;ד;ש;י;ד;ן;ו;ה;ה;ל;א;ל;ע;ה;ל;(35, 3, 29, 31, 7021)
ב;ו;ד;ב;ע;ת;י;ן;י;מ;ד;ה;א;ו;ג;נ;ד;ב;ע;ו;(35, 3, 29, 51, 7041)
ל;י;ד;ל;ב;ק;ל;כ;ה;ו;ת;ש;י;י;ל;ו;נ;ה;ת;י;(35, 3, 29, 71, 7061)
צ;ה;ל;ל;כ;י;י;ד;ן;ר;ח;א;ה;ל;א;י;ת;י;א;א;(35, 3, 29, 91, 7081)
ל;ח;ל;צ;ה;א;כ;ל;מ;ן;י;ד;א;ב;ה;נ;ד;כ;ה;ל;(35, 3, 29, 111, 7101)
נ;י;ד;מ;ב;ו;ג;נ;ד;ב;ע;ו;ך;ש;י;מ;ך;ר;ד;ש;(35, 3, 30, 15, 7121)
ע;ל;כ;ל;א;כ;ל;מ;ר;צ;נ;ד;כ;ו;ב;נ;ל;ב;ב;ת;(35, 3, 30, 35, 7141)
י;ר;א;ד;י;ד;א;י;נ;ש;ל;ו;א;י;מ;א;א;י;מ;מ;(35, 3, 31, 17, 7161)
ת;א;א;ג;ש;י;ן;ו;כ;מ;ל;ש;א;ע;ר;א;ל;כ;ב;ן;(35, 3, 31, 37, 7181)
א;ה;ל;א;י;מ;ע;ד;ב;ע;י;ד;א;י;ה;מ;ת;ו;א;י;(35, 3, 32, 3, 7201)
ו;ת;א;ה;י;ו;ח;ה;ל;י;מ;ד;ק;ר;פ;ש;א;י;ל;ע;(35, 3, 32, 23, 7221)
מ;כ;י;ה;ו;ה;מ;ת;ו;ן;י;ב;ר;ב;ר;ה;מ;כ;י;ה;(35, 3, 33, 4, 7241)
ל;ע;ת;ו;כ;ל;מ;ה;ת;ו;כ;ל;מ;ן;י;פ;י;ק;ת;ה;(35, 3, 33, 24, 7261)
ו;ב;נ;ה;נ;א;ר;ד;ו;ר;ד;ם;ע;ה;נ;ט;ל;ש;ו;ם;(35, 3, 33, 44, 7281)
ע;ר;ו;י;ת;י;ב;ב;ת;י;ו;ה;ה;ל;ש;ר;צ;נ;ד;כ;(35, 4, 1, 7, 7301)
ל;ח;ד;י;ו;ת;י;ז;ח;ם;ל;ח;י;ל;כ;י;ה;ב;ן;נ;(35, 4, 1, 27, 7321)
ז;ח;ו;י;ב;כ;ש;מ;ל;ע;ן;י;ר;ה;ר;ה;ו;י;נ;נ;(35, 4, 2, 13, 7341)
ם;י;ש;י;נ;מ;ו;י;נ;נ;ל;ה;ב;י;י;ש;א;ר;י;ו;(35, 4, 2, 33, 7361)
מ;י;כ;ח;ל;כ;ל;י;מ;ד;ק;ה;ל;ע;נ;ה;ל;ם;ע;ט;(35, 4, 3, 8, 7381)
נ;נ;ע;ד;ו;ה;י;א;מ;ל;ח;ר;ש;פ;י;ד;ל;ב;ב;י;(35, 4, 3, 28, 7401)
פ;ש;א;א;י;מ;ט;ר;ח;ן;י;ל;ל;ע;ן;י;ד;א;ב;י;(35, 4, 3, 48, 7421)
מ;א;א;מ;ל;ח;ו;א;י;ר;ז;ג;ו;א;י;ד;ש;כ;א;י;(35, 4, 4, 20, 7441)
ה;מ;א;ל;ה;ר;ש;פ;ו;ן;ו;ה;י;מ;ד;ק;ה;נ;א;ר;(35, 4, 4, 40, 7461)
מ;ד;ק;ל;ע;ן;י;ר;ח;א;ד;ע;ו;י;ל;ן;י;ע;ד;ו;(35, 4, 4, 60, 7481)
ש;כ;ר;צ;א;ש;ט;ל;ב;ה;מ;ש;י;ד;ל;א;י;נ;ד;י;(35, 4, 5, 14, 7501)
ש;י;ד;ק;ן;י;ה;ל;א;ח;ו;ר;י;ד;ו;י;ה;ל;א;ם;(35, 4, 5, 34, 7521)
ב;ת;ר;מ;א;י;ה;ו;מ;ד;ק;א;מ;ל;ח;ו;ה;ב;ן;י;(35, 4, 5, 54, 7541)
י;ה;נ;א;י;ד;א;י;מ;ט;ר;ח;ב;ר;ר;צ;א;ש;ט;ל;(35, 4, 6, 2, 7561)
ב;ן;י;ש;י;ד;ק;ן;י;ה;ל;א;ח;ו;ר;י;ד;ת;ע;ד;(35, 4, 6, 22, 7581)
מ;ל;ח;י;ו;ז;ח;ך;ל;ס;נ;א;א;ל;ז;ר;ל;כ;ו;ך;(35, 4, 6, 42, 7601)
י;ו;ז;ח;ו;ר;מ;א;ה;ר;ש;פ;ו;ת;י;ז;ח;י;ד;י;(35, 4, 6, 62, 7621)
א;ו;ת;י;ו;ה;ה;ז;ח;י;ב;כ;ש;מ;ל;ע;י;ש;א;ר;(35, 4, 7, 6, 7641)
ש;ה;מ;ו;ר;ו;א;ע;ר;א;א;ו;ג;ב;ן;ל;י;א;ו;ל;(35, 4, 7, 26, 7661)
ה;מ;ו;ר;ו;ף;ק;ת;ו;א;נ;ל;י;א;ה;ב;ר;א;י;ג;(35, 4, 7, 46, 7681)
כ;ף;ו;ס;ל;ה;ת;ו;ז;ח;ו;א;י;מ;ש;ל;א;ט;מ;י;(35, 4, 8, 18, 7701)
ג;ש;ה;ב;נ;א;ו;ר;י;פ;ש;ה;י;פ;ע;א;ע;ר;א;ל;(35, 4, 8, 38, 7721)
ת;י;ה;ו;ת;ח;ת;ה;ב;א;ל;כ;ל;ן;ו;ז;מ;ו;א;י;(35, 4, 9, 16, 7741)
ד;י;י;ה;ו;פ;נ;ע;ב;ו;א;ר;ב;ת;ו;י;ח;ל;ל;ט;(35, 4, 9, 36, 7761)
ן;י;ז;ת;י;ה;נ;מ;ו;א;י;מ;ש;י;ר;פ;צ;ן;ו;ר;(35, 4, 9, 56, 7781)
א;ר;י;ו;ז;ח;ב;ת;י;ו;ה;ה;ז;ח;א;ר;ש;ב;ל;כ;(35, 4, 9, 76, 7801)
י;ד;ק;ו;ר;י;ע;ו;ל;א;ו;י;ב;כ;ש;מ;ל;ע;י;ש;(35, 4, 10, 15, 7821)
ן;כ;ו;ל;י;ח;ב;א;ר;ק;ת;ח;נ;א;י;מ;ש;ן;מ;ש;(35, 4, 10, 35, 7841)
ו;פ;נ;ע;ו;צ;צ;ק;ו;א;נ;ל;י;א;ו;ד;ג;ר;מ;א;(35, 4, 11, 11, 7861)
ת;ה;ב;נ;א;ו;ר;ד;ב;ו;ה;י;פ;ע;ו;ר;ת;א;י;ה;(35, 4, 11, 31, 7881)
י;ר;פ;צ;ו;י;ה;ו;ת;ח;ת;ן;מ;א;ת;ו;י;ח;ד;נ;(35, 4, 11, 51, 7901)
ה;ו;ש;ר;ש;ר;ק;ע;ם;ר;ב;י;ה;ו;פ;נ;ע;ן;מ;א;(35, 4, 11, 71, 7921)
ר;פ;י;ד;ר;ו;ס;א;ב;ו;ו;ק;ב;ש;א;ע;ר;א;ב;י;(35, 4, 12, 12, 7941)
ל;ט;ב;ו;א;ר;ב;י;ד;א;א;ת;ד;ב;ש;ח;נ;ו;ל;ז;(35, 4, 12, 32, 7961)
ק;ל;ח;א;ת;ו;י;ח;ם;ע;ו;ע;ב;ט;צ;י;א;י;מ;ש;(35, 4, 12, 52, 7981)
א;ש;ו;נ;א;ן;מ;ה;ב;ב;ל;א;ע;ר;א;ב;ש;ע;ב;ה;(35, 4, 12, 72, 8001)
ה;ל;ב;ה;י;ת;י;ה;ו;י;ח;ב;ב;ל;ו;ן;ו;נ;ש;י;(35, 4, 13, 12, 8021)
ה;ו;ל;ע;ן;ו;פ;ל;ח;י;ן;י;נ;ד;ע;ה;ע;ב;ש;ו;(35, 4, 13, 32, 8041)
מ;א;מ;ו;א;מ;ג;ת;פ;ן;י;ר;י;ע;ת;ר;ז;ג;ב;י;(35, 4, 13, 52, 8061)
י;ד;ת;ר;ב;ד;ד;ע;א;ת;ל;א;ש;ן;י;ש;י;ד;ק;ר;(35, 4, 14, 20, 8081)
א;י;ל;ע;ט;י;ל;ש;י;ד;א;י;י;ח;ן;ו;ע;ד;נ;י;(35, 4, 14, 40, 8101)
ב;צ;י;י;ד;ן;מ;ל;ו;א;ש;ו;נ;א;ת;ו;כ;ל;מ;ב;(35, 4, 14, 60, 8121)
ע;ם;י;ק;י;ם;י;ש;נ;א;ל;פ;ש;ו;ה;נ;נ;ת;י;א;(35, 4, 14, 80, 8141)
כ;ל;מ;ה;נ;א;ת;י;ז;ח;א;מ;ל;ח;ה;נ;ד;ה;י;ל;(35, 4, 14, 100, 8161)
צ;א;ש;ט;ל;ב;ה;ת;נ;א;ו;ר;צ;נ;ד;כ;ו;ב;נ;א;(35, 4, 15, 18, 8181)
י;כ;ח;ל;כ;י;ד;ל;ב;ק;ל;כ;ר;מ;א;א;ר;ש;פ;ר;(35, 4, 15, 38, 8201)
ל;א;ר;ש;פ;ן;י;ל;כ;י;א;ל;י;ת;ו;כ;ל;מ;י;מ;(35, 4, 15, 58, 8221)
ח;ו;ר;י;ד;ל;ה;כ;ה;ת;נ;א;ו;י;נ;ת;ע;ד;ו;ה;(35, 4, 15, 78, 8241)
י;נ;ד;ן;י;ד;א;ך;ב;ן;י;ש;י;ד;ק;ן;י;ה;ל;א;(35, 4, 15, 98, 8261)
ם;מ;ו;ת;ש;א;ר;צ;א;ש;ט;ל;ב;ה;מ;ש;י;ד;ל;א;(35, 4, 16, 8, 8281)
ה;נ;ל;ה;ב;י;י;ה;נ;י;ע;ר;ו;ה;ד;ח;ה;ע;ש;כ;(35, 4, 16, 28, 8301)
ל;ח;ר;צ;א;ש;ט;ל;ב;ר;מ;א;ו;א;כ;ל;מ;ה;נ;ע;(35, 4, 16, 48, 8321)
ט;ל;ב;ה;נ;ע;ך;ל;ה;ב;י;ל;א;א;ר;ש;פ;ו;א;מ;(35, 4, 16, 68, 8341)
א;נ;ש;ל;א;מ;ל;ח;י;א;ר;מ;ר;מ;א;ו;ר;צ;א;ש;(35, 4, 16, 88, 8361)
ח;י;ד;א;נ;ל;י;א;ך;י;ר;ע;ל;ה;ר;ש;פ;ו;ך;י;(35, 4, 16, 108, 8381)
ט;מ;י;ה;מ;ו;ר;ו;ף;ק;ת;ו;ה;ב;ר;י;ד;ת;י;ז;(35, 4, 17, 9, 8401)
ו;א;ע;ר;א;ל;כ;ל;ה;ת;ו;ז;ח;ו;א;י;מ;ש;ל;א;(35, 4, 17, 29, 8421)
ז;מ;ו;א;י;ג;ש;ה;ב;נ;א;ו;ר;י;פ;ש;ה;י;פ;ע;(35, 4, 18, 2, 8441)
י;ח;ר;ו;ד;ת;י;ה;ו;ת;ח;ת;ה;ב;א;ל;כ;ל;ן;ו;(35, 4, 18, 22, 8461)
פ;צ;ן;נ;כ;ש;י;י;ה;ו;פ;נ;ע;ב;ו;א;ר;ב;ת;ו;(35, 4, 18, 42, 8481)
ר;י;ד;א;כ;ל;מ;א;ו;ה;ה;ת;נ;א;א;י;מ;ש;י;ר;(35, 4, 18, 62, 8501)
ט;מ;ו;ת;ב;ר;ך;ת;ו;ב;ר;ו;ת;פ;ק;ת;ו;ת;י;ב;(35, 4, 19, 15, 8521)
א;ע;ר;א;ף;ו;ס;ל;ך;נ;ט;ל;ש;ו;א;י;מ;ש;ל;ת;(35, 4, 19, 35, 8541)
ח;נ;ש;י;ד;ק;ו;ר;י;ע;א;כ;ל;מ;ה;ז;ח;י;ד;ו;(35, 4, 20, 1, 8561)
ו;א;נ;ל;י;א;ו;ד;ג;ר;מ;א;ו;א;י;מ;ש;ן;מ;ת;(35, 4, 20, 21, 8581)
א;ב;י;ה;ו;ש;ר;ש;ר;ק;ע;ם;ר;ב;י;ה;ו;ל;ב;ח;(35, 4, 20, 41, 8601)
ו;ל;ז;ר;פ;י;ד;ר;ו;ס;א;ב;ו;ו;ק;ב;ש;א;ע;ר;(35, 4, 20, 61, 8621)
י;מ;ש;ל;ט;ב;ו;א;ר;ב;י;ד;א;א;ת;ד;ב;ש;ח;נ;(35, 4, 20, 81, 8641)
ה;ק;ל;ח;א;ר;ב;ת;ו;י;ח;ם;ע;ו;ע;ב;ט;צ;י;א;(35, 4, 20, 101, 8661)
ע;ן;ו;פ;ל;ח;י;ן;י;נ;ד;ע;ה;ע;ב;ש;י;ד;ד;ע;(35, 4, 20, 121, 8681)
ת;ר;ז;ג;ו;א;כ;ל;מ;א;ר;ש;פ;ה;נ;ד;י;ה;ו;ל;(35, 4, 20, 141, 8701)
ל;מ;י;א;ר;מ;ל;ע;ת;ט;מ;י;ד;א;י;ה;א;י;ל;ע;(35, 4, 21, 17, 8721)
ח;ם;ע;ו;א;ש;נ;א;ן;מ;ן;י;ד;ר;ט;ך;ל;ו;א;כ;(35, 4, 21, 37, 8741)
כ;א;ב;ש;ע;ו;ך;ר;ד;מ;ה;ו;ה;ל;א;ר;ב;ת;ו;י;(35, 4, 22, 19, 8761)
י;מ;ש;ל;ט;מ;ו;ן;ו;מ;ע;ט;י;ך;ל;ן;י;ר;ו;ת;(35, 4, 22, 39, 8781)
י;ן;י;נ;ד;ע;ה;ע;ב;ש;ו;ן;י;ע;ב;צ;מ;ך;ל;א;(35, 4, 22, 59, 8801)
ש;י;ד;ע;ד;נ;ת;י;ד;ד;ע;ך;י;ל;ע;ן;ו;פ;ל;ח;(35, 4, 22, 79, 8821)
מ;ל;ו;א;ש;נ;א;ת;ו;כ;ל;מ;ב;א;י;ל;ע;ט;י;ל;(35, 4, 22, 99, 8841)
ל;ו;ר;מ;א;י;ד;ו;ה;נ;נ;ת;י;א;ב;צ;י;י;ד;ן;(35, 4, 22, 119, 8861)
א;נ;ל;י;א;י;ד;י;ה;ו;ש;ר;ש;ר;ק;ע;ק;ב;ש;מ;(35, 4, 23, 9, 8881)
ע;ד;נ;ת;י;ד;ן;מ;ה;מ;י;ק;ך;ל;ך;ת;ו;כ;ל;מ;(35, 4, 23, 29, 8901)
כ;ל;מ;א;כ;ל;מ;ן;ה;ל;א;י;מ;ש;ן;ט;ל;ש;י;ד;(35, 4, 23, 49, 8921)
פ;ה;ק;ד;צ;ב;ך;י;ט;ח;ו;ך;י;ל;ע;ר;פ;ש;י;י;(35, 4, 24, 11, 8941)
ה;ת;ן;ה;ן;י;נ;ע;ן;ח;מ;ב;ך;ת;י;ו;ע;ו;ק;ר;(35, 4, 24, 31, 8961)
ל;ע;א;ט;מ;א;ל;כ;ך;ת;ו;ל;ש;ל;ה;כ;ר;א;א;ו;(35, 4, 24, 51, 8981)
י;ח;ר;י;ת;צ;ק;ל;א;כ;ל;מ;ר;צ;נ;ד;כ;ו;ב;נ;(35, 4, 25, 9, 9001)
ד;א;ת;ו;כ;ל;מ;ל;כ;י;ה;ל;ע;ר;ש;ע;י;ר;ת;ן;(35, 4, 26, 9, 9021)
א;ו;א;כ;ל;מ;ה;נ;ע;ה;ו;ה;ך;ל;ה;מ;ל;ב;ב;י;(35, 4, 26, 29, 9041)
א;י;ד;א;ת;ב;ר;ל;ב;ב;א;י;ה;א;ד;א;ל;ה;ר;מ;(35, 4, 27, 10, 9061)
ח;ף;ק;ת;ב;ו;כ;ל;מ;ת;י;ב;ל;ה;ת;י;נ;ב;ה;נ;(35, 4, 27, 30, 9081)
ב;א;ת;ל;מ;ד;ו;ע;י;ר;ד;ה;ר;ק;י;ל;ו;י;נ;ס;(35, 4, 27, 50, 9101)
א;ך;ל;ל;פ;נ;א;י;מ;ש;ן;מ;ל;ק;א;כ;ל;מ;ם;פ;(35, 4, 28, 9, 9121)
ו;כ;ל;מ;א;כ;ל;מ;ר;צ;נ;ד;כ;ו;ב;נ;ן;י;ר;מ;(35, 4, 28, 29, 9141)
ד;ר;ט;ך;ל;א;ש;נ;א;ן;מ;ו;ך;נ;מ;ת;ד;ע;ה;ת;(35, 4, 28, 49, 9161)
א;ב;ש;ע;ך;ר;ד;מ;א;ר;ב;ת;ו;י;ח;ם;ע;ו;ן;י;(35, 4, 29, 13, 9181)
ע;ה;ע;ב;ש;ו;ן;ו;מ;ע;ט;י;ך;ל;ן;י;ר;ו;ת;כ;(35, 4, 29, 33, 9201)
נ;ת;י;ד;ד;ע;ך;י;ל;ע;ן;ו;פ;ל;ח;י;ן;י;נ;ד;(35, 4, 29, 53, 9221)
נ;א;ת;ו;כ;ל;מ;ב;א;י;ל;ע;ט;י;ל;ש;י;ד;ע;ד;(35, 4, 29, 73, 9241)
ש;ה;ב;ה;נ;נ;ת;י;א;ב;צ;י;י;ד;ן;מ;ל;ו;א;ש;(35, 4, 29, 93, 9261)
ר;צ;נ;ד;כ;ו;ב;נ;ל;ע;ת;פ;ס;א;ת;ל;מ;א;ת;ע;(35, 4, 30, 4, 9281)
ר;ו;ת;כ;א;ב;ש;ע;ו;ד;י;ר;ט;א;ש;נ;א;ן;מ;ו;(35, 4, 30, 24, 9301)
צ;י;ה;מ;ש;ג;א;י;מ;ש;ל;ט;מ;ו;ל;כ;א;י;ן;י;(35, 4, 30, 44, 9321)
ה;ב;ר;ן;י;ר;ש;נ;כ;ה;ר;ע;ש;י;ד;ד;ע;ע;ב;ט;(35, 4, 30, 64, 9341)
ו;י;ת;צ;ק;ל;ו;ן;י;ר;פ;צ;כ;י;ה;ו;ר;פ;ט;ו;(35, 4, 30, 84, 9361)
ש;ל;י;נ;י;ע;ר;צ;נ;ד;כ;ו;ב;נ;ה;נ;א;ה;י;מ;(35, 4, 31, 8, 9381)
ב;ו;ת;י;י;ל;ע;י;ע;ד;נ;מ;ו;ת;ל;ט;נ;א;י;מ;(35, 4, 31, 28, 9401)
ב;ש;א;מ;ל;ע;י;ח;ל;ו;ת;כ;ר;ב;א;י;ל;ע;ל;ו;(35, 4, 31, 48, 9421)
ל;ע;ן;ט;ל;ש;ה;נ;ט;ל;ש;י;ד;ת;ר;ד;ה;ו;ת;ח;(35, 4, 31, 68, 9441)
א;ד;ל;כ;ו;ר;ד;ו;ר;ד;ם;ע;ה;ת;ו;כ;ל;מ;ו;ם;(35, 4, 31, 88, 9461)
ב;צ;מ;כ;ו;ן;י;ב;י;ש;ח;ה;ל;כ;א;ע;ר;א;י;ר;(35, 4, 32, 6, 9481)
ר;א;י;ר;א;ד;ו;א;י;מ;ש;ל;י;ח;ב;ד;ב;ע;ה;י;(35, 4, 32, 26, 9501)
ו;ה;ד;י;ב;א;ח;מ;י;י;ד;י;ת;י;א;א;ל;ו;א;ע;(35, 4, 32, 46, 9521)
נ;מ;א;נ;מ;ז;ה;ב;ת;ד;ב;ע;ה;מ;ה;ל;ר;מ;א;י;(35, 4, 32, 66, 9541)
ת;ו;כ;ל;מ;ר;ק;י;ל;ו;י;ל;ע;ב;ו;ת;י;י;ע;ד;(35, 4, 33, 9, 9561)
ה;י;ל;ו;י;ל;ע;ב;ו;ת;י;י;ו;ז;ו;י;ר;ד;ה;י;(35, 4, 33, 29, 9581)
מ;ל;ע;ו;ן;ו;ע;ב;י;י;נ;ב;ר;ב;ר;ו;י;ר;ב;ד;(35, 4, 33, 49, 9601)
ה;ה;ר;י;ת;י;ו;ב;ר;ו;ת;נ;ק;ת;ה;י;ת;ו;כ;ל;(35, 4, 33, 69, 9621)
ר;צ;נ;ד;כ;ו;ב;נ;ה;נ;א;ן;ע;כ;י;ל;ת;פ;ס;ו;(35, 4, 33, 89, 9641)
ש;ך;ל;מ;ל;ר;ד;ה;מ;ו;ם;מ;ו;ר;מ;ו;ח;ב;ש;מ;(35, 4, 34, 15, 9661)
ר;א;ו;ט;ש;ק;י;ה;ו;ד;ב;ע;מ;ל;כ;י;ד;א;י;מ;(35, 4, 34, 35, 9681)
י;ה;ו;ג;ב;ן;י;כ;ל;ה;מ;י;ד;ו;ן;י;ד;ה;ת;ח;(35, 4, 34, 55, 9701)
ב;ע;א;כ;ל;מ;ר;צ;א;ש;ל;ב;ה;ל;פ;ש;ה;ל;ל;כ;(35, 4, 34, 75, 9721)
ל;ו;ף;ל;א;י;ה;ו;נ;ב;ר;ב;ר;ל;ב;ר;ם;ח;ל;ד;(35, 5, 1, 13, 9741)
ר;צ;א;ש;ל;ב;ה;ת;ש;א;ר;מ;ח;א;פ;ל;א;ל;ב;ק;(35, 5, 1, 33, 9761)
א;מ;ל;ה;י;ת;י;ה;ל;א;ר;מ;ח;ם;ע;ט;ב;ר;מ;א;(35, 5, 2, 7, 9781)
ו;ב;נ;ק;פ;נ;ה;י;ד;א;פ;ס;כ;ו;א;ב;ה;ד;י;נ;(35, 5, 2, 27, 9801)
ב;י;ד;א;ל;כ;י;ה;ן;מ;י;ה;ו;ב;א;ר;צ;נ;ד;כ;(35, 5, 2, 47, 9821)
א;כ;ל;מ;ן;ו;ה;ב;ן;ו;ת;ש;י;ו;ם;ל;ש;ו;ר;י;(35, 5, 2, 67, 9841)
ה;ת;נ;ח;ל;ו;ה;ת;ל;ג;ש;י;ה;ו;נ;ב;ר;ב;ר;ו;(35, 5, 2, 87, 9861)
י;ד;א;ב;ה;ד;י;נ;א;מ;ו;י;ת;י;ה;ן;י;ד;א;ב;(35, 5, 3, 1, 9881)
ה;ל;א;ת;י;ב;י;ד;א;ל;כ;י;ה;ן;מ;ו;ק;פ;נ;ה;(35, 5, 3, 21, 9901)
ן;ו;ה;ב;ו;י;ת;ש;א;ו;ם;ל;ש;ו;ר;י;ב;י;ד;א;(35, 5, 3, 41, 9921)
ל;ו;ה;ת;ל;ג;ש;י;ה;ו;נ;ב;ר;ב;ר;ו;א;כ;ל;מ;(35, 5, 3, 61, 9941)
א;ל;ו;ח;ב;ש;ו;א;ר;מ;ח;ו;י;ת;ש;א;ה;ת;נ;ח;(35, 5, 3, 81, 9961)
ל;ז;ר;פ;א;ש;ח;נ;א;פ;ס;כ;ו;א;ב;ה;ד;י;ה;ל;(35, 5, 4, 17, 9981)
א;ו;ק;פ;נ;ה;ת;ע;ש;ה;ב;א;נ;ב;א;ו;א;ע;א;א;(35, 5, 4, 37, 10001)
ל;ב;ק;ל;ן;ב;ת;כ;ו;ש;נ;א;ד;י;י;ד;ן;ע;ב;צ;(35, 5, 5, 12, 10021)
כ;י;ה;ל;ת;כ;י;ד;א;ר;י;ג;ל;ע;א;ת;ש;ר;ב;נ;(35, 5, 5, 32, 10041)
ד;י;ס;פ;ה;ז;ח;א;כ;ל;מ;ו;א;כ;ל;מ;י;ד;א;ל;(35, 5, 5, 52, 10061)
י;ה;ו;י;ז;א;כ;ל;מ;ן;י;ד;א;ה;ב;ת;כ;י;ד;ה;(35, 5, 5, 72, 10081)
ו;ה;נ;ו;ל;ה;ב;י;י;ה;נ;י;ע;ר;ו;י;ה;ו;נ;ש;(35, 5, 6, 14, 10101)
ת;ב;כ;ר;א;ו;ן;י;ר;ת;ש;מ;ה;צ;ר;ח;י;ר;ט;ק;(35, 5, 6, 34, 10121)
י;ח;ב;א;כ;ל;מ;א;ר;ק;ן;ש;ק;נ;א;ד;ל;א;ד;ה;(35, 5, 6, 54, 10141)
ז;ג;ו;א;י;ד;ש;כ;א;י;פ;ש;א;ל;ה;ל;ע;ה;ל;ל;(35, 5, 7, 11, 10161)
י;מ;י;כ;ח;ל;ר;מ;א;ו;א;כ;ל;מ;ה;נ;ע;א;י;ר;(35, 5, 7, 31, 10181)
ה;ב;ת;כ;ה;ר;ק;י;י;ד;ש;נ;א;ל;כ;י;ד;ל;ב;ב;(35, 5, 7, 51, 10201)
א;נ;ו;ג;ר;א;י;נ;נ;ו;ח;י;ה;ר;ש;פ;ו;ה;נ;ד;(35, 5, 7, 71, 10221)
צ;ל;ע;א;ב;ה;ד;י;ד;א;כ;נ;ו;מ;ה;ו;ש;ב;ל;י;(35, 5, 7, 91, 10241)
ט;ל;ש;י;א;ת;ו;כ;ל;מ;ב;י;ת;ל;ת;ו;ה;ר;א;ו;(35, 5, 7, 111, 10261)
א;כ;ל;מ;י;מ;י;כ;ח;ל;כ;ן;י;ל;ל;ע;ן;י;ד;א;(35, 5, 8, 1, 10281)
ש;פ;ו;א;ר;ק;מ;ל;א;ב;ת;כ;ן;י;ל;ה;כ;א;ל;ו;(35, 5, 8, 21, 10301)
כ;ל;מ;ן;י;ד;א;א;כ;ל;מ;ל;ה;ע;ד;ו;ה;ל;א;ר;(35, 5, 8, 41, 10321)
ו;י;ז;ו;ל;ה;ב;ת;מ;א;י;ג;ש;ר;צ;א;ש;ל;ב;א;(35, 5, 9, 8, 10341)
י;ה;ו;נ;ב;ר;ב;ר;ו;י;ה;ו;ל;ע;ן;י;נ;ש;י;ה;(35, 5, 9, 28, 10361)
מ;י;ל;מ;ל;ב;ק;ל;א;ת;כ;ל;מ;ן;י;ש;ב;ת;ש;מ;(35, 5, 9, 48, 10381)
י;ת;ש;מ;ת;י;ב;ל;י;ה;ו;נ;ב;ר;ב;ר;ו;א;כ;ל;(35, 5, 10, 14, 10401)
ל;מ;ת;ר;מ;א;ו;א;ת;כ;ל;מ;ת;נ;ע;ת;ל;ל;ע;א;(35, 5, 10, 34, 10421)
ר;ך;ו;ל;ה;ב;י;ל;א;י;י;ח;ן;י;מ;ל;ע;ל;א;כ;(35, 5, 10, 54, 10441)
י;א;ו;נ;ת;ש;י;ל;א;ך;י;ו;י;ז;ו;ך;נ;ו;י;ע;(35, 5, 10, 74, 10461)
ה;ל;א;ח;ו;ר;י;ד;ך;ת;ו;כ;ל;מ;ב;ר;ב;ג;י;ת;(35, 5, 11, 3, 10481)
ך;ו;ב;א;י;מ;ו;י;ב;ו;ה;ב;ן;י;ש;י;ד;ק;ן;י;(35, 5, 11, 23, 10501)
כ;ח;כ;ה;מ;כ;ח;ו;ו;נ;ת;ל;כ;ש;ו;ו;ר;י;ה;נ;(35, 5, 11, 43, 10521)
א;כ;ל;מ;ו;ה;ב;ת;ח;כ;ת;ש;ה;ן;י;ה;ל;א;ת;מ;(35, 5, 11, 63, 10541)
א;ן;י;מ;ט;ר;ח;ב;ר;ך;ו;ב;א;ר;צ;נ;ד;כ;ב;נ;(35, 5, 11, 83, 10561)
ה;מ;י;ק;ה;ן;י;ר;ז;ג;ן;י;א;ד;ש;כ;ן;י;פ;ש;(35, 5, 11, 103, 10581)
ת;י;ח;ו;ר;י;ד;ל;ב;ק;ל;כ;א;כ;ל;מ;ך;ו;ב;א;(35, 5, 11, 123, 10601)
ח;ר;ש;פ;מ;ו;נ;ת;ל;כ;ש;ו;ע;ד;נ;מ;ו;ה;ר;י;(35, 5, 12, 13, 10621)
א;ר;ש;מ;ו;ן;ד;י;ח;א;ת;י;ו;ח;א;ו;ן;י;מ;ל;(35, 5, 12, 33, 10641)
ד;ל;א;י;נ;ד;ב;ה;ב;ת;ח;כ;ת;ש;ה;ן;י;ר;ט;ק;(35, 5, 12, 53, 10661)
ן;ע;כ;ר;צ;א;ש;ט;ל;ב;ה;מ;ש;ם;ש;א;כ;ל;מ;י;(35, 5, 12, 73, 10681)
ה;ו;ח;ה;י;ה;ר;ש;פ;ו;י;ר;ק;ת;י;ל;א;י;נ;ד;(35, 5, 12, 93, 10701)
א;כ;ל;מ;ם;ד;ק;ל;ע;ה;ל;א;י;נ;ד;ן;י;ד;א;ב;(35, 5, 13, 1, 10721)
ת;נ;א;ל;א;י;נ;ד;ל;ר;מ;א;ו;א;כ;ל;מ;ה;נ;ע;(35, 5, 13, 21, 10741)
ת;ו;ל;ג;י;נ;ב;ן;מ;י;ד;ל;א;י;נ;ד;א;ו;ה;ה;(35, 5, 13, 41, 10761)
י;ב;א;א;כ;ל;מ;י;ת;י;ה;י;ד;ד;ו;ה;י;י;ד;א;(35, 5, 13, 61, 10781)
ח;ו;ר;י;ד;ך;י;ל;ע;ת;ע;מ;ש;ו;ד;ו;ה;י;ן;מ;(35, 5, 13, 81, 10801)
ו;נ;ת;ל;כ;ש;ו;ו;ר;י;ה;נ;ו;ך;ב;ן;י;ה;ל;א;(35, 5, 14, 15, 10821)
כ;ו;ך;ב;ת;ח;כ;ת;ש;ה;ה;ר;י;ת;י;ה;מ;כ;ח;ו;(35, 5, 14, 35, 10841)
י;פ;ש;א;א;י;מ;י;כ;ח;י;מ;ד;ק;ו;ל;ע;ה;ן;ע;(35, 5, 15, 3, 10861)
ה;ר;ש;פ;ו;ן;ו;ר;ק;י;ה;נ;ד;ה;ב;ת;כ;י;ד;א;(35, 5, 15, 23, 10881)
מ;ר;ש;פ;ן;י;ל;ה;כ;א;ל;ו;י;נ;ת;ע;ד;ו;ה;ל;(35, 5, 15, 43, 10901)
י;ל;ע;ת;ע;מ;ש;ה;נ;א;ו;ה;י;ו;ח;ה;ל;א;ת;ל;(35, 5, 15, 63, 10921)
ט;ק;ו;ר;ש;פ;מ;ל;ן;י;ר;ש;פ;ל;כ;ו;ת;י;ד;ך;(35, 5, 16, 12, 10941)
ב;ת;כ;ל;כ;ו;ת;ן;ה;ן;ע;כ;א;ר;ש;מ;ל;ן;י;ר;(35, 5, 16, 32, 10961)
א;י;נ;ת;ע;ד;ו;ה;ל;ה;ר;ש;פ;ו;א;ר;ק;מ;ל;א;(35, 5, 16, 52, 10981)
ה;ד;י;ד;א;כ;נ;ו;מ;ה;ו;ש;ב;ל;ת;א;נ;ו;ג;ר;(35, 5, 16, 72, 11001)
ת;ו;כ;ל;מ;ב;א;ת;ל;ת;ו;ך;ר;א;ו;צ;ל;ע;א;ב;(35, 5, 16, 92, 11021)
א;ו;ל;א;י;נ;ד;ה;נ;ע;ן;י;ד;א;ב;ט;ל;ש;ת;א;(35, 5, 16, 112, 11041)
י;ו;ה;ל;ך;ל;ך;ת;נ;ת;מ;א;כ;ל;מ;ם;ד;ק;ר;מ;(35, 5, 17, 16, 11061)
כ;ם;ר;ב;ב;ה;ן;ר;ח;א;ל;ך;ת;י;ב;ז;ב;נ;ו;ן;(35, 5, 17, 36, 11081)
ו;ה;א;א;ר;ש;פ;ו;א;כ;ל;מ;ל;א;ר;ק;א;א;ב;ת;(35, 5, 17, 56, 11101)
א;י;ל;ע;א;ה;ל;א;א;כ;ל;מ;ה;ת;נ;א;ה;נ;ע;ד;(35, 5, 17, 76, 11121)
ד;ה;ו;א;ר;ק;י;ו;א;ת;ו;ב;ר;ו;א;ת;ו;כ;ל;מ;(35, 5, 18, 17, 11141)
ן;מ;ו;ך;ו;ב;א;ר;צ;נ;ד;כ;ב;נ;ל;ב;ה;י;ה;ר;(35, 5, 18, 37, 11161)
א;א;י;מ;מ;ע;ל;כ;ה;ל;ב;ה;י;י;ד;א;ת;ו;ב;ר;(35, 5, 19, 4, 11181)
ח;ד;ו;ן;י;ע;א;ז;ו;ו;ה;א;י;נ;ש;ל;ו;א;י;מ;(35, 5, 19, 24, 11201)
ה;א;ב;צ;ה;ו;ה;י;ד;י;ה;ו;מ;ד;ק;ן;מ;ן;י;ל;(35, 5, 19, 44, 11221)
א;ח;מ;ה;ו;ה;א;ב;צ;ה;ו;ה;י;ד;ו;ל;ט;ק;א;ו;(35, 5, 19, 64, 11241)
ה;י;ד;ו;ם;י;ר;מ;ה;ו;ה;א;ב;צ;ה;ו;ה;י;ד;ו;(35, 5, 19, 84, 11261)
ל;ם;ר;י;ד;כ;ו;ל;י;פ;ש;מ;ה;ו;ה;א;ב;צ;ה;ו;(35, 5, 19, 104, 11281)
ח;נ;ה;ה;ד;ז;ה;ל;ת;פ;ק;ת;ה;ח;ו;ר;ו;ה;ב;ב;(35, 5, 20, 8, 11301)
ע;ה;ה;ר;ק;י;ו;ה;ת;ו;כ;ל;מ;א;ס;ר;כ;ן;מ;ת;(35, 5, 20, 28, 11321)
ד;י;ר;ט;א;ש;נ;א;י;נ;ב;ן;מ;ו;ה;נ;מ;ו;י;ד;(35, 5, 20, 48, 11341)
ר;ע;ם;ע;ו;י;ו;ש;א;ת;ו;י;ח;ם;ע;ה;ב;ב;ל;ו;(35, 5, 21, 15, 11361)
ט;י;ן;י;ר;ו;ת;כ;א;ב;ש;ע;ה;ר;ו;ד;מ;א;י;ד;(35, 5, 21, 35, 11381)
ט;צ;י;ה;מ;ש;ג;א;י;מ;ש;ל;ט;מ;ו;ה;נ;ו;מ;ע;(35, 5, 21, 55, 11401)
ע;א;ה;ל;א;ט;י;ל;ש;י;ד;ע;ד;י;י;ד;ד;ע;ע;ב;(35, 5, 21, 75, 11421)
י;י;ד;ן;מ;ל;ו;א;ש;נ;א;ת;ו;כ;ל;מ;ב;א;י;ל;(35, 5, 21, 95, 11441)
ה;ר;ב;ה;ת;נ;א;ו;ה;י;ל;ע;ם;י;ק;ה;י;ה;ב;צ;(35, 5, 21, 115, 11461)
ק;ל;כ;ך;ב;ב;ל;ת;ל;פ;ש;ה;א;ל;ר;צ;א;ש;ל;ב;(35, 5, 22, 9, 11481)
ש;א;ר;מ;ל;ע;ו;ת;ע;ד;י;ה;נ;ד;ל;כ;י;ד;ל;ב;(35, 5, 22, 29, 11501)
ב;י;ד;א;י;נ;א;מ;ל;ו;ת;מ;מ;ו;ר;ת;ה;א;י;מ;(35, 5, 23, 8, 11521)
ר;ו;ה;ת;נ;א;ו;ך;י;מ;ד;ק;ו;י;ת;י;ה;ה;ת;י;(35, 5, 23, 28, 11541)
ר;מ;ח;ך;ת;נ;ח;ל;ו;ך;ת;ל;ג;ש;ך;י;נ;ב;ר;ב;(35, 5, 23, 48, 11561)
ו;א;פ;ס;כ;י;ה;ל;א;ל;ו;ן;ו;ה;ב;ן;י;ת;ש;א;(35, 5, 23, 68, 11581)
נ;ב;א;ו;א;ע;א;א;ל;ז;ר;פ;א;ש;ח;נ;א;ב;ה;ד;(35, 5, 23, 88, 11601)
א;ל;ו;ן;י;ע;מ;ש;א;ל;ו;ן;י;ז;ח;א;ל;י;ד;א;(35, 5, 23, 108, 11621)
מ;ש;נ;י;ד;א;ה;ל;א;ל;ו;ת;ח;ב;ש;ן;י;ע;ד;י;(35, 5, 23, 128, 11641)
ד;ה;א;ל;ה;ל;ך;ת;ח;ר;א;ל;כ;ו;ה;ד;י;ב;ך;ת;(35, 5, 23, 148, 11661)
פ;ח;י;ל;ש;י;ה;ו;מ;ד;ק;ן;מ;ן;י;ד;א;ב;ת;ר;(35, 5, 23, 168, 11681)
ו;ם;י;ש;ר;ה;נ;ד;א;ב;ת;כ;ו;א;ד;י;י;ד;א;ס;(35, 5, 24, 19, 11701)
ת;א;נ;מ;א;נ;מ;ם;י;ש;ר;י;ד;א;ב;ת;כ;ה;נ;ד;(35, 5, 25, 2, 11721)
נ;מ;א;ת;ל;מ;ר;ש;פ;ה;נ;ד;ן;י;ס;ר;פ;ו;ל;ק;(35, 5, 25, 22, 11741)
ה;מ;ל;ש;ה;ו;ך;ת;ו;כ;ל;מ;א;ה;ל;א;ה;נ;מ;א;(35, 5, 26, 13, 11761)
ת;ש;ה;ו;א;י;נ;ז;א;מ;ב;ה;ת;ל;י;ק;ת;ל;ק;ת;(35, 5, 27, 1, 11781)
ת;ו;כ;ל;מ;ת;ס;י;ר;פ;ס;ר;פ;ר;י;ס;ח;ת;ח;כ;(35, 5, 27, 21, 11801)
ן;י;ד;א;ב;ס;ר;פ;ו;י;ד;מ;ל;ת;ב;י;ה;י;ו;ך;(35, 5, 28, 14, 11821)
י;נ;ד;ל;ו;ש;י;ב;ל;ה;ו;ר;צ;א;ש;ל;ב;ר;מ;א;(35, 5, 29, 6, 11841)
ב;ה;ד;י;ד;א;כ;נ;ו;מ;ה;ו;א;נ;ו;ג;ר;א;ל;א;(35, 5, 29, 26, 11861)
ד;י;ה;ו;ל;ע;ו;ז;ר;כ;ה;ו;ה;ר;א;ו;צ;ל;ע;א;(35, 5, 29, 46, 11881)
א;ת;ו;כ;ל;מ;ב;א;ת;ל;ת;ט;י;ל;ש;א;ו;ה;ל;י;(35, 5, 29, 66, 11901)
ל;מ;ר;צ;ש;א;ל;ב;ל;י;ט;ק;א;י;ל;י;ל;ב;ה;ב;(35, 5, 30, 1, 11921)
ל;ב;ק;א;י;ד;מ;ש;ו;י;ר;ד;ו;א;י;ד;ש;כ;א;כ;(35, 5, 30, 21, 11941)
ר;ת;ו;ן;י;ת;ש;ן;י;נ;ש;ר;ב;כ;א;ת;ו;כ;ל;מ;(35, 6, 1, 14, 11961)
ע;ם;י;ק;ה;ו;ש;ו;י;ר;ד;ם;ד;ק;ר;פ;ש;ן;י;ת;(35, 6, 1, 34, 11981)
ה;א;מ;א;י;נ;פ;ר;ד;ש;ח;א;ל;א;ת;ו;כ;ל;מ;ל;(35, 6, 2, 18, 12001)
ת;ו;כ;ל;מ;ל;כ;ב;ן;ו;ה;ל;י;ד;ן;י;ר;ש;ע;ו;(35, 6, 2, 38, 12021)
ד;א;ת;ל;ת;ן;י;כ;ר;ס;ן;ו;ה;נ;מ;א;ל;ע;ו;א;(35, 6, 2, 58, 12041)
א;ן;ו;ה;ל;י;ד;ן;ו;ה;נ;מ;ד;ח;ל;א;י;נ;ד;י;(35, 6, 3, 20, 12061)
ו;ה;ל;ן;י;ב;ה;י;ן;י;ל;א;א;י;נ;פ;ר;ד;ש;ח;(35, 6, 3, 40, 12081)
א;ק;ז;נ;א;ו;ה;ל;א;ל;א;כ;ל;מ;ו;א;מ;ע;ט;ן;(35, 6, 3, 60, 12101)
ע;ח;צ;נ;ת;מ;א;ו;ה;ה;נ;ד;ל;א;י;נ;ד;ן;י;ד;(35, 6, 4, 2, 12121)
ב;ק;ל;כ;א;י;נ;פ;ר;ד;ש;ח;א;ו;א;י;כ;ר;ס;ל;(35, 6, 4, 22, 12141)
ש;ע;א;כ;ל;מ;ו;ה;ב;א;ר;י;ת;י;ח;ו;ר;י;ד;ל;(35, 6, 4, 42, 12161)
א;א;ת;ו;כ;ל;מ;ל;כ;ל;ע;ה;ת;ו;מ;ק;ה;ל;ת;י;(35, 6, 4, 62, 12181)
ו;ה;א;י;נ;פ;ר;ד;ש;ח;א;ו;א;י;כ;ר;ס;ן;י;ד;(35, 6, 5, 2, 12201)
ל;א;י;נ;ד;ל;ה;ח;כ;ש;ה;ל;ה;ל;ע;ן;י;ע;ב;ו;(35, 6, 5, 22, 12221)
ת;י;ח;ש;ו;ה;ל;ע;ל;כ;ו;א;ת;ו;כ;ל;מ;ד;צ;מ;(35, 6, 5, 42, 12241)
ד;ל;ב;ק;ל;כ;ה;ח;כ;ש;ה;ל;ן;י;ל;כ;י;א;ל;ה;(35, 6, 5, 62, 12261)
ת;י;ח;ש;ו;ו;ל;ש;ל;כ;ו;א;ו;ה;ן;מ;י;ה;מ;י;(35, 6, 5, 82, 12281)
ב;ג;ן;י;ד;א;י;ה;ו;ל;ע;ת;ח;כ;ת;ש;ה;א;ל;ה;(35, 6, 5, 102, 12301)
ח;כ;ש;ה;נ;א;ל;י;ד;ן;י;ר;מ;א;ך;ל;א;א;י;ר;(35, 6, 6, 7, 12321)
כ;ש;ה;ן;ה;ל;א;ל;ע;ל;כ;ה;נ;ד;ל;א;י;נ;ד;ל;(35, 6, 6, 27, 12341)
ס;ן;י;ד;א;ה;ה;ל;א;ת;ד;ב;י;ה;ו;ל;ע;ה;נ;ח;(35, 6, 6, 47, 12361)
ג;ר;ה;ן;ל;א;א;י;נ;פ;ר;ד;ש;ח;א;ו;א;י;כ;ר;(35, 6, 7, 6, 12381)
ר;ד;ה;ל;ן;י;ר;מ;א;ן;כ;ו;א;כ;ל;מ;ל;ע;ו;ש;(35, 6, 7, 26, 12401)
ע;י;ת;א;י;י;ח;ן;י;מ;ל;ע;ל;א;כ;ל;מ;ש;ו;י;(35, 6, 7, 46, 12421)
ו;א;י;נ;ג;ס;א;ת;ו;כ;ל;מ;י;כ;ר;ס;ל;כ;ו;ט;(35, 6, 8, 5, 12441)
ת;ו;ח;פ;ו;א;י;ר;ב;ד;ה;א;י;נ;פ;ר;ד;ש;ח;א;(35, 6, 8, 25, 12461)
א;ה;פ;ק;ת;ל;ו;א;כ;ל;מ;ם;י;ק;ה;מ;י;ק;ל;א;(35, 6, 8, 45, 12481)
א;ל;כ;ן;מ;ו;ע;ב;ה;ע;ב;י;י;ד;ל;כ;י;ד;ר;ס;(35, 6, 8, 65, 12501)
ה;ל;ן;י;ת;ל;ת;ן;י;מ;ו;י;ד;ע;ש;נ;א;ו;ה;ל;(35, 6, 8, 85, 12521)
ו;י;ר;א;ב;ג;ל;א;מ;ר;ת;י;א;כ;ל;מ;ך;נ;מ;ן;(35, 6, 8, 105, 12541)
ר;ת;ו;א;ר;ס;א;ם;י;ק;ת;א;כ;ל;מ;ן;ע;כ;א;ת;(35, 6, 8, 125, 12561)
מ;ת;ד;כ;ה;י;נ;ש;ה;ל;א;ל;י;ד;א;ב;ת;כ;ם;ש;(35, 6, 9, 19, 12581)
ד;ל;ב;ק;ל;כ;א;ד;ע;ת;א;ל;י;ד;ס;ר;פ;ו;י;ד;(35, 6, 9, 39, 12601)
א;ו;א;ב;ת;כ;ם;ש;ר;ש;ו;י;ר;ד;א;כ;ל;מ;ה;נ;(35, 6, 10, 7, 12621)
י;ש;ר;י;ד;ע;ד;י;י;ד;כ;ל;א;י;נ;ד;ו;א;ר;ס;(35, 6, 10, 27, 12641)
י;ת;פ;ן;י;ו;כ;ו;ה;ת;י;ב;ל;ל;ע;א;ב;ת;כ;ם;(35, 6, 11, 18, 12661)
ו;ם;ל;ש;ו;ר;י;ד;ג;נ;ה;ת;י;ל;ע;ב;ה;ל;ן;ח;(35, 6, 11, 38, 12681)
ך;ר;ב;א;ו;ה;א;מ;ו;י;ב;ה;ת;ל;ת;ן;י;נ;מ;ז;(35, 6, 11, 58, 12701)
ד;ק;א;ד;ו;מ;ו;א;ל;צ;מ;ו;י;ה;ו;כ;ר;ב;ל;ע;(35, 6, 11, 78, 12721)
ן;מ;ד;ב;ע;א;ו;ה;י;ד;ל;ב;ק;ל;כ;ה;ה;ל;א;ם;(35, 6, 11, 98, 12741)
ה;ך;ל;א;א;י;ר;ב;ג;ן;י;ד;א;ה;נ;ד;ת;מ;ד;ק;(35, 6, 11, 118, 12761)
ו;א;ע;ב;ל;א;י;נ;ד;ל;ו;ח;כ;ש;ה;ו;ו;ש;ג;ר;(35, 6, 12, 14, 12781)
י;ר;ק;ן;י;ד;א;ב;ה;ה;ל;א;ם;ד;ק;ן;נ;ח;ת;מ;(35, 6, 12, 34, 12801)
ר;ס;א;ל;ע;א;כ;ל;מ;ם;ד;ק;ן;י;ר;מ;א;ו;ו;ב;(35, 6, 13, 9, 12821)
נ;א;ל;כ;י;ד;ת;מ;ש;ר;ר;ס;א;א;ל;ה;א;כ;ל;מ;(35, 6, 13, 29, 12841)
ד;ע;ש;נ;א;ו;ה;ל;א;ל;כ;ן;מ;ה;ע;ב;י;י;ד;ש;(35, 6, 13, 49, 12861)
א;כ;ל;מ;ך;נ;מ;ן;ה;ל;ן;י;ת;ל;ת;ן;י;מ;ו;י;(35, 6, 13, 69, 12881)
ל;מ;ה;נ;ע;א;ת;ו;י;ר;א;ב;ו;ג;ל;א;מ;ר;ת;י;(35, 6, 13, 89, 12901)
ד;מ;ת;ד;כ;א;ת;ל;מ;א;ב;י;צ;י;ר;מ;א;ו;א;כ;(35, 6, 13, 109, 12921)
נ;ע;ן;י;ד;א;ב;א;ד;ע;ת;א;ל;י;ד;ס;ר;פ;ו;י;(35, 6, 13, 129, 12941)
א;י;נ;ד;י;ד;א;כ;ל;מ;ם;ד;ק;ן;י;ר;מ;א;ו;ו;(35, 6, 14, 8, 12961)
ל;ד;ו;ה;י;י;ד;א;ת;ו;ל;ג;י;נ;ב;ן;מ;י;ד;ל;(35, 6, 14, 28, 12981)
ר;ס;א;ל;ע;ו;ם;ע;ט;א;כ;ל;מ;ך;י;ל;ע;ם;ש;א;(35, 6, 14, 48, 13001)
ו;י;ב;ה;ת;ל;ת;ן;י;נ;מ;ז;ו;ת;מ;ש;ר;י;ד;א;(35, 6, 14, 68, 13021)
ד;כ;א;כ;ל;מ;ן;י;ד;א;ה;ת;ו;ע;ב;א;ע;ב;א;מ;(35, 6, 14, 88, 13041)
י;ה;ו;ל;ע;ש;א;ב;א;י;ג;ש;ע;מ;ש;א;ת;ל;מ;י;(35, 6, 15, 11, 13061)
ה;ת;ו;ב;ז;י;ש;ל;ל;ב;ם;ש;ל;א;י;נ;ד;ל;ע;ו;(35, 6, 15, 31, 13081)
ל;ר;ד;ת;ש;מ;א;ו;ה;א;ש;מ;ש;י;ל;ע;מ;ד;ע;ו;(35, 6, 15, 51, 13101)
ה;ך;ל;א;א;י;ר;ב;ג;ן;י;ד;א;ב;ה;ת;ו;ל;צ;ה;(35, 6, 15, 71, 13121)
כ;ל;מ;ל;ן;י;ר;מ;א;ו;א;כ;ל;מ;ל;ע;ו;ש;ג;ר;(35, 6, 16, 15, 13141)
ד;ס;ר;פ;ו;י;ד;מ;ל;ת;ד;י;ד;א;כ;ל;מ;ע;ד;א;(35, 6, 16, 35, 13161)
י;ק;ה;י;א;כ;ל;מ;י;ד;ם;י;ק;ו;ר;ס;א;ל;כ;י;(35, 6, 16, 55, 13181)
מ;א;א;כ;ל;מ;ן;י;ד;א;ב;ה;י;נ;ש;ה;ל;א;ל;ם;(35, 6, 16, 75, 13201)
ב;ג;ל;ו;מ;ר;ו;ל;א;י;נ;ד;ל;ו;י;ת;י;ה;ו;ר;(35, 6, 17, 12, 13221)
ר;מ;א;ו;א;כ;ל;מ;ה;נ;ע;א;ת;ו;י;ר;א;י;ד;א;(35, 6, 17, 32, 13241)
ל;ח;ל;פ;ה;ת;נ;א;י;ד;ך;ה;ל;א;ל;א;י;נ;ד;ל;(35, 6, 17, 52, 13261)
י;ה;ו;ך;נ;ב;ז;י;ש;י;א;ו;ה;א;ר;י;ד;ת;ב;ה;(35, 6, 17, 72, 13281)
א;ב;ג;ם;פ;ל;ע;ת;מ;ש;ו;ה;ד;ח;ן;ב;א;ת;י;ת;(35, 6, 18, 4, 13301)
ק;ז;ע;ב;ו;ה;ת;ק;ז;ע;ב;א;כ;ל;מ;ה;מ;ת;ח;ו;(35, 6, 18, 24, 13321)
ו;ב;צ;א;נ;ש;ת;א;ל;י;ד;י;ה;ו;נ;ב;ר;ב;ר;ת;(35, 6, 18, 44, 13341)
י;ה;ל;א;כ;ל;מ;ל;ז;א;ן;י;ד;א;ל;א;י;נ;ד;ב;(35, 6, 18, 64, 13361)
ל;ע;נ;ה;א;ל;ן;ו;ח;ד;ו;ת;ו;ט;ת;ב;ו;ה;ל;כ;(35, 6, 19, 15, 13381)
ב;י;ה;ו;ל;ע;ת;ד;נ;ה;ת;נ;ש;ו;י;ה;ו;מ;ד;ק;(35, 6, 19, 35, 13401)
ב;ם;ו;ק;י;א;ר;פ;ר;פ;ש;ב;א;כ;ל;מ;ן;י;ד;א;(35, 6, 20, 2, 13421)
ר;א;י;ד;א;ב;ג;ל;ה;ל;ה;ב;ת;ה;ב;ו;א;ה;ג;נ;(35, 6, 20, 22, 13441)
ד;ל;א;ב;ג;ל;ה;ב;ר;ק;מ;כ;ו;ל;ז;א;א;ת;ו;י;(35, 6, 20, 42, 13461)
כ;ל;מ;ה;נ;ע;ק;ע;ז;ב;י;צ;ע;ל;ק;ב;ל;א;י;נ;(35, 6, 21, 14, 13481)
א;ד;ב;ע;ל;א;י;נ;ד;ל;א;י;נ;ד;ל;ר;מ;א;ו;א;(35, 6, 21, 34, 13501)
ל;ח;ל;פ;ה;ת;נ;א;י;ד;ך;ה;ל;א;א;י;ח;א;ה;ל;(35, 6, 21, 54, 13521)
מ;ך;ת;ו;ב;ז;י;ש;ל;ל;כ;י;ה;א;ר;י;ד;ת;ב;ה;(35, 6, 21, 74, 13541)
ל;מ;ם;ע;ל;א;י;נ;ד;ן;י;ד;א;א;ת;ו;י;ר;א;ן;(35, 6, 21, 94, 13561)
ל;א;י;י;ח;ן;י;מ;ל;ע;ל;א;כ;ל;מ;ל;ל;מ;א;כ;(35, 6, 22, 14, 13581)
ו;י;ר;א;ם;פ;ר;ג;ס;ו;ה;כ;א;ל;מ;ח;ל;ש;י;ה;(35, 6, 23, 3, 13601)
ד;ק;י;ד;ל;ב;ק;ל;כ;י;נ;ו;ל;ב;ח;א;ל;ו;א;ת;(35, 6, 23, 23, 13621)
ד;ק;ף;א;ו;י;ל;ת;ח;כ;ת;ש;ה;ו;כ;ז;י;ה;ו;מ;(35, 6, 23, 43, 13641)
א;ב;ת;ד;ב;ע;א;ל;ה;ל;ו;ב;ח;א;כ;ל;מ;ך;י;מ;(35, 6, 23, 63, 13661)
ו;י;ה;ו;ל;ע;ב;א;ט;א;י;ג;ש;א;כ;ל;מ;ן;י;ד;(35, 6, 24, 3, 13681)
א;ב;ג;ן;מ;ה;ק;ס;נ;ה;ל;ר;מ;א;ל;א;י;נ;ד;ל;(35, 6, 24, 23, 13701)
ל;ב;ח;ל;כ;ו;א;ב;ג;ן;מ;ל;א;י;נ;ד;ק;ס;ה;ו;(35, 6, 24, 43, 13721)
ה;ה;ל;א;ב;ן;מ;י;ה;י;ד;ה;ב;ח;כ;ת;ש;ה;א;ל;(35, 6, 24, 63, 13741)
א;א;י;ר;ב;ג;ו;י;ת;י;ה;ו;א;כ;ל;מ;ר;מ;א;ו;(35, 6, 25, 1, 13761)
א;י;נ;ד;י;ד;י;ה;ו;צ;ר;ק;ו;ל;כ;א;י;ד;ך;ל;(35, 6, 25, 21, 13781)
נ;ב;ן;ו;נ;א;ו;מ;ר;א;ת;ו;י;ר;א;ב;ג;ל;ו;ל;(35, 6, 25, 41, 13801)
ר;א;ל;ו;ט;מ;א;ל;ו;ן;ו;ה;י;ש;נ;ו;ן;ו;ה;י;(35, 6, 25, 61, 13821)
ר;א;ן;ו;ה;ב;ו;ט;ל;ש;י;ד;ד;ע;א;ב;ג;ת;י;ע;(35, 6, 25, 81, 13841)
א;ב;ו;ק;ד;ה;ן;ו;ה;י;מ;ר;ג;ל;כ;ו;א;ת;ו;י;(35, 6, 25, 101, 13861)
מ;ע;ל;כ;ל;ב;ת;כ;א;כ;ל;מ;ש;ו;י;ר;ד;ן;י;ד;(35, 6, 26, 3, 13881)
ן;י;ר;א;ד;י;ד;א;י;נ;ש;ל;ו;א;י;מ;א;א;י;מ;(35, 6, 26, 23, 13901)
ק;ן;מ;א;ג;ש;י;ן;ו;כ;מ;ל;ש;א;ע;ר;א;ל;כ;ב;(35, 6, 26, 43, 13921)
ל;מ;ן;ט;ל;ש;ל;כ;ב;י;ד;ם;ע;ט;ם;י;ש;י;מ;ד;(35, 6, 27, 4, 13941)
מ;ן;י;ל;ח;ד;ו;ן;י;ע;א;ז;ן;ו;ה;ל;י;ת;ו;כ;(35, 6, 27, 24, 13961)
א;ו;ה;י;ד;ל;א;י;נ;ד;י;ד;ה;ה;ל;א;ם;ד;ק;ן;(35, 6, 27, 44, 13981)
ל;מ;ו;ן;י;מ;ל;ע;ל;ם;י;ק;ו;א;י;ח;א;ה;ל;א;(35, 6, 27, 64, 14001)
ע;ה;נ;ט;ל;ש;ו;ל;ב;ח;ת;ת;א;ל;י;ד;ה;ת;ו;כ;(35, 6, 27, 84, 14021)
ת;א;ד;ב;ע;ו;ל;צ;מ;ו;ב;ז;י;ש;מ;א;פ;ו;ס;ד;(35, 6, 27, 104, 14041)
ד;א;ע;ר;א;ב;ו;א;י;מ;ש;ב;ן;י;ה;מ;ת;ו;ן;י;(35, 6, 28, 16, 14061)
ו;י;ר;א;ד;י;ן;מ;ל;א;י;נ;ד;ל;ב;י;ז;י;ש;י;(35, 6, 28, 36, 14081)
ו;כ;ל;מ;ב;ח;ל;צ;ה;ה;נ;ד;ל;א;י;נ;ד;ו;א;ת;(35, 6, 28, 56, 14101)
ס;ר;פ;ש;ר;ו;כ;ת;ו;כ;ל;מ;ב;ו;ש;ו;י;ר;ד;ת;(35, 6, 29, 19, 14121)
ב;ך;ל;מ;ר;צ;ש;א;ל;ב;ל;ה;ד;ח;ת;נ;ש;ב;א;י;(35, 6, 29, 39, 14141)
א;ר;י;ו;ז;ח;ו;ה;ז;ח;ם;ל;ח;ל;א;י;נ;ד;ל;ב;(35, 7, 1, 19, 14161)
ת;כ;א;מ;ל;ח;ן;י;ד;א;ב;ה;ב;כ;ש;מ;ל;ע;ה;ש;(35, 7, 1, 39, 14181)
ו;ל;א;י;נ;ד;ה;נ;ע;ר;מ;א;ן;י;ל;מ;ש;א;ר;ב;(35, 7, 1, 59, 14201)
ל;י;ל;ם;ע;י;ו;ז;ח;ב;ת;י;ו;ה;ה;ז;ח;ר;מ;א;(35, 7, 2, 10, 14221)
ג;מ;א;י;מ;ש;י;ח;ו;ר;ע;ב;ר;א;ו;ר;א;ו;א;י;(35, 7, 2, 30, 14241)
ר;ן;ו;י;ח;ע;ב;ר;א;ו;א;ב;ר;א;מ;י;ל;ן;ח;י;(35, 7, 2, 50, 14261)
מ;א;ד;ן;י;נ;ש;א;מ;י;ן;מ;ן;ק;ל;ס;ן;ב;ר;ב;(35, 7, 3, 11, 14281)
ד;ן;י;פ;ג;ו;ה;י;ר;א;כ;א;ת;י;מ;ד;ק;א;ד;ן;(35, 7, 3, 31, 14301)
י;ר;מ;י;ד;ד;ע;ת;י;ו;ה;ה;ז;ח;ה;ל;ר;ש;נ;י;(35, 7, 4, 18, 14321)
ע;ו;א;ע;ר;א;ן;מ;ת;ל;י;ט;נ;ו;ה;י;פ;ג;ו;ט;(35, 7, 4, 38, 14341)
א;ב;ב;ל;ו;ת;מ;י;ק;ה;ש;נ;א;כ;ן;י;ל;ג;ר;ל;(35, 7, 4, 58, 14361)
י;ר;ח;א;ה;ו;י;ח;ו;ר;א;ו;ה;ל;ב;י;ה;י;ש;נ;(35, 7, 4, 78, 14381)
ה;ד;ח;ר;ט;ש;ל;ו;ב;ד;ל;ה;י;מ;ד;ה;נ;י;נ;ת;(35, 7, 5, 13, 14401)
ש;ן;י;ב;ה;מ;פ;ב;ן;י;ע;ל;ע;ת;ל;ת;ו;ת;מ;ק;(35, 7, 5, 33, 14421)
ל;כ;א;י;מ;ו;ק;ה;ל;ן;י;ר;מ;א;ן;כ;ו;ה;י;נ;(35, 7, 5, 53, 14441)
ו;ה;ה;ז;ח;ה;נ;ד;ר;ת;א;ב;א;י;ג;ש;ר;ש;ב;י;(35, 7, 5, 73, 14461)
י;פ;ג;ה;ל;ו;ר;מ;נ;כ;י;ר;ח;א;ו;ר;א;ו;ת;י;(35, 7, 6, 13, 14481)
ב;ר;א;ו;ה;י;ב;ג;ל;ע;ף;ו;ע;י;ד;ע;ב;ר;א;ן;(35, 7, 6, 33, 14501)
ה;י;ן;ט;ל;ש;ו;א;ת;ו;י;ח;ל;ן;י;ש;א;ר;ה;ע;(35, 7, 6, 53, 14521)
ח;ב;ת;י;ו;ה;ה;ז;ח;ה;נ;ד;ר;ת;א;ב;ה;ל;ב;י;(35, 7, 6, 73, 14541)
ע;י;ב;ר;ה;ו;י;ח;ו;ר;א;ו;א;י;ל;י;ל;י;ו;ז;(35, 7, 7, 17, 14561)
א;פ;י;ק;ת;ו;י;נ;ת;מ;י;א;ו;ה;ל;י;ח;ד;ה;י;(35, 7, 7, 37, 14581)
ב;ר;ה;ל;ל;ז;ר;פ;י;ד;ן;י;נ;ש;ו;א;ר;י;ת;י;(35, 7, 7, 57, 14601)
ג;ר;ב;א;ר;א;ש;ו;ה;ק;ד;מ;ו;ה;ל;כ;א;ן;ב;ר;(35, 7, 7, 77, 14621)
ל;כ;ן;מ;ה;י;נ;ש;מ;א;י;ה;ו;ה;ס;פ;ר;ה;י;ל;(35, 7, 7, 97, 14641)
ש;ע;ן;י;נ;ר;ק;ו;ה;י;מ;ד;ק;י;ד;א;ת;ו;י;ח;(35, 7, 7, 117, 14661)
א;ו;א;י;נ;ר;ק;ב;ת;י;ו;ה;ל;כ;ת;ש;מ;ה;ל;ר;(35, 7, 7, 137, 14681)
י;ב;ת;ק;ל;ס;ה;ר;י;ע;ז;י;ר;ח;א;ן;ר;ק;ו;ל;(35, 7, 8, 18, 14701)
י;מ;ד;ק;א;י;נ;ר;ק;ן;מ;ת;ל;ת;ו;ן;ו;ה;י;נ;(35, 7, 8, 38, 14721)
ע;ו;ל;א;ו;ה;י;מ;ד;ק;ן;מ;ו;ר;ק;ע;ת;א;א;ת;(35, 7, 8, 58, 14741)
א;ד;א;נ;ר;ק;ב;א;ש;נ;א;י;נ;י;ע;כ;ן;י;נ;י;(35, 7, 8, 78, 14761)
ע;ת;י;ו;ה;ה;ז;ח;ן;ב;ר;ב;ר;ל;ל;מ;מ;ם;פ;ו;(35, 7, 8, 98, 14781)
מ;ו;י;ק;י;ת;ע;ו;ו;י;מ;ר;ן;ו;ס;ר;כ;י;ד;ד;(35, 7, 9, 9, 14801)
ע;ש;ו;ר;ו;ח;ג;ל;ת;כ;ה;ש;ו;ב;ל;ב;ת;י;ן;י;(35, 7, 9, 29, 14821)
י;ב;ש;ה;י;ס;ר;כ;א;ק;נ;ר;מ;ע;כ;ה;ש;א;ר;ר;(35, 7, 9, 49, 14841)
ל;ד;ר;ו;נ;י;ה;ו;ל;ג;ל;ג;ר;ו;נ;י;ד;ן;י;ב;(35, 7, 9, 69, 14861)
ד;ק;ן;מ;ק;פ;נ;ו;ד;ג;נ;ר;ו;נ;י;ד;ר;ה;נ;ק;(35, 7, 9, 89, 14881)
ו;ה;נ;ו;ש;מ;ש;י;ם;י;פ;ל;א;ף;ל;א;י;ה;ו;מ;(35, 7, 10, 20, 14901)
ד;ן;ו;מ;ו;ק;י;י;ה;ו;מ;ד;ק;ן;ו;ב;ר;ו;ב;ר;(35, 7, 10, 40, 14921)
ה;ז;ח;ו;ח;י;ת;פ;ן;י;ר;פ;ס;ו;ב;ת;י;א;נ;י;(35, 7, 10, 60, 14941)
ר;ב;ר;א;י;ל;מ;ל;ק;ן;מ;ן;י;ד;א;ב;ת;י;ו;ה;(35, 7, 11, 4, 14961)
י;ו;ה;ה;ז;ח;ה;ל;ל;מ;מ;א;נ;ר;ק;י;ד;א;ת;ב;(35, 7, 11, 24, 14981)
ד;ב;ו;ה;ו;א;ת;ו;י;ח;ת;ל;י;ט;ק;י;ד;ד;ע;ת;(35, 7, 11, 44, 15001)
ש;ו;א;ש;א;ת;ד;ק;י;ל;ת;ב;י;ה;י;ו;ה;מ;ש;ג;(35, 7, 11, 64, 15021)
ו;ן;ו;ה;נ;ט;ל;ש;ו;י;ד;ע;ה;א;ת;ו;י;ח;ר;א;(35, 7, 12, 3, 15041)
ד;ע;ן;ו;ה;ל;ת;ב;י;ה;י;ן;י;י;ח;ב;ה;כ;ר;א;(35, 7, 12, 23, 15061)
ל;י;ו;ז;ח;ב;ת;י;ו;ה;ה;ז;ח;ן;ד;ע;ו;ן;מ;ז;(35, 7, 12, 43, 15081)
ב;כ;א;י;מ;ש;י;נ;נ;ע;ם;ע;ו;ר;א;ו;א;י;ל;י;(35, 7, 13, 14, 15101)
מ;ו;י;ק;י;ת;ע;ד;ע;ו;ה;ו;ה;ה;ת;א;ש;נ;א;ר;(35, 7, 13, 34, 15121)
ו;י;ה;ו;ב;ר;ק;ה;י;ה;ו;מ;ד;ק;ו;ה;ט;מ;א;י;(35, 7, 13, 54, 15141)
ו;ו;כ;ל;מ;ו;ר;ק;י;ו;ן;ט;ל;ש;ב;י;ה;י;ה;ל;(35, 7, 14, 2, 15161)
י;ה;ל;א;י;נ;ש;ל;ו;א;י;מ;א;א;י;מ;מ;ע;ל;כ;(35, 7, 14, 22, 15181)
ל;י;ד;ם;ל;ע;ן;ט;ל;ש;ה;נ;ט;ל;ש;ן;ו;ח;ל;פ;(35, 7, 14, 42, 15201)
ב;ח;ת;ת;א;ל;י;ד;ה;ת;ו;כ;ל;מ;ו;ה;ד;ע;י;א;(35, 7, 14, 62, 15221)
ב;ל;א;י;נ;ד;ה;נ;א;י;ח;ו;ר;ת;י;ר;כ;ת;א;ל;(35, 7, 14, 82, 15241)
ל;ה;ב;י;י;ש;א;ר;י;ו;ז;ח;ו;ה;נ;ד;נ;א;ו;ג;(35, 7, 15, 20, 15261)
י;ו;א;י;מ;א;ק;ן;מ;ד;ח;ל;ע;ת;ב;ר;ק;י;נ;נ;(35, 7, 15, 40, 15281)
א;ו;ה;נ;ד;ל;כ;ל;ע;ה;נ;מ;א;ע;ב;א;א;ב;י;צ;(35, 7, 16, 18, 15301)
י;נ;נ;ע;ד;ו;ה;י;א;י;ל;מ;ר;ש;פ;ו;י;ל;ר;מ;(35, 7, 16, 38, 15321)
י;נ;א;י;ד;א;ת;ב;ר;ב;ר;א;ת;ו;י;ח;ן;י;ל;א;(35, 7, 17, 1, 15341)
ו;מ;ו;ק;י;ן;י;כ;ל;מ;ה;ע;ב;ר;א;ע;ב;ר;א;ן;(35, 7, 17, 21, 15361)
א;ת;ו;כ;ל;מ;ן;ו;ל;ב;ק;י;ו;א;ע;ר;א;ן;מ;ן;(35, 7, 17, 41, 15381)
מ;ן;ו;נ;ס;ח;י;ו;ן;י;נ;ו;י;ל;ע;י;ש;י;ד;ק;(35, 7, 18, 14, 15401)
מ;ל;ע;ם;ל;ע;ד;ע;ו;א;מ;ל;ע;ד;ע;א;ת;ו;כ;ל;(35, 7, 18, 34, 15421)
ו;י;ח;ל;ע;א;ב;צ;י;ל;ת;י;ב;צ;ן;י;ד;א;א;י;(35, 7, 18, 54, 15441)
ן;מ;ה;י;נ;ש;ת;ו;ה;י;ד;א;ת;י;ע;י;ב;ר;א;ת;(35, 7, 19, 19, 15461)
ד;ה;י;נ;ש;ה;ר;י;ת;י;ה;ל;י;ח;ד;ן;ו;ה;ל;כ;(35, 7, 19, 39, 15481)
ה;ל;כ;א;ש;ח;נ;י;ד;ה;י;ר;פ;ט;ו;ל;ז;ר;פ;י;(35, 7, 19, 59, 15501)
ו;ה;ס;פ;ר;ה;י;ל;ג;ר;ב;א;ר;א;ש;ו;ה;ק;ד;מ;(35, 7, 19, 79, 15521)
ח;א;ו;ה;ש;א;ר;ב;י;ד;ר;ש;ע;א;י;נ;ר;ק;ל;ע;(35, 7, 20, 2, 15541)
ה;י;מ;ד;ק;ן;מ;ו;ל;פ;נ;ו;ת;ק;ל;ס;י;ד;י;ר;(35, 7, 20, 22, 15561)
ו;ה;ל;ן;י;נ;י;ע;ו;ן;כ;ד;א;נ;ר;ק;ו;ת;ל;ת;(35, 7, 20, 42, 15581)
ן;מ;ב;ר;ה;ו;ז;ח;ו;ן;ב;ר;ב;ר;ל;ל;מ;מ;ם;פ;(35, 7, 20, 62, 15601)
ן;כ;ד;א;נ;ר;ק;ו;ת;י;ו;ה;ה;ז;ח;ה;ת;ר;ב;ח;(35, 7, 20, 82, 15621)
ה;ל;כ;י;ו;ן;י;ש;י;ד;ק;ם;ע;ב;ר;ק;ה;ד;ב;ע;(35, 7, 21, 16, 15641)
א;י;מ;ו;י;ק;י;ת;ע;ה;ת;א;י;ד;ד;ע;ן;ו;ה;ל;(35, 7, 21, 36, 15661)
י;נ;ו;י;ל;ע;י;ש;י;ד;ק;ל;ב;ה;י;א;נ;י;ד;ו;(35, 7, 22, 17, 15681)
נ;ס;ח;ה;א;ת;ו;כ;ל;מ;ו;ה;ט;מ;א;נ;מ;ז;ו;ן;(35, 7, 22, 37, 15701)
י;ב;ר;א;ת;ו;י;ח;ר;מ;א;ן;כ;ן;י;ש;י;ד;ק;ו;(35, 7, 22, 57, 15721)
א;ב;א;ו;ה;ת;א;י;ע;י;ב;ר;ו;כ;ל;מ;א;ת;י;ע;(35, 7, 23, 14, 15741)
ו;א;ת;ו;כ;ל;מ;ל;כ;ן;מ;א;נ;ש;ת;י;ד;א;ע;ר;(35, 7, 23, 34, 15761)
ד;ת;ו;ה;נ;ש;ו;ד;ת;ו;א;ע;ר;א;ל;כ;ל;כ;א;ת;(35, 7, 23, 54, 15781)
ת;ו;כ;ל;מ;ה;נ;מ;ר;ש;ע;א;י;נ;ר;ק;ו;ה;נ;ק;(35, 7, 23, 74, 15801)
ן;ר;ח;א;ו;ן;ו;מ;ק;י;ן;י;כ;ל;מ;ה;ר;ש;ע;ה;(35, 7, 24, 18, 15821)
מ;א;נ;ש;י;א;ו;ה;ו;ן;ו;ה;י;ר;ח;א;ם;ו;ק;י;(35, 7, 24, 38, 15841)
פ;ש;ה;י;ן;י;כ;ל;מ;ה;ת;ל;ת;ו;א;י;מ;ד;ק;ן;(35, 7, 24, 58, 15861)
ק;ל;ו;ל;ל;מ;י;א;י;ל;ע;ד;צ;ל;ן;י;ל;מ;ו;ל;(35, 7, 24, 78, 15881)
ר;ב;ס;י;ו;א;ל;ב;י;ן;י;נ;ו;י;ל;ע;י;ש;י;ד;(35, 7, 25, 20, 15901)
ב;ה;י;ת;י;ו;ת;ד;ו;ן;י;נ;מ;ז;ה;י;נ;ש;ה;ל;(35, 7, 25, 40, 15921)
ל;פ;ו;ן;י;נ;ד;ע;ו;ן;ד;ע;ד;ע;ה;ד;י;ב;ן;ו;(35, 7, 25, 60, 15941)
ה;י;ה;נ;ט;ל;ש;ו;ב;ת;י;א;נ;י;ד;ו;ן;ד;ע;ג;(35, 7, 25, 80, 15961)
ס;ד;ע;ה;ד;ב;ו;ה;ל;ו;ה;ד;מ;ש;ה;ל;ן;ו;ד;ע;(35, 7, 26, 17, 15981)
ו;ב;ר;ו;א;נ;ט;ל;ש;ו;ה;ת;ו;כ;ל;מ;ו;א;פ;ו;(35, 7, 26, 37, 16001)
י;א;י;מ;ש;ל;כ;ת;ו;ח;ת;ת;ו;כ;ל;מ;י;ד;א;ת;(35, 7, 27, 18, 16021)
מ;ן;י;נ;ו;י;ל;ע;י;ש;י;ד;ק;ם;ע;ל;ת;ב;י;ה;(35, 7, 27, 38, 16041)
נ;ט;ל;ש;ל;כ;ו;ם;ל;ע;ת;ו;כ;ל;מ;ה;ת;ו;כ;ל;(35, 7, 27, 58, 16061)
ד;ע;ן;ו;ע;מ;ת;ש;י;ו;ן;ו;ח;ל;פ;י;ה;ל;א;י;(35, 7, 27, 78, 16081)
ל;א;י;נ;ד;ה;נ;א;א;ת;ל;מ;י;ד;א;פ;ו;ס;ה;כ;(35, 7, 28, 3, 16101)
י;ז;ו;י;נ;נ;ל;ה;ב;י;י;נ;ו;י;ע;ר;א;י;ג;ש;(35, 7, 28, 23, 16121)
י;ב;ל;ב;א;ת;ל;מ;ו;י;ל;ע;ן;ו;נ;ת;ש;י;י;ו;(35, 7, 28, 43, 16141)
ל;ב;ת;ו;כ;ל;מ;ל;ש;ו;ל;ש;ת;נ;ש;ב;ת;ר;ט;נ;(35, 7, 28, 63, 16161)
א;י;ל;א;ה;א;ר;נ;ן;ו;ז;ח;ך;ל;מ;ה;ר;צ;ש;א;(35, 8, 1, 17, 16181)
ב;י;ל;א;ה;א;ר;נ;ה;י;ר;ח;א;ל;א;י;נ;ד;י;נ;(35, 8, 1, 37, 16201)
ר;ב;י;ה;י;ו;ן;ו;ז;ח;ב;ה;א;ר;א;ו;ה;ל;ח;ת;(35, 8, 1, 57, 16221)
ר;ש;א;ה;ר;י;ב;ה;ן;ש;ו;ש;ב;י;נ;א;ו;י;ת;א;(35, 8, 2, 17, 16241)
ו;ז;ח;ב;ה;א;ר;א;ו;ה;נ;י;ד;מ;ה;ם;ל;י;ע;ב;(35, 8, 2, 37, 16261)
י;ל;ו;א;ל;ב;ו;א;ל;ע;י;ת;י;י;ה;י;נ;א;ו;ן;(35, 8, 2, 57, 16281)
ל;י;א;ה;נ;ה;ו;ה;א;ר;א;ו;י;נ;י;ע;א;ש;א;ו;(35, 8, 3, 1, 16301)
נ;ר;ק;ו;ל;ו;ל;ב;א;ה;י;נ;פ;ל;ד;מ;ע;ד;ח;א;(35, 8, 3, 21, 16321)
ג;ת;ח;א;ה;ו;ת;ו;ה;ב;ג;ם;י;נ;ר;ק;ה;ו;ם;י;(35, 8, 3, 41, 16341)
ב;ה;ל;ע;ה;ה;ב;ג;ה;ו;ת;י;נ;ש;ה;ן;מ;ה;ה;ב;(35, 8, 3, 61, 16361)
ח;ג;נ;מ;ל;י;א;ה;ת;א;י;ת;י;א;ר;ה;נ;ר;ח;א;(35, 8, 3, 81, 16381)
ו;י;ח;ל;כ;ו;ה;ב;ג;נ;ו;ה;נ;ו;פ;צ;ו;ה;מ;י;(35, 8, 4, 16, 16401)
י;צ;מ;ן;י;א;ו;ו;י;נ;פ;ל;ו;ד;מ;ע;י;א;ל;ת;(35, 8, 4, 36, 16421)
ל;י;ד;ג;ה;ו;ו;נ;צ;ר;כ;ה;ש;ע;ו;ו;ד;י;מ;ל;(35, 8, 4, 56, 16441)
י;פ;צ;ה;נ;ה;ו;ן;י;ב;מ;י;ת;י;י;ה;י;נ;א;ו;(35, 8, 5, 1, 16461)
י;נ;פ;ל;ע;ב;ר;ע;מ;ה;ן;מ;א;ב;ם;י;ז;ע;ה;ר;(35, 8, 5, 21, 16481)
ה;ו;ץ;ר;א;ב;ע;ג;ו;נ;ן;י;א;ו;ץ;ר;א;ה;ל;כ;(35, 8, 5, 41, 16501)
ו;ו;י;נ;י;ע;ן;י;ב;ת;ו;ז;ח;ן;ר;ק;ר;י;פ;צ;(35, 8, 5, 61, 16521)
ש;א;ם;י;נ;ר;ק;ה;ל;ע;ב;ל;י;א;ה;ד;ע;א;ב;י;(35, 8, 6, 2, 16541)
ר;י;ו;ל;ב;א;ה;י;נ;פ;ל;ד;מ;ע;י;ת;י;א;ר;ר;(35, 8, 6, 22, 16561)
מ;ו;י;ת;י;א;ר;ו;ו;ח;כ;ת;מ;ח;ב;ו;י;ל;א;ץ;(35, 8, 6, 42, 16581)
י;ל;א;ר;מ;ר;מ;ת;י;ו;ל;י;א;ה;ל;צ;א;ע;י;ג;(35, 8, 7, 9, 16601)
י;ת;ש;ת;א;ר;ב;ש;י;ו;ל;י;א;ה;ת;א;ך;י;ו;ו;(35, 8, 7, 29, 16621)
מ;ע;ל;ל;י;א;ב;ח;כ;ה;י;ה;א;ל;ו;ו;י;נ;ר;ק;(35, 8, 7, 49, 16641)
י;ו;ה;צ;ר;א;ו;ה;כ;י;ל;ש;י;ו;ו;י;נ;פ;ל;ד;(35, 8, 7, 69, 16661)
מ;ל;י;א;ל;ל;י;צ;מ;ה;י;ה;א;ל;ו;ו;ה;ס;מ;ר;(35, 8, 7, 89, 16681)
ד;ע;ל;י;ד;ג;ה;ם;י;ז;ע;ה;ר;י;פ;צ;ו;ו;ד;י;(35, 8, 7, 109, 16701)
ג;ה;ן;ר;ק;ה;ה;ר;ב;ש;נ;ו;מ;צ;ע;כ;ו;ד;א;מ;(35, 8, 8, 18, 16721)
ח;ת;ע;ב;ר;א;ת;ו;ז;ח;ה;נ;ל;ע;ת;ו;ה;ל;ו;ד;(35, 8, 8, 38, 16741)
מ;ו;ם;י;מ;ש;ה;ת;ו;ח;ו;ר;ע;ב;ר;א;ל;ה;י;ת;(35, 8, 8, 58, 16761)
ע;צ;מ;ת;ח;א;ן;ר;ק;א;צ;י;ם;ה;מ;ת;ח;א;ה;ן;(35, 8, 9, 3, 16781)
ל;א;ו;ב;ג;נ;ה;ל;א;ר;ת;י;ל;ד;ג;ת;ו;ה;ר;י;(35, 8, 9, 23, 16801)
צ;ד;ע;ל;ד;ג;ת;ו;י;ב;צ;ה;ל;א;ו;ח;ר;ז;מ;ה;(35, 8, 9, 43, 16821)
ב;צ;ה;ן;מ;ה;צ;ר;א;ל;פ;ת;ו;ם;י;מ;ש;ה;א;ב;(35, 8, 10, 9, 16841)
ד;ע;ו;ם;ס;מ;ר;ת;ו;ם;י;ב;כ;ו;כ;ה;ן;מ;ו;א;(35, 8, 10, 29, 16861)
ם;י;ר;ה;ו;נ;מ;מ;ו;ל;י;ד;ג;ה;א;ב;צ;ה;ר;ש;(35, 8, 11, 4, 16881)
ו;ו;ש;ד;ק;מ;ן;ו;כ;מ;ך;ל;ש;ה;ו;ד;י;מ;ת;ה;(35, 8, 11, 24, 16901)
ת;ו;ע;ש;פ;ב;ד;י;מ;ת;ה;ל;ע;ן;ת;נ;ת;א;ב;צ;(35, 8, 12, 2, 16921)
י;ל;צ;ה;ו;ה;ת;ש;ע;ו;ה;צ;ר;א;ת;מ;א;ך;ל;ש;(35, 8, 12, 22, 16941)
ו;ר;ב;ד;מ;ש;ו;ד;ק;ד;ח;א;ה;ע;מ;ש;א;ו;ה;ח;(35, 8, 12, 42, 16961)
מ;ה;י;נ;ו;מ;ל;פ;ל;ש;ו;ד;ק;ד;ח;א;ר;מ;א;י;(35, 8, 13, 19, 16981)
ה;ו;ד;י;מ;ת;ה;ן;ו;ז;ח;ה;י;ת;מ;ד;ע;ר;ב;ד;(35, 8, 13, 39, 17001)
ס;מ;ר;מ;א;ב;צ;ו;ש;ד;ק;ו;ת;ת;ם;מ;ש;ע;ש;פ;(35, 8, 13, 59, 17021)
י;פ;ל;א;ר;ק;ב;ב;ר;ע;ד;ע;י;ל;א;ר;מ;א;י;ו;(35, 8, 14, 1, 17041)
ה;י;ו;ש;ד;ק;ק;ד;צ;נ;ו;ת;ו;א;מ;ש;ל;ש;ו;ם;(35, 8, 14, 21, 17061)
ו;ז;ח;ה;ת;א;ל;א;י;נ;ד;י;נ;א;י;ת;א;ר;ב;י;(35, 8, 15, 4, 17081)
נ;ל;ד;מ;ע;ה;נ;ה;ו;ה;נ;י;ב;ה;ש;ק;ב;א;ו;ן;(35, 8, 15, 24, 17101)
א;ל;ו;ק;ע;מ;ש;א;ו;ר;ב;ג;ה;א;ר;מ;כ;י;ד;ג;(35, 8, 15, 44, 17121)
ג;ר;מ;א;י;ו;א;ר;ק;י;ו;י;ל;ו;א;ן;י;ב;ם;ד;(35, 8, 16, 10, 17141)
ו;ה;א;ר;מ;ה;ת;א;ז;ל;ה;ל;ן;ב;ה;ל;א;י;ר;ב;(35, 8, 16, 30, 17161)
י;ת;ע;ב;נ;ו;א;ב;ב;ו;י;ד;מ;ע;ל;צ;א;א;ב;י;(35, 8, 17, 2, 17181)
ב;ה;י;ל;א;ר;מ;א;י;ו;י;נ;פ;ל;ע;ה;ל;פ;א;ו;(35, 8, 17, 22, 17201)
ב;ו;ן;ו;ז;ח;ה;ץ;ק;ת;ע;ל;י;כ;ם;ד;א;ן;ב;ן;(35, 8, 17, 42, 17221)
ר;א;י;נ;פ;ל;ע;י;ת;מ;ד;ר;נ;י;מ;ע;ו;ר;ב;ד;(35, 8, 18, 3, 17241)
מ;ע;ל;ע;י;נ;ד;י;מ;ע;י;ו;י;ב;ע;ג;י;ו;ה;צ;(35, 8, 18, 23, 17261)
א;ת;א;ך;ע;י;ד;ו;מ;י;נ;נ;ה;ר;מ;א;י;ו;י;ד;(35, 8, 18, 43, 17281)
מ;ל;י;כ;ם;ע;ז;ה;ת;י;ר;ח;א;ב;ה;י;ה;י;ר;ש;(35, 8, 19, 19, 17301)
ה;ל;ע;ב;ת;י;א;ר;ר;ש;א;ל;י;א;ה;ץ;ק;ד;ע;ו;(35, 8, 19, 39, 17321)
פ;צ;ה;ו;ס;ר;פ;ו;י;ד;מ;י;כ;ל;מ;ם;י;נ;ר;ק;(35, 8, 20, 16, 17341)
ג;ה;ן;ר;ק;ה;ו;ן;ו;י;ך;ל;מ;ר;י;ע;ש;ה;ר;י;(35, 8, 21, 5, 17361)
מ;ה;א;ו;ה;ו;י;נ;י;ע;ן;י;ב;ר;ש;א;ה;ל;ו;ד;(35, 8, 21, 25, 17381)
ד;מ;ע;ת;ו;ת;ר;ב;ש;נ;ה;ו;ן;ו;ש;א;ר;ה;ך;ל;(35, 8, 21, 45, 17401)
ו;י;כ;ל;מ;ע;ב;ר;א;ה;י;ת;ח;ת;ע;ב;ר;א;ה;נ;(35, 8, 22, 13, 17421)
ב;ו;ו;ח;כ;ב;א;ל;ו;ה;נ;ד;מ;ע;י;י;ו;ג;מ;ת;(35, 8, 22, 33, 17441)
י;ע;ש;פ;ה;ם;ת;ה;כ;ם;ת;ו;כ;ל;מ;ת;י;ר;ח;א;(35, 8, 23, 3, 17461)
ח;ן;י;ב;מ;ו;ם;י;נ;פ;ז;ע;ך;ל;מ;ד;מ;ע;י;ם;(35, 8, 23, 23, 17481)
נ;ו;ו;ח;כ;ב;א;ל;ו;ו;ח;כ;ם;צ;ע;ו;ת;ו;ד;י;(35, 8, 23, 43, 17501)
ה;ש;ע;ו;ח;י;ל;צ;ה;ו;ת;י;ח;ש;י;ת;ו;א;ל;פ;(35, 8, 24, 17, 17521)
ם;י;ש;ד;ק;ם;ע;ו;ם;י;מ;ו;צ;ע;ת;י;ח;ש;ה;ו;(35, 8, 24, 37, 17541)
ד;י;ב;ה;מ;ר;מ;ח;י;ל;צ;ה;ו;ו;ל;כ;ש;ל;ע;ו;(35, 8, 25, 1, 17561)
ש;י;ה;ו;ל;ש;ב;ו;ל;י;ד;ג;י;ו;ב;ב;ל;ב;ו;ו;(35, 8, 25, 21, 17581)
ד;מ;ע;י;ם;י;ר;ש;ר;ש;ל;ע;ו;ם;י;ב;ר;ת;י;ח;(35, 8, 25, 41, 17601)
ב;ר;ע;ה;ה;א;ר;מ;ו;ר;ב;ש;י;ד;י;ס;פ;א;ב;ו;(35, 8, 25, 61, 17621)
א;ו;א;ו;ה;ת;מ;א;ר;מ;א;נ;ר;ש;א;ר;ק;ב;ה;ו;(35, 8, 26, 10, 17641)
י;ב;ר;ם;י;מ;י;ל;י;כ;ן;ו;ז;ח;ה;ם;ת;ס;ה;ת;(35, 8, 26, 30, 17661)
ל;ח;נ;ו;י;ת;י;י;ה;נ;ל;א;י;נ;ד;י;נ;א;ו;ם;(35, 8, 26, 50, 17681)
מ;ת;א;ה;ש;ע;א;ו;ם;ו;ק;א;ו;ם;י;מ;י;י;ת;י;(35, 8, 27, 20, 17701)
ר;מ;ה;ל;ע;ם;מ;ו;ת;ש;א;ו;ך;ל;מ;ה;ת;כ;א;ל;(35, 8, 27, 40, 17721)
ר;ד;ל;ת;ח;א;ת;נ;ש;ב;ן;י;ב;מ;ן;י;א;ו;ה;א;(35, 8, 27, 60, 17741)
א;י;ד;מ;ע;ר;ז;מ;ש;ו;ר;ו;ש;ח;א;ן;ב;ש;ו;י;(35, 9, 1, 11, 17761)
ש;ב;ם;י;ד;ש;כ;ת;ו;כ;ל;מ;ל;ע;ך;ל;מ;ה;ר;ש;(35, 9, 1, 31, 17781)
י;ב;ל;א;י;נ;ד;י;נ;א;ו;כ;ל;מ;ל;ת;ח;א;ת;נ;(35, 9, 2, 3, 17801)
ש;א;ם;י;נ;ש;ה;ר;פ;ס;מ;ם;י;ר;פ;ס;ב;י;ת;נ;(35, 9, 2, 23, 17821)
נ;ה;ה;י;מ;ר;י;ל;א;ה;ו;ה;י;ר;ב;ד;ה;י;ה;ר;(35, 9, 2, 43, 17841)
ל;ש;ו;ר;י;ת;ו;ב;ר;ח;ל;ת;ו;א;ל;מ;ל;א;י;ב;(35, 9, 2, 63, 17861)
א;י;נ;פ;ת;א;ה;נ;ת;א;ו;ה;נ;ש;ם;י;ע;ב;ש;ם;(35, 9, 2, 83, 17881)
ו;ה;ל;פ;ת;ש;ק;ב;ל;ם;י;ה;ל;א;ה;י;נ;ד;א;ל;(35, 9, 3, 12, 17901)
א;ו;ר;פ;א;ו;ק;ש;ו;ם;ו;צ;ב;ם;י;נ;ו;נ;ח;ת;(35, 9, 3, 32, 17921)
ה;ד;ו;ת;א;ו;י;ה;ל;א;ה;ו;ה;י;ל;ה;ל;ל;פ;ת;(35, 9, 4, 3, 17941)
ל;ו;ד;ג;ה;ל;א;ה;י;נ;ד;א;א;נ;א;ה;ר;מ;א;ו;(35, 9, 4, 23, 17961)
ל;ד;ס;ח;ה;ו;ת;י;ר;ב;ה;ר;מ;ש;א;ר;ו;נ;ה;ו;(35, 9, 4, 43, 17981)
א;ט;ח;ו;י;ת;ו;צ;מ;י;ר;מ;ש;ל;ו;ו;י;ב;ה;א;(35, 9, 4, 63, 18001)
נ;ד;ר;מ;ו;ו;נ;ע;ש;ר;ה;ו;ו;נ;י;ו;ע;ו;ו;נ;(35, 9, 5, 4, 18021)
ו;ך;י;ט;פ;ש;מ;מ;ו;ך;ת;ו;צ;מ;מ;ר;ו;ס;ו;ו;(35, 9, 5, 24, 18041)
י;א;י;ב;נ;ה;ך;י;ד;ב;ע;ל;א;ו;נ;ע;מ;ש;א;ל;(35, 9, 6, 2, 18061)
ו;נ;י;כ;ל;מ;ל;א;ך;מ;ש;ב;ו;ר;ב;ד;ר;ש;א;ם;(35, 9, 6, 22, 18081)
ה;ם;ע;ל;כ;ל;א;ו;ו;נ;י;ת;ב;א;ו;ו;נ;י;ר;ש;(35, 9, 6, 42, 18101)
ש;ב;ו;נ;ל;ו;ה;ק;ד;צ;ה;י;נ;ד;א;ך;ל;ץ;ר;א;(35, 9, 6, 62, 18121)
ו;ה;י;ש;י;א;ל;ה;ז;ה;ם;ו;י;כ;ם;י;נ;פ;ה;ת;(35, 9, 7, 18, 18141)
י;ל;כ;ל;ו;ם;ל;ש;ו;ר;י;י;ב;ש;ו;י;ל;ו;ה;ד;(35, 9, 7, 38, 18161)
ל;כ;ב;ם;י;ק;ח;ר;ה;ו;ם;י;ב;ר;ק;ה;ל;א;ר;ש;(35, 9, 7, 58, 18181)
ל;ע;מ;ב;ם;ש;ם;ת;ח;ד;ה;ר;ש;א;ת;ו;צ;ר;א;ה;(35, 9, 7, 78, 18201)
ת;ש;ב;ו;נ;ל;ה;ו;ה;י;ך;ב;ו;ל;ע;מ;ר;ש;א;ם;(35, 9, 7, 98, 18221)
ל;ו;ו;נ;י;ר;ש;ל;ו;נ;י;כ;ל;מ;ל;ם;י;נ;פ;ה;(35, 9, 8, 11, 18241)
נ;ד;א;ל;ך;ל;ו;נ;א;ט;ח;ר;ש;א;ו;נ;י;ת;ב;א;(35, 9, 8, 31, 18261)
ת;ו;ח;ל;ס;ה;ו;ם;י;מ;ח;ר;ה;ו;נ;י;ה;ל;א;י;(35, 9, 9, 5, 18281)
ו;ק;ב;ו;נ;ע;מ;ש;א;ל;ו;ו;ב;ו;נ;ד;ר;מ;י;כ;(35, 9, 9, 25, 18301)
ת;ר;ו;ת;ב;ת;כ;ל;ל;ו;נ;י;ה;ל;א;ה;ו;ה;י;ל;(35, 9, 10, 12, 18321)
ד;ב;ע;ד;י;ב;ו;נ;י;נ;פ;ל;ן;ת;נ;ר;ש;א;ו;י;(35, 9, 10, 32, 18341)
ר;ב;ע;ל;א;ר;ש;י;ל;כ;ו;ם;י;א;י;ב;נ;ה;ו;י;(35, 9, 10, 52, 18361)
ו;מ;ש;י;ת;ל;ב;ל;ר;ו;ס;ו;ך;ת;ר;ו;ת;ת;א;ו;(35, 9, 11, 12, 18381)
ה;ו;ה;ל;א;ה;ו;נ;י;ל;ע;ך;ת;ת;ו;ך;ל;ק;ב;ע;(35, 9, 11, 32, 18401)
ה;ש;מ;ת;ר;ו;ת;ב;ה;ב;ו;ת;כ;ר;ש;א;ה;ע;ב;ש;(35, 9, 11, 52, 18421)
י;ו;ו;ל;ו;נ;א;ט;ח;י;כ;ם;י;ה;ל;א;ה;ד;ב;ע;(35, 9, 11, 72, 18441)
ו;נ;י;ל;ע;ר;ב;ד;ר;ש;א;ו;י;ר;ב;ד;ת;א;ם;ק;(35, 9, 12, 3, 18461)
ה;ל;ו;נ;ו;ט;פ;ש;ר;ש;א;ו;נ;י;ט;פ;ש;ל;ע;ו;(35, 9, 12, 23, 18481)
א;ל;ר;ש;א;ה;ל;ד;ג;ה;ע;ר;ו;נ;י;ל;ע;א;י;ב;(35, 9, 12, 43, 18501)
נ;ר;ש;א;כ;ם;י;מ;ש;ה;ל;כ;ת;ח;ת;ה;ת;ש;ע;נ;(35, 9, 12, 63, 18521)
ב;ב;ו;ת;כ;ר;ש;א;כ;ם;ל;ש;ו;ר;י;ב;ה;ת;ש;ע;(35, 9, 12, 83, 18541)
ב;ת;א;ז;ה;ה;ע;ר;ה;ל;כ;ת;א;ה;ש;מ;ת;ר;ו;ת;(35, 9, 13, 10, 18561)
י;נ;פ;ת;א;ו;נ;י;ל;ח;א;ל;ו;ו;נ;י;ל;ע;ה;א;(35, 9, 13, 30, 18581)
ו;נ;נ;ו;ע;מ;ב;ו;ש;ל;ו;נ;י;ה;ל;א;ה;ו;ה;י;(35, 9, 13, 50, 18601)
ו;ה;י;ד;ק;ש;י;ו;ך;ת;מ;א;ב;ל;י;כ;ש;ה;ל;ו;(35, 9, 13, 70, 18621)
י;כ;ו;נ;י;ל;ע;ה;א;י;ב;י;ו;ה;ע;ר;ה;ל;ע;ה;(35, 9, 14, 9, 18641)
ע;מ;ל;כ;ל;ע;ו;נ;י;ה;ל;א;ה;ו;ה;י;ק;י;ד;צ;(35, 9, 14, 29, 18661)
ל;ק;ב;ו;נ;ע;מ;ש;א;ל;ו;ה;ש;ע;ר;ש;א;ו;י;ש;(35, 9, 14, 49, 18681)
ו;ה;ר;ש;א;ו;נ;י;ה;ל;א;י;נ;ד;א;ה;ת;ע;ו;ו;(35, 9, 14, 69, 18701)
ד;י;ב;ם;י;ר;צ;מ;ץ;ר;א;מ;ך;מ;ע;ת;א;ת;א;צ;(35, 9, 15, 20, 18721)
ח;ה;ז;ה;ם;ו;י;כ;ם;ש;ך;ל;ש;ע;ת;ו;ה;ק;ז;ח;(35, 9, 15, 40, 18741)
ת;ק;ד;צ;ל;כ;כ;י;נ;ד;א;ו;נ;ע;ש;ר;ו;נ;א;ט;(35, 9, 15, 60, 18761)
י;ך;ר;י;ע;מ;ך;ת;מ;ח;ו;ך;פ;א;א;נ;ב;ש;י;ך;(35, 9, 16, 12, 18781)
ו;נ;י;א;ט;ח;ב;י;כ;ך;ש;ד;ק;ר;ה;ם;ל;ש;ו;ר;(35, 9, 16, 32, 18801)
ו;ם;ל;ש;ו;ר;י;ו;נ;י;ת;ב;א;ת;ו;נ;ו;ע;ב;ו;(35, 9, 16, 52, 18821)
ו;ו;נ;י;ת;ב;י;ב;ס;ל;כ;ל;ה;פ;ר;ח;ל;ך;מ;ע;(35, 9, 16, 72, 18841)
ב;ע;ת;ל;פ;ת;ל;א;ו;נ;י;ה;ל;א;ע;מ;ש;ה;ת;ע;(35, 9, 17, 2, 18861)
ך;י;נ;פ;ר;א;ה;ו;ו;י;נ;ו;נ;ח;ת;ל;א;ו;ך;ד;(35, 9, 17, 22, 18881)
ה;י;נ;ד;א;ן;ע;מ;ל;ם;מ;ש;ה;ך;ש;ד;ק;מ;ל;ע;(35, 9, 17, 42, 18901)
י;ע;ה;ח;ק;פ;ע;מ;ש;ו;ך;נ;ז;א;י;ה;ל;א;ה;ט;(35, 9, 18, 2, 18921)
א;ר;י;ע;ה;ו;ו;נ;י;ת;מ;מ;ש;ה;א;ר;ו;ך;י;נ;(35, 9, 18, 22, 18941)
צ;ל;ע;א;ל;י;כ;ה;י;ל;ע;ך;מ;ש;א;ר;ק;נ;ר;ש;(35, 9, 18, 42, 18961)
נ;ח;ת;ם;י;ל;י;פ;מ;ו;נ;ח;נ;א;ו;נ;י;ת;ק;ד;(35, 9, 18, 62, 18981)
ה;ך;י;מ;ח;ר;ל;ע;י;כ;ך;י;נ;פ;ל;ו;נ;י;נ;ו;(35, 9, 18, 82, 19001)
ה;ח;ל;ס;י;נ;ד;א;ה;ע;מ;ש;י;נ;ד;א;ם;י;ב;ר;(35, 9, 18, 102, 19021)
ר;ח;א;ת;ל;א;ה;ש;ע;ו;ה;ב;י;ש;ק;ה;י;נ;ד;א;(35, 9, 19, 17, 19041)
ל;ע;א;ר;ק;נ;ך;מ;ש;י;כ;י;ה;ל;א;ך;נ;ע;מ;ל;(35, 9, 19, 37, 19061)
ב;ד;מ;י;נ;א;ד;ו;ע;ו;ך;מ;ע;ל;ע;ו;ך;ר;י;ע;(35, 9, 19, 57, 19081)
ח;ו;י;ת;א;ט;ח;ה;ד;ו;ת;מ;ו;ל;ל;פ;ת;מ;ו;ר;(35, 9, 20, 11, 19101)
ת;נ;ח;ת;ל;י;פ;מ;ו;ל;א;ר;ש;י;י;מ;ע;ת;א;ט;(35, 9, 20, 31, 19121)
ש;ד;ק;ר;ה;ל;ע;י;ה;ל;א;ה;ו;ה;י;י;נ;פ;ל;י;(35, 9, 20, 51, 19141)
ה;ל;פ;ת;ב;ר;ב;ד;מ;י;נ;א;ד;ו;ע;ו;י;ה;ל;א;(35, 9, 20, 71, 19161)
ב;י;ת;י;א;ר;ר;ש;א;ל;א;י;ר;ב;ג;ש;י;א;ה;ו;(35, 9, 21, 17, 19181)
א;ע;ג;נ;ף;ע;י;ב;ף;ע;מ;ה;ל;ח;ת;ב;ן;ו;ז;ח;(35, 9, 21, 37, 19201)
ב;ד;י;ו;ן;ב;י;ו;ב;ר;ע;ת;ח;נ;מ;ת;ע;כ;י;ל;(35, 9, 21, 57, 19221)
א;צ;י;ה;ת;ע;ל;א;י;נ;ד;ר;מ;א;י;ו;י;מ;ע;ר;(35, 9, 22, 9, 19241)
ח;ת;ת;ל;ח;ת;ב;ה;נ;י;ב;ך;ל;י;כ;ש;ה;ל;י;ת;(35, 9, 22, 29, 19261)
ל;י;ת;א;ב;י;נ;א;ו;ר;ב;ד;א;צ;י;ך;י;נ;ו;נ;(35, 9, 23, 8, 19281)
ב;ן;י;ב;ו;ה;ת;א;ת;ו;ד;ו;מ;ח;י;כ;ד;י;ג;ה;(35, 9, 23, 28, 19301)
ע;ב;ש;ם;י;ע;ב;ש;ה;א;ר;מ;ב;ן;ב;ה;ו;ר;ב;ד;(35, 9, 23, 48, 19321)
ש;ד;ק;ר;י;ע;ל;ע;ו;ך;מ;ע;ל;ע;ך;ת;ח;נ;ם;י;(35, 9, 24, 9, 19341)
ו;ת;ו;א;ט;ח;ם;ת;ח;ל;ו;ע;ש;פ;ה;א;ל;כ;ל;ך;(35, 9, 24, 29, 19361)
י;מ;ל;ע;ק;ד;צ;א;י;ב;ה;ל;ו;ן;ו;ע;ר;פ;כ;ל;(35, 9, 24, 49, 19381)
ח;ש;מ;ל;ו;א;י;ב;נ;ו;ן;ו;ז;ח;ם;ת;ח;ל;ו;ם;(35, 9, 24, 69, 19401)
מ;ן;מ;ל;כ;ש;ת;ו;ע;ד;ת;ו;ם;י;ש;ד;ק;ש;ד;ק;(35, 9, 24, 89, 19421)
ש;ו;ר;י;ת;ו;נ;ב;ל;ו;ב;י;ש;ה;ל;ר;ב;ד;א;צ;(35, 9, 25, 13, 19441)
ע;ב;ש;ם;י;ע;ב;ש;ד;י;ג;נ;ח;י;ש;מ;ד;ע;ם;ל;(35, 9, 25, 33, 19461)
ב;ו;ש;ת;ם;י;נ;ש;ו;ם;י;ש;ש;ם;י;ע;ב;ש;ו;ה;(35, 9, 25, 53, 19481)
ק;ו;צ;ב;ו;ץ;ו;ר;ח;ו;ב;ו;ח;ר;ה;ת;נ;ב;נ;ו;(35, 9, 25, 73, 19501)
ם;י;ש;ש;ם;י;ע;ב;ש;ה;י;ר;ח;א;ו;ם;י;ת;ע;ה;(35, 9, 25, 93, 19521)
ו;ו;ל;ן;י;א;ו;ח;י;ש;מ;ת;ר;כ;י;ם;י;נ;ש;ו;(35, 9, 26, 16, 19541)
ד;י;ג;נ;ם;ע;ת;י;ח;ש;י;ש;ד;ק;ה;ו;ר;י;ע;ה;(35, 9, 26, 36, 19561)
מ;ח;ל;מ;ץ;ק;ד;ע;ו;ף;ט;ש;ב;ו;צ;ק;ו;א;ב;ה;(35, 9, 26, 56, 19581)
י;ר;ב;ר;י;ב;ג;ה;ו;ת;ו;מ;מ;ש;ת;צ;ר;ח;נ;ה;(35, 9, 26, 76, 19601)
ב;ש;ה;י;צ;ח;ו;ד;ח;א;ע;ו;ב;ש;ם;י;ב;ר;ל;ת;(35, 9, 27, 10, 19621)
נ;כ;ל;ע;ו;ה;ח;נ;מ;ו;ח;ב;ז;ת;י;ב;ש;י;ע;ו;(35, 9, 27, 30, 19641)
ח;נ;ו;ה;ל;כ;ד;ע;ו;ם;מ;ש;מ;ם;י;צ;ו;ק;ש;ף;(35, 9, 27, 50, 19661)
ל;ש;ו;ל;ש;ת;נ;ש;ב;ם;מ;ש;ל;ע;ך;ת;ת;ה;צ;ר;(35, 9, 27, 70, 19681)
נ;ד;ל;ה;ל;ג;נ;ר;ב;ד;ס;ר;פ;ך;ל;מ;ש;ר;ו;כ;(35, 10, 1, 10, 19701)
ר;צ;א;ש;ט;ל;ב;ו;מ;ש;א;ר;ק;נ;ר;ש;א;ל;א;י;(35, 10, 1, 30, 19721)
ן;י;ב;ו;ל;ו;ד;ג;א;ב;צ;ו;ר;ב;ד;ה;ת;מ;א;ו;(35, 10, 1, 50, 19741)
י;ב;ה;א;ר;מ;ב;ו;ל;ה;נ;י;ב;ו;ר;ב;ד;ה;ת;א;(35, 10, 1, 70, 19761)
מ;י;ת;י;י;ה;ל;א;י;נ;ד;י;נ;א;ם;ה;ה;ם;י;מ;(35, 10, 2, 3, 19781)
ם;ח;ל;ם;י;מ;י;ם;י;ע;ב;ש;ה;ש;ל;ש;ל;ב;א;ת;(35, 10, 2, 23, 19801)
ן;י;י;ו;ר;ש;ב;ו;י;ת;ל;כ;א;א;ל;ת;ו;ד;מ;ח;(35, 10, 3, 4, 19821)
ד;ע;י;ת;כ;ס;א;ל;ך;ו;ס;ו;י;פ;ל;א;א;ב;א;ל;(35, 10, 3, 24, 19841)
י;ב;ו;ם;י;מ;י;ם;י;ע;ב;ש;ת;ש;ל;ש;ת;א;ל;מ;(35, 10, 3, 44, 19861)
א;ר;ה;ש;ד;ח;ל;ה;ע;ב;ר;א;ו;ם;י;ר;ש;ע;ם;ו;(35, 10, 4, 4, 19881)
ר;ה;נ;ה;ד;י;ל;ע;י;ת;י;י;ה;י;נ;א;ו;ן;ו;ש;(35, 10, 4, 24, 19901)
י;ע;ת;א;א;ש;א;ו;ל;ק;ד;ח;א;ו;ה;ל;ו;ד;ג;ה;(35, 10, 4, 44, 19921)
ש;ו;ב;ל;ד;ח;א;ש;י;א;ה;נ;ה;ו;א;ר;א;ו;י;נ;(35, 10, 5, 9, 19941)
א;ם;ת;כ;ב;ם;י;ר;ג;ח;ו;י;נ;ת;מ;ו;ם;י;ד;ב;(35, 10, 5, 29, 19961)
ו;י;נ;פ;ו;ש;י;ש;ר;ת;כ;ו;ת;י;ו;ג;ו;ז;פ;ו;(35, 10, 5, 49, 19981)
י;ד;י;פ;ל;כ;ו;י;נ;י;ע;ו;ק;ר;ב;ה;א;ר;מ;כ;(35, 10, 6, 18, 20001)
י;ע;כ;ו;י;ת;ל;ג;ר;מ;ו;ו;י;ת;ע;ר;ז;ו;ש;א;(35, 10, 6, 38, 20021)
ו;ק;כ;ו;י;ר;ב;ד;ל;ו;ק;ו;ל;ל;ק;ת;ש;ח;נ;ן;(35, 10, 6, 58, 20041)
ל;ל;א;י;נ;ד;י;נ;א;י;ת;י;א;ר;ו;ן;ו;מ;ה;ל;(35, 10, 6, 78, 20061)
ר;ש;א;ם;י;ש;נ;א;ה;ו;ה;א;ר;מ;ה;ת;א;י;ד;ב;(35, 10, 7, 16, 20081)
ב;א;ה;א;ר;מ;ה;ת;א;ו;א;ר;א;ל;י;מ;ע;ו;י;ה;(35, 10, 7, 36, 20101)
י;ו;ם;ה;י;ל;ע;ה;ל;פ;נ;ה;ל;ד;ג;ה;ד;ר;ח;ל;(35, 10, 7, 56, 20121)
ל;י;ת;ר;א;ש;נ;י;נ;א;ו;א;ב;ח;ה;ב;ו;ח;ר;ב;(35, 10, 7, 76, 20141)
ה;ל;ד;ג;ה;ה;א;ר;מ;ה;ת;א;ה;א;ר;א;ו;י;ד;ב;(35, 10, 8, 12, 20161)
י;ד;ו;ה;ו;ח;כ;י;ב;ר;א;ש;נ;א;ל;ו;ת;א;ז;ה;(35, 10, 8, 32, 20181)
ת;ר;צ;ע;א;ל;ו;ת;י;ח;ש;מ;ל;י;ל;ע;ך;פ;ה;נ;(35, 10, 8, 52, 20201)
כ;ו;ו;י;ר;ב;ד;ל;ו;ק;ת;א;ע;מ;ש;א;ו;ח;כ;י;(35, 10, 8, 72, 20221)
י;ה;י;נ;א;ו;ו;י;ר;ב;ד;ל;ו;ק;ת;א;י;ע;מ;ש;(35, 10, 9, 18, 20241)
ה;צ;ר;א;י;נ;פ;ו;י;נ;פ;ל;ע;ם;ד;ר;נ;י;ת;י;(35, 10, 9, 38, 20261)
ע;י;נ;ע;י;נ;ת;ו;י;ב;ה;ע;ג;נ;ד;י;ה;נ;ה;ו;(35, 10, 10, 1, 20281)
ל;א;ר;מ;א;י;ו;י;ד;י;ת;ו;פ;כ;ו;י;כ;ר;ב;ל;(35, 10, 10, 21, 20301)
ב;ד;ב;ן;ב;ה;ת;ו;ד;מ;ח;ש;י;א;ל;א;י;נ;ד;י;(35, 10, 11, 8, 20321)
מ;ע;ו;ך;י;ל;א;ר;ב;ד;י;כ;נ;א;ר;ש;א;ם;י;ר;(35, 10, 11, 28, 20341)
י;ל;א;י;ת;ח;ל;ש;ה;ת;ע;י;כ;ך;ד;מ;ע;ל;ע;ד;(35, 10, 11, 48, 20361)
ע;ה;ז;ה;ר;ב;ד;ה;ת;א;י;מ;ע;ו;ר;ב;ד;ב;ו;ך;(35, 10, 11, 68, 20381)
ת;ל;א;י;ל;א;ר;מ;א;י;ו;ד;י;ע;ר;מ;י;ת;ד;מ;(35, 10, 11, 88, 20401)
ש;א;ר;ה;ם;ו;י;ה;ן;מ;י;כ;ל;א;י;נ;ד;א;ר;י;(35, 10, 12, 12, 20421)
ל;ו;ן;י;ב;ה;ל;ך;ב;ל;ת;א;ת;ת;נ;ר;ש;א;ן;ו;(35, 10, 12, 32, 20441)
ו;ע;מ;ש;נ;ך;י;ה;ל;א;י;נ;פ;ל;ת;ו;נ;ע;ת;ה;(35, 10, 12, 52, 20461)
ו;ך;י;ר;ב;ד;ב;י;ת;א;ב;י;נ;א;ו;ך;י;ר;ב;ד;(35, 10, 12, 72, 20481)
ש;ע;י;ד;ג;נ;ל;ד;מ;ע;ס;ר;פ;ת;ו;כ;ל;מ;ר;ש;(35, 10, 13, 2, 20501)
א;ל;א;כ;י;מ;ה;נ;ה;ו;ם;ו;י;ד;ח;א;ו;ם;י;ר;(35, 10, 13, 22, 20521)
ר;ז;ע;ל;א;ב;ם;י;נ;ש;א;ר;ה;ם;י;ר;ש;ה;ד;ח;(35, 10, 13, 42, 20541)
כ;ל;מ;ל;צ;א;ם;ש;י;ת;ר;ת;ו;נ;י;נ;א;ו;י;נ;(35, 10, 13, 62, 20561)
ר;ש;א;ת;א;ך;נ;י;ב;ה;ל;י;ת;א;ב;ו;ס;ר;פ;י;(35, 10, 13, 82, 20581)
כ;ם;י;מ;י;ה;ת;י;ר;ח;א;ב;ך;מ;ע;ל;ה;ר;ק;י;(35, 10, 14, 17, 20601)
ע;ו;ר;ב;ד;ב;ו;ם;י;מ;י;ל;ן;ו;ז;ח;ד;ו;ע;י;(35, 10, 14, 37, 20621)
א;י;נ;פ;י;ת;ת;נ;ה;ל;א;ה;ם;י;ר;ב;ד;כ;י;מ;(35, 10, 15, 8, 20641)
ב;ת;ו;מ;ד;כ;ה;נ;ה;ו;י;ת;מ;ל;א;נ;ו;ה;צ;ר;(35, 10, 15, 28, 20661)
פ;ח;ת;פ;א;ו;י;ת;פ;ש;ל;ע;ע;ג;נ;ם;ד;א;י;נ;(35, 10, 16, 11, 20681)
נ;ל;ד;מ;ע;ה;ל;א;ה;ר;מ;א;ו;ה;ר;ב;ד;א;ו;י;(35, 10, 16, 31, 20701)
ר;י;צ;ו;כ;פ;ה;נ;ה;א;ר;מ;ב;י;נ;ד;א;י;ד;ג;(35, 10, 16, 51, 20721)
ו;י;ך;י;ה;ו;ח;כ;י;ת;ר;צ;ע;א;ל;ו;י;ל;ע;י;(35, 10, 16, 71, 20741)
נ;ד;א;ם;ע;ר;ב;ד;ל;ה;ז;י;נ;ד;א;ד;ב;ע;ל;כ;(35, 10, 17, 7, 20761)
כ;י;ב;ד;מ;ע;י;א;ל;ה;ת;ע;מ;י;נ;א;ו;ה;ז;י;(35, 10, 17, 27, 20781)
ו;ף;ס;י;ו;י;ב;ה;ר;א;ש;נ;א;ל;ה;מ;ש;נ;ו;ח;(35, 10, 17, 47, 20801)
י;נ;ק;ז;ח;י;ו;ם;ד;א;ה;א;ר;מ;כ;י;ב;ע;ג;י;(35, 10, 18, 6, 20821)
ש;ת;ו;ד;מ;ח;ש;י;א;א;ר;י;ת;ל;א;ר;מ;א;י;ו;(35, 10, 19, 1, 20841)
מ;ע;ו;ר;ב;ד;ב;ו;ק;ז;ח;ו;ק;ז;ח;ך;ל;ם;ו;ל;(35, 10, 19, 21, 20861)
נ;ד;א;ר;ב;ד;י;ה;ר;מ;א;ו;י;ת;ק;ז;ח;ת;ה;י;(35, 10, 19, 41, 20881)
ל;ת;ע;ד;י;ה;ר;מ;א;י;ו;י;נ;ת;ק;ז;ח;י;כ;י;(35, 10, 19, 61, 20901)
ה;ל;ב;ו;ש;א;ה;ת;ע;ו;ך;י;ל;א;י;ת;א;ב;ה;מ;(35, 10, 20, 12, 20921)
ה;ו;א;צ;ו;י;י;נ;א;ו;ס;ר;פ;ר;ש;ם;ע;ם;ח;ל;(35, 10, 20, 32, 20941)
ת;א;ך;ל;ד;י;ג;א;ל;ב;א;א;ב;ן;ו;י;ר;ש;ה;נ;(35, 10, 20, 52, 20961)
מ;ד;ח;א;ן;י;א;ו;ת;מ;א;ב;ת;כ;ב;ם;ו;ש;ר;ה;(35, 10, 21, 12, 20981)
א;כ;י;מ;ם;א;י;כ;ה;ל;א;ל;ע;י;מ;ע;ק;ז;ח;ת;(35, 10, 21, 32, 21001)
י;ר;ד;ל;ת;ח;א;ת;נ;ש;ב;י;נ;א;ו;ם;כ;ר;ש;ל;(35, 10, 21, 52, 21021)
ע;מ;ל;ו;ק;י;ז;ח;מ;ל;י;ד;מ;ע;י;ד;מ;ה;ש;ו;(35, 11, 1, 16, 21041)
ה;נ;ה;ך;ל;ד;י;ג;א;ת;מ;א;ה;ת;ע;ו;ו;ל;ז;ו;(35, 11, 1, 36, 21061)
ר;פ;ל;ם;י;ד;מ;ע;ם;י;כ;ל;מ;ה;ש;ל;ש;ד;ו;ע;(35, 11, 2, 17, 21081)
ל;ו;ד;ג;ר;ש;ע;ר;י;ש;ע;י;י;ע;י;ב;ר;ה;ו;ס;(35, 11, 2, 37, 21101)
ה;ר;י;ע;י;ו;ר;ש;ע;ב;ו;ת;ק;ז;ח;כ;ו;ל;כ;מ;(35, 11, 2, 57, 21121)
ג;ך;ל;מ;ד;מ;ע;ו;ן;ו;י;ת;ו;כ;ל;מ;ת;א;ל;כ;(35, 11, 2, 77, 21141)
צ;ר;כ;ה;ש;ע;ו;ב;ר;ל;ש;מ;מ;ל;ש;מ;ו;ר;ו;ב;(35, 11, 3, 9, 21161)
ו;ו;ת;ו;כ;ל;מ;ר;ב;ש;ת;ו;ד;מ;ע;כ;ו;ו;נ;ו;(35, 11, 3, 29, 21181)
ל;ו;ם;י;מ;ש;ה;ת;ו;ח;ו;ר;ע;ב;ר;א;ל;ץ;ח;ת;(35, 11, 4, 18, 21201)
מ;ר;ש;א;ו;ל;ש;מ;כ;א;ל;ו;ו;ת;י;ר;ח;א;ל;א;(35, 11, 4, 38, 21221)
י;ר;ח;א;ל;ו;ו;ת;ו;כ;ל;מ;ש;ת;נ;ת;י;כ;ל;ש;(35, 11, 4, 58, 21241)
ב;ג;נ;ה;ך;ל;מ;ק;ז;ח;י;ו;ה;ל;א;ד;ב;ל;מ;ם;(35, 11, 4, 78, 21261)
ל;ש;מ;ו;ו;י;ל;ע;ק;ז;ח;י;ו;ו;י;ר;ש;ן;מ;ו;(35, 11, 5, 13, 21281)
ם;י;נ;ש;ץ;ק;ל;ו;ו;ת;ל;ש;מ;מ;ב;ר;ל;ש;מ;מ;(35, 11, 5, 33, 21301)
א;ו;ב;ת;ב;ג;נ;ה;ך;ל;מ;ת;ב;ו;ו;ר;ב;ח;ת;י;(35, 11, 6, 9, 21321)
י;ר;ש;י;מ;ת;ו;ש;ע;ל;ן;ו;פ;צ;ה;ך;ל;מ;ל;א;(35, 11, 6, 29, 21341)
י;א;ל;ו;ע;ו;ר;ז;ה;ח;ו;כ;ר;צ;ע;ת;א;ל;ו;ם;(35, 11, 6, 49, 21361)
י;ב;מ;ו;א;י;ה;ן;ת;נ;ת;ו;ו;ע;ר;ז;ו;ד;מ;ע;(35, 11, 6, 69, 21381)
ם;י;ת;ע;ב;ה;ק;ז;ח;מ;ו;ה;ד;ל;י;ה;ו;ה;י;א;(35, 11, 6, 89, 21401)
א;ב;י;ו;ו;נ;כ;ה;י;ש;ר;ש;ר;צ;נ;מ;ד;מ;ע;ו;(35, 11, 7, 1, 21421)
צ;ה;ך;ל;מ;ז;ו;ע;מ;ב;א;ב;י;ו;ל;י;ח;ה;ל;א;(35, 11, 7, 21, 21441)
א;ם;ג;ו;ק;י;ז;ח;ה;ו;ם;ה;ב;ה;ש;ע;ו;ן;ו;פ;(35, 11, 7, 41, 21461)
מ;ח;י;ל;כ;ם;ע;ם;ה;י;כ;ס;נ;ם;ע;ם;ה;י;ה;ל;(35, 11, 8, 5, 21481)
ר;צ;מ;א;ב;י;י;ב;ש;ב;ב;ה;ז;ו;ף;ס;כ;ם;ת;ד;(35, 11, 8, 25, 21501)
צ;ה;ך;ל;מ;מ;ד;מ;ע;י;ם;י;נ;ש;א;ו;ה;ו;ם;י;(35, 11, 8, 45, 21521)
ו;ב;ג;נ;ה;ך;ל;מ;ת;ו;כ;ל;מ;ב;א;ב;ו;ן;ו;פ;(35, 11, 8, 65, 21541)
א;ו;ו;ר;ג;ת;י;ו;נ;ב;ו;ו;ת;מ;ד;א;ל;א;ב;ש;(35, 11, 9, 18, 21561)
ב;א;ב;ו;ם;י;ב;ר;ם;י;ל;י;ח;ן;ו;מ;ה;ו;פ;ס;(35, 11, 10, 12, 21581)
ו;ר;ג;ת;י;ו;ב;ש;י;ו;ר;ב;ע;ו;ף;ט;ש;ו;א;ו;(35, 11, 10, 32, 21601)
ב;ג;נ;ה;ך;ל;מ;ר;מ;ר;מ;ת;י;ו;ה;ז;ע;מ;ד;ע;(35, 11, 10, 52, 21621)
פ;צ;ה;ך;ל;מ;ם;ע;ו;מ;ע;ם;ח;ל;נ;ו;א;צ;י;ו;(35, 11, 11, 15, 21641)
ה;ה;ן;ת;נ;ו;ב;ר;ן;ו;מ;ה;ד;י;מ;ע;ה;ו;ן;ו;(35, 11, 11, 35, 21661)
ם;ו;ר;י;ן;ו;מ;ה;ה;א;ש;נ;ו;ו;ד;י;ב;ן;ו;מ;(35, 11, 11, 55, 21681)
ו;ע;י;א;ל;ו;ת;ו;א;ב;ר;ל;י;פ;ה;ו;ו;ב;ב;ל;(35, 11, 12, 14, 21701)
מ;ה;ד;י;מ;ע;ה;ו;ן;ו;פ;צ;ה;ך;ל;מ;ב;ש;ו;ז;(35, 11, 12, 34, 21721)
י;ת;ע;ה;ץ;ק;ל;ו;ן;ו;ש;א;ר;ה;ן;מ;ב;ר;ן;ו;(35, 11, 13, 20, 21741)
ל;ו;ד;ג;ל;י;ח;ב;א;ו;ב;א;ו;ב;י;ם;י;נ;ש;ם;(35, 11, 13, 40, 21761)
י;ב;ר;ם;ה;ה;ם;י;ת;ע;ב;ו;ב;ר;ש;ו;כ;ר;ב;ו;(35, 11, 13, 60, 21781)
פ;י;נ;ב;ו;ב;ג;נ;ה;ך;ל;מ;ל;ע;ו;ד;מ;ע;י;ם;(35, 11, 14, 13, 21801)
ז;ח;ד;י;מ;ע;ה;ל;ו;א;ש;נ;י;ך;מ;ע;י;צ;י;ר;(35, 11, 14, 33, 21821)
ן;ו;פ;צ;ה;ך;ל;מ;א;ב;י;ו;ו;ל;ש;כ;נ;ו;ן;ו;(35, 11, 14, 53, 21841)
צ;ב;מ;ר;י;ע;ד;כ;ל;ו;ה;ל;ל;ו;ס;ך;פ;ש;י;ו;(35, 11, 15, 13, 21861)
ו;ד;מ;ע;י;א;ל;ב;ג;נ;ה;ת;ו;ע;ר;ז;ו;ת;ו;ר;(35, 11, 15, 33, 21881)
ו;ד;מ;ע;ל;ח;כ;ן;י;א;ו;ו;י;ר;ח;ב;מ;ם;ע;ו;(35, 11, 15, 53, 21901)
ן;י;א;ו;ו;נ;ו;צ;ר;כ;ו;י;ל;א;א;ב;ה;ש;ע;י;(35, 11, 16, 2, 21921)
צ;ה;ץ;ר;א;ב;ד;מ;ע;י;ו;ו;י;נ;פ;ל;ד;מ;ו;ע;(35, 11, 16, 22, 21941)
ב;ל;ו;י;נ;פ;ם;ש;י;ו;ו;ד;י;ב;ה;ל;כ;ו;י;ב;(35, 11, 16, 42, 21961)
ם;י;ר;ש;י;ו;ו;ת;ו;כ;ל;מ;ל;כ;ף;ק;ת;ב;א;ו;(35, 11, 17, 11, 21981)
ו;ל;ן;ת;י;ם;י;ש;נ;ה;ת;ב;ו;ה;ש;ע;ו;ו;מ;ע;(35, 11, 17, 31, 22001)
ת;ו;ל;א;ל;ו;ד;מ;ע;ת;א;ל;ו;ה;ת;י;ח;ש;ה;ל;(35, 11, 17, 51, 22021)
ד;כ;ל;ו;ם;י;י;א;ל;ו;י;נ;פ;ב;ש;י;ו;ה;י;ה;(35, 11, 17, 71, 22041)
ל;ו;ת;פ;ר;ח;ן;י;צ;ק;ת;י;ב;ש;ה;ו;ם;י;ב;ר;(35, 11, 18, 18, 22061)
ב;ש;י;ו;ו;ל;ב;י;ש;י;ו;ת;פ;ר;ח;י;ת;ל;ב;ו;(35, 11, 18, 38, 22081)
ו;ל;ש;כ;נ;ו;ו;צ;ר;א;י;ז;ו;ע;מ;ל;ו;י;נ;פ;(35, 11, 19, 5, 22101)
מ;ו;נ;כ;ל;ע;ד;מ;ע;ו;א;צ;מ;י;א;ל;ו;ל;פ;נ;(35, 11, 19, 25, 22121)
מ;י;ב;ו;ת;ו;כ;ל;מ;ר;ד;ה;ש;ג;ו;נ;ר;י;ב;ע;(35, 11, 20, 11, 22141)
ו;ם;י;פ;א;ב;א;ל;ו;ר;ב;ש;י;ם;י;ד;ח;א;ם;י;(35, 11, 20, 31, 22161)
ז;ב;נ;ו;נ;כ;ל;ע;ד;מ;ע;ו;ה;מ;ח;ל;מ;ב;א;ל;(35, 11, 20, 51, 22181)
ת;ו;כ;ל;מ;ד;ו;ה;ו;י;ל;ע;ו;נ;ת;נ;א;ל;ו;ה;(35, 11, 21, 13, 22201)
ב;ת;ו;כ;ל;מ;ק;י;ז;ח;ה;ו;ה;ו;ל;ש;ב;א;ב;ו;(35, 11, 21, 33, 22221)
ט;ש;י;ף;ט;ש;ה;ת;ו;ע;ר;ז;ו;ת;ו;ק;ל;ק;ל;ח;(35, 11, 21, 53, 22241)
י;ג;נ;ם;ג;ו;ו;ר;ב;ש;י;ו;ו;י;נ;פ;ל;מ;ו;פ;(35, 11, 22, 14, 22261)
י;ו;י;ל;א;ת;ו;ר;ב;ח;ת;ה;ן;מ;ו;ת;י;ר;ב;ד;(35, 11, 22, 34, 22281)
ג;ט;ע;מ;ב;ם;צ;ע;ו;ה;ל;ע;ו;ה;מ;ר;מ;ה;ש;ע;(35, 11, 23, 16, 22301)
י;ה;נ;י;ד;מ;י;נ;מ;ש;מ;ב;ו;ה;ו;ל;ש;ב;י;ו;(35, 11, 23, 36, 22321)
ו;י;ת;ב;א;ו;ש;ע;א;ל;ר;ש;א;ה;ש;ע;ו;א;ו;ב;(35, 11, 24, 19, 22341)
כ;ר;ו;ל;ל;ש;ו;ה;ז;ב;ו;י;ת;ב;א;ת;ו;ב;א;ו;(35, 11, 24, 39, 22361)
י;ם;י;ר;צ;ב;מ;ל;ע;ו;ר;ו;ז;ב;י;ם;ה;ל;ש;ו;(35, 11, 24, 59, 22381)
כ;ר;ע;י;ו;ת;ע;ד;ע;ו;ו;י;ת;ב;ש;ח;מ;ב;ש;ח;(35, 11, 24, 79, 22401)
ל;י;ח;ב;ב;ג;נ;ה;ך;ל;מ;ל;ע;ו;ב;ב;ל;ו;ו;ח;(35, 11, 25, 6, 22421)
ל;מ;ל;ה;ר;ג;ת;י;ב;ג;נ;ה;ך;ל;מ;ו;ל;ו;ד;ג;(35, 11, 25, 26, 22441)
א;מ;ד;ע;ם;ו;צ;ע;ו;ל;ו;ד;ג;ל;י;ח;ב;ה;מ;ח;(35, 11, 25, 46, 22461)
מ;ו;י;ל;ע;ו;ב;ש;ח;י;י;כ;ד;מ;ע;י;א;ל;ו;ד;(35, 11, 25, 66, 22481)
ו;ר;ב;ש;י;ו;ג;ב;ת;פ;י;ל;כ;א;ו;ת;ו;ב;ש;ח;(35, 11, 25, 86, 22501)
ל;ל;ח;ו;ל;פ;נ;ו;ף;ו;ט;ש;י;ו;ל;י;ח;ו;ו;ה;(35, 11, 26, 16, 22521)
ב;ל;ם;י;כ;ל;מ;ה;ם;ה;י;נ;ש;ו;ם;י;ב;ר;ם;י;(35, 11, 26, 36, 22541)
י;ב;ז;כ;ד;ח;א;ן;ח;ל;ש;ל;ע;ו;ע;ר;מ;ל;ם;ב;(35, 11, 27, 15, 22561)
מ;ל;ץ;ק;ד;ו;ע;י;כ;ח;ל;צ;ת;א;ל;ו;ו;ר;ב;ד;(35, 11, 27, 35, 22581)
ל;ו;ד;ג;ש;ו;כ;ר;ב;ו;צ;ר;א;ב;ש;י;ו;ד;ע;ו;(35, 11, 27, 55, 22601)
ש;ו;ה;ש;ע;ו;ש;ד;ק;ת;י;ר;ב;ל;ע;ו;ב;ב;ל;ו;(35, 11, 28, 18, 22621)
נ;ב;א;ב;ו;ב;ו;ש;י;ד;ע;ו;מ;ל;ו;צ;ר;א;ל;ב;(35, 11, 28, 38, 22641)
ר;ח;א;כ;ו;ה;נ;ש;א;ר;כ;ה;י;ה;ת;א;ל;ו;ב;ג;(35, 11, 29, 15, 22661)
א;כ;נ;ו;ם;י;ת;כ;ם;י;י;צ;ו;ב;ו;א;ב;ו;ה;נ;(35, 11, 29, 35, 22681)
ע;ו;ש;ד;ו;ק;ת;י;ר;ב;ל;ע;ם;ע;ז;ו;ב;ש;ו;ה;(35, 11, 30, 19, 22701)
ק;ת;י;ר;ב;י;ב;ז;ע;ל;ע;ן;ב;י;ו;ב;ש;ו;ה;ש;(35, 11, 30, 39, 22721)
ל;ח;ו;ו;ד;מ;ע;י;ו;נ;מ;מ;ם;י;ע;ר;ז;ו;ש;ד;(35, 11, 30, 59, 22741)
ת;ה;ו;ר;י;ס;ה;ו;ז;ו;ע;מ;ה;ש;ד;ק;מ;ה;ו;ל;(35, 11, 31, 19, 22761)
מ;ו;ם;מ;ו;ש;מ;ץ;ו;ק;ש;ה;ו;נ;ת;נ;ו;ד;י;מ;(35, 11, 31, 39, 22781)
ת;ו;ק;ל;ח;ב;ף;י;נ;ח;י;ת;י;ר;ב;י;ע;י;ש;ר;(35, 11, 32, 3, 22801)
ש;ע;ו;ו;ק;ז;ח;י;ו;י;ה;ל;א;י;ע;ד;י;ם;ע;ו;(35, 11, 32, 23, 22821)
ם;י;ב;ר;ל;ו;נ;י;ב;י;ם;ע;י;ל;י;כ;ש;מ;ו;ו;(35, 11, 32, 43, 22841)
י;ב;ש;ב;ה;ב;ה;ל;ב;ו;ב;ר;ח;ב;ו;ל;ש;כ;נ;ו;(35, 11, 33, 20, 22861)
ר;ז;ע;י;ם;ל;ש;כ;ה;ב;ו;ם;י;מ;י;ה;ז;ב;ב;ו;(35, 11, 33, 40, 22881)
י;ב;ר;ם;ה;י;ל;ע;ו;ו;ל;נ;ו;ט;ע;מ;ר;ז;ע;ו;(35, 11, 34, 12, 22901)
ם;י;ל;י;כ;ש;מ;ה;ן;מ;ו;ת;ו;ק;ל;ק;ל;ח;ב;ם;(35, 11, 34, 32, 22921)
ל;ו;ר;ר;ב;ל;ו;ם;ה;ב;ף;ו;ר;צ;ל;ו;ל;ש;כ;י;(35, 11, 35, 12, 22941)
ו;ד;ע;ו;מ;ל;ד;ו;ע;י;כ;ץ;ק;ת;ע;ד;ע;ן;ב;ל;(35, 11, 35, 32, 22961)
ם;מ;ו;ר;ת;י;ו;ך;ל;מ;ה;ו;נ;ו;צ;ר;כ;ה;ש;ע;(35, 11, 36, 2, 22981)
י;ל;א;ל;א;ל;ע;ו;ל;א;ל;כ;ל;ע;ל;ד;ג;ת;י;ו;(35, 11, 36, 22, 23001)
כ;ד;ע;ח;י;ל;צ;ה;ו;ת;ו;א;ל;פ;נ;ר;ב;ד;י;ם;(35, 11, 36, 42, 23021)
ל;ע;ו;ה;ת;ש;ע;נ;ה;צ;ר;ח;נ;י;כ;ם;ע;ז;ה;ל;(35, 11, 36, 62, 23041)
מ;ח;ל;ע;ו;ן;י;ב;י;א;ל;ו;י;ת;ב;א;י;ה;ל;א;(35, 11, 37, 4, 23061)
י;ב;י;א;ל;ה;ו;ל;א;ל;כ;ל;ע;ו;ם;י;ש;נ;ת;ד;(35, 11, 37, 24, 23081)
ז;ע;מ;ה;ל;א;ל;ו;ל;ד;ג;ת;י;ל;כ;ל;ע;י;כ;ן;(35, 11, 37, 44, 23101)
ר;ש;א;ה;ו;ל;א;ל;ו;ד;ב;כ;י;ו;נ;כ;ל;ע;ם;י;(35, 11, 38, 9, 23121)
ב;ה;ז;ב;ד;ב;כ;י;ו;י;ת;ב;א;ו;ה;ע;ד;י;א;ל;(35, 11, 38, 29, 23141)
ו;ד;מ;ח;ב;ו;ה;ר;ק;י;ן;ב;א;ב;ו;ף;ס;כ;ב;ו;(35, 11, 38, 49, 23161)
ל;א;ם;ע;ם;י;ז;ע;מ;י;ר;צ;ב;מ;ל;ה;ש;ע;ו;ת;(35, 11, 38, 69, 23181)
ד;ו;ב;כ;ה;ב;ר;י;ר;י;כ;ה;ר;ש;א;ר;כ;נ;ה;ו;(35, 11, 39, 20, 23201)
ל;ח;י;ה;מ;ד;א;ו;ם;י;ב;ר;ב;ם;ל;י;ש;מ;ה;ו;(35, 11, 39, 40, 23221)
ו;מ;ע;ח;ג;נ;ת;י;ץ;ק;ת;ע;ב;ו;ר;י;ח;מ;ב;ק;(35, 11, 39, 60, 23241)
ך;ל;מ;ו;י;ל;ע;ר;ע;ת;ש;י;ו;ב;ג;נ;ה;ך;ל;מ;(35, 11, 40, 15, 23261)
נ;א;ב;ו;ם;י;ש;ר;פ;ב;ו;ב;כ;ר;ב;ן;ו;פ;צ;ה;(35, 11, 40, 35, 23281)
ף;ט;ש;ו;ת;ו;צ;ר;א;ב;א;ב;ו;ת;ו;ב;ר;ת;ו;י;(35, 11, 40, 55, 23301)
ת;ו;ב;ר;ו;י;ב;צ;ה;ץ;ר;א;ב;א;ב;ו;ר;ב;ע;ו;(35, 11, 40, 75, 23321)
ד;א;ו;ד;י;מ;ו;ט;ל;מ;י;ה;ל;א;ו;ו;ל;ש;כ;י;(35, 11, 41, 17, 23341)
ן;ו;מ;ע;י;נ;ב;ת;י;ש;א;ר;ו;ב;א;ו;מ;ו;ם;ו;(35, 11, 41, 37, 23361)
צ;מ;ץ;ר;א;ו;ת;ו;צ;ר;א;ב;ו;ד;י;ח;ל;ש;י;ו;(35, 11, 42, 1, 23381)
ב;ל;ש;מ;ו;ה;ט;י;ל;פ;ל;ה;י;ה;ת;א;ל;ם;י;ר;(35, 11, 42, 21, 23401)
מ;ח;ל;כ;ב;ו;ף;ס;כ;ה;ו;ב;ה;ז;ה;י;נ;מ;כ;מ;(35, 11, 43, 6, 23421)
מ;ב;ם;י;ש;כ;ו;ם;י;ב;ל;ו;ם;י;ר;צ;מ;ת;ו;ד;(35, 11, 43, 26, 23441)
ז;מ;מ;ו;ה;ל;ה;ב;י;ת;ו;ע;מ;ש;ו;ו;י;ד;ע;צ;(35, 11, 43, 46, 23461)
ה;ל;ד;ג;א;מ;ח;ב;א;צ;י;ו;ן;ו;פ;צ;מ;ו;ח;ר;(35, 11, 44, 16, 23481)
ט;י;ו;ם;י;ב;ר;ם;י;ר;ח;ה;ל;ו;ד;י;מ;ש;ה;ל;(35, 11, 44, 36, 23501)
ר;ה;ל;ם;י;מ;י;ן;י;ב;ו;נ;ד;פ;א;י;ל;ה;א;ע;(35, 11, 45, 4, 23521)
ו;ע;ן;י;א;ו;ו;צ;ק;ד;ע;א;ב;ו;ש;ד;ק;י;ב;צ;(35, 11, 45, 24, 23541)
א;כ;י;מ;ד;מ;ע;י;א;י;ה;ה;ת;ע;ב;ו;ו;ל;ר;ז;(35, 11, 45, 44, 23561)
מ;ע;י;נ;ב;ל;ע;ד;מ;ע;ה;ל;ו;ד;ג;ה;ר;ש;ה;ל;(35, 12, 1, 17, 23581)
ת;י;ה;נ;א;ל;ר;ש;א;ה;ר;צ;ת;ע;ה;ת;י;ה;ו;ך;(35, 12, 1, 37, 23601)
ב;ו;א;י;ה;ה;ת;ע;ה;ד;ע;י;ו;ג;ת;ו;י;ה;מ;ה;(35, 12, 1, 57, 23621)
א;צ;מ;נ;ה;ל;כ;ך;מ;ע;ט;ל;מ;י;א;י;ה;ה;ת;ע;(35, 12, 1, 77, 23641)
ד;א;י;נ;ש;י;מ;ם;י;ב;ר;ו;ר;פ;ס;ב;ב;ו;ת;כ;(35, 12, 1, 97, 23661)
ל;ו;ע;י;י;ח;ל;ה;ל;א;ו;צ;י;ק;י;ר;פ;ע;ת;מ;(35, 12, 2, 13, 23681)
ל;ו;ע;ן;ו;א;ר;ד;ל;ת;ו;פ;ר;ח;ל;ה;ל;א;ו;ם;(35, 12, 2, 33, 23701)
ר;ה;ר;ה;ז;כ;ו;ר;ה;ז;י;ם;י;ל;כ;ש;מ;ה;ו;ם;(35, 12, 2, 53, 23721)
ב;כ;ו;כ;כ;ם;י;ב;ר;ה;י;ק;י;ד;צ;מ;ו;ע;י;ק;(35, 12, 3, 20, 23741)
ס;ל;א;י;נ;ד;ה;ת;א;ו;ד;ע;ו;ם;ל;ו;ע;ל;ם;י;(35, 12, 3, 40, 23761)
ת;ע;ד;ע;ר;פ;ס;ה;ם;ת;ח;ו;ם;י;ר;ב;ד;ה;ם;ת;(35, 12, 4, 11, 23781)
ת;ע;ד;ה;ה;ב;ר;ת;ו;ם;י;ב;ר;ו;ט;ט;ש;י;ץ;ק;(35, 12, 4, 31, 23801)
נ;ש;ה;נ;ה;ו;ל;א;י;נ;ד;י;נ;א;י;ת;י;א;ר;ו;(35, 12, 5, 1, 23821)
ש;ל;ה;נ;ה;ד;ח;א;ם;י;ד;מ;ע;ם;י;ר;ח;א;ם;י;(35, 12, 5, 21, 23841)
א;י;ה;ת;פ;ש;ל;ה;נ;ה;ד;ח;א;ו;ר;א;י;ה;ת;פ;(35, 12, 5, 41, 23861)
א;ם;י;ד;ב;ה;ש;ו;ב;ל;ש;י;א;ל;ר;מ;א;י;ו;ר;(35, 12, 5, 61, 23881)
י;ת;מ;ד;ע;ר;א;י;ה;י;מ;י;מ;ל;ל;ע;מ;מ;ר;ש;(35, 12, 6, 20, 23901)
ל;ש;י;א;ה;ת;א;ע;מ;ש;א;ו;ת;ו;א;ל;פ;ה;ץ;ק;(35, 12, 6, 40, 23921)
י;מ;י;מ;ל;ל;ע;מ;מ;ר;ש;א;ם;י;ד;ב;ה;ש;ו;ב;(35, 12, 7, 13, 23941)
א;ו;ל;א;מ;ש;ו;ו;נ;י;מ;י;ם;ר;י;ו;ר;א;י;ה;(35, 12, 7, 33, 23961)
כ;ם;ל;ו;ע;ה;י;ח;ב;ע;ב;ש;י;ו;ם;י;מ;ש;ה;ל;(35, 12, 7, 53, 23981)
ל;כ;כ;ו;י;צ;ח;ו;ם;י;ד;ע;ו;מ;ד;ע;ו;מ;ל;י;(35, 12, 7, 73, 24001)
ל;כ;ה;נ;י;ל;כ;ת;ש;ד;ק;ם;ע;ד;י;ץ;פ;נ;ת;ו;(35, 12, 7, 93, 24021)
ו;ן;י;ב;א;א;ל;ו;י;ת;ע;מ;ש;י;נ;א;ו;ה;ל;א;(35, 12, 7, 113, 24041)
י;ו;ה;ל;א;ת;י;ר;ח;א;ה;מ;י;נ;ד;א;ה;ר;מ;א;(35, 12, 8, 18, 24061)
ת;ח;ו;ם;י;מ;ת;ס;י;כ;ל;א;י;נ;ד;ך;ל;ר;מ;א;(35, 12, 9, 3, 24081)
ר;ר;ב;ת;י;ץ;ק;ת;ע;ד;ע;ם;י;ר;ב;ד;ה;ם;י;מ;(35, 12, 9, 23, 24101)
ה;ו;ם;י;ב;ר;ו;פ;ר;צ;י;ו;ו;נ;ב;ל;ת;י;ו;ו;(35, 12, 10, 6, 24121)
ל;כ;ו;נ;י;ב;י;א;ל;ו;ם;י;ע;ש;ר;ו;ע;י;ש;ר;(35, 12, 10, 26, 24141)
מ;ו;ו;נ;י;ב;י;ם;י;ל;כ;ש;מ;ה;ו;ם;י;ע;ש;ר;(35, 12, 10, 46, 24161)
ש;ץ;ו;ק;ש;ת;ת;ל;ו;ד;י;מ;ת;ה;ר;ס;ו;ה;ת;ע;(35, 12, 11, 3, 24181)
ם;י;ע;ש;ת;ו;ם;י;ת;א;מ;ף;ל;א;ם;י;מ;י;ם;מ;(35, 12, 11, 23, 24201)
א;ם;י;מ;י;ל;ע;י;ג;י;ו;ה;כ;ח;מ;ה;י;ר;ש;א;(35, 12, 12, 1, 24221)
ו;ה;ש;מ;ח;ו;ם;י;ש;ל;ש;ת;ו;א;מ;ש;ל;ש;ף;ל;(35, 12, 12, 21, 24241)
ג;ל;ד;מ;ע;ת;ו;ח;ו;נ;ת;ו;ץ;ק;ל;ך;ל;ה;ת;א;(35, 12, 13, 2, 24261)
 ; ; ; ; ; ; ; ; ;ן;י;מ;י;ה;ץ;ק;ל;ך;ל;ר;(35, 12, 13, 22, 24281)
