ח;א;א;ו;ה;ש;ו;ר;ו;ש;ח;א;י;מ;י;ב;י;ה;י;ו
ש;ש;ו;כ;ד;ע;ו;ו;ד;ה;מ;ך;ל;מ;ה;ש;ו;ר;ו;ש
מ;י;ב;ה;נ;י;ד;מ;ה;א;מ;ו;ם;י;ר;ש;ע;ו;ע;ב
ש;ו;ר;ו;ש;ח;א;ך;ל;מ;ה;ת;ב;ש;כ;ם;ה;ה;ם;י
ה;ן;ש;ו;ש;ב;ר;ש;א;ו;ת;ו;כ;ל;מ;א;ס;כ;ל;ע
ה;ש;ע;ו;כ;ל;מ;ל;ש;ו;ל;ש;ת;נ;ש;ב;ה;ר;י;ב
ל;י;ח;ו;י;ד;ב;ע;ו;ו;י;ר;ש;ל;כ;ל;ה;ת;ש;מ
מ;ה;י;ר;ש;ו;ם;י;מ;ת;ר;פ;ה;י;ד;מ;ו;ס;ר;פ
ש;ע;ת;א;ו;ת;א;ר;ה;ב;ו;י;נ;פ;ל;ת;ו;נ;י;ד
א;פ;ת;ר;ק;י;ת;א;ו;ו;ת;ו;כ;ל;מ;ד;ו;ב;כ;ר
נ;ו;מ;ש;ם;י;ב;ר;ם;י;מ;י;ו;ת;ל;ו;ד;ג;ת;ר
י;מ;י;ה;ת;א;ו;ל;מ;ב;ו;ם;ו;י;ת;א;מ;ו;ם;י
נ;ה;ם;ע;ה;ל;כ;ל;ך;ל;מ;ה;ה;ש;ע;ה;ל;א;ה;ם
ו;ד;ג;מ;ל;ה;ר;י;ב;ה;ן;ש;ו;ש;ב;ם;י;א;צ;מ
ב;ם;י;מ;י;ת;ע;ב;ש;ה;ת;ש;מ;ן;ט;ק;ד;ע;ו;ל
פ;ר;כ;ר;ו;ח;ך;ל;מ;ה;ן;ת;י;ב;ת;נ;ג;ר;צ;ח
א;ו;ץ;ו;ב;י;ל;ב;ח;ב;ז;ו;ח;א;ת;ל;כ;ת;ו;ס
י;ד;ו;מ;ע;ו;ף;ס;כ;י;ל;י;ל;ג;ל;ע;ן;מ;ג;ר
ב;ת;פ;צ;ר;ל;ע;ף;ס;כ;ו;ב;ה;ז;ת;ו;ט;מ;ש;ש
ב;ת;ו;ק;ש;ה;ו;ת;ר;ח;ס;ו;ר;ד;ו;ש;ש;ו;ט;ה
י;נ;ו;ש;ם;י;ל;כ;מ;ם;י;ל;כ;ו;ב;ה;ז;י;ל;כ
ו;ך;ל;מ;ה;ד;י;כ;ב;ר;ת;ו;כ;ל;מ;ן;י;י;ו;ם
ס;י;ן;כ;י;כ;ס;נ;א;ן;י;א;ת;ד;כ;ה;י;ת;ש;ה
ת;ו;ש;ע;ל;ו;ת;י;ב;ב;ר;ל;כ;ל;ע;ך;ל;מ;ה;ד
מ;ה;י;ת;ש;ו;ם;ג;ש;י;א;ו;ש;י;א;ן;ו;צ;ר;כ
מ;ה;ת;י;ב;ם;י;ש;נ;ה;ת;ש;מ;ה;ת;ש;ע;ה;כ;ל
י;ב;ש;ו;ר;ו;ש;ח;א;ך;ל;מ;ל;ר;ש;א;ת;ו;כ;ל
י;ב;ך;ל;מ;ה;ב;ל;ב;ו;ט;כ;י;ע;י;ב;ש;ה;ם;ו
נ;ו;ב;ר;ח;א;ת;ז;ב;ן;מ;ו;ה;מ;ל;ר;מ;א;ן;י
ש;ס;כ;ר;כ;ו;ר;ת;ז;א;ת;ג;ב;א;ו;א;ת;ג;ב;א
פ;ת;א;ם;י;ת;ר;ש;מ;ה;ם;י;ס;י;ר;ס;ה;ת;ע;ב
ת;א;א;י;ב;ה;ל;ש;ו;ר;ו;ש;ח;א;ך;ל;מ;ה;י;נ
ת;כ;ב;ך;ל;מ;ה;י;נ;פ;ל;ה;כ;ל;מ;ה;י;ת;ש;ו
ש;ה;ו;ם;י;מ;ע;ה;ת;ו;א;ר;ה;ל;ת;ו;כ;ל;מ;ר
ה;ה;א;ר;מ;ת;ב;ו;ט;י;כ;ה;י;פ;י;ת;א;ם;י;ר
א;ו;ב;ל;י;ת;ש;ו;ה;כ;ל;מ;ה;ן;א;מ;ת;ו;א;י
י;ס;י;ר;ס;ה;ד;י;ב;ר;ש;א;ך;ל;מ;ה;ר;ב;ד;ב
ע;ב;ו;ת;מ;ח;ו;ד;א;מ;ך;ל;מ;ה;ף;צ;ק;י;ו;ם
י;ם;י;מ;כ;ח;ל;ך;ל;מ;ה;ר;מ;א;י;ו;ו;ב;ה;ר
ל;ך;ל;מ;ה;ר;ב;ד;ן;כ;י;כ;ם;י;ת;ע;ה;י;ע;ד
ב;ר;ק;ה;ו;ן;י;ד;ו;ת;ד;י;ע;ד;י;ל;כ;י;נ;פ
ש;ר;ת;א;ת;מ;ד;א;ר;ת;ש;א;נ;ש;ר;כ;ו;י;ל;א
ש;ת;ע;ב;ש;ן;כ;ו;מ;מ;א;נ;ס;ר;מ;ס;ר;מ;ש;י
ה;ך;ל;מ;ה;י;נ;פ;י;א;ר;י;ד;מ;ו;ס;ר;פ;י;ר
מ;ת;ד;כ;ת;ו;כ;ל;מ;ב;ה;נ;ש;א;ר;ם;י;ב;ש;י
ר;ש;א;ל;ע;י;ת;ש;ו;ה;כ;ל;מ;ב;ת;ו;ש;ע;ל;ה
ו;ש;ח;א;ך;ל;מ;ה;ר;מ;א;מ;ת;א;ה;ת;ש;ע;א;ל
ו;מ;ר;מ;א;י;ו;ם;י;ס;י;ר;ס;ה;ד;י;ב;ש;ו;ר
ע;א;ל;ם;י;ר;ש;ה;ו;ך;ל;מ;ה;י;נ;פ;ל;ן;כ;מ
ל;מ;ה;י;ת;ש;ו;ה;ת;ו;ע;ו;ד;ב;ל;ך;ל;מ;ה;ל
ע;ה;ל;כ;ל;ע;ו;ם;י;ר;ש;ה;ל;כ;ל;ע;י;כ;ה;כ
א;ך;ל;מ;ה;ת;ו;נ;י;ד;מ;ל;כ;ב;ר;ש;א;ם;י;מ
ע;ה;כ;ל;מ;ה;ר;ב;ד;א;צ;י;י;כ;ש;ו;ר;ו;ש;ח
ן;ה;י;ל;ע;ב;ת;ו;ז;ב;ה;ל;ם;י;ש;נ;ה;ל;כ;ל
ו;ש;ח;א;ך;ל;מ;ה;ם;ר;מ;א;ב;ן;ה;י;נ;י;ע;ב
ל;מ;ה;י;ת;ש;ו;ת;א;א;י;ב;ה;ל;ר;מ;א;ש;ו;ר
ז;ה;ם;ו;י;ה;ו;ה;א;ב;א;ל;ו;ו;י;נ;פ;ל;ה;כ
ש;א;י;ד;מ;ו;ס;ר;פ;ת;ו;ר;ש;ה;נ;ר;מ;א;ת;ה
ר;ש;ל;כ;ל;ה;כ;ל;מ;ה;ר;ב;ד;ת;א;ו;ע;מ;ש;ר
ם;א;ף;צ;ק;ו;ן;ו;י;ז;ב;י;ד;כ;ו;ך;ל;מ;ה;י
ת;ו;כ;ל;מ;ר;ב;ד;א;צ;י;ב;ו;ט;ך;ל;מ;ה;ל;ע
מ;ו;ס;ר;פ;י;ת;ד;ב;ב;ת;כ;י;ו;ו;י;נ;פ;ל;מ
ו;א;ו;ב;ת;א;ל;ר;ש;א;ר;ו;ב;ע;י;א;ל;ו;י;ד
מ;ו;ש;ו;ר;ו;ש;ח;א;ך;ל;מ;ה;י;נ;פ;ל;י;ת;ש
ט;ה;ה;ת;ו;ע;ר;ל;ך;ל;מ;ה;ן;ת;י;ה;ת;ו;כ;ל
ך;ל;מ;ה;ם;ג;ת;פ;ע;מ;ש;נ;ו;ה;נ;מ;מ;ה;ב;ו
ב;ר;י;כ;ו;ת;ו;כ;ל;מ;ל;כ;ב;ה;ש;ע;י;ר;ש;א
ל;ר;ק;י;ו;נ;ת;י;ם;י;ש;נ;ה;ל;כ;ו;א;י;ה;ה
י;ו;ן;ט;ק;ד;ע;ו;ל;ו;ד;ג;מ;ל;ן;ה;י;ל;ע;ב
ר;ש;ה;ו;ך;ל;מ;ה;י;נ;י;ע;ב;ר;ב;ד;ה;ב;ט;י
ו;ן;כ;ו;מ;מ;ר;ב;ד;כ;ך;ל;מ;ה;ש;ע;י;ו;ם;י
ה;ת;ו;נ;י;ד;מ;ל;כ;ל;א;ם;י;ר;פ;ס;ח;ל;ש;י
ב;ת;כ;כ;ה;נ;י;ד;מ;ו;ה;נ;י;ד;מ;ל;א;ך;ל;מ
ת;ו;י;ה;ל;ו;נ;ו;ש;ל;כ;ם;ע;ו;ם;ע;ל;א;ו;ה
ל;כ;ר;ב;ד;מ;ו;ו;ת;י;ב;ב;ר;ר;ש;ש;י;א;ל;כ
כ;ה;ל;א;ה;ם;י;ר;ב;ד;ה;ר;ח;א;ו;מ;ע;ן;ו;ש
א;ר;כ;ז;ש;ו;ר;ו;ש;ח;א;ך;ל;מ;ה;ת;מ;ח;ך;ש
ש;א;ת;א;ו;ה;ת;ש;ע;ר;ש;א;ת;א;ו;י;ת;ש;ו;ת
ה;י;ר;ע;נ;ו;ר;מ;א;י;ו;ה;י;ל;ע;ר;ז;ג;נ;ר
ע;נ;ך;ל;מ;ל;ו;ש;ק;ב;י;ו;י;ת;ר;ש;מ;ך;ל;מ
י;ו;ה;א;ר;מ;ת;ו;ב;ו;ט;ת;ו;ל;ו;ת;ב;ת;ו;ר
נ;י;ד;מ;ל;כ;ב;ם;י;ד;י;ק;פ;ך;ל;מ;ה;ד;ק;פ
ע;נ;ל;כ;ת;א;ו;צ;ב;ק;י;ו;ו;ת;ו;כ;ל;מ;ת;ו
ש;ו;ש;ל;א;ה;א;ר;מ;ת;ב;ו;ט;ה;ל;ו;ת;ב;ה;ר
ד;י;ל;א;ם;י;ש;נ;ה;ת;י;ב;ל;א;ה;ר;י;ב;ה;ן
ו;ם;י;ש;נ;ה;ר;מ;ש;ך;ל;מ;ה;ס;י;ר;ס;א;ג;ה
ש;א;ה;ר;ע;נ;ה;ו;ן;ה;י;ק;ו;ר;מ;ת;ן;ו;ת;נ
ח;ת;ך;ל;מ;ת;ך;ל;מ;ה;י;נ;י;ע;ב;ב;ט;י;ת;ר
ה;י;נ;י;ע;ב;ר;ב;ד;ה;ב;ט;י;י;ו;י;ת;ש;ו;ת
ה;י;ה;י;ד;ו;ה;י;ש;י;א;ן;כ;ש;ע;י;ו;ך;ל;מ
ב;י;כ;ד;ר;מ;ו;מ;ש;ו;ה;ר;י;ב;ה;ן;ש;ו;ש;ב
י;ש;י;א;ש;י;ק;ן;ב;י;ע;מ;ש;ן;ב;ר;י;א;י;ן
ע;ם;י;ל;ש;ו;ר;י;מ;ה;ל;ג;ה;ר;ש;א;י;נ;י;מ
ה;י;נ;כ;י;ם;ע;ה;ת;ל;ג;ה;ר;ש;א;ה;ל;ג;ה;ם
ד;כ;ו;ב;נ;ה;ל;ג;ה;ר;ש;א;ה;ד;ו;ה;י;ך;ל;מ
ה;ת;א;ן;מ;א;י;ה;י;ו;ל;ב;ב;ך;ל;מ;ר;צ;א;נ
ן;י;א;י;כ;ו;ד;ד;ת;ב;ר;ת;ס;א;א;י;ה;ה;ס;ד
ו;ר;א;ת;ת;פ;י;ה;ר;ע;נ;ה;ו;ם;א;ו;ב;א;ה;ל
מ;א;ו;ה;י;ב;א;ת;ו;מ;ב;ו;ה;א;ר;מ;ת;ב;ו;ט
ב;י;ה;י;ו;ת;ב;ל;ו;ל;י;כ;ד;ר;מ;ה;ח;ק;ל;ה
ב;ק;ה;ב;ו;ו;ת;ד;ו;ך;ל;מ;ה;ר;ב;ד;ע;מ;ש;ה
ר;י;ב;ה;ן;ש;ו;ש;ל;א;ת;ו;ב;ר;ת;ו;ר;ע;נ;ץ
ב;ל;א;ר;ת;ס;א;ח;ק;ל;ת;ו;י;ג;ה;ד;י;ל;א;ה
י;ש;נ;ה;ר;מ;ש;י;ג;ה;ד;י;ל;א;ך;ל;מ;ה;ת;י
ש;ת;ו;ו;י;נ;י;ע;ב;ה;ר;ע;נ;ה;ב;ט;י;ת;ו;ם
ו;ר;מ;ת;ת;א;ל;ה;ב;י;ו;ו;י;נ;פ;ל;ד;ס;ח;א
ש;ת;א;ו;ה;ל;ת;ת;ל;ה;ת;ו;נ;מ;ת;א;ו;ה;י;ק
מ;ה;ל;ת;ת;ל;ת;ו;י;א;ר;ה;ת;ו;ר;ע;נ;ה;ע;ב
ת;ו;ר;ע;נ;ת;א;ו;ה;נ;ש;י;ו;ך;ל;מ;ה;ת;י;ב
ד;י;ג;ה;א;ל;ם;י;ש;נ;ה;ת;י;ב;ב;ו;ט;ל;ה;י
כ;ה;ת;ד;ל;ו;מ;ת;א;ו;ה;מ;ע;ת;א;ר;ת;ס;א;ה
ג;ת;א;ל;ר;ש;א;ה;י;ל;ע;ה;ו;צ;י;כ;ד;ר;מ;י
ת;מ;י;כ;ד;ר;מ;ם;ו;י;ו;ם;ו;י;ל;כ;ב;ו;ד;י
ד;ל;ם;י;ש;נ;ה;ת;י;ב;ר;צ;ח;י;נ;פ;ל;ך;ל;ה
ב;ה;ש;ע;י;ה;מ;ו;ר;ת;ס;א;ם;ו;ל;ש;ת;א;ת;ע
ב;ל;ה;ר;ע;נ;ו;ה;ר;ע;נ;ר;ת;ע;י;ג;ה;ב;ו;ה
י;ה;ץ;ק;מ;ש;ו;ר;ו;ש;ח;א;ך;ל;מ;ה;ל;א;א;ו
ח;ר;ש;ע;ם;י;נ;ש;ם;י;ש;נ;ה;ת;ד;כ;ה;ל;ת;ו
ה;י;ק;ו;ר;מ;י;מ;י;ו;א;ל;מ;י;ן;כ;י;כ;ש;ד
ה;ש;ש;ו;ר;מ;ה;ן;מ;ש;ב;ם;י;ש;ד;ח;ה;ש;ש;ן
ה;י;ק;ו;ר;מ;ת;ב;ו;ם;י;מ;ש;ב;ב;ם;י;ש;ד;ח
מ;ה;ל;א;ה;א;ב;ה;ר;ע;נ;ה;ה;ז;ב;ו;ם;י;ש;נ
ל;ה;ל;ן;ת;נ;י;ר;מ;א;ת;ר;ש;א;ל;כ;ת;א;ך;ל
ת;י;ב;ד;ע;ם;י;ש;נ;ה;ת;י;ב;מ;ה;מ;ע;א;ו;ב
ה;ר;ק;ב;ב;ו;ה;א;ב;א;י;ה;ב;ר;ע;ב;ך;ל;מ;ה
ל;א;י;נ;ש;ם;י;ש;נ;ה;ת;י;ב;ל;א;ה;ב;ש;א;י
פ;ה;ר;מ;ש;ך;ל;מ;ה;ס;י;ר;ס;ז;ג;ש;ע;ש;ד;י
ל;מ;ה;ל;א;ד;ו;ע;א;ו;ב;ת;א;ל;ם;י;ש;ג;ל;י
ה;א;ר;ק;נ;ו;ך;ל;מ;ה;ה;ב;ץ;פ;ח;ם;א;י;כ;ך
י;ב;א;ת;ב;ר;ת;ס;א;ר;ת;ע;י;ג;ה;ב;ו;ם;ש;ב
ב;ל;ו;ל;ח;ק;ל;ר;ש;א;י;כ;ד;ר;מ;ד;ד;ל;י;ח
ר;ב;ד;ה;ש;ק;ב;א;ל;ך;ל;מ;ה;ל;א;א;ו;ב;ל;ת
ס;י;ר;ס;י;ג;ה;ר;מ;א;י;ר;ש;א;ת;א;ם;א;י;כ
ר;ת;ס;א;י;ה;ת;ו;ם;י;ש;נ;ה;ר;מ;ש;ך;ל;מ;ה
ל;ת;ו;ה;י;א;ר;ל;כ;י;נ;י;ע;ב;ן;ח;ת;א;ש;נ
א;ש;ו;ר;ו;ש;ח;א;ך;ל;מ;ה;ל;א;ר;ת;ס;א;ח;ק
י;ר;י;ש;ע;ה;ש;ד;ח;ב;ו;ת;ו;כ;ל;מ;ת;י;ב;ל
כ;ל;מ;ל;ע;ב;ש;ת;נ;ש;ב;ת;ב;ט;ש;ד;ח;א;ו;ה
כ;מ;ר;ת;ס;א;ת;א;ך;ל;מ;ה;ב;ה;א;י;ו;ו;ת;ו
י;נ;פ;ל;ד;ס;ח;ו;ן;ח;א;ש;ת;ו;ם;י;ש;נ;ה;ל
כ;ל;מ;ר;ת;כ;ם;ש;י;ו;ת;ל;ו;ת;ב;ה;ל;כ;מ;ו
ת;ש;ו;ת;ח;ת;ה;כ;י;ל;מ;י;ו;ה;ש;א;ר;ב;ת;ו
ל;כ;ל;ל;ו;ד;ג;ה;ת;ש;מ;ך;ל;מ;ה;ש;ע;י;ו;י
ר;ת;ס;א;ה;ת;ש;מ;ת;א;ו;י;ד;ב;ע;ו;ו;י;ר;ש
מ;ן;ת;י;ו;ה;ש;ע;ת;ו;נ;י;ד;מ;ל;ה;ח;נ;ה;ו
ל;ו;ת;ב;ץ;ב;ק;ה;ב;ו;ך;ל;מ;ה;ד;י;כ;ת;א;ש
ה;ר;ע;ש;ב;ב;ש;י;י;כ;ד;ר;מ;ו;ת;י;נ;ש;ת;ו
ה;ת;ד;ל;ו;מ;ת;ד;ג;מ;ר;ת;ס;א;ן;י;א;ך;ל;מ
ד;ר;מ;ה;י;ל;ע;ה;ו;צ;ר;ש;א;כ;ה;מ;ע;ת;א;ו
ש;ע;ר;ת;ס;א;י;כ;ד;ר;מ;ר;מ;א;מ;ת;א;ו;י;כ
מ;י;ב;ו;ת;א;ה;נ;מ;א;ב;ה;ת;י;ה;ר;ש;א;כ;ה
מ;ה;ר;ע;ש;ב;ב;ש;י;י;כ;ד;ר;מ;ו;ם;ה;ה;ם;י
ס;י;ר;ס;י;נ;ש;ש;ר;ת;ו;ן;ת;ג;ב;ף;צ;ק;ך;ל
ל;ו;ש;ק;ב;י;ו;ף;ס;ה;י;ר;מ;ש;מ;ך;ל;מ;ה;י
ע;ד;ו;י;ו;ש;ר;ו;ש;ח;א;ך;ל;מ;ב;ד;י;ח;ל;ש
ה;ר;ת;ס;א;ל;ד;ג;י;ו;י;כ;ד;ר;מ;ל;ר;ב;ד;ה
ם;ש;ב;ך;ל;מ;ל;ר;ת;ס;א;ר;מ;א;ת;ו;ה;כ;ל;מ
ו;א;צ;מ;י;ו;ר;ב;ד;ה;ש;ק;ב;י;ו;י;כ;ד;ר;מ
ס;ב;ב;ת;כ;י;ו;ץ;ע;ל;ע;ם;ה;י;נ;ש;ו;ל;ת;י
א;ך;ל;מ;ה;י;נ;פ;ל;ם;י;מ;י;ה;י;ר;ב;ד;ר;פ
א;ך;ל;מ;ה;ל;ד;ג;ה;ל;א;ה;ם;י;ר;ב;ד;ה;ר;ח
א;ה;א;ת;ד;מ;ה;ן;ב;ן;מ;ה;ת;א;ש;ו;ר;ו;ש;ח
ו;א;ס;כ;ת;א;ם;ש;י;ו;ו;ה;א;ש;נ;י;ו;י;ג;ג
ע;ל;כ;ו;ו;ת;א;ר;ש;א;ם;י;ר;ש;ה;ל;כ;ל;ע;מ
ר;כ;ך;ל;מ;ה;ר;ע;ש;ב;ר;ש;א;ך;ל;מ;ה;י;ד;ב
צ;ן;כ;י;כ;ן;מ;ה;ל;ם;י;ו;ח;ת;ש;מ;ו;ם;י;ע
ע;ר;כ;י;א;ל;י;כ;ד;ר;מ;ו;ך;ל;מ;ה;ו;ל;ה;ו
ה;י;ד;ב;ע;ו;ר;מ;א;י;ו;ה;ו;ח;ת;ש;י;א;ל;ו
י;כ;ד;ר;מ;ל;ך;ל;מ;ה;ר;ע;ש;ב;ר;ש;א;ך;ל;מ
ל;מ;ה;ת;ו;צ;מ;ת;א;ר;ב;ו;ע;ה;ת;א;ע;ו;ד;מ
ו;י;ו;ם;ו;י;ו;י;ל;א;ם;ר;מ;א;ב;י;ה;י;ו;ך
ה;ל;ו;ד;י;ג;י;ו;ם;ה;י;ל;א;ע;מ;ש;א;ל;ו;ם
ד;ר;מ;י;ר;ב;ד;ו;ד;מ;ע;י;ה;ת;ו;א;ר;ל;ן;מ
ו;ה;י;א;ו;ה;ר;ש;א;ם;ה;ל;ד;י;ג;ה;י;כ;י;כ
כ;י;כ;ד;ר;מ;ן;י;א;י;כ;ן;מ;ה;א;ר;י;ו;י;ד
ח;ן;מ;ה;א;ל;מ;י;ו;ו;ל;ה;ו;ח;ת;ש;מ;ו;ע;ר
מ;ב;ד;י;ח;ל;ש;ל;ו;י;נ;י;ע;ב;ז;ב;י;ו;ה;מ
ע;ת;א;ו;ל;ו;ד;י;ג;ה;י;כ;ו;ד;ב;ל;י;כ;ד;ר
ד;י;מ;ש;ה;ל;ן;מ;ה;ש;ק;ב;י;ו;י;כ;ד;ר;מ;ם
כ;ל;מ;ל;כ;ב;ר;ש;א;ם;י;ד;ו;ה;י;ה;ל;כ;ת;א
ש;ד;ח;ב;י;כ;ד;ר;מ;ם;ע;ש;ו;ר;ו;ש;ח;א;ת;ו
ת;נ;ש;ב;ן;ס;י;נ;ש;ד;ח;א;ו;ה;ן;ו;ש;א;ר;ה
ה;ש;ו;ר;ו;ש;ח;א;ך;ל;מ;ל;ה;ר;ש;ע;ם;י;ת;ש
מ;ה;י;נ;פ;ל;ל;ר;ו;ג;ה;א;ו;ה;ר;ו;פ;ל;י;פ
נ;ש;ש;ד;ח;ל;ש;ד;ח;מ;ו;ם;ו;י;ל;ם;ו;י;מ;ן
ה;ר;מ;א;י;ו;ר;ד;א;ש;ד;ח;א;ו;ה;ר;ש;ע;ם;י
א;ם;ע;ו;נ;ש;י;ש;ו;ר;ו;ש;ח;א;ך;ל;מ;ל;ן;מ
ב;ם;י;מ;ע;ה;ן;י;ב;ד;ר;פ;מ;ו;ר;ז;פ;מ;ד;ח
ם;ה;י;ת;ד;ו;ך;ת;ו;כ;ל;מ;ת;ו;נ;י;ד;מ;ל;כ
א;ך;ל;מ;ה;י;ת;ד;ת;א;ו;ם;ע;ל;כ;מ;ת;ו;נ;ש
ה;ל;ה;ו;ש;ן;י;א;ך;ל;מ;ל;ו;ם;י;ש;ע;ם;נ;י
ל;ב;ת;כ;י;ב;ו;ט;ך;ל;מ;ה;ל;ע;ם;א;ם;ח;י;נ
ף;ס;כ;ר;כ;כ;ם;י;פ;ל;א;ת;ר;ש;ע;ו;ם;ד;ב;א
ל;ה;כ;א;ל;מ;ה;י;ש;ע;י;ד;י;ל;ע;ל;ו;ק;ש;א
מ;ה;ר;ס;י;ו;ך;ל;מ;ה;י;ז;נ;ג;ל;א;א;י;ב;ה
ה;נ;ת;י;ו;ו;ד;י;ל;ע;מ;ו;ת;ע;ב;ט;ת;א;ך;ל
ה;ר;ר;צ;י;ג;ג;א;ה;א;ת;ד;מ;ה;ן;ב;ן;מ;ה;ל
ה;ן;מ;ה;ל;ך;ל;מ;ה;ר;מ;א;י;ו;ם;י;ד;ו;ה;י
ו;ב;ת;ו;ש;ע;ל;ם;ע;ה;ו;ך;ל;ן;ו;ת;נ;ף;ס;כ
י;ר;פ;ס;ו;א;ר;ק;י;ו;ך;י;נ;י;ע;ב;ב;ו;ט;כ
ה;ש;ו;ל;ש;ב;ן;ו;ש;א;ר;ה;ש;ד;ח;ב;ך;ל;מ;ה
צ;ר;ש;א;ל;כ;כ;ב;ת;כ;י;ו;ו;ב;ם;ו;י;ר;ש;ע
ו;ך;ל;מ;ה;י;נ;פ;ר;ד;ש;ח;א;ל;א;ן;מ;ה;ה;ו
ד;מ;ו;ה;נ;י;ד;מ;ל;ע;ר;ש;א;ת;ו;ח;פ;ה;ל;א
ו;ה;נ;י;ד;מ;ם;ע;ו;ם;ע;י;ר;ש;ל;א;ו;ה;נ;י
ו;ש;ל;כ;ם;ע;ו;ם;ע;ו;ה;ב;ת;כ;כ;ה;נ;י;ד;מ
ו;ב;ת;כ;נ;ש;ר;ו;ש;ח;א;ך;ל;מ;ה;ם;ש;ב;ו;נ
ס;ח;ו;ל;ש;נ;ו;ך;ל;מ;ה;ת;ע;ב;ט;ב;ם;ת;ח;נ
נ;י;ד;מ;ל;כ;ל;א;ם;י;צ;ר;ה;ד;י;ב;ם;י;ר;פ
ב;א;ל;ו;ג;ר;ה;ל;ד;י;מ;ש;ה;ל;ך;ל;מ;ה;ת;ו
ז;ד;ע;ו;ר;ע;נ;מ;ם;י;ד;ו;ה;י;ה;ל;כ;ת;א;ד
ו;ל;ש;ב;ד;ח;א;ם;ו;י;ב;ם;י;ש;נ;ו;ף;ט;ן;ק
ח;א;ו;ה;ר;ש;ע;ם;י;נ;ש;ש;ד;ח;ל;ר;ש;ע;ה;ש
ה;ן;ג;ש;ת;פ;ז;ו;ב;ל;ם;ל;ל;ש;ו;ר;ד;א;ש;ד
מ;ו;ה;נ;י;ד;מ;ל;כ;ב;ת;ד;ן;ת;נ;ה;ל;ב;ת;כ
ו;י;ה;ל;ם;י;מ;ע;ה;ל;כ;ל;י;ו;ל;ג;ה;נ;י;ד
צ;י;ם;י;צ;ר;ה;ה;ז;ה;ם;ו;י;ל;ם;י;ד;ת;ע;ת
ת;ד;ה;ו;ך;ל;מ;ה;ר;ב;ד;ב;ם;י;פ;ו;ח;ד;ו;א
ו;ך;ל;מ;ה;ו;ה;ר;י;ב;ה;ן;ש;ו;ש;ב;ה;נ;ת;נ
ש;ו;ש;ר;י;ע;ה;ו;ת;ו;ת;ש;ל;ו;ב;ש;י;ן;מ;ה
א;ל;כ;ת;א;ע;ד;י;י;כ;ד;ר;מ;ו;ה;כ;ו;ב;נ;ן
ג;ב;ת;א;י;כ;ד;ר;מ;ע;ר;ק;י;ו;ה;ש;ע;נ;ר;ש
ת;ב;א;צ;י;ו;ר;פ;א;ו;ק;ש;ש;ב;ל;י;ו;ו;י;ד
ו;ה;ל;ד;ג;ה;ק;ע;ז;ק;ע;ז;י;ו;ר;י;ע;ה;ך;ו
ל;מ;ה;ר;ע;ש;י;נ;פ;ל;ד;ע;א;ו;ב;י;ו;ה;ר;מ
ב;ך;ל;מ;ה;ר;ע;ש;ל;א;א;ו;ב;ל;ן;י;א;י;כ;ך
נ;י;ד;מ;ו;ה;נ;י;ד;מ;ל;כ;ב;ו;ק;ש;ש;ו;ב;ל
מ;ו;ת;ד;ו;ך;ל;מ;ה;ר;ב;ד;ר;ש;א;ם;ו;ק;מ;ה
ו;צ;ו;ם;י;ד;ו;ה;י;ל;ל;ו;ד;ג;ל;ב;א;ע;י;ג
ל;ע;צ;י;ר;פ;א;ו;ק;ש;ד;פ;ס;מ;ו;י;כ;ב;ו;ם
ת;ס;א;ת;ו;ר;ע;נ;ה;נ;י;א;ו;ב;ת;ו;ם;י;ב;ר
ח;ת;ת;ו;ה;ל;ו;ד;י;ג;י;ו;ה;י;ס;י;ר;ס;ו;ר
י;ד;ג;ב;ח;ל;ש;ת;ו;ד;א;מ;ה;כ;ל;מ;ה;ל;ח;ל
ר;י;ס;ה;ל;ו;י;כ;ד;ר;מ;ת;א;ש;י;ב;ל;ה;ל;ם
א;א;ר;ק;ת;ו;ל;ב;ק;א;ל;ו;ו;י;ל;ע;מ;ו;ק;ש
ר;ש;א;ך;ל;מ;ה;י;ס;י;ר;ס;מ;ך;ת;ה;ל;ר;ת;ס
ר;מ;ל;ע;ו;ה;ו;צ;ת;ו;ה;י;נ;פ;ל;ד;י;מ;ע;ה
י;ו;ה;ז;ה;מ;ל;ע;ו;ה;ז;ה;מ;ת;ע;ד;ל;י;כ;ד
ע;ה;ב;ו;ח;ר;ל;א;י;כ;ד;ר;מ;ל;א;ך;ת;ה;א;צ
ד;ג;י;ו;ך;ל;מ;ה;ר;ע;ש;י;נ;פ;ל;ר;ש;א;ר;י
א;ו;ו;ה;ר;ק;ר;ש;א;ל;כ;ת;א;י;כ;ד;ר;מ;ו;ל
ש;ל;ן;מ;ה;ר;מ;א;ר;ש;א;ף;ס;כ;ה;ת;ש;ר;פ;ת
י;י;ד;ו;ה;י;ב;ך;ל;מ;ה;י;ז;נ;ג;ל;ע;ל;ו;ק
ת;ד;ה;ב;ת;כ;ן;ג;ש;ת;פ;ת;א;ו;ם;ד;ב;א;ל;ם
ת;נ;ם;ד;י;מ;ש;ה;ל;ן;ש;ו;ש;ב;ן;ת;נ;ר;ש;א
י;ג;ה;ל;ו;ר;ת;ס;א;ת;א;ת;ו;א;ר;ה;ל;ו;ל;ן
ה;ל;א;א;ו;ב;ל;ה;י;ל;ע;ת;ו;ו;צ;ל;ו;ה;ל;ד
נ;פ;ל;מ;ש;ק;ב;ל;ו;ו;ל;ן;נ;ח;ת;ה;ל;ך;ל;מ
ל;ד;ג;י;ו;ך;ת;ה;א;ו;ב;י;ו;ה;מ;ע;ל;ע;ו;י
ר;מ;א;ת;ו;י;כ;ד;ר;מ;י;ר;ב;ד;ת;א;ר;ת;ס;א
כ;ד;ר;מ;ל;א;ו;ה;ו;צ;ת;ו;ך;ת;ה;ל;ר;ת;ס;א
ת;ו;נ;י;ד;מ;ם;ע;ו;ך;ל;מ;ה;י;ד;ב;ע;ל;כ;י
א;ו;ש;י;א;ל;כ;ר;ש;א;ם;י;ע;ד;ו;י;ך;ל;מ;ה
צ;ח;ה;ל;א;ך;ל;מ;ה;ל;א;א;ו;ב;י;ר;ש;א;ה;ש
ת;ח;א;א;ר;ק;י;א;ל;ר;ש;א;ת;י;מ;י;נ;פ;ה;ר
ט;י;ש;ו;י;ר;ש;א;מ;ד;ב;ל;ת;י;מ;ה;ל;ו;ת;ד
י;ח;ו;ב;ה;ז;ה;ט;י;ב;ר;ש;ת;א;ך;ל;מ;ה;ו;ל
ה;ל;א;א;ו;ב;ל;י;ת;א;ר;ק;נ;א;ל;י;נ;א;ו;ה
ו;ד;י;ג;י;ו;ם;ו;י;ם;י;ש;ו;ל;ש;ה;ז;ך;ל;מ
מ;א;י;ו;ר;ת;ס;א;י;ר;ב;ד;ת;א;י;כ;ד;ר;מ;ל
ת;ל;א;ר;ת;ס;א;ל;א;ב;י;ש;ה;ל;י;כ;ד;ר;מ;ר
ך;ל;מ;ה;ת;י;ב;ט;ל;מ;ה;ל;ך;ש;פ;נ;ב;י;מ;ד
ח;ת;ש;ר;ח;ה;ם;א;י;כ;ם;י;ד;ו;ה;י;ה;ל;כ;מ
י;ה;ל;צ;ה;ו;ח;ו;ר;ת;א;ז;ה;ת;ע;ב;י;ש;י;ר
ו;ר;ח;א;ם;ו;ק;מ;מ;ם;י;ד;ו;ה;י;ל;ד;ו;מ;ע
ו;י;י;מ;ו;ו;ד;ב;א;ת;ך;י;ב;א;ת;י;ב;ו;ת;א
ו;כ;ל;מ;ל;ת;ע;ג;ה;ת;א;ז;כ;ת;ע;ל;ם;א;ע;ד
ד;ר;מ;ל;א;ב;י;ש;ה;ל;ר;ת;ס;א;ר;מ;א;ת;ו;ת
ה;ם;י;ד;ו;ה;י;ה;ל;כ;ת;א;ס;ו;נ;כ;ך;ל;י;כ
ו;י;ל;ע;ו;מ;ו;צ;ו;ן;ש;ו;ש;ב;ם;י;א;צ;מ;נ
מ;י;ת;ש;ל;ש;ו;ת;ש;ת;ל;א;ו;ו;ל;כ;א;ת;ל;א
ת;ר;ע;נ;ו;י;נ;א;ם;ג;ם;ו;י;ו;ה;ל;י;ל;ם;י
ל;מ;ה;ל;א;א;ו;ב;א;ן;כ;ב;ו;ן;כ;ם;ו;צ;א;י
א;י;ת;ד;ב;א;ר;ש;א;כ;ו;ת;ד;כ;א;ל;ר;ש;א;ך
כ;כ;ש;ע;י;ו;י;כ;ד;ר;מ;ר;ב;ע;י;ו;י;ת;ד;ב
י;ה;י;ו;ר;ת;ס;א;ו;י;ל;ע;ה;ת;ו;צ;ר;ש;א;ל
מ;ר;ת;ס;א;ש;ב;ל;ת;ו;י;ש;י;ל;ש;ה;ם;ו;י;ב
ך;ל;מ;ה;ת;י;ב;ר;צ;ח;ב;ד;מ;ע;ת;ו;ת;ו;כ;ל
מ;ה;ו;ך;ל;מ;ה;ת;י;ב;ח;כ;נ;ת;י;מ;י;נ;פ;ה
י;ב;ב;ו;ת;ו;כ;ל;מ;א;ס;כ;ל;ע;ב;ש;ו;י;ך;ל
ה;י;ו;ת;י;ב;ה;ח;ת;פ;ח;כ;נ;ת;ו;כ;ל;מ;ה;ת
כ;ל;מ;ה;ר;ת;ס;א;ת;א;ך;ל;מ;ה;ת;ו;א;ר;כ;י
י;נ;י;ע;ב;ן;ח;ה;א;ש;נ;ר;צ;ח;ב;ת;ד;מ;ע;ה
ב;ר;ש;ת;א;ר;ת;ס;א;ל;ך;ל;מ;ה;ט;ש;ו;י;ו;ו
ס;א;ב;ר;ק;ת;ו;ו;ד;י;ב;ר;ש;א;ב;ה;ז;ה;ט;י
מ;א;י;ו;ט;י;ב;ר;ש;ה;ש;א;ר;ב;ע;ג;ת;ו;ר;ת
ה;כ;ל;מ;ה;ר;ת;ס;א;ך;ל;ה;מ;ך;ל;מ;ה;ה;ל;ר
ו;ת;ו;כ;ל;מ;ה;י;צ;ח;ד;ע;ך;ת;ש;ק;ב;ה;מ;ו
ה;ל;ע;ם;א;ר;ת;ס;א;ר;מ;א;ת;ו;ך;ל;ן;ת;נ;י
י;ה;ן;מ;ה;ו;ך;ל;מ;ה;א;ו;ב;י;ב;ו;ט;ך;ל;מ
ו;ו;ל;י;ת;י;ש;ע;ר;ש;א;ה;ת;ש;מ;ה;ל;א;ם;ו
ש;ע;ל;ן;מ;ה;ת;א;ו;ר;ה;מ;ך;ל;מ;ה;ר;מ;א;י
ו;ך;ל;מ;ה;א;ב;י;ו;ר;ת;ס;א;ר;ב;ד;ת;א;ת;ו
ת;ס;א;ה;ת;ש;ע;ר;ש;א;ה;ת;ש;מ;ה;ל;א;ן;מ;ה
ה;ת;ש;מ;ב;ר;ת;ס;א;ל;ך;ל;מ;ה;ר;מ;א;י;ו;ר
מ;ו;ך;ל;ן;ת;נ;י;ו;ך;ת;ל;א;ש;ה;מ;ן;י;י;ה
ע;ת;ו;ת;ו;כ;ל;מ;ה;י;צ;ח;ד;ע;ך;ת;ש;ק;ב;ה
ו;י;ת;ל;א;ש;ר;מ;א;ת;ו;ר;ת;ס;א;ן;ע;ת;ו;ש
ה;י;נ;י;ע;ב;ן;ח;י;ת;א;צ;מ;ם;א;י;ת;ש;ק;ב
ת;א;ת;ת;ל;ב;ו;ט;ך;ל;מ;ה;ל;ע;ם;א;ו;ך;ל;מ
ב;י;י;ת;ש;ק;ב;ת;א;ת;ו;ש;ע;ל;ו;י;ת;ל;א;ש
ר;ש;א;ה;ת;ש;מ;ה;ל;א;ן;מ;ה;ו;ך;ל;מ;ה;א;ו
ה;ר;ב;ד;כ;ה;ש;ע;א;ר;ח;מ;ו;ם;ה;ל;ה;ש;ע;א
מ;ש;א;ו;ה;ה;ם;ו;י;ב;ן;מ;ה;א;צ;י;ו;ך;ל;מ
ר;מ;ת;א;ן;מ;ה;ת;ו;א;ר;כ;ו;ב;ל;ב;ו;ט;ו;ח
ז;א;ל;ו;ם;ק;א;ל;ו;ך;ל;מ;ה;ר;ע;ש;ב;י;כ;ד
י;כ;ד;ר;מ;ל;ע;ן;מ;ה;א;ל;מ;י;ו;ו;נ;מ;מ;ע
ב;ל;א;א;ו;ב;י;ו;ן;מ;ה;ק;פ;א;ת;י;ו;ה;מ;ח
ו;ו;י;ב;ה;א;ת;א;א;ב;י;ו;ח;ל;ש;י;ו;ו;ת;י
ן;מ;ה;ם;ה;ל;ר;פ;ס;י;ו;ו;ת;ש;א;ש;ר;ז;ת;א
ת;א;ו;ו;י;נ;ב;ב;ר;ו;ו;ר;ש;ע;ד;ו;ב;כ;ת;א
נ;ר;ש;א;ת;א;ו;ך;ל;מ;ה;ו;ל;ד;ג;ר;ש;א;ל;כ
ו;ך;ל;מ;ה;י;ד;ב;ע;ו;ם;י;ר;ש;ה;ל;ע;ו;א;ש
ר;ת;ס;א;ה;א;י;ב;ה;א;ל;ף;א;ן;מ;ה;ר;מ;א;י
ש;א;ה;ת;ש;מ;ה;ל;א;ך;ל;מ;ה;ם;ע;ה;כ;ל;מ;ה
ר;ח;מ;ל;ם;ג;ו;י;ת;ו;א;ם;א;י;כ;ה;ת;ש;ע;ר
ה;ז;ל;כ;ו;ך;ל;מ;ה;ם;ע;ה;ל;א;ו;ר;ק;י;נ;א
נ;א;ר;ש;א;ת;ע;ל;כ;ב;י;ל;ה;ו;ש;ו;נ;נ;י;א
ש;ו;י;י;ד;ו;ה;י;ה;י;כ;ד;ר;מ;ת;א;ה;א;ר;י
א;ש;ר;ז;ו;ל;ר;מ;א;ת;ו;ך;ל;מ;ה;ר;ע;ש;ב;ב
ה;ב;ג;ץ;ע;ו;ש;ע;י;ו;י;ב;ה;א;ל;כ;ו;ו;ת;ש
ך;ל;מ;ל;ר;מ;א;ר;ק;ב;ב;ו;ה;מ;א;ם;י;ש;מ;ח
ע;א;ב;ו;ו;י;ל;ע;י;כ;ד;ר;מ;ת;א;ו;ל;ת;י;ו
ב;ט;י;י;ו;ח;מ;ש;ה;ת;ש;מ;ה;ל;א;ך;ל;מ;ה;ם
ל;ב;ץ;ע;ה;ש;ע;י;ו;ן;מ;ה;י;נ;פ;ל;ר;ב;ד;ה
י;ו;ך;ל;מ;ה;ת;נ;ש;ה;ד;ד;נ;א;ו;ה;ה;ה;ל;י
ת;ו;נ;ר;כ;ז;ה;ר;פ;ס;ת;א;א;י;ב;ה;ל;ר;מ;א
ם;י;א;ר;ק;נ;ו;י;ה;י;ו;ם;י;מ;י;ה;י;ר;ב;ד
ר;ש;א;ב;ו;ת;כ;א;צ;מ;י;ו;ך;ל;מ;ה;י;נ;פ;ל
ש;ר;ת;ו;א;נ;ת;ג;ב;ל;ע;י;כ;ד;ר;מ;ד;י;ג;ה
ף;ס;ה;י;ר;מ;ש;מ;ך;ל;מ;ה;י;ס;י;ר;ס;י;נ;ש
ש;ח;א;ך;ל;מ;ב;ד;י;ח;ל;ש;ל;ו;ש;ק;ב;ר;ש;א
י;ה;ש;ע;נ;ה;מ;ך;ל;מ;ה;ר;מ;א;י;ו;ש;ו;ר;ו
י;ו;ה;ז;ל;ע;י;כ;ד;ר;מ;ל;ה;ל;ו;ד;ג;ו;ר;ק
א;ל;ו;י;ת;ר;ש;מ;ך;ל;מ;ה;י;ר;ע;נ;ו;ר;מ;א
מ;ך;ל;מ;ה;ר;מ;א;י;ו;ר;ב;ד;ו;מ;ע;ה;ש;ע;נ
מ;ה;ת;י;ב;ר;צ;ח;ל;א;ב;ן;מ;ה;ו;ר;צ;ח;ב;י
ל;ת;ל;ך;ל;מ;ל;ר;מ;א;ל;ה;נ;ו;צ;י;ח;ה;ך;ל
י;כ;ה;ר;ש;א;ץ;ע;ה;ל;ע;י;כ;ד;ר;מ;ת;א;ת;ו
י;ל;א;ך;ל;מ;ה;י;ר;ע;נ;ו;ר;מ;א;י;ו;ו;ל;ן
ה;ר;מ;א;י;ו;ר;צ;ח;ב;ד;מ;ע;ן;מ;ה;ה;נ;ה;ו
ר;מ;א;י;ו;ן;מ;ה;א;ו;ב;י;ו;א;ו;ב;י;ך;ל;מ
ר;ש;א;ש;י;א;ב;ת;ו;ש;ע;ל;ה;מ;ך;ל;מ;ה;ו;ל
ן;מ;ה;ר;מ;א;י;ו;ו;ר;ק;י;ב;ץ;פ;ח;ך;ל;מ;ה
ת;ו;ש;ע;ל;ך;ל;מ;ה;ץ;פ;ח;י;י;מ;ל;ו;ב;ל;ב
א;ן;מ;ה;ר;מ;א;י;ו;י;נ;מ;מ;ר;ת;ו;י;ר;ק;י
י;ב;ץ;פ;ח;ך;ל;מ;ה;ר;ש;א;ש;י;א;ך;ל;מ;ה;ל
ר;ש;א;ת;ו;כ;ל;מ;ש;ו;ב;ל;ו;א;י;ב;י;ו;ר;ק
ע;ב;כ;ר;ר;ש;א;ס;ו;ס;ו;ך;ל;מ;ה;ו;ב;ש;ב;ל
כ;ל;מ;ר;ת;כ;ן;ת;נ;ר;ש;א;ו;ך;ל;מ;ה;ו;י;ל
ס;ה;ו;ש;ו;ב;ל;ה;ן;ו;ת;נ;ו;ו;ש;א;ר;ב;ת;ו
ר;פ;ה;ך;ל;מ;ה;י;ר;ש;מ;ש;י;א;ד;י;ל;ע;ס;ו
ר;ש;א;ש;י;א;ה;ת;א;ו;ש;י;ב;ל;ה;ו;ם;י;מ;ת
ו;ה;ב;י;כ;ר;ה;ו;ו;ר;ק;י;ב;ץ;פ;ח;ך;ל;מ;ה
ו;א;ר;ק;ו;ר;י;ע;ה;ב;ו;ח;ר;ב;ס;ו;ס;ה;ל;ע
ה;ר;ש;א;ש;י;א;ל;ה;ש;ע;י;ה;כ;כ;ו;י;נ;פ;ל
ך;ל;מ;ה;ר;מ;א;י;ו;ו;ר;ק;י;ב;ץ;פ;ח;ך;ל;מ
ה;ת;א;ו;ש;ו;ב;ל;ה;ת;א;ח;ק;ר;ה;מ;ן;מ;ה;ל
ר;מ;ל;ן;כ;ה;ש;ע;ו;ת;ר;ב;ד;ר;ש;א;כ;ס;ו;ס
מ;ה;ר;ע;ש;ב;ב;ש;ו;י;ה;י;ד;ו;ה;י;ה;י;כ;ד
ת;ר;ב;ד;ר;ש;א;ל;כ;מ;ר;ב;ד;ל;פ;ת;ל;א;ך;ל
ו;ס;ה;ת;א;ו;ש;ו;ב;ל;ה;ת;א;ן;מ;ה;ח;ק;י;ו
ה;ב;י;כ;ר;י;ו;י;כ;ד;ר;מ;ת;א;ש;ב;ל;י;ו;ס
ו;י;נ;פ;ל;א;ר;ק;י;ו;ר;י;ע;ה;ב;ו;ח;ר;ב;ו
פ;ח;ך;ל;מ;ה;ר;ש;א;ש;י;א;ל;ה;ש;ע;י;ה;כ;כ
ר;ע;ש;ל;א;י;כ;ד;ר;מ;ב;ש;י;ו;ו;ר;ק;י;ב;ץ
ב;א;ו;ת;י;ב;ל;א;ף;ח;ד;נ;ן;מ;ה;ו;ך;ל;מ;ה
ר;ז;ל;ן;מ;ה;ר;פ;ס;י;ו;ש;א;ר;י;ו;פ;ח;ו;ל
ש;א;ל;כ;ת;א;ו;י;ב;ה;א;ל;כ;ל;ו;ו;ת;ש;א;ש
ז;ו;ו;י;מ;כ;ח;ו;ל;ו;ר;מ;א;י;ו;ו;ה;ר;ק;ר
מ;ם;י;ד;ו;ה;י;ה;ע;ר;ז;מ;ם;א;ו;ת;ש;א;ש;ר
י;נ;פ;ל;ל;פ;נ;ל;ת;ו;ל;ח;ה;ר;ש;א;י;כ;ד;ר
ל;ל;ו;פ;ת;ל;ו;פ;נ;י;כ;ו;ל;ל;כ;ו;ת;א;ל;ו
ר;ס;ו;ו;מ;ע;ם;י;ר;ב;ד;מ;ם;ד;ו;ע;ו;י;נ;פ
ה;ל;ו;ל;ה;ב;י;ו;ו;ע;י;ג;ה;ך;ל;מ;ה;י;ס;י
ש;ע;ר;ש;א;ה;ת;ש;מ;ה;ל;א;ן;מ;ה;ת;א;א;י;ב
ש;ל;ן;מ;ה;ו;ך;ל;מ;ה;א;ב;י;ו;ר;ת;ס;א;ה;ת
ה;ר;מ;א;י;ו;ה;כ;ל;מ;ה;ר;ת;ס;א;ם;ע;ת;ו;ת
מ;ב;י;נ;ש;ה;ם;ו;י;ב;ם;ג;ר;ת;ס;א;ל;ך;ל;מ
מ;ה;ר;ת;ס;א;ך;ת;ל;א;ש;ה;מ;ן;י;י;ה;ה;ת;ש
ד;ע;ך;ת;ש;ק;ב;ה;מ;ו;ך;ל;ן;ת;נ;ת;ו;ה;כ;ל
ת;ס;א;ן;ע;ת;ו;ש;ע;ת;ו;ת;ו;כ;ל;מ;ה;י;צ;ח
ן;ח;י;ת;א;צ;מ;ם;א;ר;מ;א;ת;ו;ה;כ;ל;מ;ה;ר
ט;ך;ל;מ;ה;ל;ע;ם;א;ו;ך;ל;מ;ה;ך;י;נ;י;ע;ב
ע;ו;י;ת;ל;א;ש;ב;י;ש;פ;נ;י;ל;ן;ת;נ;ת;ב;ו
ו;י;נ;א;ו;נ;ר;כ;מ;נ;י;כ;י;ת;ש;ק;ב;ב;י;מ
ו;ד;ב;א;ל;ו;ג;ו;ר;ה;ל;ד;י;מ;ש;ה;ל;י;מ;ע
ר;כ;מ;נ;ת;ו;ח;פ;ש;ל;ו;ם;י;ד;ב;ע;ל;ו;ל;א
ב;ה;ו;ש;ר;צ;ה;ן;י;א;י;כ;י;ת;ש;ר;ח;ה;ו;נ
ו;ש;ח;א;ך;ל;מ;ה;ר;מ;א;י;ו;ך;ל;מ;ה;ק;ז;נ
י;מ;ה;כ;ל;מ;ה;ר;ת;ס;א;ל;ר;מ;א;י;ו;ש;ו;ר
ו;א;ל;מ;ר;ש;א;א;ו;ה;ה;ז;י;א;ו;ה;ז;א;ו;ה
א;ר;ת;ס;א;ר;מ;א;ת;ו;ן;כ;ת;ו;ש;ע;ל;ו;ב;ל
ה;ו;ה;ז;ה;ע;ר;ה;ן;מ;ה;ב;י;ו;א;ו;ר;צ;ש;י
כ;ל;מ;ה;ו;ך;ל;מ;ה;י;נ;פ;ל;מ;ת;ע;ב;נ;ן;מ
י;ה;ה;ת;ש;מ;מ;ו;ת;מ;ח;ב;ם;ק;ך;ל;מ;ה;ו;ה
ל;ד;מ;ע;ן;מ;ה;ו;ן;ת;י;ב;ה;ת;נ;ג;ל;א;ן;י
כ;ה;כ;ל;מ;ה;ר;ת;ס;א;מ;ו;ש;פ;נ;ל;ע;ש;ק;ב
א;מ;ה;ע;ר;ה;ו;י;ל;א;ה;ת;ל;כ;י;כ;ה;א;ר;י
ת;י;ב;ה;ת;נ;ג;מ;ב;ש;ך;ל;מ;ה;ו;ך;ל;מ;ה;ת
פ;נ;ן;מ;ה;ו;ן;י;י;ה;ה;ת;ש;מ;ת;י;ב;ל;א;ן
י;ו;ה;י;ל;ע;ר;ת;ס;א;ר;ש;א;ה;ט;מ;ה;ל;ע;ל
ל;מ;ה;ת;א;ש;ו;ב;כ;ל;ם;ג;ה;ך;ל;מ;ה;ר;מ;א
ה;י;פ;מ;א;צ;י;ר;ב;ד;ה;ת;י;ב;ב;י;מ;ע;ה;כ
ר;ח;ר;מ;א;י;ו;ו;פ;ח;ן;מ;ה;י;נ;פ;ו;ך;ל;מ
י;נ;פ;ל;ם;י;ס;י;ר;ס;ה;ן;מ;ד;ח;א;ה;נ;ו;ב
מ;ה;ה;ש;ע;ר;ש;א;ץ;ע;ה;ה;נ;ה;ם;ג;ך;ל;מ;ה
מ;ה;ל;ע;ב;ו;ט;ר;ב;ד;ר;ש;א;י;כ;ד;ר;מ;ל;ן
ם;י;ש;מ;ח;ה;ב;ג;ן;מ;ה;ת;י;ב;ב;ד;מ;ע;ך;ל
ו;י;ל;ע;ו;ה;ל;ת;ך;ל;מ;ה;ר;מ;א;י;ו;ה;מ;א
כ;ה;ר;ש;א;ץ;ע;ה;ל;ע;ן;מ;ה;ת;א;ו;ל;ת;י;ו
ה;כ;כ;ש;ך;ל;מ;ה;ת;מ;ח;ו;י;כ;ד;ר;מ;ל;ן;י
ר;ו;ש;ח;א;ך;ל;מ;ה;ן;ת;נ;א;ו;ה;ה;ם;ו;י;ב
ן;מ;ה;ת;י;ב;ת;א;ה;כ;ל;מ;ה;ר;ת;ס;א;ל;ש;ו
ל;א;ב;י;כ;ד;ר;מ;ו;ם;י;י;ד;ו;ה;י;ה;ר;ר;צ
ה;מ;ר;ת;ס;א;ה;ד;י;ג;ה;י;כ;ך;ל;מ;ה;י;נ;פ
ו;ת;ע;ב;ט;ת;א;ך;ל;מ;ה;ר;ס;י;ו;ה;ל;א;ו;ה
ר;מ;ל;ה;נ;ת;י;ו;ן;מ;ה;מ;ר;י;ב;ע;ה;ר;ש;א
ל;ע;י;כ;ד;ר;מ;ת;א;ר;ת;ס;א;ם;ש;ת;ו;י;כ;ד
ר;ב;ד;ת;ו;ר;ת;ס;א;ף;ס;ו;ת;ו;ן;מ;ה;ת;י;ב
י;ל;ג;ר;י;נ;פ;ל;ל;פ;ת;ו;ך;ל;מ;ה;י;נ;פ;ל
א;ר;י;ב;ע;ה;ל;ו;ל;ן;נ;ח;ת;ת;ו;ך;ב;ת;ו;ו
ת;ב;ש;ח;מ;ת;א;ו;י;ג;ג;א;ה;ן;מ;ה;ת;ע;ר;ת
ש;ו;י;ו;ם;י;ד;ו;ה;י;ה;ל;ע;ב;ש;ח;ר;ש;א;ו
ב;ה;ז;ה;ט;ב;ר;ש;ת;א;ר;ת;ס;א;ל;ך;ל;מ;ה;ט
ל;מ;ה;י;נ;פ;ל;ד;מ;ע;ת;ו;ר;ת;ס;א;ם;ק;ת;ו
ם;א;ו;ב;ו;ט;ך;ל;מ;ה;ל;ע;ם;א;ר;מ;א;ת;ו;ך
ר;ב;ד;ה;ר;ש;כ;ו;ו;י;נ;פ;ל;ן;ח;י;ת;א;צ;מ
נ;י;ע;ב;י;נ;א;ה;ב;ו;ט;ו;ך;ל;מ;ה;י;נ;פ;ל
מ;ם;י;ר;פ;ס;ה;ת;א;ב;י;ש;ה;ל;ב;ת;כ;י;ו;י
א;י;ג;ג;א;ה;א;ת;ד;מ;ה;ן;ב;ן;מ;ה;ת;ב;ש;ח
ש;א;ם;י;ד;ו;ה;י;ה;ת;א;ד;ב;א;ל;ב;ת;כ;ר;ש
כ;כ;י;א;י;כ;ך;ל;מ;ה;ת;ו;נ;י;ד;מ;ל;כ;ב;ר
מ;י;ר;ש;א;ה;ע;ר;ב;י;ת;י;א;ר;ו;ל;כ;ו;א;ה
א;ר;ו;ל;כ;ו;א;ה;כ;כ;י;א;ו;י;מ;ע;ת;א;א;צ
ה;ר;מ;א;י;ו;י;ת;ד;ל;ו;מ;ן;ד;ב;א;ב;י;ת;י
ו;ה;כ;ל;מ;ה;ר;ת;ס;א;ל;ש;ר;ו;ש;ח;א;ך;ל;מ
מ;ה;ת;י;ב;ה;נ;ה;י;ד;ו;ה;י;ה;י;כ;ד;ר;מ;ל
ה;ל;ע;ו;ל;ת;ו;ת;א;ו;ר;ת;ס;א;ל;י;ת;ת;נ;ן
י;י;ד;ו;ה;י;ב;ו;ד;י;ח;ל;ש;ר;ש;א;ל;ע;ץ;ע
ט;כ;ם;י;ד;ו;ה;י;ה;ל;ע;ו;ב;ת;כ;ם;ת;א;ו;ם
מ;ת;ח;ו;ך;ל;מ;ה;ם;ש;ב;ם;כ;י;נ;י;ע;ב;ב;ו
כ;נ;ר;ש;א;ב;ת;כ;י;כ;ך;ל;מ;ה;ת;ע;ב;ט;ב;ו
ת;ע;ב;ט;ב;ם;ו;ת;ח;נ;ו;ך;ל;מ;ה;ם;ש;ב;ב;ת
פ;ס;ו;א;ר;ק;י;ו;ב;י;ש;ה;ל;ן;י;א;ך;ל;מ;ה
ל;ש;ה;ש;ד;ח;ב;א;י;ה;ה;ת;ע;ב;ך;ל;מ;ה;י;ר
ו;ה;ש;ו;ל;ש;ב;ן;ו;י;ס;ש;ד;ח;א;ו;ה;י;ש;י
ו;צ;ר;ש;א;ל;כ;כ;ב;ת;כ;י;ו;ו;ב;ם;י;ר;ש;ע
א;ה;ל;א;ו;ם;י;ד;ו;ה;י;ה;ל;א;י;כ;ד;ר;מ;ה
מ;ה;י;ר;ש;ו;ת;ו;ח;פ;ה;ו;ם;י;נ;פ;ר;ד;ש;ח
ב;ש;ש;ו;כ;ד;ע;ו;ו;ד;ה;מ;ר;ש;א;ת;ו;נ;י;ד
נ;י;ד;מ;ה;נ;י;ד;מ;ה;א;מ;ו;ם;י;ר;ש;ע;ו;ע
ל;כ;ם;ע;ו;ם;ע;ו;ה;ב;ת;כ;כ;ה;נ;י;ד;מ;ו;ה
כ;ו;ם;ב;ת;כ;כ;ם;י;ד;ו;ה;י;ה;ל;א;ו;ו;נ;ש
ש;ח;א;ך;ל;מ;ה;ם;ש;ב;ב;ת;כ;י;ו;ם;נ;ו;ש;ל
ש;י;ו;ך;ל;מ;ה;ת;ע;ב;ט;ב;ם;ת;ח;י;ו;ש;ר;ו
י;ס;ו;ס;ב;ם;י;צ;ר;ה;ד;י;ב;ם;י;ר;פ;ס;ח;ל
נ;ב;ם;י;נ;ר;ת;ש;ח;א;ה;ש;כ;ר;ה;י;ב;כ;ר;ם
ה;י;ל;ך;ל;מ;ה;ן;ת;נ;ר;ש;א;ם;י;כ;מ;ר;ה;י
ק;ה;ל;ר;י;ע;ו;ר;י;ע;ל;כ;ב;ר;ש;א;ם;י;ד;ו
ו;ד;י;מ;ש;ה;ל;ם;ש;פ;נ;ל;ע;ד;מ;ע;ל;ו;ל;ה
מ;ו;ם;ע;ל;י;ח;ל;כ;ת;א;ד;ב;א;ל;ו;ג;ר;ה;ל
ו;ם;י;ש;נ;ו;ף;ט;ם;ת;א;ם;י;ר;צ;ה;ה;נ;י;ד
ד;מ;ל;כ;ב;ד;ח;א;ם;ו;י;ב;ז;ו;ב;ל;ם;ל;ל;ש
ש;ו;ל;ש;ב;ש;ו;ר;ו;ש;ח;א;ך;ל;מ;ה;ת;ו;נ;י
ד;ח;א;ו;ה;ר;ש;ע;ם;י;נ;ש;ש;ד;ח;ל;ר;ש;ע;ה
ת;ד;ן;ת;נ;ה;ל;ב;ת;כ;ה;ן;ג;ש;ת;פ;ר;ד;א;ש
כ;ל;י;ו;ל;ג;ה;נ;י;ד;מ;ו;ה;נ;י;ד;מ;ל;כ;ב
ם;י;י;ד;ו;ה;י;ה;ת;ו;י;ה;ל;ו;ם;י;מ;ע;ה;ל
א;מ;ם;ק;נ;ה;ל;ה;ז;ה;ם;ו;י;ל;ם;י;ד;ו;ת;ע
א;ה;ש;כ;ר;ה;י;ב;כ;ר;ם;י;צ;ר;ה;ם;ה;י;ב;י
ח;ד;ו;ם;י;ל;ה;ב;מ;ו;א;צ;י;ם;י;נ;ר;ת;ש;ח
ה;נ;ת;נ;ת;ד;ה;ו;ך;ל;מ;ה;ר;ב;ד;ב;ם;י;פ;ו
מ;א;צ;י;י;כ;ד;ר;מ;ו;ה;ר;י;ב;ה;ן;ש;ו;ש;ב
כ;ת;ת;ו;כ;ל;מ;ש;ו;ב;ל;ב;ך;ל;מ;ה;י;נ;פ;ל
ו;ה;ל;ו;ד;ג;ב;ה;ז;ת;ר;ט;ע;ו;ר;ו;ח;ו;ת;ל
ש;ר;י;ע;ה;ו;ן;מ;ג;ר;א;ו;ץ;ו;ב;ך;י;ר;כ;ת
ה;ם;י;ד;ו;ה;י;ל;ה;ח;מ;ש;ו;ה;ל;ה;צ;ן;ש;ו
ר;ק;י;ו;ן;ש;ש;ו;ה;ח;מ;ש;ו;ה;ר;ו;א;ה;ת;י
ע;ל;כ;ב;ו;ה;נ;י;ד;מ;ו;ה;נ;י;ד;מ;ל;כ;ב;ו
ך;ל;מ;ה;ר;ב;ד;ר;ש;א;ם;ו;ק;מ;ר;י;ע;ו;ר;י
ה;י;ל;ן;ו;ש;ש;ו;ה;ח;מ;ש;ע;י;ג;מ;ו;ת;ד;ו
ם;י;ב;ר;ו;ב;ו;ט;ם;ו;י;ו;ה;ת;ש;מ;ם;י;ד;ו
ל;פ;נ;י;כ;ם;י;ד;ה;י;ת;מ;ץ;ר;א;ה;י;מ;ע;מ
י;נ;ש;ב;ו;ם;ה;י;ל;ע;ם;י;ד;ו;ה;י;ה;ד;ח;פ
ו;ל;ש;ב;ר;ד;א;ש;ד;ח;א;ו;ה;ש;ד;ח;ר;ש;ע;ם
ר;ב;ד;ע;י;ג;ה;ר;ש;א;ו;ב;ם;ו;י;ר;ש;ע;ה;ש
ש;א;ם;ו;י;ב;ת;ו;ש;ע;ה;ל;ו;ת;ד;ו;ך;ל;מ;ה
ו;ל;ש;ל;ם;י;ד;ו;ה;י;ה;י;ב;י;א;ו;ר;ב;ש;ר
ט;ל;ש;י;ר;ש;א;א;ו;ה;ך;ו;פ;ה;נ;ו;ם;ה;ב;ט
ק;נ;ם;ה;י;א;נ;ש;ב;ה;מ;ה;ם;י;ד;ו;ה;י;ה;ו
מ;ל;כ;ב;ם;ה;י;ר;ע;ב;ם;י;ד;ו;ה;י;ה;ו;ל;ה
ח;ל;ש;ל;ש;ו;ר;ו;ש;ח;א;ך;ל;מ;ה;ת;ו;נ;י;ד
מ;ע;א;ל;ש;י;א;ו;ם;ת;ע;ר;י;ש;ק;ב;מ;ב;ד;י
ל;כ;ל;ע;ם;ד;ח;פ;ל;פ;נ;י;כ;ם;ה;י;נ;פ;ל;ד
ה;ו;ת;ו;נ;י;ד;מ;ה;י;ר;ש;ל;כ;ו;ם;י;מ;ע;ה
ה;י;ש;ע;ו;ת;ו;ח;פ;ה;ו;ם;י;נ;פ;ר;ד;ש;ח;א
ת;א;ם;י;א;ש;נ;מ;ך;ל;מ;ל;ר;ש;א;ה;כ;א;ל;מ
י;כ;ד;ר;מ;ד;ח;פ;ל;פ;נ;י;כ;ם;י;ד;ו;ה;י;ה
ת;י;ב;ב;י;כ;ד;ר;מ;ל;ו;ד;ג;י;כ;ם;ה;י;ל;ע
י;ד;מ;ה;ל;כ;ב;ך;ל;ו;ה;ו;ע;מ;ש;ו;ך;ל;מ;ה
ג;ו;ך;ל;ו;ה;י;כ;ד;ר;מ;ש;י;א;ה;י;כ;ת;ו;נ
ב;י;א;ל;כ;ב;ם;י;ד;ו;ה;י;ה;ו;כ;י;ו;ל;ו;ד
י;ו;ן;ד;ב;א;ו;ג;ר;ה;ו;ב;ר;ח;ת;כ;מ;ם;ה;י
ו;ש;ב;ו;ם;נ;ו;צ;ר;כ;ם;ה;י;א;נ;ש;ב;ו;ש;ע
א;ו;ם;י;ד;ו;ה;י;ה;ו;ג;ר;ה;ה;ר;י;ב;ה;ן;ש
ד;נ;ש;ר;פ;ת;א;ו;ש;י;א;ת;ו;א;מ;ש;מ;ח;ד;ב
א;ו;א;ת;פ;ס;א;ת;א;ו;ן;ו;פ;ל;ד;ת;א;ו;א;ת
י;ר;א;ת;א;ו;א;י;ל;ד;א;ת;א;ו;א;ת;ר;ו;פ;ת
י;ס;י;ר;א;ת;א;ו;א;ת;ש;מ;ר;פ;ת;א;ו;א;ת;ד
ב;ת;ר;ש;ע;א;ת;ז;י;ו;ת;א;ו;י;ד;ר;א;ת;א;ו
ד;ו;ה;י;ה;ר;ר;צ;א;ת;ד;מ;ה;ן;ב;ן;מ;ה;י;נ
י;ת;א;ו;ח;ל;ש;א;ל;ה;ז;ב;ב;ו;ו;ג;ר;ה;ם;י
ו;ר;ה;ה;ר;פ;ס;מ;א;ב;א;ו;ה;ה;ם;ו;י;ב;ם;ד
ל;מ;ה;י;נ;פ;ל;ה;ר;י;ב;ה;ן;ש;ו;ש;ב;ם;י;ג
ה;כ;ל;מ;ה;ר;ת;ס;א;ל;ך;ל;מ;ה;ר;מ;א;י;ו;ך
י;ד;ו;ה;י;ה;ו;ג;ר;ה;ה;ר;י;ב;ה;ן;ש;ו;ש;ב
ש;ע;ת;א;ו;ש;י;א;ת;ו;א;מ;ש;מ;ח;ד;ב;א;ו;ם
מ;ה;ת;ו;נ;י;ד;מ;ר;א;ש;ב;ן;מ;ה;י;נ;ב;ת;ר
ן;ת;נ;י;ו;ך;ת;ל;א;ש;ה;מ;ו;ו;ש;ע;ה;מ;ך;ל
א;ת;ו;ש;ע;ת;ו;ד;ו;ע;ך;ת;ש;ק;ב;ה;מ;ו;ך;ל
ת;נ;י;ב;ו;ט;ך;ל;מ;ה;ל;ע;ם;א;ר;ת;ס;א;ר;מ
ש;ו;ש;ב;ר;ש;א;ם;י;ד;ו;ה;י;ל;ר;ח;מ;ם;ג;ן
ת;ר;ש;ע;ת;א;ו;ם;ו;י;ה;ת;ד;כ;ת;ו;ש;ע;ל;ן
ר;מ;א;י;ו;ץ;ע;ה;ל;ע;ו;ל;ת;י;ן;מ;ה;י;נ;ב
ב;ת;ד;ן;ת;נ;ת;ו;ן;כ;ת;ו;ש;ע;ה;ל;ך;ל;מ;ה
ו;ל;ת;ן;מ;ה;י;נ;ב;ת;ר;ש;ע;ת;א;ו;ן;ש;ו;ש
ו;ש;ב;ר;ש;א;ם;י;י;ד;ו;ה;י;ה;ו;ל;ה;ק;י;ו
ש;ד;ח;ל;ר;ש;ע;ה;ע;ב;ר;א;ם;ו;י;ב;ם;ג;ן;ש
ו;א;מ;ש;ל;ש;ן;ש;ו;ש;ב;ו;ג;ר;ה;י;ו;ר;ד;א
ם;ד;י;ת;א;ו;ח;ל;ש;א;ל;ה;ז;ב;ב;ו;ש;י;א;ת
ו;נ;י;ד;מ;ב;ר;ש;א;ם;י;ד;ו;ה;י;ה;ר;א;ש;ו
ם;ש;פ;נ;ל;ע;ד;מ;ע;ו;ו;ל;ה;ק;נ;ך;ל;מ;ה;ת
י;א;נ;ש;ב;ג;ר;ה;ו;ם;ה;י;ב;י;א;מ;ח;ו;נ;ו
ה;ז;ב;ב;ו;ף;ל;א;ם;י;ע;ב;ש;ו;ה;ש;מ;ח;ם;ה
ע;ה;ש;ל;ש;ם;ו;י;ב;ם;ד;י;ת;א;ו;ח;ל;ש;א;ל
ע;ה;ע;ב;ר;א;ב;ח;ו;נ;ו;ר;ד;א;ש;ד;ח;ל;ר;ש
ש;ו;ה;ת;ש;מ;ם;ו;י;ו;ת;א;ה;ש;ע;ו;ו;ב;ר;ש
ן;ש;ו;ש;ב;ר;ש;א;ם;י;י;ד;ו;ה;י;ה;ו;ה;ח;מ
ב;ר;א;ב;ו;ו;ב;ר;ש;ע;ה;ש;ל;ש;ב;ו;ל;ה;ק;נ
ב;ר;ש;ע;ה;ש;מ;ח;ב;ח;ו;נ;ו;ו;ב;ר;ש;ע;ה;ע
ה;ח;מ;ש;ו;ה;ת;ש;מ;ם;ו;י;ו;ת;א;ה;ש;ע;ו;ו
י;ה;ם;י;ז;ו;ר;פ;ה;ם;י;ד;ו;ה;י;ה;ן;כ;ל;ע
ת;א;ם;י;ש;ע;ת;ו;ז;ר;פ;ה;י;ר;ע;ב;ם;י;ב;ש
מ;ש;ר;ד;א;ש;ד;ח;ל;ר;ש;ע;ה;ע;ב;ר;א;ם;ו;י
ח;ו;ל;ש;מ;ו;ב;ו;ט;ם;ו;י;ו;ה;ת;ש;מ;ו;ה;ח
ד;ר;מ;ב;ת;כ;י;ו;ו;ה;ע;ר;ל;ש;י;א;ת;ו;נ;מ
ס;ח;ל;ש;י;ו;ה;ל;א;ה;ם;י;ר;ב;ד;ה;ת;א;י;כ
כ;ב;ר;ש;א;ם;י;ד;ו;ה;י;ה;ל;כ;ל;א;ם;י;ר;פ
ק;ה;ש;ו;ר;ו;ש;ח;א;ך;ל;מ;ה;ת;ו;נ;י;ד;מ;ל
י;ל;ע;ם;י;ק;ל;ם;י;ק;ו;ח;ר;ה;ו;ם;י;ב;ו;ר
ע;ב;ר;א;ם;ו;י;ת;א;ם;י;ש;ע;ת;ו;י;ה;ל;ם;ה
ש;מ;ח;ם;ו;י;ת;א;ו;ר;ד;א;ש;ד;ח;ל;ר;ש;ע;ה
י;מ;י;כ;ה;נ;ש;ו;ה;נ;ש;ל;כ;ב;ו;ב;ר;ש;ע;ה
ו;א;מ;ם;י;ד;ו;ה;י;ה;ם;ה;ב;ו;ח;נ;ר;ש;א;ם
ם;ה;ל;ך;פ;ה;נ;ר;ש;א;ש;ד;ח;ה;ו;ם;ה;י;ב;י
ט;ם;ו;י;ל;ל;ב;א;מ;ו;ה;ח;מ;ש;ל;ן;ו;ג;י;מ
ש;ו;ה;ת;ש;מ;י;מ;י;ם;ת;ו;א;ת;ו;ש;ע;ל;ב;ו
ה;ע;ר;ל;ש;י;א;ת;ו;נ;מ;ח;ו;ל;ש;מ;ו;ה;ח;מ
ה;ל;ב;ק;ו;ם;י;נ;ו;י;ב;א;ל;ת;ו;נ;ת;מ;ו;ו
ת;ו;ש;ע;ל;ו;ל;ח;ה;ר;ש;א;ת;א;ם;י;ד;ו;ה;י
כ;ם;ה;י;ל;א;י;כ;ד;ר;מ;ב;ת;כ;ר;ש;א;ת;א;ו
כ;ר;ר;צ;י;ג;ג;א;ה;א;ת;ד;מ;ה;ן;ב;ן;מ;ה;י
ם;י;ד;ו;ה;י;ה;ל;ע;ב;ש;ח;ם;י;ד;ו;ה;י;ה;ל
ר;ו;ג;ה;א;ו;ה;ר;ו;פ;ל;י;פ;ה;ו;ם;ד;ב;א;ל
י;נ;פ;ל;ה;א;ב;ב;ו;ם;ד;ב;א;ל;ו;ם;מ;ה;ל;ל
ש;ח;מ;ב;ו;ש;י;ר;פ;ס;ה;ם;ע;ר;מ;א;ך;ל;מ;ה
ד;ו;ה;י;ה;ל;ע;ב;ש;ח;ר;ש;א;ה;ע;ר;ה;ו;ת;ב
נ;ב;ת;א;ו;ו;ת;א;ו;ל;ת;ו;ו;ש;א;ר;ל;ע;ם;י
ם;י;מ;י;ל;ו;א;ר;ק;ן;כ;ל;ע;ץ;ע;ה;ל;ע;ו;י
כ;ל;ע;ר;ו;פ;ה;ם;ש;ל;ע;ם;י;ר;ו;פ;ה;ל;א;ה
מ;ו;ת;א;ז;ה;ת;ר;ג;א;ה;י;ר;ב;ד;ל;כ;ל;ע;ן
ה;י;ל;א;ע;י;ג;ה;ה;מ;ו;ה;כ;כ;ל;ע;ו;א;ר;ה
ה;י;ל;ע;ם;י;ד;ו;ה;י;ה;ל;ב;ק;ו;ו;מ;י;ק;ם
ע;ם;י;ו;ל;נ;ה;ל;כ;ל;ע;ו;ם;ע;ר;ז;ל;ע;ו;ם
י;ש;ע;ת;ו;י;ה;ל;ר;ו;ב;ע;י;א;ל;ו;ם;ה;י;ל
ם;ב;ת;כ;כ;ה;ל;א;ה;ם;י;מ;י;ה;י;נ;ש;ת;א;ם
מ;י;ה;ו;ה;נ;ש;ו;ה;נ;ש;ל;כ;ב;ם;נ;מ;ז;כ;ו
כ;ב;ם;י;ש;ע;נ;ו;ם;י;ר;כ;ז;נ;ה;ל;א;ה;ם;י
מ;ה;ח;פ;ש;מ;ו;ה;ח;פ;ש;מ;ר;ו;ד;ו;ר;ו;ד;ל
י;ו;ר;י;ע;ו;ר;י;ע;ו;ה;נ;י;ד;מ;ו;ה;נ;י;ד
מ;ו;ר;ב;ע;י;א;ל;ה;ל;א;ה;ם;י;ר;ו;פ;ה;י;מ
ו;ס;י;א;ל;ם;ר;כ;ז;ו;ם;י;ד;ו;ה;י;ה;ך;ו;ת
ה;כ;ל;מ;ה;ר;ת;ס;א;ב;ת;כ;ת;ו;ם;ע;ר;ז;מ;ף
י;ד;ו;ה;י;ה;י;כ;ד;ר;מ;ו;ל;י;ח;י;ב;א;ת;ב
ו;פ;ה;ת;ר;ג;א;ת;א;ם;י;ק;ל;ף;ק;ת;ל;כ;ת;א
ר;פ;ס;ח;ל;ש;י;ו;ת;י;נ;ש;ה;ת;א;ז;ה;ם;י;ר
ע;ו;ע;ב;ש;ל;א;ם;י;ד;ו;ה;י;ה;ל;כ;ל;א;ם;י
ח;א;ת;ו;כ;ל;מ;ה;נ;י;ד;מ;ה;א;מ;ו;ם;י;ר;ש
י;ק;ל;ת;מ;א;ו;ם;ו;ל;ש;י;ר;ב;ד;ש;ו;ר;ו;ש
י;נ;מ;ז;ב;ה;ל;א;ה;ם;י;ר;פ;ה;י;מ;י;ת;א;ם
ה;י;כ;ד;ר;מ;ם;ה;י;ל;ע;ם;י;ק;ר;ש;א;כ;ם;ה
ר;ש;א;כ;ו;ה;כ;ל;מ;ה;ר;ת;ס;א;ו;י;ד;ו;ה;י
ר;ב;ד;ם;ע;ר;ז;ל;ע;ו;ם;ש;פ;נ;ל;ע;ו;מ;י;ק
ת;ס;א;ר;מ;א;מ;ו;ם;ת;ק;ע;ז;ו;ת;ו;מ;צ;ה;י
כ;נ;ו;ה;ל;א;ה;ם;י;ר;פ;ה;י;ר;ב;ד;ם;י;ק;ר
מ;ש;ר;ש;ח;א;ך;ל;מ;ה;ם;ש;י;ו;ר;פ;ס;ב;ב;ת
ש;ע;מ;ל;כ;ו;ם;י;ה;י;י;א;ו;ץ;ר;א;ה;ל;ע;ס
ל;ד;ג;ת;ש;ר;פ;ו;ו;ת;ר;ו;ב;ג;ו;ו;פ;ק;ת;ה
ו;ל;ה;ך;ל;מ;ה;ו;ל;ד;ג;ר;ש;א;י;כ;ד;ר;מ;ת
י;ה;י;ר;ב;ד;ר;פ;ס;ל;ע;ם;י;ב;ו;ת;כ;ם;ה;א
ד;ר;מ;י;כ;ס;ר;פ;ו;י;ד;מ;י;כ;ל;מ;ל;ם;י;מ
ו;ש;ח;א;ך;ל;מ;ל;ה;נ;ש;מ;י;ד;ו;ה;י;ה;י;כ
י;ו;צ;ר;ו;ם;י;ד;ו;ה;י;ל;ל;ו;ד;ג;ו;ש;ו;ר
ב;ד;ו;ו;מ;ע;ל;ב;ו;ט;ש;ר;ד;ו;י;ח;א;ב;ר;ל
 ; ; ; ; ; ; ; ;ו;ע;ר;ז;ל;כ;ל;ם;ו;ל;ש;ר
