(34, 1, 1, 20, 20);ח;א;א;ו;ה;ש;ו;ר;ו;ש;ח;א;י;מ;י;ב;י;ה;י;ו;(34, 1, 1, 1, 1)
(34, 1, 1, 40, 40);ש;ש;ו;כ;ד;ע;ו;ו;ד;ה;מ;ך;ל;מ;ה;ש;ו;ר;ו;ש;(34, 1, 1, 21, 21)
(34, 1, 2, 3, 60);מ;י;ב;ה;נ;י;ד;מ;ה;א;מ;ו;ם;י;ר;ש;ע;ו;ע;ב;(34, 1, 1, 41, 41)
(34, 1, 2, 23, 80);ש;ו;ר;ו;ש;ח;א;ך;ל;מ;ה;ת;ב;ש;כ;ם;ה;ה;ם;י;(34, 1, 2, 4, 61)
(34, 1, 2, 43, 100);ה;ן;ש;ו;ש;ב;ר;ש;א;ו;ת;ו;כ;ל;מ;א;ס;כ;ל;ע;(34, 1, 2, 24, 81)
(34, 1, 3, 16, 120);ה;ש;ע;ו;כ;ל;מ;ל;ש;ו;ל;ש;ת;נ;ש;ב;ה;ר;י;ב;(34, 1, 2, 44, 101)
(34, 1, 3, 36, 140);ל;י;ח;ו;י;ד;ב;ע;ו;ו;י;ר;ש;ל;כ;ל;ה;ת;ש;מ;(34, 1, 3, 17, 121)
(34, 1, 3, 56, 160);מ;ה;י;ר;ש;ו;ם;י;מ;ת;ר;פ;ה;י;ד;מ;ו;ס;ר;פ;(34, 1, 3, 37, 141)
(34, 1, 4, 10, 180);ש;ע;ת;א;ו;ת;א;ר;ה;ב;ו;י;נ;פ;ל;ת;ו;נ;י;ד;(34, 1, 3, 57, 161)
(34, 1, 4, 30, 200);א;פ;ת;ר;ק;י;ת;א;ו;ו;ת;ו;כ;ל;מ;ד;ו;ב;כ;ר;(34, 1, 4, 11, 181)
(34, 1, 4, 50, 220);נ;ו;מ;ש;ם;י;ב;ר;ם;י;מ;י;ו;ת;ל;ו;ד;ג;ת;ר;(34, 1, 4, 31, 201)
(34, 1, 5, 11, 240);י;מ;י;ה;ת;א;ו;ל;מ;ב;ו;ם;ו;י;ת;א;מ;ו;ם;י;(34, 1, 4, 51, 221)
(34, 1, 5, 31, 260);נ;ה;ם;ע;ה;ל;כ;ל;ך;ל;מ;ה;ה;ש;ע;ה;ל;א;ה;ם;(34, 1, 5, 12, 241)
(34, 1, 5, 51, 280);ו;ד;ג;מ;ל;ה;ר;י;ב;ה;ן;ש;ו;ש;ב;ם;י;א;צ;מ;(34, 1, 5, 32, 261)
(34, 1, 5, 71, 300);ב;ם;י;מ;י;ת;ע;ב;ש;ה;ת;ש;מ;ן;ט;ק;ד;ע;ו;ל;(34, 1, 5, 52, 281)
(34, 1, 6, 6, 320);פ;ר;כ;ר;ו;ח;ך;ל;מ;ה;ן;ת;י;ב;ת;נ;ג;ר;צ;ח;(34, 1, 5, 72, 301)
(34, 1, 6, 26, 340);א;ו;ץ;ו;ב;י;ל;ב;ח;ב;ז;ו;ח;א;ת;ל;כ;ת;ו;ס;(34, 1, 6, 7, 321)
(34, 1, 6, 46, 360);י;ד;ו;מ;ע;ו;ף;ס;כ;י;ל;י;ל;ג;ל;ע;ן;מ;ג;ר;(34, 1, 6, 27, 341)
(34, 1, 6, 66, 380);ב;ת;פ;צ;ר;ל;ע;ף;ס;כ;ו;ב;ה;ז;ת;ו;ט;מ;ש;ש;(34, 1, 6, 47, 361)
(34, 1, 7, 7, 400);ב;ת;ו;ק;ש;ה;ו;ת;ר;ח;ס;ו;ר;ד;ו;ש;ש;ו;ט;ה;(34, 1, 6, 67, 381)
(34, 1, 7, 27, 420);י;נ;ו;ש;ם;י;ל;כ;מ;ם;י;ל;כ;ו;ב;ה;ז;י;ל;כ;(34, 1, 7, 8, 401)
(34, 1, 8, 1, 440);ו;ך;ל;מ;ה;ד;י;כ;ב;ר;ת;ו;כ;ל;מ;ן;י;י;ו;ם;(34, 1, 7, 28, 421)
(34, 1, 8, 21, 460);ס;י;ן;כ;י;כ;ס;נ;א;ן;י;א;ת;ד;כ;ה;י;ת;ש;ה;(34, 1, 8, 2, 441)
(34, 1, 8, 41, 480);ת;ו;ש;ע;ל;ו;ת;י;ב;ב;ר;ל;כ;ל;ע;ך;ל;מ;ה;ד;(34, 1, 8, 22, 461)
(34, 1, 9, 8, 500);מ;ה;י;ת;ש;ו;ם;ג;ש;י;א;ו;ש;י;א;ן;ו;צ;ר;כ;(34, 1, 8, 42, 481)
(34, 1, 9, 28, 520);מ;ה;ת;י;ב;ם;י;ש;נ;ה;ת;ש;מ;ה;ת;ש;ע;ה;כ;ל;(34, 1, 9, 9, 501)
(34, 1, 10, 2, 540);י;ב;ש;ו;ר;ו;ש;ח;א;ך;ל;מ;ל;ר;ש;א;ת;ו;כ;ל;(34, 1, 9, 29, 521)
(34, 1, 10, 22, 560);י;ב;ך;ל;מ;ה;ב;ל;ב;ו;ט;כ;י;ע;י;ב;ש;ה;ם;ו;(34, 1, 10, 3, 541)
(34, 1, 10, 42, 580);נ;ו;ב;ר;ח;א;ת;ז;ב;ן;מ;ו;ה;מ;ל;ר;מ;א;ן;י;(34, 1, 10, 23, 561)
(34, 1, 10, 62, 600);ש;ס;כ;ר;כ;ו;ר;ת;ז;א;ת;ג;ב;א;ו;א;ת;ג;ב;א;(34, 1, 10, 43, 581)
(34, 1, 10, 82, 620);פ;ת;א;ם;י;ת;ר;ש;מ;ה;ם;י;ס;י;ר;ס;ה;ת;ע;ב;(34, 1, 10, 63, 601)
(34, 1, 11, 7, 640);ת;א;א;י;ב;ה;ל;ש;ו;ר;ו;ש;ח;א;ך;ל;מ;ה;י;נ;(34, 1, 10, 83, 621)
(34, 1, 11, 27, 660);ת;כ;ב;ך;ל;מ;ה;י;נ;פ;ל;ה;כ;ל;מ;ה;י;ת;ש;ו;(34, 1, 11, 8, 641)
(34, 1, 11, 47, 680);ש;ה;ו;ם;י;מ;ע;ה;ת;ו;א;ר;ה;ל;ת;ו;כ;ל;מ;ר;(34, 1, 11, 28, 661)
(34, 1, 11, 67, 700);ה;ה;א;ר;מ;ת;ב;ו;ט;י;כ;ה;י;פ;י;ת;א;ם;י;ר;(34, 1, 11, 48, 681)
(34, 1, 12, 18, 720);א;ו;ב;ל;י;ת;ש;ו;ה;כ;ל;מ;ה;ן;א;מ;ת;ו;א;י;(34, 1, 11, 68, 701)
(34, 1, 12, 38, 740);י;ס;י;ר;ס;ה;ד;י;ב;ר;ש;א;ך;ל;מ;ה;ר;ב;ד;ב;(34, 1, 12, 19, 721)
(34, 1, 12, 58, 760);ע;ב;ו;ת;מ;ח;ו;ד;א;מ;ך;ל;מ;ה;ף;צ;ק;י;ו;ם;(34, 1, 12, 39, 741)
(34, 1, 13, 16, 780);י;ם;י;מ;כ;ח;ל;ך;ל;מ;ה;ר;מ;א;י;ו;ו;ב;ה;ר;(34, 1, 12, 59, 761)
(34, 1, 13, 36, 800);ל;ך;ל;מ;ה;ר;ב;ד;ן;כ;י;כ;ם;י;ת;ע;ה;י;ע;ד;(34, 1, 13, 17, 781)
(34, 1, 14, 5, 820);ב;ר;ק;ה;ו;ן;י;ד;ו;ת;ד;י;ע;ד;י;ל;כ;י;נ;פ;(34, 1, 13, 37, 801)
(34, 1, 14, 25, 840);ש;ר;ת;א;ת;מ;ד;א;ר;ת;ש;א;נ;ש;ר;כ;ו;י;ל;א;(34, 1, 14, 6, 821)
(34, 1, 14, 45, 860);ש;ת;ע;ב;ש;ן;כ;ו;מ;מ;א;נ;ס;ר;מ;ס;ר;מ;ש;י;(34, 1, 14, 26, 841)
(34, 1, 14, 65, 880);ה;ך;ל;מ;ה;י;נ;פ;י;א;ר;י;ד;מ;ו;ס;ר;פ;י;ר;(34, 1, 14, 46, 861)
(34, 1, 15, 4, 900);מ;ת;ד;כ;ת;ו;כ;ל;מ;ב;ה;נ;ש;א;ר;ם;י;ב;ש;י;(34, 1, 14, 66, 881)
(34, 1, 15, 24, 920);ר;ש;א;ל;ע;י;ת;ש;ו;ה;כ;ל;מ;ב;ת;ו;ש;ע;ל;ה;(34, 1, 15, 5, 901)
(34, 1, 15, 44, 940);ו;ש;ח;א;ך;ל;מ;ה;ר;מ;א;מ;ת;א;ה;ת;ש;ע;א;ל;(34, 1, 15, 25, 921)
(34, 1, 16, 7, 960);ו;מ;ר;מ;א;י;ו;ם;י;ס;י;ר;ס;ה;ד;י;ב;ש;ו;ר;(34, 1, 15, 45, 941)
(34, 1, 16, 27, 980);ע;א;ל;ם;י;ר;ש;ה;ו;ך;ל;מ;ה;י;נ;פ;ל;ן;כ;מ;(34, 1, 16, 8, 961)
(34, 1, 16, 47, 1000);ל;מ;ה;י;ת;ש;ו;ה;ת;ו;ע;ו;ד;ב;ל;ך;ל;מ;ה;ל;(34, 1, 16, 28, 981)
(34, 1, 16, 67, 1020);ע;ה;ל;כ;ל;ע;ו;ם;י;ר;ש;ה;ל;כ;ל;ע;י;כ;ה;כ;(34, 1, 16, 48, 1001)
(34, 1, 16, 87, 1040);א;ך;ל;מ;ה;ת;ו;נ;י;ד;מ;ל;כ;ב;ר;ש;א;ם;י;מ;(34, 1, 16, 68, 1021)
(34, 1, 17, 14, 1060);ע;ה;כ;ל;מ;ה;ר;ב;ד;א;צ;י;י;כ;ש;ו;ר;ו;ש;ח;(34, 1, 16, 88, 1041)
(34, 1, 17, 34, 1080);ן;ה;י;ל;ע;ב;ת;ו;ז;ב;ה;ל;ם;י;ש;נ;ה;ל;כ;ל;(34, 1, 17, 15, 1061)
(34, 1, 17, 54, 1100);ו;ש;ח;א;ך;ל;מ;ה;ם;ר;מ;א;ב;ן;ה;י;נ;י;ע;ב;(34, 1, 17, 35, 1081)
(34, 1, 17, 74, 1120);ל;מ;ה;י;ת;ש;ו;ת;א;א;י;ב;ה;ל;ר;מ;א;ש;ו;ר;(34, 1, 17, 55, 1101)
(34, 1, 18, 7, 1140);ז;ה;ם;ו;י;ה;ו;ה;א;ב;א;ל;ו;ו;י;נ;פ;ל;ה;כ;(34, 1, 17, 75, 1121)
(34, 1, 18, 27, 1160);ש;א;י;ד;מ;ו;ס;ר;פ;ת;ו;ר;ש;ה;נ;ר;מ;א;ת;ה;(34, 1, 18, 8, 1141)
(34, 1, 18, 47, 1180);ר;ש;ל;כ;ל;ה;כ;ל;מ;ה;ר;ב;ד;ת;א;ו;ע;מ;ש;ר;(34, 1, 18, 28, 1161)
(34, 1, 19, 2, 1200);ם;א;ף;צ;ק;ו;ן;ו;י;ז;ב;י;ד;כ;ו;ך;ל;מ;ה;י;(34, 1, 18, 48, 1181)
(34, 1, 19, 22, 1220);ת;ו;כ;ל;מ;ר;ב;ד;א;צ;י;ב;ו;ט;ך;ל;מ;ה;ל;ע;(34, 1, 19, 3, 1201)
(34, 1, 19, 42, 1240);מ;ו;ס;ר;פ;י;ת;ד;ב;ב;ת;כ;י;ו;ו;י;נ;פ;ל;מ;(34, 1, 19, 23, 1221)
(34, 1, 19, 62, 1260);ו;א;ו;ב;ת;א;ל;ר;ש;א;ר;ו;ב;ע;י;א;ל;ו;י;ד;(34, 1, 19, 43, 1241)
(34, 1, 19, 82, 1280);מ;ו;ש;ו;ר;ו;ש;ח;א;ך;ל;מ;ה;י;נ;פ;ל;י;ת;ש;(34, 1, 19, 63, 1261)
(34, 1, 19, 102, 1300);ט;ה;ה;ת;ו;ע;ר;ל;ך;ל;מ;ה;ן;ת;י;ה;ת;ו;כ;ל;(34, 1, 19, 83, 1281)
(34, 1, 20, 13, 1320);ך;ל;מ;ה;ם;ג;ת;פ;ע;מ;ש;נ;ו;ה;נ;מ;מ;ה;ב;ו;(34, 1, 19, 103, 1301)
(34, 1, 20, 33, 1340);ב;ר;י;כ;ו;ת;ו;כ;ל;מ;ל;כ;ב;ה;ש;ע;י;ר;ש;א;(34, 1, 20, 14, 1321)
(34, 1, 20, 53, 1360);ל;ר;ק;י;ו;נ;ת;י;ם;י;ש;נ;ה;ל;כ;ו;א;י;ה;ה;(34, 1, 20, 34, 1341)
(34, 1, 21, 2, 1380);י;ו;ן;ט;ק;ד;ע;ו;ל;ו;ד;ג;מ;ל;ן;ה;י;ל;ע;ב;(34, 1, 20, 54, 1361)
(34, 1, 21, 22, 1400);ר;ש;ה;ו;ך;ל;מ;ה;י;נ;י;ע;ב;ר;ב;ד;ה;ב;ט;י;(34, 1, 21, 3, 1381)
(34, 1, 22, 1, 1420);ו;ן;כ;ו;מ;מ;ר;ב;ד;כ;ך;ל;מ;ה;ש;ע;י;ו;ם;י;(34, 1, 21, 23, 1401)
(34, 1, 22, 21, 1440);ה;ת;ו;נ;י;ד;מ;ל;כ;ל;א;ם;י;ר;פ;ס;ח;ל;ש;י;(34, 1, 22, 2, 1421)
(34, 1, 22, 41, 1460);ב;ת;כ;כ;ה;נ;י;ד;מ;ו;ה;נ;י;ד;מ;ל;א;ך;ל;מ;(34, 1, 22, 22, 1441)
(34, 1, 22, 61, 1480);ת;ו;י;ה;ל;ו;נ;ו;ש;ל;כ;ם;ע;ו;ם;ע;ל;א;ו;ה;(34, 1, 22, 42, 1461)
(34, 1, 22, 81, 1500);ל;כ;ר;ב;ד;מ;ו;ו;ת;י;ב;ב;ר;ר;ש;ש;י;א;ל;כ;(34, 1, 22, 62, 1481)
(34, 2, 1, 14, 1520);כ;ה;ל;א;ה;ם;י;ר;ב;ד;ה;ר;ח;א;ו;מ;ע;ן;ו;ש;(34, 1, 22, 82, 1501)
(34, 2, 1, 34, 1540);א;ר;כ;ז;ש;ו;ר;ו;ש;ח;א;ך;ל;מ;ה;ת;מ;ח;ך;ש;(34, 2, 1, 15, 1521)
(34, 2, 1, 54, 1560);ש;א;ת;א;ו;ה;ת;ש;ע;ר;ש;א;ת;א;ו;י;ת;ש;ו;ת;(34, 2, 1, 35, 1541)
(34, 2, 2, 11, 1580);ה;י;ר;ע;נ;ו;ר;מ;א;י;ו;ה;י;ל;ע;ר;ז;ג;נ;ר;(34, 2, 1, 55, 1561)
(34, 2, 2, 31, 1600);ע;נ;ך;ל;מ;ל;ו;ש;ק;ב;י;ו;י;ת;ר;ש;מ;ך;ל;מ;(34, 2, 2, 12, 1581)
(34, 2, 3, 2, 1620);י;ו;ה;א;ר;מ;ת;ו;ב;ו;ט;ת;ו;ל;ו;ת;ב;ת;ו;ר;(34, 2, 2, 32, 1601)
(34, 2, 3, 22, 1640);נ;י;ד;מ;ל;כ;ב;ם;י;ד;י;ק;פ;ך;ל;מ;ה;ד;ק;פ;(34, 2, 3, 3, 1621)
(34, 2, 3, 42, 1660);ע;נ;ל;כ;ת;א;ו;צ;ב;ק;י;ו;ו;ת;ו;כ;ל;מ;ת;ו;(34, 2, 3, 23, 1641)
(34, 2, 3, 62, 1680);ש;ו;ש;ל;א;ה;א;ר;מ;ת;ב;ו;ט;ה;ל;ו;ת;ב;ה;ר;(34, 2, 3, 43, 1661)
(34, 2, 3, 82, 1700);ד;י;ל;א;ם;י;ש;נ;ה;ת;י;ב;ל;א;ה;ר;י;ב;ה;ן;(34, 2, 3, 63, 1681)
(34, 2, 3, 102, 1720);ו;ם;י;ש;נ;ה;ר;מ;ש;ך;ל;מ;ה;ס;י;ר;ס;א;ג;ה;(34, 2, 3, 83, 1701)
(34, 2, 4, 8, 1740);ש;א;ה;ר;ע;נ;ה;ו;ן;ה;י;ק;ו;ר;מ;ת;ן;ו;ת;נ;(34, 2, 3, 103, 1721)
(34, 2, 4, 28, 1760);ח;ת;ך;ל;מ;ת;ך;ל;מ;ה;י;נ;י;ע;ב;ב;ט;י;ת;ר;(34, 2, 4, 9, 1741)
(34, 2, 4, 48, 1780);ה;י;נ;י;ע;ב;ר;ב;ד;ה;ב;ט;י;י;ו;י;ת;ש;ו;ת;(34, 2, 4, 29, 1761)
(34, 2, 5, 11, 1800);ה;י;ה;י;ד;ו;ה;י;ש;י;א;ן;כ;ש;ע;י;ו;ך;ל;מ;(34, 2, 4, 49, 1781)
(34, 2, 5, 31, 1820);ב;י;כ;ד;ר;מ;ו;מ;ש;ו;ה;ר;י;ב;ה;ן;ש;ו;ש;ב;(34, 2, 5, 12, 1801)
(34, 2, 5, 51, 1840);י;ש;י;א;ש;י;ק;ן;ב;י;ע;מ;ש;ן;ב;ר;י;א;י;ן;(34, 2, 5, 32, 1821)
(34, 2, 6, 16, 1860);ע;ם;י;ל;ש;ו;ר;י;מ;ה;ל;ג;ה;ר;ש;א;י;נ;י;מ;(34, 2, 5, 52, 1841)
(34, 2, 6, 36, 1880);ה;י;נ;כ;י;ם;ע;ה;ת;ל;ג;ה;ר;ש;א;ה;ל;ג;ה;ם;(34, 2, 6, 17, 1861)
(34, 2, 6, 56, 1900);ד;כ;ו;ב;נ;ה;ל;ג;ה;ר;ש;א;ה;ד;ו;ה;י;ך;ל;מ;(34, 2, 6, 37, 1881)
(34, 2, 7, 10, 1920);ה;ת;א;ן;מ;א;י;ה;י;ו;ל;ב;ב;ך;ל;מ;ר;צ;א;נ;(34, 2, 6, 57, 1901)
(34, 2, 7, 30, 1940);ן;י;א;י;כ;ו;ד;ד;ת;ב;ר;ת;ס;א;א;י;ה;ה;ס;ד;(34, 2, 7, 11, 1921)
(34, 2, 7, 50, 1960);ו;ר;א;ת;ת;פ;י;ה;ר;ע;נ;ה;ו;ם;א;ו;ב;א;ה;ל;(34, 2, 7, 31, 1941)
(34, 2, 7, 70, 1980);מ;א;ו;ה;י;ב;א;ת;ו;מ;ב;ו;ה;א;ר;מ;ת;ב;ו;ט;(34, 2, 7, 51, 1961)
(34, 2, 8, 5, 2000);ב;י;ה;י;ו;ת;ב;ל;ו;ל;י;כ;ד;ר;מ;ה;ח;ק;ל;ה;(34, 2, 7, 71, 1981)
(34, 2, 8, 25, 2020);ב;ק;ה;ב;ו;ו;ת;ד;ו;ך;ל;מ;ה;ר;ב;ד;ע;מ;ש;ה;(34, 2, 8, 6, 2001)
(34, 2, 8, 45, 2040);ר;י;ב;ה;ן;ש;ו;ש;ל;א;ת;ו;ב;ר;ת;ו;ר;ע;נ;ץ;(34, 2, 8, 26, 2021)
(34, 2, 8, 65, 2060);ב;ל;א;ר;ת;ס;א;ח;ק;ל;ת;ו;י;ג;ה;ד;י;ל;א;ה;(34, 2, 8, 46, 2041)
(34, 2, 8, 85, 2080);י;ש;נ;ה;ר;מ;ש;י;ג;ה;ד;י;ל;א;ך;ל;מ;ה;ת;י;(34, 2, 8, 66, 2061)
(34, 2, 9, 19, 2100);ש;ת;ו;ו;י;נ;י;ע;ב;ה;ר;ע;נ;ה;ב;ט;י;ת;ו;ם;(34, 2, 8, 86, 2081)
(34, 2, 9, 39, 2120);ו;ר;מ;ת;ת;א;ל;ה;ב;י;ו;ו;י;נ;פ;ל;ד;ס;ח;א;(34, 2, 9, 20, 2101)
(34, 2, 9, 59, 2140);ש;ת;א;ו;ה;ל;ת;ת;ל;ה;ת;ו;נ;מ;ת;א;ו;ה;י;ק;(34, 2, 9, 40, 2121)
(34, 2, 9, 79, 2160);מ;ה;ל;ת;ת;ל;ת;ו;י;א;ר;ה;ת;ו;ר;ע;נ;ה;ע;ב;(34, 2, 9, 60, 2141)
(34, 2, 9, 99, 2180);ת;ו;ר;ע;נ;ת;א;ו;ה;נ;ש;י;ו;ך;ל;מ;ה;ת;י;ב;(34, 2, 9, 80, 2161)
(34, 2, 10, 6, 2200);ד;י;ג;ה;א;ל;ם;י;ש;נ;ה;ת;י;ב;ב;ו;ט;ל;ה;י;(34, 2, 9, 100, 2181)
(34, 2, 10, 26, 2220);כ;ה;ת;ד;ל;ו;מ;ת;א;ו;ה;מ;ע;ת;א;ר;ת;ס;א;ה;(34, 2, 10, 7, 2201)
(34, 2, 10, 46, 2240);ג;ת;א;ל;ר;ש;א;ה;י;ל;ע;ה;ו;צ;י;כ;ד;ר;מ;י;(34, 2, 10, 27, 2221)
(34, 2, 11, 18, 2260);ת;מ;י;כ;ד;ר;מ;ם;ו;י;ו;ם;ו;י;ל;כ;ב;ו;ד;י;(34, 2, 10, 47, 2241)
(34, 2, 11, 38, 2280);ד;ל;ם;י;ש;נ;ה;ת;י;ב;ר;צ;ח;י;נ;פ;ל;ך;ל;ה;(34, 2, 11, 19, 2261)
(34, 2, 11, 58, 2300);ב;ה;ש;ע;י;ה;מ;ו;ר;ת;ס;א;ם;ו;ל;ש;ת;א;ת;ע;(34, 2, 11, 39, 2281)
(34, 2, 12, 19, 2320);ב;ל;ה;ר;ע;נ;ו;ה;ר;ע;נ;ר;ת;ע;י;ג;ה;ב;ו;ה;(34, 2, 11, 59, 2301)
(34, 2, 12, 39, 2340);י;ה;ץ;ק;מ;ש;ו;ר;ו;ש;ח;א;ך;ל;מ;ה;ל;א;א;ו;(34, 2, 12, 20, 2321)
(34, 2, 12, 59, 2360);ח;ר;ש;ע;ם;י;נ;ש;ם;י;ש;נ;ה;ת;ד;כ;ה;ל;ת;ו;(34, 2, 12, 40, 2341)
(34, 2, 12, 79, 2380);ה;י;ק;ו;ר;מ;י;מ;י;ו;א;ל;מ;י;ן;כ;י;כ;ש;ד;(34, 2, 12, 60, 2361)
(34, 2, 12, 99, 2400);ה;ש;ש;ו;ר;מ;ה;ן;מ;ש;ב;ם;י;ש;ד;ח;ה;ש;ש;ן;(34, 2, 12, 80, 2381)
(34, 2, 12, 119, 2420);ה;י;ק;ו;ר;מ;ת;ב;ו;ם;י;מ;ש;ב;ב;ם;י;ש;ד;ח;(34, 2, 12, 100, 2401)
(34, 2, 13, 16, 2440);מ;ה;ל;א;ה;א;ב;ה;ר;ע;נ;ה;ה;ז;ב;ו;ם;י;ש;נ;(34, 2, 12, 120, 2421)
(34, 2, 13, 36, 2460);ל;ה;ל;ן;ת;נ;י;ר;מ;א;ת;ר;ש;א;ל;כ;ת;א;ך;ל;(34, 2, 13, 17, 2441)
(34, 2, 13, 56, 2480);ת;י;ב;ד;ע;ם;י;ש;נ;ה;ת;י;ב;מ;ה;מ;ע;א;ו;ב;(34, 2, 13, 37, 2461)
(34, 2, 14, 16, 2500);ה;ר;ק;ב;ב;ו;ה;א;ב;א;י;ה;ב;ר;ע;ב;ך;ל;מ;ה;(34, 2, 13, 57, 2481)
(34, 2, 14, 36, 2520);ל;א;י;נ;ש;ם;י;ש;נ;ה;ת;י;ב;ל;א;ה;ב;ש;א;י;(34, 2, 14, 17, 2501)
(34, 2, 14, 56, 2540);פ;ה;ר;מ;ש;ך;ל;מ;ה;ס;י;ר;ס;ז;ג;ש;ע;ש;ד;י;(34, 2, 14, 37, 2521)
(34, 2, 14, 76, 2560);ל;מ;ה;ל;א;ד;ו;ע;א;ו;ב;ת;א;ל;ם;י;ש;ג;ל;י;(34, 2, 14, 57, 2541)
(34, 2, 14, 96, 2580);ה;א;ר;ק;נ;ו;ך;ל;מ;ה;ה;ב;ץ;פ;ח;ם;א;י;כ;ך;(34, 2, 14, 77, 2561)
(34, 2, 15, 17, 2600);י;ב;א;ת;ב;ר;ת;ס;א;ר;ת;ע;י;ג;ה;ב;ו;ם;ש;ב;(34, 2, 14, 97, 2581)
(34, 2, 15, 37, 2620);ב;ל;ו;ל;ח;ק;ל;ר;ש;א;י;כ;ד;ר;מ;ד;ד;ל;י;ח;(34, 2, 15, 18, 2601)
(34, 2, 15, 57, 2640);ר;ב;ד;ה;ש;ק;ב;א;ל;ך;ל;מ;ה;ל;א;א;ו;ב;ל;ת;(34, 2, 15, 38, 2621)
(34, 2, 15, 77, 2660);ס;י;ר;ס;י;ג;ה;ר;מ;א;י;ר;ש;א;ת;א;ם;א;י;כ;(34, 2, 15, 58, 2641)
(34, 2, 15, 97, 2680);ר;ת;ס;א;י;ה;ת;ו;ם;י;ש;נ;ה;ר;מ;ש;ך;ל;מ;ה;(34, 2, 15, 78, 2661)
(34, 2, 16, 3, 2700);ל;ת;ו;ה;י;א;ר;ל;כ;י;נ;י;ע;ב;ן;ח;ת;א;ש;נ;(34, 2, 15, 98, 2681)
(34, 2, 16, 23, 2720);א;ש;ו;ר;ו;ש;ח;א;ך;ל;מ;ה;ל;א;ר;ת;ס;א;ח;ק;(34, 2, 16, 4, 2701)
(34, 2, 16, 43, 2740);י;ר;י;ש;ע;ה;ש;ד;ח;ב;ו;ת;ו;כ;ל;מ;ת;י;ב;ל;(34, 2, 16, 24, 2721)
(34, 2, 16, 63, 2760);כ;ל;מ;ל;ע;ב;ש;ת;נ;ש;ב;ת;ב;ט;ש;ד;ח;א;ו;ה;(34, 2, 16, 44, 2741)
(34, 2, 17, 17, 2780);כ;מ;ר;ת;ס;א;ת;א;ך;ל;מ;ה;ב;ה;א;י;ו;ו;ת;ו;(34, 2, 16, 64, 2761)
(34, 2, 17, 37, 2800);י;נ;פ;ל;ד;ס;ח;ו;ן;ח;א;ש;ת;ו;ם;י;ש;נ;ה;ל;(34, 2, 17, 18, 2781)
(34, 2, 17, 57, 2820);כ;ל;מ;ר;ת;כ;ם;ש;י;ו;ת;ל;ו;ת;ב;ה;ל;כ;מ;ו;(34, 2, 17, 38, 2801)
(34, 2, 17, 77, 2840);ת;ש;ו;ת;ח;ת;ה;כ;י;ל;מ;י;ו;ה;ש;א;ר;ב;ת;ו;(34, 2, 17, 58, 2821)
(34, 2, 18, 19, 2860);ל;כ;ל;ל;ו;ד;ג;ה;ת;ש;מ;ך;ל;מ;ה;ש;ע;י;ו;י;(34, 2, 17, 78, 2841)
(34, 2, 18, 39, 2880);ר;ת;ס;א;ה;ת;ש;מ;ת;א;ו;י;ד;ב;ע;ו;ו;י;ר;ש;(34, 2, 18, 20, 2861)
(34, 2, 18, 59, 2900);מ;ן;ת;י;ו;ה;ש;ע;ת;ו;נ;י;ד;מ;ל;ה;ח;נ;ה;ו;(34, 2, 18, 40, 2881)
(34, 2, 19, 10, 2920);ל;ו;ת;ב;ץ;ב;ק;ה;ב;ו;ך;ל;מ;ה;ד;י;כ;ת;א;ש;(34, 2, 18, 60, 2901)
(34, 2, 19, 30, 2940);ה;ר;ע;ש;ב;ב;ש;י;י;כ;ד;ר;מ;ו;ת;י;נ;ש;ת;ו;(34, 2, 19, 11, 2921)
(34, 2, 20, 17, 2960);ה;ת;ד;ל;ו;מ;ת;ד;ג;מ;ר;ת;ס;א;ן;י;א;ך;ל;מ;(34, 2, 19, 31, 2941)
(34, 2, 20, 37, 2980);ד;ר;מ;ה;י;ל;ע;ה;ו;צ;ר;ש;א;כ;ה;מ;ע;ת;א;ו;(34, 2, 20, 18, 2961)
(34, 2, 20, 57, 3000);ש;ע;ר;ת;ס;א;י;כ;ד;ר;מ;ר;מ;א;מ;ת;א;ו;י;כ;(34, 2, 20, 38, 2981)
(34, 2, 21, 3, 3020);מ;י;ב;ו;ת;א;ה;נ;מ;א;ב;ה;ת;י;ה;ר;ש;א;כ;ה;(34, 2, 20, 58, 3001)
(34, 2, 21, 23, 3040);מ;ה;ר;ע;ש;ב;ב;ש;י;י;כ;ד;ר;מ;ו;ם;ה;ה;ם;י;(34, 2, 21, 4, 3021)
(34, 2, 21, 43, 3060);ס;י;ר;ס;י;נ;ש;ש;ר;ת;ו;ן;ת;ג;ב;ף;צ;ק;ך;ל;(34, 2, 21, 24, 3041)
(34, 2, 21, 63, 3080);ל;ו;ש;ק;ב;י;ו;ף;ס;ה;י;ר;מ;ש;מ;ך;ל;מ;ה;י;(34, 2, 21, 44, 3061)
(34, 2, 22, 5, 3100);ע;ד;ו;י;ו;ש;ר;ו;ש;ח;א;ך;ל;מ;ב;ד;י;ח;ל;ש;(34, 2, 21, 64, 3081)
(34, 2, 22, 25, 3120);ה;ר;ת;ס;א;ל;ד;ג;י;ו;י;כ;ד;ר;מ;ל;ר;ב;ד;ה;(34, 2, 22, 6, 3101)
(34, 2, 22, 45, 3140);ם;ש;ב;ך;ל;מ;ל;ר;ת;ס;א;ר;מ;א;ת;ו;ה;כ;ל;מ;(34, 2, 22, 26, 3121)
(34, 2, 23, 15, 3160);ו;א;צ;מ;י;ו;ר;ב;ד;ה;ש;ק;ב;י;ו;י;כ;ד;ר;מ;(34, 2, 22, 46, 3141)
(34, 2, 23, 35, 3180);ס;ב;ב;ת;כ;י;ו;ץ;ע;ל;ע;ם;ה;י;נ;ש;ו;ל;ת;י;(34, 2, 23, 16, 3161)
(34, 3, 1, 1, 3200);א;ך;ל;מ;ה;י;נ;פ;ל;ם;י;מ;י;ה;י;ר;ב;ד;ר;פ;(34, 2, 23, 36, 3181)
(34, 3, 1, 21, 3220);א;ך;ל;מ;ה;ל;ד;ג;ה;ל;א;ה;ם;י;ר;ב;ד;ה;ר;ח;(34, 3, 1, 2, 3201)
(34, 3, 1, 41, 3240);א;ה;א;ת;ד;מ;ה;ן;ב;ן;מ;ה;ת;א;ש;ו;ר;ו;ש;ח;(34, 3, 1, 22, 3221)
(34, 3, 1, 61, 3260);ו;א;ס;כ;ת;א;ם;ש;י;ו;ו;ה;א;ש;נ;י;ו;י;ג;ג;(34, 3, 1, 42, 3241)
(34, 3, 2, 4, 3280);ע;ל;כ;ו;ו;ת;א;ר;ש;א;ם;י;ר;ש;ה;ל;כ;ל;ע;מ;(34, 3, 1, 62, 3261)
(34, 3, 2, 24, 3300);ר;כ;ך;ל;מ;ה;ר;ע;ש;ב;ר;ש;א;ך;ל;מ;ה;י;ד;ב;(34, 3, 2, 5, 3281)
(34, 3, 2, 44, 3320);צ;ן;כ;י;כ;ן;מ;ה;ל;ם;י;ו;ח;ת;ש;מ;ו;ם;י;ע;(34, 3, 2, 25, 3301)
(34, 3, 2, 64, 3340);ע;ר;כ;י;א;ל;י;כ;ד;ר;מ;ו;ך;ל;מ;ה;ו;ל;ה;ו;(34, 3, 2, 45, 3321)
(34, 3, 3, 11, 3360);ה;י;ד;ב;ע;ו;ר;מ;א;י;ו;ה;ו;ח;ת;ש;י;א;ל;ו;(34, 3, 2, 65, 3341)
(34, 3, 3, 31, 3380);י;כ;ד;ר;מ;ל;ך;ל;מ;ה;ר;ע;ש;ב;ר;ש;א;ך;ל;מ;(34, 3, 3, 12, 3361)
(34, 3, 3, 51, 3400);ל;מ;ה;ת;ו;צ;מ;ת;א;ר;ב;ו;ע;ה;ת;א;ע;ו;ד;מ;(34, 3, 3, 32, 3381)
(34, 3, 4, 19, 3420);ו;י;ו;ם;ו;י;ו;י;ל;א;ם;ר;מ;א;ב;י;ה;י;ו;ך;(34, 3, 3, 52, 3401)
(34, 3, 4, 39, 3440);ה;ל;ו;ד;י;ג;י;ו;ם;ה;י;ל;א;ע;מ;ש;א;ל;ו;ם;(34, 3, 4, 20, 3421)
(34, 3, 4, 59, 3460);ד;ר;מ;י;ר;ב;ד;ו;ד;מ;ע;י;ה;ת;ו;א;ר;ל;ן;מ;(34, 3, 4, 40, 3441)
(34, 3, 4, 79, 3480);ו;ה;י;א;ו;ה;ר;ש;א;ם;ה;ל;ד;י;ג;ה;י;כ;י;כ;(34, 3, 4, 60, 3461)
(34, 3, 5, 18, 3500);כ;י;כ;ד;ר;מ;ן;י;א;י;כ;ן;מ;ה;א;ר;י;ו;י;ד;(34, 3, 4, 80, 3481)
(34, 3, 5, 38, 3520);ח;ן;מ;ה;א;ל;מ;י;ו;ו;ל;ה;ו;ח;ת;ש;מ;ו;ע;ר;(34, 3, 5, 19, 3501)
(34, 3, 6, 18, 3540);מ;ב;ד;י;ח;ל;ש;ל;ו;י;נ;י;ע;ב;ז;ב;י;ו;ה;מ;(34, 3, 5, 39, 3521)
(34, 3, 6, 38, 3560);ע;ת;א;ו;ל;ו;ד;י;ג;ה;י;כ;ו;ד;ב;ל;י;כ;ד;ר;(34, 3, 6, 19, 3541)
(34, 3, 6, 58, 3580);ד;י;מ;ש;ה;ל;ן;מ;ה;ש;ק;ב;י;ו;י;כ;ד;ר;מ;ם;(34, 3, 6, 39, 3561)
(34, 3, 6, 78, 3600);כ;ל;מ;ל;כ;ב;ר;ש;א;ם;י;ד;ו;ה;י;ה;ל;כ;ת;א;(34, 3, 6, 59, 3581)
(34, 3, 7, 4, 3620);ש;ד;ח;ב;י;כ;ד;ר;מ;ם;ע;ש;ו;ר;ו;ש;ח;א;ת;ו;(34, 3, 6, 79, 3601)
(34, 3, 7, 24, 3640);ת;נ;ש;ב;ן;ס;י;נ;ש;ד;ח;א;ו;ה;ן;ו;ש;א;ר;ה;(34, 3, 7, 5, 3621)
(34, 3, 7, 44, 3660);ה;ש;ו;ר;ו;ש;ח;א;ך;ל;מ;ל;ה;ר;ש;ע;ם;י;ת;ש;(34, 3, 7, 25, 3641)
(34, 3, 7, 64, 3680);מ;ה;י;נ;פ;ל;ל;ר;ו;ג;ה;א;ו;ה;ר;ו;פ;ל;י;פ;(34, 3, 7, 45, 3661)
(34, 3, 7, 84, 3700);נ;ש;ש;ד;ח;ל;ש;ד;ח;מ;ו;ם;ו;י;ל;ם;ו;י;מ;ן;(34, 3, 7, 65, 3681)
(34, 3, 8, 6, 3720);ה;ר;מ;א;י;ו;ר;ד;א;ש;ד;ח;א;ו;ה;ר;ש;ע;ם;י;(34, 3, 7, 85, 3701)
(34, 3, 8, 26, 3740);א;ם;ע;ו;נ;ש;י;ש;ו;ר;ו;ש;ח;א;ך;ל;מ;ל;ן;מ;(34, 3, 8, 7, 3721)
(34, 3, 8, 46, 3760);ב;ם;י;מ;ע;ה;ן;י;ב;ד;ר;פ;מ;ו;ר;ז;פ;מ;ד;ח;(34, 3, 8, 27, 3741)
(34, 3, 8, 66, 3780);ם;ה;י;ת;ד;ו;ך;ת;ו;כ;ל;מ;ת;ו;נ;י;ד;מ;ל;כ;(34, 3, 8, 47, 3761)
(34, 3, 8, 86, 3800);א;ך;ל;מ;ה;י;ת;ד;ת;א;ו;ם;ע;ל;כ;מ;ת;ו;נ;ש;(34, 3, 8, 67, 3781)
(34, 3, 8, 106, 3820);ה;ל;ה;ו;ש;ן;י;א;ך;ל;מ;ל;ו;ם;י;ש;ע;ם;נ;י;(34, 3, 8, 87, 3801)
(34, 3, 9, 16, 3840);ל;ב;ת;כ;י;ב;ו;ט;ך;ל;מ;ה;ל;ע;ם;א;ם;ח;י;נ;(34, 3, 8, 107, 3821)
(34, 3, 9, 36, 3860);ף;ס;כ;ר;כ;כ;ם;י;פ;ל;א;ת;ר;ש;ע;ו;ם;ד;ב;א;(34, 3, 9, 17, 3841)
(34, 3, 9, 56, 3880);ל;ה;כ;א;ל;מ;ה;י;ש;ע;י;ד;י;ל;ע;ל;ו;ק;ש;א;(34, 3, 9, 37, 3861)
(34, 3, 10, 6, 3900);מ;ה;ר;ס;י;ו;ך;ל;מ;ה;י;ז;נ;ג;ל;א;א;י;ב;ה;(34, 3, 9, 57, 3881)
(34, 3, 10, 26, 3920);ה;נ;ת;י;ו;ו;ד;י;ל;ע;מ;ו;ת;ע;ב;ט;ת;א;ך;ל;(34, 3, 10, 7, 3901)
(34, 3, 10, 46, 3940);ה;ר;ר;צ;י;ג;ג;א;ה;א;ת;ד;מ;ה;ן;ב;ן;מ;ה;ל;(34, 3, 10, 27, 3921)
(34, 3, 11, 14, 3960);ה;ן;מ;ה;ל;ך;ל;מ;ה;ר;מ;א;י;ו;ם;י;ד;ו;ה;י;(34, 3, 10, 47, 3941)
(34, 3, 11, 34, 3980);ו;ב;ת;ו;ש;ע;ל;ם;ע;ה;ו;ך;ל;ן;ו;ת;נ;ף;ס;כ;(34, 3, 11, 15, 3961)
(34, 3, 12, 10, 4000);י;ר;פ;ס;ו;א;ר;ק;י;ו;ך;י;נ;י;ע;ב;ב;ו;ט;כ;(34, 3, 11, 35, 3981)
(34, 3, 12, 30, 4020);ה;ש;ו;ל;ש;ב;ן;ו;ש;א;ר;ה;ש;ד;ח;ב;ך;ל;מ;ה;(34, 3, 12, 11, 4001)
(34, 3, 12, 50, 4040);צ;ר;ש;א;ל;כ;כ;ב;ת;כ;י;ו;ו;ב;ם;ו;י;ר;ש;ע;(34, 3, 12, 31, 4021)
(34, 3, 12, 70, 4060);ו;ך;ל;מ;ה;י;נ;פ;ר;ד;ש;ח;א;ל;א;ן;מ;ה;ה;ו;(34, 3, 12, 51, 4041)
(34, 3, 12, 90, 4080);ד;מ;ו;ה;נ;י;ד;מ;ל;ע;ר;ש;א;ת;ו;ח;פ;ה;ל;א;(34, 3, 12, 71, 4061)
(34, 3, 12, 110, 4100);ו;ה;נ;י;ד;מ;ם;ע;ו;ם;ע;י;ר;ש;ל;א;ו;ה;נ;י;(34, 3, 12, 91, 4081)
(34, 3, 12, 130, 4120);ו;ש;ל;כ;ם;ע;ו;ם;ע;ו;ה;ב;ת;כ;כ;ה;נ;י;ד;מ;(34, 3, 12, 111, 4101)
(34, 3, 12, 150, 4140);ו;ב;ת;כ;נ;ש;ר;ו;ש;ח;א;ך;ל;מ;ה;ם;ש;ב;ו;נ;(34, 3, 12, 131, 4121)
(34, 3, 13, 7, 4160);ס;ח;ו;ל;ש;נ;ו;ך;ל;מ;ה;ת;ע;ב;ט;ב;ם;ת;ח;נ;(34, 3, 12, 151, 4141)
(34, 3, 13, 27, 4180);נ;י;ד;מ;ל;כ;ל;א;ם;י;צ;ר;ה;ד;י;ב;ם;י;ר;פ;(34, 3, 13, 8, 4161)
(34, 3, 13, 47, 4200);ב;א;ל;ו;ג;ר;ה;ל;ד;י;מ;ש;ה;ל;ך;ל;מ;ה;ת;ו;(34, 3, 13, 28, 4181)
(34, 3, 13, 67, 4220);ז;ד;ע;ו;ר;ע;נ;מ;ם;י;ד;ו;ה;י;ה;ל;כ;ת;א;ד;(34, 3, 13, 48, 4201)
(34, 3, 13, 87, 4240);ו;ל;ש;ב;ד;ח;א;ם;ו;י;ב;ם;י;ש;נ;ו;ף;ט;ן;ק;(34, 3, 13, 68, 4221)
(34, 3, 13, 107, 4260);ח;א;ו;ה;ר;ש;ע;ם;י;נ;ש;ש;ד;ח;ל;ר;ש;ע;ה;ש;(34, 3, 13, 88, 4241)
(34, 3, 14, 6, 4280);ה;ן;ג;ש;ת;פ;ז;ו;ב;ל;ם;ל;ל;ש;ו;ר;ד;א;ש;ד;(34, 3, 13, 108, 4261)
(34, 3, 14, 26, 4300);מ;ו;ה;נ;י;ד;מ;ל;כ;ב;ת;ד;ן;ת;נ;ה;ל;ב;ת;כ;(34, 3, 14, 7, 4281)
(34, 3, 14, 46, 4320);ו;י;ה;ל;ם;י;מ;ע;ה;ל;כ;ל;י;ו;ל;ג;ה;נ;י;ד;(34, 3, 14, 27, 4301)
(34, 3, 15, 7, 4340);צ;י;ם;י;צ;ר;ה;ה;ז;ה;ם;ו;י;ל;ם;י;ד;ת;ע;ת;(34, 3, 14, 47, 4321)
(34, 3, 15, 27, 4360);ת;ד;ה;ו;ך;ל;מ;ה;ר;ב;ד;ב;ם;י;פ;ו;ח;ד;ו;א;(34, 3, 15, 8, 4341)
(34, 3, 15, 47, 4380);ו;ך;ל;מ;ה;ו;ה;ר;י;ב;ה;ן;ש;ו;ש;ב;ה;נ;ת;נ;(34, 3, 15, 28, 4361)
(34, 3, 15, 67, 4400);ש;ו;ש;ר;י;ע;ה;ו;ת;ו;ת;ש;ל;ו;ב;ש;י;ן;מ;ה;(34, 3, 15, 48, 4381)
(34, 4, 1, 14, 4420);א;ל;כ;ת;א;ע;ד;י;י;כ;ד;ר;מ;ו;ה;כ;ו;ב;נ;ן;(34, 3, 15, 68, 4401)
(34, 4, 1, 34, 4440);ג;ב;ת;א;י;כ;ד;ר;מ;ע;ר;ק;י;ו;ה;ש;ע;נ;ר;ש;(34, 4, 1, 15, 4421)
(34, 4, 1, 54, 4460);ת;ב;א;צ;י;ו;ר;פ;א;ו;ק;ש;ש;ב;ל;י;ו;ו;י;ד;(34, 4, 1, 35, 4441)
(34, 4, 1, 74, 4480);ו;ה;ל;ד;ג;ה;ק;ע;ז;ק;ע;ז;י;ו;ר;י;ע;ה;ך;ו;(34, 4, 1, 55, 4461)
(34, 4, 2, 17, 4500);ל;מ;ה;ר;ע;ש;י;נ;פ;ל;ד;ע;א;ו;ב;י;ו;ה;ר;מ;(34, 4, 1, 75, 4481)
(34, 4, 2, 37, 4520);ב;ך;ל;מ;ה;ר;ע;ש;ל;א;א;ו;ב;ל;ן;י;א;י;כ;ך;(34, 4, 2, 18, 4501)
(34, 4, 3, 14, 4540);נ;י;ד;מ;ו;ה;נ;י;ד;מ;ל;כ;ב;ו;ק;ש;ש;ו;ב;ל;(34, 4, 2, 38, 4521)
(34, 4, 3, 34, 4560);מ;ו;ת;ד;ו;ך;ל;מ;ה;ר;ב;ד;ר;ש;א;ם;ו;ק;מ;ה;(34, 4, 3, 15, 4541)
(34, 4, 3, 54, 4580);ו;צ;ו;ם;י;ד;ו;ה;י;ל;ל;ו;ד;ג;ל;ב;א;ע;י;ג;(34, 4, 3, 35, 4561)
(34, 4, 3, 74, 4600);ל;ע;צ;י;ר;פ;א;ו;ק;ש;ד;פ;ס;מ;ו;י;כ;ב;ו;ם;(34, 4, 3, 55, 4581)
(34, 4, 4, 16, 4620);ת;ס;א;ת;ו;ר;ע;נ;ה;נ;י;א;ו;ב;ת;ו;ם;י;ב;ר;(34, 4, 3, 75, 4601)
(34, 4, 4, 36, 4640);ח;ת;ת;ו;ה;ל;ו;ד;י;ג;י;ו;ה;י;ס;י;ר;ס;ו;ר;(34, 4, 4, 17, 4621)
(34, 4, 4, 56, 4660);י;ד;ג;ב;ח;ל;ש;ת;ו;ד;א;מ;ה;כ;ל;מ;ה;ל;ח;ל;(34, 4, 4, 37, 4641)
(34, 4, 4, 76, 4680);ר;י;ס;ה;ל;ו;י;כ;ד;ר;מ;ת;א;ש;י;ב;ל;ה;ל;ם;(34, 4, 4, 57, 4661)
(34, 4, 5, 6, 4700);א;א;ר;ק;ת;ו;ל;ב;ק;א;ל;ו;ו;י;ל;ע;מ;ו;ק;ש;(34, 4, 4, 77, 4681)
(34, 4, 5, 26, 4720);ר;ש;א;ך;ל;מ;ה;י;ס;י;ר;ס;מ;ך;ת;ה;ל;ר;ת;ס;(34, 4, 5, 7, 4701)
(34, 4, 5, 46, 4740);ר;מ;ל;ע;ו;ה;ו;צ;ת;ו;ה;י;נ;פ;ל;ד;י;מ;ע;ה;(34, 4, 5, 27, 4721)
(34, 4, 6, 2, 4760);י;ו;ה;ז;ה;מ;ל;ע;ו;ה;ז;ה;מ;ת;ע;ד;ל;י;כ;ד;(34, 4, 5, 47, 4741)
(34, 4, 6, 22, 4780);ע;ה;ב;ו;ח;ר;ל;א;י;כ;ד;ר;מ;ל;א;ך;ת;ה;א;צ;(34, 4, 6, 3, 4761)
(34, 4, 7, 4, 4800);ד;ג;י;ו;ך;ל;מ;ה;ר;ע;ש;י;נ;פ;ל;ר;ש;א;ר;י;(34, 4, 6, 23, 4781)
(34, 4, 7, 24, 4820);א;ו;ו;ה;ר;ק;ר;ש;א;ל;כ;ת;א;י;כ;ד;ר;מ;ו;ל;(34, 4, 7, 5, 4801)
(34, 4, 7, 44, 4840);ש;ל;ן;מ;ה;ר;מ;א;ר;ש;א;ף;ס;כ;ה;ת;ש;ר;פ;ת;(34, 4, 7, 25, 4821)
(34, 4, 7, 64, 4860);י;י;ד;ו;ה;י;ב;ך;ל;מ;ה;י;ז;נ;ג;ל;ע;ל;ו;ק;(34, 4, 7, 45, 4841)
(34, 4, 8, 14, 4880);ת;ד;ה;ב;ת;כ;ן;ג;ש;ת;פ;ת;א;ו;ם;ד;ב;א;ל;ם;(34, 4, 7, 65, 4861)
(34, 4, 8, 34, 4900);ת;נ;ם;ד;י;מ;ש;ה;ל;ן;ש;ו;ש;ב;ן;ת;נ;ר;ש;א;(34, 4, 8, 15, 4881)
(34, 4, 8, 54, 4920);י;ג;ה;ל;ו;ר;ת;ס;א;ת;א;ת;ו;א;ר;ה;ל;ו;ל;ן;(34, 4, 8, 35, 4901)
(34, 4, 8, 74, 4940);ה;ל;א;א;ו;ב;ל;ה;י;ל;ע;ת;ו;ו;צ;ל;ו;ה;ל;ד;(34, 4, 8, 55, 4921)
(34, 4, 8, 94, 4960);נ;פ;ל;מ;ש;ק;ב;ל;ו;ו;ל;ן;נ;ח;ת;ה;ל;ך;ל;מ;(34, 4, 8, 75, 4941)
(34, 4, 9, 13, 4980);ל;ד;ג;י;ו;ך;ת;ה;א;ו;ב;י;ו;ה;מ;ע;ל;ע;ו;י;(34, 4, 8, 95, 4961)
(34, 4, 10, 5, 5000);ר;מ;א;ת;ו;י;כ;ד;ר;מ;י;ר;ב;ד;ת;א;ר;ת;ס;א;(34, 4, 9, 14, 4981)
(34, 4, 10, 25, 5020);כ;ד;ר;מ;ל;א;ו;ה;ו;צ;ת;ו;ך;ת;ה;ל;ר;ת;ס;א;(34, 4, 10, 6, 5001)
(34, 4, 11, 19, 5040);ת;ו;נ;י;ד;מ;ם;ע;ו;ך;ל;מ;ה;י;ד;ב;ע;ל;כ;י;(34, 4, 10, 26, 5021)
(34, 4, 11, 39, 5060);א;ו;ש;י;א;ל;כ;ר;ש;א;ם;י;ע;ד;ו;י;ך;ל;מ;ה;(34, 4, 11, 20, 5041)
(34, 4, 11, 59, 5080);צ;ח;ה;ל;א;ך;ל;מ;ה;ל;א;א;ו;ב;י;ר;ש;א;ה;ש;(34, 4, 11, 40, 5061)
(34, 4, 11, 79, 5100);ת;ח;א;א;ר;ק;י;א;ל;ר;ש;א;ת;י;מ;י;נ;פ;ה;ר;(34, 4, 11, 60, 5081)
(34, 4, 11, 99, 5120);ט;י;ש;ו;י;ר;ש;א;מ;ד;ב;ל;ת;י;מ;ה;ל;ו;ת;ד;(34, 4, 11, 80, 5101)
(34, 4, 11, 119, 5140);י;ח;ו;ב;ה;ז;ה;ט;י;ב;ר;ש;ת;א;ך;ל;מ;ה;ו;ל;(34, 4, 11, 100, 5121)
(34, 4, 11, 139, 5160);ה;ל;א;א;ו;ב;ל;י;ת;א;ר;ק;נ;א;ל;י;נ;א;ו;ה;(34, 4, 11, 120, 5141)
(34, 4, 12, 6, 5180);ו;ד;י;ג;י;ו;ם;ו;י;ם;י;ש;ו;ל;ש;ה;ז;ך;ל;מ;(34, 4, 11, 140, 5161)
(34, 4, 13, 4, 5200);מ;א;י;ו;ר;ת;ס;א;י;ר;ב;ד;ת;א;י;כ;ד;ר;מ;ל;(34, 4, 12, 7, 5181)
(34, 4, 13, 24, 5220);ת;ל;א;ר;ת;ס;א;ל;א;ב;י;ש;ה;ל;י;כ;ד;ר;מ;ר;(34, 4, 13, 5, 5201)
(34, 4, 13, 44, 5240);ך;ל;מ;ה;ת;י;ב;ט;ל;מ;ה;ל;ך;ש;פ;נ;ב;י;מ;ד;(34, 4, 13, 25, 5221)
(34, 4, 14, 10, 5260);ח;ת;ש;ר;ח;ה;ם;א;י;כ;ם;י;ד;ו;ה;י;ה;ל;כ;מ;(34, 4, 13, 45, 5241)
(34, 4, 14, 30, 5280);י;ה;ל;צ;ה;ו;ח;ו;ר;ת;א;ז;ה;ת;ע;ב;י;ש;י;ר;(34, 4, 14, 11, 5261)
(34, 4, 14, 50, 5300);ו;ר;ח;א;ם;ו;ק;מ;מ;ם;י;ד;ו;ה;י;ל;ד;ו;מ;ע;(34, 4, 14, 31, 5281)
(34, 4, 14, 70, 5320);ו;י;י;מ;ו;ו;ד;ב;א;ת;ך;י;ב;א;ת;י;ב;ו;ת;א;(34, 4, 14, 51, 5301)
(34, 4, 14, 90, 5340);ו;כ;ל;מ;ל;ת;ע;ג;ה;ת;א;ז;כ;ת;ע;ל;ם;א;ע;ד;(34, 4, 14, 71, 5321)
(34, 4, 15, 19, 5360);ד;ר;מ;ל;א;ב;י;ש;ה;ל;ר;ת;ס;א;ר;מ;א;ת;ו;ת;(34, 4, 14, 91, 5341)
(34, 4, 16, 18, 5380);ה;ם;י;ד;ו;ה;י;ה;ל;כ;ת;א;ס;ו;נ;כ;ך;ל;י;כ;(34, 4, 15, 20, 5361)
(34, 4, 16, 38, 5400);ו;י;ל;ע;ו;מ;ו;צ;ו;ן;ש;ו;ש;ב;ם;י;א;צ;מ;נ;(34, 4, 16, 19, 5381)
(34, 4, 16, 58, 5420);מ;י;ת;ש;ל;ש;ו;ת;ש;ת;ל;א;ו;ו;ל;כ;א;ת;ל;א;(34, 4, 16, 39, 5401)
(34, 4, 16, 78, 5440);ת;ר;ע;נ;ו;י;נ;א;ם;ג;ם;ו;י;ו;ה;ל;י;ל;ם;י;(34, 4, 16, 59, 5421)
(34, 4, 16, 98, 5460);ל;מ;ה;ל;א;א;ו;ב;א;ן;כ;ב;ו;ן;כ;ם;ו;צ;א;י;(34, 4, 16, 79, 5441)
(34, 4, 16, 118, 5480);א;י;ת;ד;ב;א;ר;ש;א;כ;ו;ת;ד;כ;א;ל;ר;ש;א;ך;(34, 4, 16, 99, 5461)
(34, 4, 17, 16, 5500);כ;כ;ש;ע;י;ו;י;כ;ד;ר;מ;ר;ב;ע;י;ו;י;ת;ד;ב;(34, 4, 16, 119, 5481)
(34, 5, 1, 4, 5520);י;ה;י;ו;ר;ת;ס;א;ו;י;ל;ע;ה;ת;ו;צ;ר;ש;א;ל;(34, 4, 17, 17, 5501)
(34, 5, 1, 24, 5540);מ;ר;ת;ס;א;ש;ב;ל;ת;ו;י;ש;י;ל;ש;ה;ם;ו;י;ב;(34, 5, 1, 5, 5521)
(34, 5, 1, 44, 5560);ך;ל;מ;ה;ת;י;ב;ר;צ;ח;ב;ד;מ;ע;ת;ו;ת;ו;כ;ל;(34, 5, 1, 25, 5541)
(34, 5, 1, 64, 5580);מ;ה;ו;ך;ל;מ;ה;ת;י;ב;ח;כ;נ;ת;י;מ;י;נ;פ;ה;(34, 5, 1, 45, 5561)
(34, 5, 1, 84, 5600);י;ב;ב;ו;ת;ו;כ;ל;מ;א;ס;כ;ל;ע;ב;ש;ו;י;ך;ל;(34, 5, 1, 65, 5581)
(34, 5, 2, 3, 5620);ה;י;ו;ת;י;ב;ה;ח;ת;פ;ח;כ;נ;ת;ו;כ;ל;מ;ה;ת;(34, 5, 1, 85, 5601)
(34, 5, 2, 23, 5640);כ;ל;מ;ה;ר;ת;ס;א;ת;א;ך;ל;מ;ה;ת;ו;א;ר;כ;י;(34, 5, 2, 4, 5621)
(34, 5, 2, 43, 5660);י;נ;י;ע;ב;ן;ח;ה;א;ש;נ;ר;צ;ח;ב;ת;ד;מ;ע;ה;(34, 5, 2, 24, 5641)
(34, 5, 2, 63, 5680);ב;ר;ש;ת;א;ר;ת;ס;א;ל;ך;ל;מ;ה;ט;ש;ו;י;ו;ו;(34, 5, 2, 44, 5661)
(34, 5, 2, 83, 5700);ס;א;ב;ר;ק;ת;ו;ו;ד;י;ב;ר;ש;א;ב;ה;ז;ה;ט;י;(34, 5, 2, 64, 5681)
(34, 5, 3, 4, 5720);מ;א;י;ו;ט;י;ב;ר;ש;ה;ש;א;ר;ב;ע;ג;ת;ו;ר;ת;(34, 5, 2, 84, 5701)
(34, 5, 3, 24, 5740);ה;כ;ל;מ;ה;ר;ת;ס;א;ך;ל;ה;מ;ך;ל;מ;ה;ה;ל;ר;(34, 5, 3, 5, 5721)
(34, 5, 3, 44, 5760);ו;ת;ו;כ;ל;מ;ה;י;צ;ח;ד;ע;ך;ת;ש;ק;ב;ה;מ;ו;(34, 5, 3, 25, 5741)
(34, 5, 4, 14, 5780);ה;ל;ע;ם;א;ר;ת;ס;א;ר;מ;א;ת;ו;ך;ל;ן;ת;נ;י;(34, 5, 3, 45, 5761)
(34, 5, 4, 34, 5800);י;ה;ן;מ;ה;ו;ך;ל;מ;ה;א;ו;ב;י;ב;ו;ט;ך;ל;מ;(34, 5, 4, 15, 5781)
(34, 5, 5, 1, 5820);ו;ו;ל;י;ת;י;ש;ע;ר;ש;א;ה;ת;ש;מ;ה;ל;א;ם;ו;(34, 5, 4, 35, 5801)
(34, 5, 5, 21, 5840);ש;ע;ל;ן;מ;ה;ת;א;ו;ר;ה;מ;ך;ל;מ;ה;ר;מ;א;י;(34, 5, 5, 2, 5821)
(34, 5, 5, 41, 5860);ו;ך;ל;מ;ה;א;ב;י;ו;ר;ת;ס;א;ר;ב;ד;ת;א;ת;ו;(34, 5, 5, 22, 5841)
(34, 5, 5, 61, 5880);ת;ס;א;ה;ת;ש;ע;ר;ש;א;ה;ת;ש;מ;ה;ל;א;ן;מ;ה;(34, 5, 5, 42, 5861)
(34, 5, 6, 19, 5900);ה;ת;ש;מ;ב;ר;ת;ס;א;ל;ך;ל;מ;ה;ר;מ;א;י;ו;ר;(34, 5, 5, 62, 5881)
(34, 5, 6, 39, 5920);מ;ו;ך;ל;ן;ת;נ;י;ו;ך;ת;ל;א;ש;ה;מ;ן;י;י;ה;(34, 5, 6, 20, 5901)
(34, 5, 6, 59, 5940);ע;ת;ו;ת;ו;כ;ל;מ;ה;י;צ;ח;ד;ע;ך;ת;ש;ק;ב;ה;(34, 5, 6, 40, 5921)
(34, 5, 7, 19, 5960);ו;י;ת;ל;א;ש;ר;מ;א;ת;ו;ר;ת;ס;א;ן;ע;ת;ו;ש;(34, 5, 6, 60, 5941)
(34, 5, 8, 15, 5980);ה;י;נ;י;ע;ב;ן;ח;י;ת;א;צ;מ;ם;א;י;ת;ש;ק;ב;(34, 5, 7, 20, 5961)
(34, 5, 8, 35, 6000);ת;א;ת;ת;ל;ב;ו;ט;ך;ל;מ;ה;ל;ע;ם;א;ו;ך;ל;מ;(34, 5, 8, 16, 5981)
(34, 5, 8, 55, 6020);ב;י;י;ת;ש;ק;ב;ת;א;ת;ו;ש;ע;ל;ו;י;ת;ל;א;ש;(34, 5, 8, 36, 6001)
(34, 5, 8, 75, 6040);ר;ש;א;ה;ת;ש;מ;ה;ל;א;ן;מ;ה;ו;ך;ל;מ;ה;א;ו;(34, 5, 8, 56, 6021)
(34, 5, 8, 95, 6060);ה;ר;ב;ד;כ;ה;ש;ע;א;ר;ח;מ;ו;ם;ה;ל;ה;ש;ע;א;(34, 5, 8, 76, 6041)
(34, 5, 9, 17, 6080);מ;ש;א;ו;ה;ה;ם;ו;י;ב;ן;מ;ה;א;צ;י;ו;ך;ל;מ;(34, 5, 8, 96, 6061)
(34, 5, 9, 37, 6100);ר;מ;ת;א;ן;מ;ה;ת;ו;א;ר;כ;ו;ב;ל;ב;ו;ט;ו;ח;(34, 5, 9, 18, 6081)
(34, 5, 9, 57, 6120);ז;א;ל;ו;ם;ק;א;ל;ו;ך;ל;מ;ה;ר;ע;ש;ב;י;כ;ד;(34, 5, 9, 38, 6101)
(34, 5, 9, 77, 6140);י;כ;ד;ר;מ;ל;ע;ן;מ;ה;א;ל;מ;י;ו;ו;נ;מ;מ;ע;(34, 5, 9, 58, 6121)
(34, 5, 10, 17, 6160);ב;ל;א;א;ו;ב;י;ו;ן;מ;ה;ק;פ;א;ת;י;ו;ה;מ;ח;(34, 5, 9, 78, 6141)
(34, 5, 10, 37, 6180);ו;ו;י;ב;ה;א;ת;א;א;ב;י;ו;ח;ל;ש;י;ו;ו;ת;י;(34, 5, 10, 18, 6161)
(34, 5, 11, 11, 6200);ן;מ;ה;ם;ה;ל;ר;פ;ס;י;ו;ו;ת;ש;א;ש;ר;ז;ת;א;(34, 5, 10, 38, 6181)
(34, 5, 11, 31, 6220);ת;א;ו;ו;י;נ;ב;ב;ר;ו;ו;ר;ש;ע;ד;ו;ב;כ;ת;א;(34, 5, 11, 12, 6201)
(34, 5, 11, 51, 6240);נ;ר;ש;א;ת;א;ו;ך;ל;מ;ה;ו;ל;ד;ג;ר;ש;א;ל;כ;(34, 5, 11, 32, 6221)
(34, 5, 12, 1, 6260);ו;ך;ל;מ;ה;י;ד;ב;ע;ו;ם;י;ר;ש;ה;ל;ע;ו;א;ש;(34, 5, 11, 52, 6241)
(34, 5, 12, 21, 6280);ר;ת;ס;א;ה;א;י;ב;ה;א;ל;ף;א;ן;מ;ה;ר;מ;א;י;(34, 5, 12, 2, 6261)
(34, 5, 12, 41, 6300);ש;א;ה;ת;ש;מ;ה;ל;א;ך;ל;מ;ה;ם;ע;ה;כ;ל;מ;ה;(34, 5, 12, 22, 6281)
(34, 5, 12, 61, 6320);ר;ח;מ;ל;ם;ג;ו;י;ת;ו;א;ם;א;י;כ;ה;ת;ש;ע;ר;(34, 5, 12, 42, 6301)
(34, 5, 13, 5, 6340);ה;ז;ל;כ;ו;ך;ל;מ;ה;ם;ע;ה;ל;א;ו;ר;ק;י;נ;א;(34, 5, 12, 62, 6321)
(34, 5, 13, 25, 6360);נ;א;ר;ש;א;ת;ע;ל;כ;ב;י;ל;ה;ו;ש;ו;נ;נ;י;א;(34, 5, 13, 6, 6341)
(34, 5, 13, 45, 6380);ש;ו;י;י;ד;ו;ה;י;ה;י;כ;ד;ר;מ;ת;א;ה;א;ר;י;(34, 5, 13, 26, 6361)
(34, 5, 14, 11, 6400);א;ש;ר;ז;ו;ל;ר;מ;א;ת;ו;ך;ל;מ;ה;ר;ע;ש;ב;ב;(34, 5, 13, 46, 6381)
(34, 5, 14, 31, 6420);ה;ב;ג;ץ;ע;ו;ש;ע;י;ו;י;ב;ה;א;ל;כ;ו;ו;ת;ש;(34, 5, 14, 12, 6401)
(34, 5, 14, 51, 6440);ך;ל;מ;ל;ר;מ;א;ר;ק;ב;ב;ו;ה;מ;א;ם;י;ש;מ;ח;(34, 5, 14, 32, 6421)
(34, 5, 14, 71, 6460);ע;א;ב;ו;ו;י;ל;ע;י;כ;ד;ר;מ;ת;א;ו;ל;ת;י;ו;(34, 5, 14, 52, 6441)
(34, 5, 14, 91, 6480);ב;ט;י;י;ו;ח;מ;ש;ה;ת;ש;מ;ה;ל;א;ך;ל;מ;ה;ם;(34, 5, 14, 72, 6461)
(34, 6, 1, 2, 6500);ל;ב;ץ;ע;ה;ש;ע;י;ו;ן;מ;ה;י;נ;פ;ל;ר;ב;ד;ה;(34, 5, 14, 92, 6481)
(34, 6, 1, 22, 6520);י;ו;ך;ל;מ;ה;ת;נ;ש;ה;ד;ד;נ;א;ו;ה;ה;ה;ל;י;(34, 6, 1, 3, 6501)
(34, 6, 1, 42, 6540);ת;ו;נ;ר;כ;ז;ה;ר;פ;ס;ת;א;א;י;ב;ה;ל;ר;מ;א;(34, 6, 1, 23, 6521)
(34, 6, 1, 62, 6560);ם;י;א;ר;ק;נ;ו;י;ה;י;ו;ם;י;מ;י;ה;י;ר;ב;ד;(34, 6, 1, 43, 6541)
(34, 6, 2, 12, 6580);ר;ש;א;ב;ו;ת;כ;א;צ;מ;י;ו;ך;ל;מ;ה;י;נ;פ;ל;(34, 6, 1, 63, 6561)
(34, 6, 2, 32, 6600);ש;ר;ת;ו;א;נ;ת;ג;ב;ל;ע;י;כ;ד;ר;מ;ד;י;ג;ה;(34, 6, 2, 13, 6581)
(34, 6, 2, 52, 6620);ף;ס;ה;י;ר;מ;ש;מ;ך;ל;מ;ה;י;ס;י;ר;ס;י;נ;ש;(34, 6, 2, 33, 6601)
(34, 6, 2, 72, 6640);ש;ח;א;ך;ל;מ;ב;ד;י;ח;ל;ש;ל;ו;ש;ק;ב;ר;ש;א;(34, 6, 2, 53, 6621)
(34, 6, 3, 16, 6660);י;ה;ש;ע;נ;ה;מ;ך;ל;מ;ה;ר;מ;א;י;ו;ש;ו;ר;ו;(34, 6, 2, 73, 6641)
(34, 6, 3, 36, 6680);י;ו;ה;ז;ל;ע;י;כ;ד;ר;מ;ל;ה;ל;ו;ד;ג;ו;ר;ק;(34, 6, 3, 17, 6661)
(34, 6, 3, 56, 6700);א;ל;ו;י;ת;ר;ש;מ;ך;ל;מ;ה;י;ר;ע;נ;ו;ר;מ;א;(34, 6, 3, 37, 6681)
(34, 6, 4, 10, 6720);מ;ך;ל;מ;ה;ר;מ;א;י;ו;ר;ב;ד;ו;מ;ע;ה;ש;ע;נ;(34, 6, 3, 57, 6701)
(34, 6, 4, 30, 6740);מ;ה;ת;י;ב;ר;צ;ח;ל;א;ב;ן;מ;ה;ו;ר;צ;ח;ב;י;(34, 6, 4, 11, 6721)
(34, 6, 4, 50, 6760);ל;ת;ל;ך;ל;מ;ל;ר;מ;א;ל;ה;נ;ו;צ;י;ח;ה;ך;ל;(34, 6, 4, 31, 6741)
(34, 6, 4, 70, 6780);י;כ;ה;ר;ש;א;ץ;ע;ה;ל;ע;י;כ;ד;ר;מ;ת;א;ת;ו;(34, 6, 4, 51, 6761)
(34, 6, 5, 17, 6800);י;ל;א;ך;ל;מ;ה;י;ר;ע;נ;ו;ר;מ;א;י;ו;ו;ל;ן;(34, 6, 4, 71, 6781)
(34, 6, 5, 37, 6820);ה;ר;מ;א;י;ו;ר;צ;ח;ב;ד;מ;ע;ן;מ;ה;ה;נ;ה;ו;(34, 6, 5, 18, 6801)
(34, 6, 6, 13, 6840);ר;מ;א;י;ו;ן;מ;ה;א;ו;ב;י;ו;א;ו;ב;י;ך;ל;מ;(34, 6, 5, 38, 6821)
(34, 6, 6, 33, 6860);ר;ש;א;ש;י;א;ב;ת;ו;ש;ע;ל;ה;מ;ך;ל;מ;ה;ו;ל;(34, 6, 6, 14, 6841)
(34, 6, 6, 53, 6880);ן;מ;ה;ר;מ;א;י;ו;ו;ר;ק;י;ב;ץ;פ;ח;ך;ל;מ;ה;(34, 6, 6, 34, 6861)
(34, 6, 6, 73, 6900);ת;ו;ש;ע;ל;ך;ל;מ;ה;ץ;פ;ח;י;י;מ;ל;ו;ב;ל;ב;(34, 6, 6, 54, 6881)
(34, 6, 7, 9, 6920);א;ן;מ;ה;ר;מ;א;י;ו;י;נ;מ;מ;ר;ת;ו;י;ר;ק;י;(34, 6, 6, 74, 6901)
(34, 6, 7, 29, 6940);י;ב;ץ;פ;ח;ך;ל;מ;ה;ר;ש;א;ש;י;א;ך;ל;מ;ה;ל;(34, 6, 7, 10, 6921)
(34, 6, 8, 17, 6960);ר;ש;א;ת;ו;כ;ל;מ;ש;ו;ב;ל;ו;א;י;ב;י;ו;ר;ק;(34, 6, 7, 30, 6941)
(34, 6, 8, 37, 6980);ע;ב;כ;ר;ר;ש;א;ס;ו;ס;ו;ך;ל;מ;ה;ו;ב;ש;ב;ל;(34, 6, 8, 18, 6961)
(34, 6, 8, 57, 7000);כ;ל;מ;ר;ת;כ;ן;ת;נ;ר;ש;א;ו;ך;ל;מ;ה;ו;י;ל;(34, 6, 8, 38, 6981)
(34, 6, 9, 13, 7020);ס;ה;ו;ש;ו;ב;ל;ה;ן;ו;ת;נ;ו;ו;ש;א;ר;ב;ת;ו;(34, 6, 8, 58, 7001)
(34, 6, 9, 33, 7040);ר;פ;ה;ך;ל;מ;ה;י;ר;ש;מ;ש;י;א;ד;י;ל;ע;ס;ו;(34, 6, 9, 14, 7021)
(34, 6, 9, 53, 7060);ר;ש;א;ש;י;א;ה;ת;א;ו;ש;י;ב;ל;ה;ו;ם;י;מ;ת;(34, 6, 9, 34, 7041)
(34, 6, 9, 73, 7080);ו;ה;ב;י;כ;ר;ה;ו;ו;ר;ק;י;ב;ץ;פ;ח;ך;ל;מ;ה;(34, 6, 9, 54, 7061)
(34, 6, 9, 93, 7100);ו;א;ר;ק;ו;ר;י;ע;ה;ב;ו;ח;ר;ב;ס;ו;ס;ה;ל;ע;(34, 6, 9, 74, 7081)
(34, 6, 9, 113, 7120);ה;ר;ש;א;ש;י;א;ל;ה;ש;ע;י;ה;כ;כ;ו;י;נ;פ;ל;(34, 6, 9, 94, 7101)
(34, 6, 10, 9, 7140);ך;ל;מ;ה;ר;מ;א;י;ו;ו;ר;ק;י;ב;ץ;פ;ח;ך;ל;מ;(34, 6, 9, 114, 7121)
(34, 6, 10, 29, 7160);ה;ת;א;ו;ש;ו;ב;ל;ה;ת;א;ח;ק;ר;ה;מ;ן;מ;ה;ל;(34, 6, 10, 10, 7141)
(34, 6, 10, 49, 7180);ר;מ;ל;ן;כ;ה;ש;ע;ו;ת;ר;ב;ד;ר;ש;א;כ;ס;ו;ס;(34, 6, 10, 30, 7161)
(34, 6, 10, 69, 7200);מ;ה;ר;ע;ש;ב;ב;ש;ו;י;ה;י;ד;ו;ה;י;ה;י;כ;ד;(34, 6, 10, 50, 7181)
(34, 6, 10, 89, 7220);ת;ר;ב;ד;ר;ש;א;ל;כ;מ;ר;ב;ד;ל;פ;ת;ל;א;ך;ל;(34, 6, 10, 70, 7201)
(34, 6, 11, 20, 7240);ו;ס;ה;ת;א;ו;ש;ו;ב;ל;ה;ת;א;ן;מ;ה;ח;ק;י;ו;(34, 6, 11, 1, 7221)
(34, 6, 11, 40, 7260);ה;ב;י;כ;ר;י;ו;י;כ;ד;ר;מ;ת;א;ש;ב;ל;י;ו;ס;(34, 6, 11, 21, 7241)
(34, 6, 11, 60, 7280);ו;י;נ;פ;ל;א;ר;ק;י;ו;ר;י;ע;ה;ב;ו;ח;ר;ב;ו;(34, 6, 11, 41, 7261)
(34, 6, 11, 80, 7300);פ;ח;ך;ל;מ;ה;ר;ש;א;ש;י;א;ל;ה;ש;ע;י;ה;כ;כ;(34, 6, 11, 61, 7281)
(34, 6, 12, 14, 7320);ר;ע;ש;ל;א;י;כ;ד;ר;מ;ב;ש;י;ו;ו;ר;ק;י;ב;ץ;(34, 6, 11, 81, 7301)
(34, 6, 12, 34, 7340);ב;א;ו;ת;י;ב;ל;א;ף;ח;ד;נ;ן;מ;ה;ו;ך;ל;מ;ה;(34, 6, 12, 15, 7321)
(34, 6, 13, 11, 7360);ר;ז;ל;ן;מ;ה;ר;פ;ס;י;ו;ש;א;ר;י;ו;פ;ח;ו;ל;(34, 6, 12, 35, 7341)
(34, 6, 13, 31, 7380);ש;א;ל;כ;ת;א;ו;י;ב;ה;א;ל;כ;ל;ו;ו;ת;ש;א;ש;(34, 6, 13, 12, 7361)
(34, 6, 13, 51, 7400);ז;ו;ו;י;מ;כ;ח;ו;ל;ו;ר;מ;א;י;ו;ו;ה;ר;ק;ר;(34, 6, 13, 32, 7381)
(34, 6, 13, 71, 7420);מ;ם;י;ד;ו;ה;י;ה;ע;ר;ז;מ;ם;א;ו;ת;ש;א;ש;ר;(34, 6, 13, 52, 7401)
(34, 6, 13, 91, 7440);י;נ;פ;ל;ל;פ;נ;ל;ת;ו;ל;ח;ה;ר;ש;א;י;כ;ד;ר;(34, 6, 13, 72, 7421)
(34, 6, 13, 111, 7460);ל;ל;ו;פ;ת;ל;ו;פ;נ;י;כ;ו;ל;ל;כ;ו;ת;א;ל;ו;(34, 6, 13, 92, 7441)
(34, 6, 14, 16, 7480);ר;ס;ו;ו;מ;ע;ם;י;ר;ב;ד;מ;ם;ד;ו;ע;ו;י;נ;פ;(34, 6, 13, 112, 7461)
(34, 6, 14, 36, 7500);ה;ל;ו;ל;ה;ב;י;ו;ו;ע;י;ג;ה;ך;ל;מ;ה;י;ס;י;(34, 6, 14, 17, 7481)
(34, 6, 14, 56, 7520);ש;ע;ר;ש;א;ה;ת;ש;מ;ה;ל;א;ן;מ;ה;ת;א;א;י;ב;(34, 6, 14, 37, 7501)
(34, 7, 1, 14, 7540);ש;ל;ן;מ;ה;ו;ך;ל;מ;ה;א;ב;י;ו;ר;ת;ס;א;ה;ת;(34, 6, 14, 57, 7521)
(34, 7, 2, 6, 7560);ה;ר;מ;א;י;ו;ה;כ;ל;מ;ה;ר;ת;ס;א;ם;ע;ת;ו;ת;(34, 7, 1, 15, 7541)
(34, 7, 2, 26, 7580);מ;ב;י;נ;ש;ה;ם;ו;י;ב;ם;ג;ר;ת;ס;א;ל;ך;ל;מ;(34, 7, 2, 7, 7561)
(34, 7, 2, 46, 7600);מ;ה;ר;ת;ס;א;ך;ת;ל;א;ש;ה;מ;ן;י;י;ה;ה;ת;ש;(34, 7, 2, 27, 7581)
(34, 7, 2, 66, 7620);ד;ע;ך;ת;ש;ק;ב;ה;מ;ו;ך;ל;ן;ת;נ;ת;ו;ה;כ;ל;(34, 7, 2, 47, 7601)
(34, 7, 3, 7, 7640);ת;ס;א;ן;ע;ת;ו;ש;ע;ת;ו;ת;ו;כ;ל;מ;ה;י;צ;ח;(34, 7, 2, 67, 7621)
(34, 7, 3, 27, 7660);ן;ח;י;ת;א;צ;מ;ם;א;ר;מ;א;ת;ו;ה;כ;ל;מ;ה;ר;(34, 7, 3, 8, 7641)
(34, 7, 3, 47, 7680);ט;ך;ל;מ;ה;ל;ע;ם;א;ו;ך;ל;מ;ה;ך;י;נ;י;ע;ב;(34, 7, 3, 28, 7661)
(34, 7, 3, 67, 7700);ע;ו;י;ת;ל;א;ש;ב;י;ש;פ;נ;י;ל;ן;ת;נ;ת;ב;ו;(34, 7, 3, 48, 7681)
(34, 7, 4, 12, 7720);ו;י;נ;א;ו;נ;ר;כ;מ;נ;י;כ;י;ת;ש;ק;ב;ב;י;מ;(34, 7, 3, 68, 7701)
(34, 7, 4, 32, 7740);ו;ד;ב;א;ל;ו;ג;ו;ר;ה;ל;ד;י;מ;ש;ה;ל;י;מ;ע;(34, 7, 4, 13, 7721)
(34, 7, 4, 52, 7760);ר;כ;מ;נ;ת;ו;ח;פ;ש;ל;ו;ם;י;ד;ב;ע;ל;ו;ל;א;(34, 7, 4, 33, 7741)
(34, 7, 4, 72, 7780);ב;ה;ו;ש;ר;צ;ה;ן;י;א;י;כ;י;ת;ש;ר;ח;ה;ו;נ;(34, 7, 4, 53, 7761)
(34, 7, 5, 13, 7800);ו;ש;ח;א;ך;ל;מ;ה;ר;מ;א;י;ו;ך;ל;מ;ה;ק;ז;נ;(34, 7, 4, 73, 7781)
(34, 7, 5, 33, 7820);י;מ;ה;כ;ל;מ;ה;ר;ת;ס;א;ל;ר;מ;א;י;ו;ש;ו;ר;(34, 7, 5, 14, 7801)
(34, 7, 5, 53, 7840);ו;א;ל;מ;ר;ש;א;א;ו;ה;ה;ז;י;א;ו;ה;ז;א;ו;ה;(34, 7, 5, 34, 7821)
(34, 7, 6, 10, 7860);א;ר;ת;ס;א;ר;מ;א;ת;ו;ן;כ;ת;ו;ש;ע;ל;ו;ב;ל;(34, 7, 5, 54, 7841)
(34, 7, 6, 30, 7880);ה;ו;ה;ז;ה;ע;ר;ה;ן;מ;ה;ב;י;ו;א;ו;ר;צ;ש;י;(34, 7, 6, 11, 7861)
(34, 7, 6, 50, 7900);כ;ל;מ;ה;ו;ך;ל;מ;ה;י;נ;פ;ל;מ;ת;ע;ב;נ;ן;מ;(34, 7, 6, 31, 7881)
(34, 7, 7, 19, 7920);י;ה;ה;ת;ש;מ;מ;ו;ת;מ;ח;ב;ם;ק;ך;ל;מ;ה;ו;ה;(34, 7, 6, 51, 7901)
(34, 7, 7, 39, 7940);ל;ד;מ;ע;ן;מ;ה;ו;ן;ת;י;ב;ה;ת;נ;ג;ל;א;ן;י;(34, 7, 7, 20, 7921)
(34, 7, 7, 59, 7960);כ;ה;כ;ל;מ;ה;ר;ת;ס;א;מ;ו;ש;פ;נ;ל;ע;ש;ק;ב;(34, 7, 7, 40, 7941)
(34, 7, 7, 79, 7980);א;מ;ה;ע;ר;ה;ו;י;ל;א;ה;ת;ל;כ;י;כ;ה;א;ר;י;(34, 7, 7, 60, 7961)
(34, 7, 8, 15, 8000);ת;י;ב;ה;ת;נ;ג;מ;ב;ש;ך;ל;מ;ה;ו;ך;ל;מ;ה;ת;(34, 7, 7, 80, 7981)
(34, 7, 8, 35, 8020);פ;נ;ן;מ;ה;ו;ן;י;י;ה;ה;ת;ש;מ;ת;י;ב;ל;א;ן;(34, 7, 8, 16, 8001)
(34, 7, 8, 55, 8040);י;ו;ה;י;ל;ע;ר;ת;ס;א;ר;ש;א;ה;ט;מ;ה;ל;ע;ל;(34, 7, 8, 36, 8021)
(34, 7, 8, 75, 8060);ל;מ;ה;ת;א;ש;ו;ב;כ;ל;ם;ג;ה;ך;ל;מ;ה;ר;מ;א;(34, 7, 8, 56, 8041)
(34, 7, 8, 95, 8080);ה;י;פ;מ;א;צ;י;ר;ב;ד;ה;ת;י;ב;ב;י;מ;ע;ה;כ;(34, 7, 8, 76, 8061)
(34, 7, 9, 7, 8100);ר;ח;ר;מ;א;י;ו;ו;פ;ח;ן;מ;ה;י;נ;פ;ו;ך;ל;מ;(34, 7, 8, 96, 8081)
(34, 7, 9, 27, 8120);י;נ;פ;ל;ם;י;ס;י;ר;ס;ה;ן;מ;ד;ח;א;ה;נ;ו;ב;(34, 7, 9, 8, 8101)
(34, 7, 9, 47, 8140);מ;ה;ה;ש;ע;ר;ש;א;ץ;ע;ה;ה;נ;ה;ם;ג;ך;ל;מ;ה;(34, 7, 9, 28, 8121)
(34, 7, 9, 67, 8160);מ;ה;ל;ע;ב;ו;ט;ר;ב;ד;ר;ש;א;י;כ;ד;ר;מ;ל;ן;(34, 7, 9, 48, 8141)
(34, 7, 9, 87, 8180);ם;י;ש;מ;ח;ה;ב;ג;ן;מ;ה;ת;י;ב;ב;ד;מ;ע;ך;ל;(34, 7, 9, 68, 8161)
(34, 7, 9, 107, 8200);ו;י;ל;ע;ו;ה;ל;ת;ך;ל;מ;ה;ר;מ;א;י;ו;ה;מ;א;(34, 7, 9, 88, 8181)
(34, 7, 10, 20, 8220);כ;ה;ר;ש;א;ץ;ע;ה;ל;ע;ן;מ;ה;ת;א;ו;ל;ת;י;ו;(34, 7, 10, 1, 8201)
(34, 7, 10, 40, 8240);ה;כ;כ;ש;ך;ל;מ;ה;ת;מ;ח;ו;י;כ;ד;ר;מ;ל;ן;י;(34, 7, 10, 21, 8221)
(34, 8, 1, 20, 8260);ר;ו;ש;ח;א;ך;ל;מ;ה;ן;ת;נ;א;ו;ה;ה;ם;ו;י;ב;(34, 8, 1, 1, 8241)
(34, 8, 1, 40, 8280);ן;מ;ה;ת;י;ב;ת;א;ה;כ;ל;מ;ה;ר;ת;ס;א;ל;ש;ו;(34, 8, 1, 21, 8261)
(34, 8, 1, 60, 8300);ל;א;ב;י;כ;ד;ר;מ;ו;ם;י;י;ד;ו;ה;י;ה;ר;ר;צ;(34, 8, 1, 41, 8281)
(34, 8, 1, 80, 8320);ה;מ;ר;ת;ס;א;ה;ד;י;ג;ה;י;כ;ך;ל;מ;ה;י;נ;פ;(34, 8, 1, 61, 8301)
(34, 8, 2, 15, 8340);ו;ת;ע;ב;ט;ת;א;ך;ל;מ;ה;ר;ס;י;ו;ה;ל;א;ו;ה;(34, 8, 1, 81, 8321)
(34, 8, 2, 35, 8360);ר;מ;ל;ה;נ;ת;י;ו;ן;מ;ה;מ;ר;י;ב;ע;ה;ר;ש;א;(34, 8, 2, 16, 8341)
(34, 8, 2, 55, 8380);ל;ע;י;כ;ד;ר;מ;ת;א;ר;ת;ס;א;ם;ש;ת;ו;י;כ;ד;(34, 8, 2, 36, 8361)
(34, 8, 3, 14, 8400);ר;ב;ד;ת;ו;ר;ת;ס;א;ף;ס;ו;ת;ו;ן;מ;ה;ת;י;ב;(34, 8, 2, 56, 8381)
(34, 8, 3, 34, 8420);י;ל;ג;ר;י;נ;פ;ל;ל;פ;ת;ו;ך;ל;מ;ה;י;נ;פ;ל;(34, 8, 3, 15, 8401)
(34, 8, 3, 54, 8440);א;ר;י;ב;ע;ה;ל;ו;ל;ן;נ;ח;ת;ת;ו;ך;ב;ת;ו;ו;(34, 8, 3, 35, 8421)
(34, 8, 3, 74, 8460);ת;ב;ש;ח;מ;ת;א;ו;י;ג;ג;א;ה;ן;מ;ה;ת;ע;ר;ת;(34, 8, 3, 55, 8441)
(34, 8, 4, 4, 8480);ש;ו;י;ו;ם;י;ד;ו;ה;י;ה;ל;ע;ב;ש;ח;ר;ש;א;ו;(34, 8, 3, 75, 8461)
(34, 8, 4, 24, 8500);ב;ה;ז;ה;ט;ב;ר;ש;ת;א;ר;ת;ס;א;ל;ך;ל;מ;ה;ט;(34, 8, 4, 5, 8481)
(34, 8, 4, 44, 8520);ל;מ;ה;י;נ;פ;ל;ד;מ;ע;ת;ו;ר;ת;ס;א;ם;ק;ת;ו;(34, 8, 4, 25, 8501)
(34, 8, 5, 19, 8540);ם;א;ו;ב;ו;ט;ך;ל;מ;ה;ל;ע;ם;א;ר;מ;א;ת;ו;ך;(34, 8, 4, 45, 8521)
(34, 8, 5, 39, 8560);ר;ב;ד;ה;ר;ש;כ;ו;ו;י;נ;פ;ל;ן;ח;י;ת;א;צ;מ;(34, 8, 5, 20, 8541)
(34, 8, 5, 59, 8580);נ;י;ע;ב;י;נ;א;ה;ב;ו;ט;ו;ך;ל;מ;ה;י;נ;פ;ל;(34, 8, 5, 40, 8561)
(34, 8, 5, 79, 8600);מ;ם;י;ר;פ;ס;ה;ת;א;ב;י;ש;ה;ל;ב;ת;כ;י;ו;י;(34, 8, 5, 60, 8581)
(34, 8, 5, 99, 8620);א;י;ג;ג;א;ה;א;ת;ד;מ;ה;ן;ב;ן;מ;ה;ת;ב;ש;ח;(34, 8, 5, 80, 8601)
(34, 8, 5, 119, 8640);ש;א;ם;י;ד;ו;ה;י;ה;ת;א;ד;ב;א;ל;ב;ת;כ;ר;ש;(34, 8, 5, 100, 8621)
(34, 8, 6, 6, 8660);כ;כ;י;א;י;כ;ך;ל;מ;ה;ת;ו;נ;י;ד;מ;ל;כ;ב;ר;(34, 8, 5, 120, 8641)
(34, 8, 6, 26, 8680);מ;י;ר;ש;א;ה;ע;ר;ב;י;ת;י;א;ר;ו;ל;כ;ו;א;ה;(34, 8, 6, 7, 8661)
(34, 8, 6, 46, 8700);א;ר;ו;ל;כ;ו;א;ה;כ;כ;י;א;ו;י;מ;ע;ת;א;א;צ;(34, 8, 6, 27, 8681)
(34, 8, 7, 6, 8720);ה;ר;מ;א;י;ו;י;ת;ד;ל;ו;מ;ן;ד;ב;א;ב;י;ת;י;(34, 8, 6, 47, 8701)
(34, 8, 7, 26, 8740);ו;ה;כ;ל;מ;ה;ר;ת;ס;א;ל;ש;ר;ו;ש;ח;א;ך;ל;מ;(34, 8, 7, 7, 8721)
(34, 8, 7, 46, 8760);מ;ה;ת;י;ב;ה;נ;ה;י;ד;ו;ה;י;ה;י;כ;ד;ר;מ;ל;(34, 8, 7, 27, 8741)
(34, 8, 7, 66, 8780);ה;ל;ע;ו;ל;ת;ו;ת;א;ו;ר;ת;ס;א;ל;י;ת;ת;נ;ן;(34, 8, 7, 47, 8761)
(34, 8, 7, 86, 8800);י;י;ד;ו;ה;י;ב;ו;ד;י;ח;ל;ש;ר;ש;א;ל;ע;ץ;ע;(34, 8, 7, 67, 8781)
(34, 8, 8, 19, 8820);ט;כ;ם;י;ד;ו;ה;י;ה;ל;ע;ו;ב;ת;כ;ם;ת;א;ו;ם;(34, 8, 7, 87, 8801)
(34, 8, 8, 39, 8840);מ;ת;ח;ו;ך;ל;מ;ה;ם;ש;ב;ם;כ;י;נ;י;ע;ב;ב;ו;(34, 8, 8, 20, 8821)
(34, 8, 8, 59, 8860);כ;נ;ר;ש;א;ב;ת;כ;י;כ;ך;ל;מ;ה;ת;ע;ב;ט;ב;ו;(34, 8, 8, 40, 8841)
(34, 8, 8, 79, 8880);ת;ע;ב;ט;ב;ם;ו;ת;ח;נ;ו;ך;ל;מ;ה;ם;ש;ב;ב;ת;(34, 8, 8, 60, 8861)
(34, 8, 9, 8, 8900);פ;ס;ו;א;ר;ק;י;ו;ב;י;ש;ה;ל;ן;י;א;ך;ל;מ;ה;(34, 8, 8, 80, 8881)
(34, 8, 9, 28, 8920);ל;ש;ה;ש;ד;ח;ב;א;י;ה;ה;ת;ע;ב;ך;ל;מ;ה;י;ר;(34, 8, 9, 9, 8901)
(34, 8, 9, 48, 8940);ו;ה;ש;ו;ל;ש;ב;ן;ו;י;ס;ש;ד;ח;א;ו;ה;י;ש;י;(34, 8, 9, 29, 8921)
(34, 8, 9, 68, 8960);ו;צ;ר;ש;א;ל;כ;כ;ב;ת;כ;י;ו;ו;ב;ם;י;ר;ש;ע;(34, 8, 9, 49, 8941)
(34, 8, 9, 88, 8980);א;ה;ל;א;ו;ם;י;ד;ו;ה;י;ה;ל;א;י;כ;ד;ר;מ;ה;(34, 8, 9, 69, 8961)
(34, 8, 9, 108, 9000);מ;ה;י;ר;ש;ו;ת;ו;ח;פ;ה;ו;ם;י;נ;פ;ר;ד;ש;ח;(34, 8, 9, 89, 8981)
(34, 8, 9, 128, 9020);ב;ש;ש;ו;כ;ד;ע;ו;ו;ד;ה;מ;ר;ש;א;ת;ו;נ;י;ד;(34, 8, 9, 109, 9001)
(34, 8, 9, 148, 9040);נ;י;ד;מ;ה;נ;י;ד;מ;ה;א;מ;ו;ם;י;ר;ש;ע;ו;ע;(34, 8, 9, 129, 9021)
(34, 8, 9, 168, 9060);ל;כ;ם;ע;ו;ם;ע;ו;ה;ב;ת;כ;כ;ה;נ;י;ד;מ;ו;ה;(34, 8, 9, 149, 9041)
(34, 8, 9, 188, 9080);כ;ו;ם;ב;ת;כ;כ;ם;י;ד;ו;ה;י;ה;ל;א;ו;ו;נ;ש;(34, 8, 9, 169, 9061)
(34, 8, 10, 15, 9100);ש;ח;א;ך;ל;מ;ה;ם;ש;ב;ב;ת;כ;י;ו;ם;נ;ו;ש;ל;(34, 8, 9, 189, 9081)
(34, 8, 10, 35, 9120);ש;י;ו;ך;ל;מ;ה;ת;ע;ב;ט;ב;ם;ת;ח;י;ו;ש;ר;ו;(34, 8, 10, 16, 9101)
(34, 8, 10, 55, 9140);י;ס;ו;ס;ב;ם;י;צ;ר;ה;ד;י;ב;ם;י;ר;פ;ס;ח;ל;(34, 8, 10, 36, 9121)
(34, 8, 10, 75, 9160);נ;ב;ם;י;נ;ר;ת;ש;ח;א;ה;ש;כ;ר;ה;י;ב;כ;ר;ם;(34, 8, 10, 56, 9141)
(34, 8, 11, 13, 9180);ה;י;ל;ך;ל;מ;ה;ן;ת;נ;ר;ש;א;ם;י;כ;מ;ר;ה;י;(34, 8, 10, 76, 9161)
(34, 8, 11, 33, 9200);ק;ה;ל;ר;י;ע;ו;ר;י;ע;ל;כ;ב;ר;ש;א;ם;י;ד;ו;(34, 8, 11, 14, 9181)
(34, 8, 11, 53, 9220);ו;ד;י;מ;ש;ה;ל;ם;ש;פ;נ;ל;ע;ד;מ;ע;ל;ו;ל;ה;(34, 8, 11, 34, 9201)
(34, 8, 11, 73, 9240);מ;ו;ם;ע;ל;י;ח;ל;כ;ת;א;ד;ב;א;ל;ו;ג;ר;ה;ל;(34, 8, 11, 54, 9221)
(34, 8, 11, 93, 9260);ו;ם;י;ש;נ;ו;ף;ט;ם;ת;א;ם;י;ר;צ;ה;ה;נ;י;ד;(34, 8, 11, 74, 9241)
(34, 8, 12, 12, 9280);ד;מ;ל;כ;ב;ד;ח;א;ם;ו;י;ב;ז;ו;ב;ל;ם;ל;ל;ש;(34, 8, 11, 94, 9261)
(34, 8, 12, 32, 9300);ש;ו;ל;ש;ב;ש;ו;ר;ו;ש;ח;א;ך;ל;מ;ה;ת;ו;נ;י;(34, 8, 12, 13, 9281)
(34, 8, 12, 52, 9320);ד;ח;א;ו;ה;ר;ש;ע;ם;י;נ;ש;ש;ד;ח;ל;ר;ש;ע;ה;(34, 8, 12, 33, 9301)
(34, 8, 13, 16, 9340);ת;ד;ן;ת;נ;ה;ל;ב;ת;כ;ה;ן;ג;ש;ת;פ;ר;ד;א;ש;(34, 8, 12, 53, 9321)
(34, 8, 13, 36, 9360);כ;ל;י;ו;ל;ג;ה;נ;י;ד;מ;ו;ה;נ;י;ד;מ;ל;כ;ב;(34, 8, 13, 17, 9341)
(34, 8, 13, 56, 9380);ם;י;י;ד;ו;ה;י;ה;ת;ו;י;ה;ל;ו;ם;י;מ;ע;ה;ל;(34, 8, 13, 37, 9361)
(34, 8, 13, 76, 9400);א;מ;ם;ק;נ;ה;ל;ה;ז;ה;ם;ו;י;ל;ם;י;ד;ו;ת;ע;(34, 8, 13, 57, 9381)
(34, 8, 14, 15, 9420);א;ה;ש;כ;ר;ה;י;ב;כ;ר;ם;י;צ;ר;ה;ם;ה;י;ב;י;(34, 8, 13, 77, 9401)
(34, 8, 14, 35, 9440);ח;ד;ו;ם;י;ל;ה;ב;מ;ו;א;צ;י;ם;י;נ;ר;ת;ש;ח;(34, 8, 14, 16, 9421)
(34, 8, 14, 55, 9460);ה;נ;ת;נ;ת;ד;ה;ו;ך;ל;מ;ה;ר;ב;ד;ב;ם;י;פ;ו;(34, 8, 14, 36, 9441)
(34, 8, 15, 10, 9480);מ;א;צ;י;י;כ;ד;ר;מ;ו;ה;ר;י;ב;ה;ן;ש;ו;ש;ב;(34, 8, 14, 56, 9461)
(34, 8, 15, 30, 9500);כ;ת;ת;ו;כ;ל;מ;ש;ו;ב;ל;ב;ך;ל;מ;ה;י;נ;פ;ל;(34, 8, 15, 11, 9481)
(34, 8, 15, 50, 9520);ו;ה;ל;ו;ד;ג;ב;ה;ז;ת;ר;ט;ע;ו;ר;ו;ח;ו;ת;ל;(34, 8, 15, 31, 9501)
(34, 8, 15, 70, 9540);ש;ר;י;ע;ה;ו;ן;מ;ג;ר;א;ו;ץ;ו;ב;ך;י;ר;כ;ת;(34, 8, 15, 51, 9521)
(34, 8, 16, 8, 9560);ה;ם;י;ד;ו;ה;י;ל;ה;ח;מ;ש;ו;ה;ל;ה;צ;ן;ש;ו;(34, 8, 15, 71, 9541)
(34, 8, 16, 28, 9580);ר;ק;י;ו;ן;ש;ש;ו;ה;ח;מ;ש;ו;ה;ר;ו;א;ה;ת;י;(34, 8, 16, 9, 9561)
(34, 8, 17, 20, 9600);ע;ל;כ;ב;ו;ה;נ;י;ד;מ;ו;ה;נ;י;ד;מ;ל;כ;ב;ו;(34, 8, 17, 1, 9581)
(34, 8, 17, 40, 9620);ך;ל;מ;ה;ר;ב;ד;ר;ש;א;ם;ו;ק;מ;ר;י;ע;ו;ר;י;(34, 8, 17, 21, 9601)
(34, 8, 17, 60, 9640);ה;י;ל;ן;ו;ש;ש;ו;ה;ח;מ;ש;ע;י;ג;מ;ו;ת;ד;ו;(34, 8, 17, 41, 9621)
(34, 8, 17, 80, 9660);ם;י;ב;ר;ו;ב;ו;ט;ם;ו;י;ו;ה;ת;ש;מ;ם;י;ד;ו;(34, 8, 17, 61, 9641)
(34, 8, 17, 100, 9680);ל;פ;נ;י;כ;ם;י;ד;ה;י;ת;מ;ץ;ר;א;ה;י;מ;ע;מ;(34, 8, 17, 81, 9661)
(34, 9, 1, 5, 9700);י;נ;ש;ב;ו;ם;ה;י;ל;ע;ם;י;ד;ו;ה;י;ה;ד;ח;פ;(34, 8, 17, 101, 9681)
(34, 9, 1, 25, 9720);ו;ל;ש;ב;ר;ד;א;ש;ד;ח;א;ו;ה;ש;ד;ח;ר;ש;ע;ם;(34, 9, 1, 6, 9701)
(34, 9, 1, 45, 9740);ר;ב;ד;ע;י;ג;ה;ר;ש;א;ו;ב;ם;ו;י;ר;ש;ע;ה;ש;(34, 9, 1, 26, 9721)
(34, 9, 1, 65, 9760);ש;א;ם;ו;י;ב;ת;ו;ש;ע;ה;ל;ו;ת;ד;ו;ך;ל;מ;ה;(34, 9, 1, 46, 9741)
(34, 9, 1, 85, 9780);ו;ל;ש;ל;ם;י;ד;ו;ה;י;ה;י;ב;י;א;ו;ר;ב;ש;ר;(34, 9, 1, 66, 9761)
(34, 9, 1, 105, 9800);ט;ל;ש;י;ר;ש;א;א;ו;ה;ך;ו;פ;ה;נ;ו;ם;ה;ב;ט;(34, 9, 1, 86, 9781)
(34, 9, 2, 2, 9820);ק;נ;ם;ה;י;א;נ;ש;ב;ה;מ;ה;ם;י;ד;ו;ה;י;ה;ו;(34, 9, 1, 106, 9801)
(34, 9, 2, 22, 9840);מ;ל;כ;ב;ם;ה;י;ר;ע;ב;ם;י;ד;ו;ה;י;ה;ו;ל;ה;(34, 9, 2, 3, 9821)
(34, 9, 2, 42, 9860);ח;ל;ש;ל;ש;ו;ר;ו;ש;ח;א;ך;ל;מ;ה;ת;ו;נ;י;ד;(34, 9, 2, 23, 9841)
(34, 9, 2, 62, 9880);מ;ע;א;ל;ש;י;א;ו;ם;ת;ע;ר;י;ש;ק;ב;מ;ב;ד;י;(34, 9, 2, 43, 9861)
(34, 9, 2, 82, 9900);ל;כ;ל;ע;ם;ד;ח;פ;ל;פ;נ;י;כ;ם;ה;י;נ;פ;ל;ד;(34, 9, 2, 63, 9881)
(34, 9, 3, 15, 9920);ה;ו;ת;ו;נ;י;ד;מ;ה;י;ר;ש;ל;כ;ו;ם;י;מ;ע;ה;(34, 9, 2, 83, 9901)
(34, 9, 3, 35, 9940);ה;י;ש;ע;ו;ת;ו;ח;פ;ה;ו;ם;י;נ;פ;ר;ד;ש;ח;א;(34, 9, 3, 16, 9921)
(34, 9, 3, 55, 9960);ת;א;ם;י;א;ש;נ;מ;ך;ל;מ;ל;ר;ש;א;ה;כ;א;ל;מ;(34, 9, 3, 36, 9941)
(34, 9, 3, 75, 9980);י;כ;ד;ר;מ;ד;ח;פ;ל;פ;נ;י;כ;ם;י;ד;ו;ה;י;ה;(34, 9, 3, 56, 9961)
(34, 9, 4, 15, 10000);ת;י;ב;ב;י;כ;ד;ר;מ;ל;ו;ד;ג;י;כ;ם;ה;י;ל;ע;(34, 9, 3, 76, 9981)
(34, 9, 4, 35, 10020);י;ד;מ;ה;ל;כ;ב;ך;ל;ו;ה;ו;ע;מ;ש;ו;ך;ל;מ;ה;(34, 9, 4, 16, 10001)
(34, 9, 4, 55, 10040);ג;ו;ך;ל;ו;ה;י;כ;ד;ר;מ;ש;י;א;ה;י;כ;ת;ו;נ;(34, 9, 4, 36, 10021)
(34, 9, 5, 17, 10060);ב;י;א;ל;כ;ב;ם;י;ד;ו;ה;י;ה;ו;כ;י;ו;ל;ו;ד;(34, 9, 4, 56, 10041)
(34, 9, 5, 37, 10080);י;ו;ן;ד;ב;א;ו;ג;ר;ה;ו;ב;ר;ח;ת;כ;מ;ם;ה;י;(34, 9, 5, 18, 10061)
(34, 9, 6, 4, 10100);ו;ש;ב;ו;ם;נ;ו;צ;ר;כ;ם;ה;י;א;נ;ש;ב;ו;ש;ע;(34, 9, 5, 38, 10081)
(34, 9, 6, 24, 10120);א;ו;ם;י;ד;ו;ה;י;ה;ו;ג;ר;ה;ה;ר;י;ב;ה;ן;ש;(34, 9, 6, 5, 10101)
(34, 9, 7, 8, 10140);ד;נ;ש;ר;פ;ת;א;ו;ש;י;א;ת;ו;א;מ;ש;מ;ח;ד;ב;(34, 9, 6, 25, 10121)
(34, 9, 8, 2, 10160);א;ו;א;ת;פ;ס;א;ת;א;ו;ן;ו;פ;ל;ד;ת;א;ו;א;ת;(34, 9, 7, 9, 10141)
(34, 9, 8, 22, 10180);י;ר;א;ת;א;ו;א;י;ל;ד;א;ת;א;ו;א;ת;ר;ו;פ;ת;(34, 9, 8, 3, 10161)
(34, 9, 9, 17, 10200);י;ס;י;ר;א;ת;א;ו;א;ת;ש;מ;ר;פ;ת;א;ו;א;ת;ד;(34, 9, 8, 23, 10181)
(34, 9, 10, 5, 10220);ב;ת;ר;ש;ע;א;ת;ז;י;ו;ת;א;ו;י;ד;ר;א;ת;א;ו;(34, 9, 9, 18, 10201)
(34, 9, 10, 25, 10240);ד;ו;ה;י;ה;ר;ר;צ;א;ת;ד;מ;ה;ן;ב;ן;מ;ה;י;נ;(34, 9, 10, 6, 10221)
(34, 9, 10, 45, 10260);י;ת;א;ו;ח;ל;ש;א;ל;ה;ז;ב;ב;ו;ו;ג;ר;ה;ם;י;(34, 9, 10, 26, 10241)
(34, 9, 11, 18, 10280);ו;ר;ה;ה;ר;פ;ס;מ;א;ב;א;ו;ה;ה;ם;ו;י;ב;ם;ד;(34, 9, 10, 46, 10261)
(34, 9, 11, 38, 10300);ל;מ;ה;י;נ;פ;ל;ה;ר;י;ב;ה;ן;ש;ו;ש;ב;ם;י;ג;(34, 9, 11, 19, 10281)
(34, 9, 12, 19, 10320);ה;כ;ל;מ;ה;ר;ת;ס;א;ל;ך;ל;מ;ה;ר;מ;א;י;ו;ך;(34, 9, 11, 39, 10301)
(34, 9, 12, 39, 10340);י;ד;ו;ה;י;ה;ו;ג;ר;ה;ה;ר;י;ב;ה;ן;ש;ו;ש;ב;(34, 9, 12, 20, 10321)
(34, 9, 12, 59, 10360);ש;ע;ת;א;ו;ש;י;א;ת;ו;א;מ;ש;מ;ח;ד;ב;א;ו;ם;(34, 9, 12, 40, 10341)
(34, 9, 12, 79, 10380);מ;ה;ת;ו;נ;י;ד;מ;ר;א;ש;ב;ן;מ;ה;י;נ;ב;ת;ר;(34, 9, 12, 60, 10361)
(34, 9, 12, 99, 10400);ן;ת;נ;י;ו;ך;ת;ל;א;ש;ה;מ;ו;ו;ש;ע;ה;מ;ך;ל;(34, 9, 12, 80, 10381)
(34, 9, 13, 3, 10420);א;ת;ו;ש;ע;ת;ו;ד;ו;ע;ך;ת;ש;ק;ב;ה;מ;ו;ך;ל;(34, 9, 12, 100, 10401)
(34, 9, 13, 23, 10440);ת;נ;י;ב;ו;ט;ך;ל;מ;ה;ל;ע;ם;א;ר;ת;ס;א;ר;מ;(34, 9, 13, 4, 10421)
(34, 9, 13, 43, 10460);ש;ו;ש;ב;ר;ש;א;ם;י;ד;ו;ה;י;ל;ר;ח;מ;ם;ג;ן;(34, 9, 13, 24, 10441)
(34, 9, 13, 63, 10480);ת;ר;ש;ע;ת;א;ו;ם;ו;י;ה;ת;ד;כ;ת;ו;ש;ע;ל;ן;(34, 9, 13, 44, 10461)
(34, 9, 14, 5, 10500);ר;מ;א;י;ו;ץ;ע;ה;ל;ע;ו;ל;ת;י;ן;מ;ה;י;נ;ב;(34, 9, 13, 64, 10481)
(34, 9, 14, 25, 10520);ב;ת;ד;ן;ת;נ;ת;ו;ן;כ;ת;ו;ש;ע;ה;ל;ך;ל;מ;ה;(34, 9, 14, 6, 10501)
(34, 9, 14, 45, 10540);ו;ל;ת;ן;מ;ה;י;נ;ב;ת;ר;ש;ע;ת;א;ו;ן;ש;ו;ש;(34, 9, 14, 26, 10521)
(34, 9, 15, 20, 10560);ו;ש;ב;ר;ש;א;ם;י;י;ד;ו;ה;י;ה;ו;ל;ה;ק;י;ו;(34, 9, 15, 1, 10541)
(34, 9, 15, 40, 10580);ש;ד;ח;ל;ר;ש;ע;ה;ע;ב;ר;א;ם;ו;י;ב;ם;ג;ן;ש;(34, 9, 15, 21, 10561)
(34, 9, 15, 60, 10600);ו;א;מ;ש;ל;ש;ן;ש;ו;ש;ב;ו;ג;ר;ה;י;ו;ר;ד;א;(34, 9, 15, 41, 10581)
(34, 9, 15, 80, 10620);ם;ד;י;ת;א;ו;ח;ל;ש;א;ל;ה;ז;ב;ב;ו;ש;י;א;ת;(34, 9, 15, 61, 10601)
(34, 9, 16, 20, 10640);ו;נ;י;ד;מ;ב;ר;ש;א;ם;י;ד;ו;ה;י;ה;ר;א;ש;ו;(34, 9, 16, 1, 10621)
(34, 9, 16, 40, 10660);ם;ש;פ;נ;ל;ע;ד;מ;ע;ו;ו;ל;ה;ק;נ;ך;ל;מ;ה;ת;(34, 9, 16, 21, 10641)
(34, 9, 16, 60, 10680);י;א;נ;ש;ב;ג;ר;ה;ו;ם;ה;י;ב;י;א;מ;ח;ו;נ;ו;(34, 9, 16, 41, 10661)
(34, 9, 16, 80, 10700);ה;ז;ב;ב;ו;ף;ל;א;ם;י;ע;ב;ש;ו;ה;ש;מ;ח;ם;ה;(34, 9, 16, 61, 10681)
(34, 9, 17, 9, 10720);ע;ה;ש;ל;ש;ם;ו;י;ב;ם;ד;י;ת;א;ו;ח;ל;ש;א;ל;(34, 9, 16, 81, 10701)
(34, 9, 17, 29, 10740);ע;ה;ע;ב;ר;א;ב;ח;ו;נ;ו;ר;ד;א;ש;ד;ח;ל;ר;ש;(34, 9, 17, 10, 10721)
(34, 9, 17, 49, 10760);ש;ו;ה;ת;ש;מ;ם;ו;י;ו;ת;א;ה;ש;ע;ו;ו;ב;ר;ש;(34, 9, 17, 30, 10741)
(34, 9, 18, 17, 10780);ן;ש;ו;ש;ב;ר;ש;א;ם;י;י;ד;ו;ה;י;ה;ו;ה;ח;מ;(34, 9, 17, 50, 10761)
(34, 9, 18, 37, 10800);ב;ר;א;ב;ו;ו;ב;ר;ש;ע;ה;ש;ל;ש;ב;ו;ל;ה;ק;נ;(34, 9, 18, 18, 10781)
(34, 9, 18, 57, 10820);ב;ר;ש;ע;ה;ש;מ;ח;ב;ח;ו;נ;ו;ו;ב;ר;ש;ע;ה;ע;(34, 9, 18, 38, 10801)
(34, 9, 18, 77, 10840);ה;ח;מ;ש;ו;ה;ת;ש;מ;ם;ו;י;ו;ת;א;ה;ש;ע;ו;ו;(34, 9, 18, 58, 10821)
(34, 9, 19, 20, 10860);י;ה;ם;י;ז;ו;ר;פ;ה;ם;י;ד;ו;ה;י;ה;ן;כ;ל;ע;(34, 9, 19, 1, 10841)
(34, 9, 19, 40, 10880);ת;א;ם;י;ש;ע;ת;ו;ז;ר;פ;ה;י;ר;ע;ב;ם;י;ב;ש;(34, 9, 19, 21, 10861)
(34, 9, 19, 60, 10900);מ;ש;ר;ד;א;ש;ד;ח;ל;ר;ש;ע;ה;ע;ב;ר;א;ם;ו;י;(34, 9, 19, 41, 10881)
(34, 9, 19, 80, 10920);ח;ו;ל;ש;מ;ו;ב;ו;ט;ם;ו;י;ו;ה;ת;ש;מ;ו;ה;ח;(34, 9, 19, 61, 10901)
(34, 9, 20, 8, 10940);ד;ר;מ;ב;ת;כ;י;ו;ו;ה;ע;ר;ל;ש;י;א;ת;ו;נ;מ;(34, 9, 19, 81, 10921)
(34, 9, 20, 28, 10960);ס;ח;ל;ש;י;ו;ה;ל;א;ה;ם;י;ר;ב;ד;ה;ת;א;י;כ;(34, 9, 20, 9, 10941)
(34, 9, 20, 48, 10980);כ;ב;ר;ש;א;ם;י;ד;ו;ה;י;ה;ל;כ;ל;א;ם;י;ר;פ;(34, 9, 20, 29, 10961)
(34, 9, 20, 68, 11000);ק;ה;ש;ו;ר;ו;ש;ח;א;ך;ל;מ;ה;ת;ו;נ;י;ד;מ;ל;(34, 9, 20, 49, 10981)
(34, 9, 21, 7, 11020);י;ל;ע;ם;י;ק;ל;ם;י;ק;ו;ח;ר;ה;ו;ם;י;ב;ו;ר;(34, 9, 20, 69, 11001)
(34, 9, 21, 27, 11040);ע;ב;ר;א;ם;ו;י;ת;א;ם;י;ש;ע;ת;ו;י;ה;ל;ם;ה;(34, 9, 21, 8, 11021)
(34, 9, 21, 47, 11060);ש;מ;ח;ם;ו;י;ת;א;ו;ר;ד;א;ש;ד;ח;ל;ר;ש;ע;ה;(34, 9, 21, 28, 11041)
(34, 9, 22, 4, 11080);י;מ;י;כ;ה;נ;ש;ו;ה;נ;ש;ל;כ;ב;ו;ב;ר;ש;ע;ה;(34, 9, 21, 48, 11061)
(34, 9, 22, 24, 11100);ו;א;מ;ם;י;ד;ו;ה;י;ה;ם;ה;ב;ו;ח;נ;ר;ש;א;ם;(34, 9, 22, 5, 11081)
(34, 9, 22, 44, 11120);ם;ה;ל;ך;פ;ה;נ;ר;ש;א;ש;ד;ח;ה;ו;ם;ה;י;ב;י;(34, 9, 22, 25, 11101)
(34, 9, 22, 64, 11140);ט;ם;ו;י;ל;ל;ב;א;מ;ו;ה;ח;מ;ש;ל;ן;ו;ג;י;מ;(34, 9, 22, 45, 11121)
(34, 9, 22, 84, 11160);ש;ו;ה;ת;ש;מ;י;מ;י;ם;ת;ו;א;ת;ו;ש;ע;ל;ב;ו;(34, 9, 22, 65, 11141)
(34, 9, 22, 104, 11180);ה;ע;ר;ל;ש;י;א;ת;ו;נ;מ;ח;ו;ל;ש;מ;ו;ה;ח;מ;(34, 9, 22, 85, 11161)
(34, 9, 23, 5, 11200);ה;ל;ב;ק;ו;ם;י;נ;ו;י;ב;א;ל;ת;ו;נ;ת;מ;ו;ו;(34, 9, 22, 105, 11181)
(34, 9, 23, 25, 11220);ת;ו;ש;ע;ל;ו;ל;ח;ה;ר;ש;א;ת;א;ם;י;ד;ו;ה;י;(34, 9, 23, 6, 11201)
(34, 9, 24, 1, 11240);כ;ם;ה;י;ל;א;י;כ;ד;ר;מ;ב;ת;כ;ר;ש;א;ת;א;ו;(34, 9, 23, 26, 11221)
(34, 9, 24, 21, 11260);כ;ר;ר;צ;י;ג;ג;א;ה;א;ת;ד;מ;ה;ן;ב;ן;מ;ה;י;(34, 9, 24, 2, 11241)
(34, 9, 24, 41, 11280);ם;י;ד;ו;ה;י;ה;ל;ע;ב;ש;ח;ם;י;ד;ו;ה;י;ה;ל;(34, 9, 24, 22, 11261)
(34, 9, 24, 61, 11300);ר;ו;ג;ה;א;ו;ה;ר;ו;פ;ל;י;פ;ה;ו;ם;ד;ב;א;ל;(34, 9, 24, 42, 11281)
(34, 9, 25, 9, 11320);י;נ;פ;ל;ה;א;ב;ב;ו;ם;ד;ב;א;ל;ו;ם;מ;ה;ל;ל;(34, 9, 24, 62, 11301)
(34, 9, 25, 29, 11340);ש;ח;מ;ב;ו;ש;י;ר;פ;ס;ה;ם;ע;ר;מ;א;ך;ל;מ;ה;(34, 9, 25, 10, 11321)
(34, 9, 25, 49, 11360);ד;ו;ה;י;ה;ל;ע;ב;ש;ח;ר;ש;א;ה;ע;ר;ה;ו;ת;ב;(34, 9, 25, 30, 11341)
(34, 9, 25, 69, 11380);נ;ב;ת;א;ו;ו;ת;א;ו;ל;ת;ו;ו;ש;א;ר;ל;ע;ם;י;(34, 9, 25, 50, 11361)
(34, 9, 26, 13, 11400);ם;י;מ;י;ל;ו;א;ר;ק;ן;כ;ל;ע;ץ;ע;ה;ל;ע;ו;י;(34, 9, 25, 70, 11381)
(34, 9, 26, 33, 11420);כ;ל;ע;ר;ו;פ;ה;ם;ש;ל;ע;ם;י;ר;ו;פ;ה;ל;א;ה;(34, 9, 26, 14, 11401)
(34, 9, 26, 53, 11440);מ;ו;ת;א;ז;ה;ת;ר;ג;א;ה;י;ר;ב;ד;ל;כ;ל;ע;ן;(34, 9, 26, 34, 11421)
(34, 9, 26, 73, 11460);ה;י;ל;א;ע;י;ג;ה;ה;מ;ו;ה;כ;כ;ל;ע;ו;א;ר;ה;(34, 9, 26, 54, 11441)
(34, 9, 27, 19, 11480);ה;י;ל;ע;ם;י;ד;ו;ה;י;ה;ל;ב;ק;ו;ו;מ;י;ק;ם;(34, 9, 26, 74, 11461)
(34, 9, 27, 39, 11500);ע;ם;י;ו;ל;נ;ה;ל;כ;ל;ע;ו;ם;ע;ר;ז;ל;ע;ו;ם;(34, 9, 27, 20, 11481)
(34, 9, 27, 59, 11520);י;ש;ע;ת;ו;י;ה;ל;ר;ו;ב;ע;י;א;ל;ו;ם;ה;י;ל;(34, 9, 27, 40, 11501)
(34, 9, 27, 79, 11540);ם;ב;ת;כ;כ;ה;ל;א;ה;ם;י;מ;י;ה;י;נ;ש;ת;א;ם;(34, 9, 27, 60, 11521)
(34, 9, 28, 4, 11560);מ;י;ה;ו;ה;נ;ש;ו;ה;נ;ש;ל;כ;ב;ם;נ;מ;ז;כ;ו;(34, 9, 27, 80, 11541)
(34, 9, 28, 24, 11580);כ;ב;ם;י;ש;ע;נ;ו;ם;י;ר;כ;ז;נ;ה;ל;א;ה;ם;י;(34, 9, 28, 5, 11561)
(34, 9, 28, 44, 11600);מ;ה;ח;פ;ש;מ;ו;ה;ח;פ;ש;מ;ר;ו;ד;ו;ר;ו;ד;ל;(34, 9, 28, 25, 11581)
(34, 9, 28, 64, 11620);י;ו;ר;י;ע;ו;ר;י;ע;ו;ה;נ;י;ד;מ;ו;ה;נ;י;ד;(34, 9, 28, 45, 11601)
(34, 9, 28, 84, 11640);מ;ו;ר;ב;ע;י;א;ל;ה;ל;א;ה;ם;י;ר;ו;פ;ה;י;מ;(34, 9, 28, 65, 11621)
(34, 9, 28, 104, 11660);ו;ס;י;א;ל;ם;ר;כ;ז;ו;ם;י;ד;ו;ה;י;ה;ך;ו;ת;(34, 9, 28, 85, 11641)
(34, 9, 29, 14, 11680);ה;כ;ל;מ;ה;ר;ת;ס;א;ב;ת;כ;ת;ו;ם;ע;ר;ז;מ;ף;(34, 9, 28, 105, 11661)
(34, 9, 29, 34, 11700);י;ד;ו;ה;י;ה;י;כ;ד;ר;מ;ו;ל;י;ח;י;ב;א;ת;ב;(34, 9, 29, 15, 11681)
(34, 9, 29, 54, 11720);ו;פ;ה;ת;ר;ג;א;ת;א;ם;י;ק;ל;ף;ק;ת;ל;כ;ת;א;(34, 9, 29, 35, 11701)
(34, 9, 30, 8, 11740);ר;פ;ס;ח;ל;ש;י;ו;ת;י;נ;ש;ה;ת;א;ז;ה;ם;י;ר;(34, 9, 29, 55, 11721)
(34, 9, 30, 28, 11760);ע;ו;ע;ב;ש;ל;א;ם;י;ד;ו;ה;י;ה;ל;כ;ל;א;ם;י;(34, 9, 30, 9, 11741)
(34, 9, 30, 48, 11780);ח;א;ת;ו;כ;ל;מ;ה;נ;י;ד;מ;ה;א;מ;ו;ם;י;ר;ש;(34, 9, 30, 29, 11761)
(34, 9, 31, 3, 11800);י;ק;ל;ת;מ;א;ו;ם;ו;ל;ש;י;ר;ב;ד;ש;ו;ר;ו;ש;(34, 9, 30, 49, 11781)
(34, 9, 31, 23, 11820);י;נ;מ;ז;ב;ה;ל;א;ה;ם;י;ר;פ;ה;י;מ;י;ת;א;ם;(34, 9, 31, 4, 11801)
(34, 9, 31, 43, 11840);ה;י;כ;ד;ר;מ;ם;ה;י;ל;ע;ם;י;ק;ר;ש;א;כ;ם;ה;(34, 9, 31, 24, 11821)
(34, 9, 31, 63, 11860);ר;ש;א;כ;ו;ה;כ;ל;מ;ה;ר;ת;ס;א;ו;י;ד;ו;ה;י;(34, 9, 31, 44, 11841)
(34, 9, 31, 83, 11880);ר;ב;ד;ם;ע;ר;ז;ל;ע;ו;ם;ש;פ;נ;ל;ע;ו;מ;י;ק;(34, 9, 31, 64, 11861)
(34, 9, 32, 8, 11900);ת;ס;א;ר;מ;א;מ;ו;ם;ת;ק;ע;ז;ו;ת;ו;מ;צ;ה;י;(34, 9, 31, 84, 11881)
(34, 9, 32, 28, 11920);כ;נ;ו;ה;ל;א;ה;ם;י;ר;פ;ה;י;ר;ב;ד;ם;י;ק;ר;(34, 9, 32, 9, 11901)
(34, 10, 1, 14, 11940);מ;ש;ר;ש;ח;א;ך;ל;מ;ה;ם;ש;י;ו;ר;פ;ס;ב;ב;ת;(34, 9, 32, 29, 11921)
(34, 10, 2, 6, 11960);ש;ע;מ;ל;כ;ו;ם;י;ה;י;י;א;ו;ץ;ר;א;ה;ל;ע;ס;(34, 10, 1, 15, 11941)
(34, 10, 2, 26, 11980);ל;ד;ג;ת;ש;ר;פ;ו;ו;ת;ר;ו;ב;ג;ו;ו;פ;ק;ת;ה;(34, 10, 2, 7, 11961)
(34, 10, 2, 46, 12000);ו;ל;ה;ך;ל;מ;ה;ו;ל;ד;ג;ר;ש;א;י;כ;ד;ר;מ;ת;(34, 10, 2, 27, 11981)
(34, 10, 2, 66, 12020);י;ה;י;ר;ב;ד;ר;פ;ס;ל;ע;ם;י;ב;ו;ת;כ;ם;ה;א;(34, 10, 2, 47, 12001)
(34, 10, 3, 5, 12040);ד;ר;מ;י;כ;ס;ר;פ;ו;י;ד;מ;י;כ;ל;מ;ל;ם;י;מ;(34, 10, 2, 67, 12021)
(34, 10, 3, 25, 12060);ו;ש;ח;א;ך;ל;מ;ל;ה;נ;ש;מ;י;ד;ו;ה;י;ה;י;כ;(34, 10, 3, 6, 12041)
(34, 10, 3, 45, 12080);י;ו;צ;ר;ו;ם;י;ד;ו;ה;י;ל;ל;ו;ד;ג;ו;ש;ו;ר;(34, 10, 3, 26, 12061)
(34, 10, 3, 65, 12100);ב;ד;ו;ו;מ;ע;ל;ב;ו;ט;ש;ר;ד;ו;י;ח;א;ב;ר;ל;(34, 10, 3, 46, 12081)
(34, 10, 3, 77, 12112); ; ; ; ; ; ; ; ;ו;ע;ר;ז;ל;כ;ל;ם;ו;ל;ש;ר;(34, 10, 3, 66, 12101)
