ויהי;(1, [6, 10, 5, 10], 31)
בימי;(2, [2, 10, 40, 10], 62)
שפט;(3, [300, 80, 9], 389)
השפטים;(4, [5, 300, 80, 9, 10, 40], 444)
ויהי;(5, [6, 10, 5, 10], 31)
רעב;(6, [200, 70, 2], 272)
בארץ;(7, [2, 1, 200, 90], 293)
וילך;(8, [6, 10, 30, 20], 66)
איש;(9, [1, 10, 300], 311)
מבית;(10, [40, 2, 10, 400], 452)
לחם;(11, [30, 8, 40], 78)
יהודה;(12, [10, 5, 6, 4, 5], 30)
לגור;(13, [30, 3, 6, 200], 239)
בשדי;(14, [2, 300, 4, 10], 316)
מואב;(15, [40, 6, 1, 2], 49)
הוא;(16, [5, 6, 1], 12)
ואשתו;(17, [6, 1, 300, 400, 6], 713)
ושני;(18, [6, 300, 50, 10], 366)
בניו;(19, [2, 50, 10, 6], 68)
ושם;(20, [6, 300, 40], 346)
האיש;(21, [5, 1, 10, 300], 316)
אלימלך;(22, [1, 30, 10, 40, 30, 20], 131)
ושם;(23, [6, 300, 40], 346)
אשתו;(24, [1, 300, 400, 6], 707)
נעמי;(25, [50, 70, 40, 10], 170)
ושם;(26, [6, 300, 40], 346)
שני;(27, [300, 50, 10], 360)
בניו;(28, [2, 50, 10, 6], 68)
מחלון;(29, [40, 8, 30, 6, 50], 134)
וכליון;(30, [6, 20, 30, 10, 6, 50], 122)
אפרתים;(31, [1, 80, 200, 400, 10, 40], 731)
מבית;(32, [40, 2, 10, 400], 452)
לחם;(33, [30, 8, 40], 78)
יהודה;(34, [10, 5, 6, 4, 5], 30)
ויבאו;(35, [6, 10, 2, 1, 6], 25)
שדי;(36, [300, 4, 10], 314)
מואב;(37, [40, 6, 1, 2], 49)
ויהיו;(38, [6, 10, 5, 10, 6], 37)
שם;(39, [300, 40], 340)
וימת;(40, [6, 10, 40, 400], 456)
אלימלך;(41, [1, 30, 10, 40, 30, 20], 131)
איש;(42, [1, 10, 300], 311)
נעמי;(43, [50, 70, 40, 10], 170)
ותשאר;(44, [6, 400, 300, 1, 200], 907)
היא;(45, [5, 10, 1], 16)
ושני;(46, [6, 300, 50, 10], 366)
בניה;(47, [2, 50, 10, 5], 67)
וישאו;(48, [6, 10, 300, 1, 6], 323)
להם;(49, [30, 5, 40], 75)
נשים;(50, [50, 300, 10, 40], 400)
מאביות;(51, [40, 1, 2, 10, 6, 400], 459)
שם;(52, [300, 40], 340)
האחת;(53, [5, 1, 8, 400], 414)
ערפה;(54, [70, 200, 80, 5], 355)
ושם;(55, [6, 300, 40], 346)
השנית;(56, [5, 300, 50, 10, 400], 765)
רות;(57, [200, 6, 400], 606)
וישבו;(58, [6, 10, 300, 2, 6], 324)
שם;(59, [300, 40], 340)
כעשר;(60, [20, 70, 300, 200], 590)
שנים;(61, [300, 50, 10, 40], 400)
וימותו;(62, [6, 10, 40, 6, 400, 6], 468)
גם;(63, [3, 40], 43)
שניהם;(64, [300, 50, 10, 5, 40], 405)
מחלון;(65, [40, 8, 30, 6, 50], 134)
וכליון;(66, [6, 20, 30, 10, 6, 50], 122)
ותשאר;(67, [6, 400, 300, 1, 200], 907)
האשה;(68, [5, 1, 300, 5], 311)
משני;(69, [40, 300, 50, 10], 400)
ילדיה;(70, [10, 30, 4, 10, 5], 59)
ומאישה;(71, [6, 40, 1, 10, 300, 5], 362)
ותקם;(72, [6, 400, 100, 40], 546)
היא;(73, [5, 10, 1], 16)
וכלתיה;(74, [6, 20, 30, 400, 10, 5], 471)
ותשב;(75, [6, 400, 300, 2], 708)
משדי;(76, [40, 300, 4, 10], 354)
מואב;(77, [40, 6, 1, 2], 49)
כי;(78, [20, 10], 30)
שמעה;(79, [300, 40, 70, 5], 415)
בשדה;(80, [2, 300, 4, 5], 311)
מואב;(81, [40, 6, 1, 2], 49)
כי;(82, [20, 10], 30)
פקד;(83, [80, 100, 4], 184)
יהוה;(84, [10, 5, 6, 5], 26)
את;(85, [1, 400], 401)
עמו;(86, [70, 40, 6], 116)
לתת;(87, [30, 400, 400], 830)
להם;(88, [30, 5, 40], 75)
לחם;(89, [30, 8, 40], 78)
ותצא;(90, [6, 400, 90, 1], 497)
מן;(91, [40, 50], 90)
המקום;(92, [5, 40, 100, 6, 40], 191)
אשר;(93, [1, 300, 200], 501)
היתה;(94, [5, 10, 400, 5], 420)
שמה;(95, [300, 40, 5], 345)
ושתי;(96, [6, 300, 400, 10], 716)
כלתיה;(97, [20, 30, 400, 10, 5], 465)
עמה;(98, [70, 40, 5], 115)
ותלכנה;(99, [6, 400, 30, 20, 50, 5], 511)
בדרך;(100, [2, 4, 200, 20], 226)
לשוב;(101, [30, 300, 6, 2], 338)
אל;(102, [1, 30], 31)
ארץ;(103, [1, 200, 90], 291)
יהודה;(104, [10, 5, 6, 4, 5], 30)
ותאמר;(105, [6, 400, 1, 40, 200], 647)
נעמי;(106, [50, 70, 40, 10], 170)
לשתי;(107, [30, 300, 400, 10], 740)
כלתיה;(108, [20, 30, 400, 10, 5], 465)
לכנה;(109, [30, 20, 50, 5], 105)
שבנה;(110, [300, 2, 50, 5], 357)
אשה;(111, [1, 300, 5], 306)
לבית;(112, [30, 2, 10, 400], 442)
אמה;(113, [1, 40, 5], 46)
יעשה;(114, [10, 70, 300, 5], 385)
יהוה;(115, [10, 5, 6, 5], 26)
עמכם;(116, [70, 40, 20, 40], 170)
חסד;(117, [8, 60, 4], 72)
כאשר;(118, [20, 1, 300, 200], 521)
עשיתם;(119, [70, 300, 10, 400, 40], 820)
עם;(120, [70, 40], 110)
המתים;(121, [5, 40, 400, 10, 40], 495)
ועמדי;(122, [6, 70, 40, 4, 10], 130)
יתן;(123, [10, 400, 50], 460)
יהוה;(124, [10, 5, 6, 5], 26)
לכם;(125, [30, 20, 40], 90)
ומצאן;(126, [6, 40, 90, 1, 50], 187)
מנוחה;(127, [40, 50, 6, 8, 5], 109)
אשה;(128, [1, 300, 5], 306)
בית;(129, [2, 10, 400], 412)
אישה;(130, [1, 10, 300, 5], 316)
ותשק;(131, [6, 400, 300, 100], 806)
להן;(132, [30, 5, 50], 85)
ותשאנה;(133, [6, 400, 300, 1, 50, 5], 762)
קולן;(134, [100, 6, 30, 50], 186)
ותבכינה;(135, [6, 400, 2, 20, 10, 50, 5], 493)
ותאמרנה;(136, [6, 400, 1, 40, 200, 50, 5], 702)
לה;(137, [30, 5], 35)
כי;(138, [20, 10], 30)
אתך;(139, [1, 400, 20], 421)
נשוב;(140, [50, 300, 6, 2], 358)
לעמך;(141, [30, 70, 40, 20], 160)
ותאמר;(142, [6, 400, 1, 40, 200], 647)
נעמי;(143, [50, 70, 40, 10], 170)
שבנה;(144, [300, 2, 50, 5], 357)
בנתי;(145, [2, 50, 400, 10], 462)
למה;(146, [30, 40, 5], 75)
תלכנה;(147, [400, 30, 20, 50, 5], 505)
עמי;(148, [70, 40, 10], 120)
העוד;(149, [5, 70, 6, 4], 85)
לי;(150, [30, 10], 40)
בנים;(151, [2, 50, 10, 40], 102)
במעי;(152, [2, 40, 70, 10], 122)
והיו;(153, [6, 5, 10, 6], 27)
לכם;(154, [30, 20, 40], 90)
לאנשים;(155, [30, 1, 50, 300, 10, 40], 431)
שבנה;(156, [300, 2, 50, 5], 357)
בנתי;(157, [2, 50, 400, 10], 462)
לכן;(158, [30, 20, 50], 100)
כי;(159, [20, 10], 30)
זקנתי;(160, [7, 100, 50, 400, 10], 567)
מהיות;(161, [40, 5, 10, 6, 400], 461)
לאיש;(162, [30, 1, 10, 300], 341)
כי;(163, [20, 10], 30)
אמרתי;(164, [1, 40, 200, 400, 10], 651)
יש;(165, [10, 300], 310)
לי;(166, [30, 10], 40)
תקוה;(167, [400, 100, 6, 5], 511)
גם;(168, [3, 40], 43)
הייתי;(169, [5, 10, 10, 400, 10], 435)
הלילה;(170, [5, 30, 10, 30, 5], 80)
לאיש;(171, [30, 1, 10, 300], 341)
וגם;(172, [6, 3, 40], 49)
ילדתי;(173, [10, 30, 4, 400, 10], 454)
בנים;(174, [2, 50, 10, 40], 102)
הלהן;(175, [5, 30, 5, 50], 90)
תשברנה;(176, [400, 300, 2, 200, 50, 5], 957)
עד;(177, [70, 4], 74)
אשר;(178, [1, 300, 200], 501)
יגדלו;(179, [10, 3, 4, 30, 6], 53)
הלהן;(180, [5, 30, 5, 50], 90)
תעגנה;(181, [400, 70, 3, 50, 5], 528)
לבלתי;(182, [30, 2, 30, 400, 10], 472)
היות;(183, [5, 10, 6, 400], 421)
לאיש;(184, [30, 1, 10, 300], 341)
אל;(185, [1, 30], 31)
בנתי;(186, [2, 50, 400, 10], 462)
כי;(187, [20, 10], 30)
מר;(188, [40, 200], 240)
לי;(189, [30, 10], 40)
מאד;(190, [40, 1, 4], 45)
מכם;(191, [40, 20, 40], 100)
כי;(192, [20, 10], 30)
יצאה;(193, [10, 90, 1, 5], 106)
בי;(194, [2, 10], 12)
יד;(195, [10, 4], 14)
יהוה;(196, [10, 5, 6, 5], 26)
ותשנה;(197, [6, 400, 300, 50, 5], 761)
קולן;(198, [100, 6, 30, 50], 186)
ותבכינה;(199, [6, 400, 2, 20, 10, 50, 5], 493)
עוד;(200, [70, 6, 4], 80)
ותשק;(201, [6, 400, 300, 100], 806)
ערפה;(202, [70, 200, 80, 5], 355)
לחמותה;(203, [30, 8, 40, 6, 400, 5], 489)
ורות;(204, [6, 200, 6, 400], 612)
דבקה;(205, [4, 2, 100, 5], 111)
בה;(206, [2, 5], 7)
ותאמר;(207, [6, 400, 1, 40, 200], 647)
הנה;(208, [5, 50, 5], 60)
שבה;(209, [300, 2, 5], 307)
יבמתך;(210, [10, 2, 40, 400, 20], 472)
אל;(211, [1, 30], 31)
עמה;(212, [70, 40, 5], 115)
ואל;(213, [6, 1, 30], 37)
אלהיה;(214, [1, 30, 5, 10, 5], 51)
שובי;(215, [300, 6, 2, 10], 318)
אחרי;(216, [1, 8, 200, 10], 219)
יבמתך;(217, [10, 2, 40, 400, 20], 472)
ותאמר;(218, [6, 400, 1, 40, 200], 647)
רות;(219, [200, 6, 400], 606)
אל;(220, [1, 30], 31)
תפגעי;(221, [400, 80, 3, 70, 10], 563)
בי;(222, [2, 10], 12)
לעזבך;(223, [30, 70, 7, 2, 20], 129)
לשוב;(224, [30, 300, 6, 2], 338)
מאחריך;(225, [40, 1, 8, 200, 10, 20], 279)
כי;(226, [20, 10], 30)
אל;(227, [1, 30], 31)
אשר;(228, [1, 300, 200], 501)
תלכי;(229, [400, 30, 20, 10], 460)
אלך;(230, [1, 30, 20], 51)
ובאשר;(231, [6, 2, 1, 300, 200], 509)
תליני;(232, [400, 30, 10, 50, 10], 500)
אלין;(233, [1, 30, 10, 50], 91)
עמך;(234, [70, 40, 20], 130)
עמי;(235, [70, 40, 10], 120)
ואלהיך;(236, [6, 1, 30, 5, 10, 20], 72)
אלהי;(237, [1, 30, 5, 10], 46)
באשר;(238, [2, 1, 300, 200], 503)
תמותי;(239, [400, 40, 6, 400, 10], 856)
אמות;(240, [1, 40, 6, 400], 447)
ושם;(241, [6, 300, 40], 346)
אקבר;(242, [1, 100, 2, 200], 303)
כה;(243, [20, 5], 25)
יעשה;(244, [10, 70, 300, 5], 385)
יהוה;(245, [10, 5, 6, 5], 26)
לי;(246, [30, 10], 40)
וכה;(247, [6, 20, 5], 31)
יסיף;(248, [10, 60, 10, 80], 160)
כי;(249, [20, 10], 30)
המות;(250, [5, 40, 6, 400], 451)
יפריד;(251, [10, 80, 200, 10, 4], 304)
ביני;(252, [2, 10, 50, 10], 72)
ובינך;(253, [6, 2, 10, 50, 20], 88)
ותרא;(254, [6, 400, 200, 1], 607)
כי;(255, [20, 10], 30)
מתאמצת;(256, [40, 400, 1, 40, 90, 400], 971)
היא;(257, [5, 10, 1], 16)
ללכת;(258, [30, 30, 20, 400], 480)
אתה;(259, [1, 400, 5], 406)
ותחדל;(260, [6, 400, 8, 4, 30], 448)
לדבר;(261, [30, 4, 2, 200], 236)
אליה;(262, [1, 30, 10, 5], 46)
ותלכנה;(263, [6, 400, 30, 20, 50, 5], 511)
שתיהם;(264, [300, 400, 10, 5, 40], 755)
עד;(265, [70, 4], 74)
באנה;(266, [2, 1, 50, 5], 58)
בית;(267, [2, 10, 400], 412)
לחם;(268, [30, 8, 40], 78)
ויהי;(269, [6, 10, 5, 10], 31)
כבאנה;(270, [20, 2, 1, 50, 5], 78)
בית;(271, [2, 10, 400], 412)
לחם;(272, [30, 8, 40], 78)
ותהם;(273, [6, 400, 5, 40], 451)
כל;(274, [20, 30], 50)
העיר;(275, [5, 70, 10, 200], 285)
עליהן;(276, [70, 30, 10, 5, 50], 165)
ותאמרנה;(277, [6, 400, 1, 40, 200, 50, 5], 702)
הזאת;(278, [5, 7, 1, 400], 413)
נעמי;(279, [50, 70, 40, 10], 170)
ותאמר;(280, [6, 400, 1, 40, 200], 647)
אליהן;(281, [1, 30, 10, 5, 50], 96)
אל;(282, [1, 30], 31)
תקראנה;(283, [400, 100, 200, 1, 50, 5], 756)
לי;(284, [30, 10], 40)
נעמי;(285, [50, 70, 40, 10], 170)
קראן;(286, [100, 200, 1, 50], 351)
לי;(287, [30, 10], 40)
מרא;(288, [40, 200, 1], 241)
כי;(289, [20, 10], 30)
המר;(290, [5, 40, 200], 245)
שדי;(291, [300, 4, 10], 314)
לי;(292, [30, 10], 40)
מאד;(293, [40, 1, 4], 45)
אני;(294, [1, 50, 10], 61)
מלאה;(295, [40, 30, 1, 5], 76)
הלכתי;(296, [5, 30, 20, 400, 10], 465)
וריקם;(297, [6, 200, 10, 100, 40], 356)
השיבני;(298, [5, 300, 10, 2, 50, 10], 377)
יהוה;(299, [10, 5, 6, 5], 26)
למה;(300, [30, 40, 5], 75)
תקראנה;(301, [400, 100, 200, 1, 50, 5], 756)
לי;(302, [30, 10], 40)
נעמי;(303, [50, 70, 40, 10], 170)
ויהוה;(304, [6, 10, 5, 6, 5], 32)
ענה;(305, [70, 50, 5], 125)
בי;(306, [2, 10], 12)
ושדי;(307, [6, 300, 4, 10], 320)
הרע;(308, [5, 200, 70], 275)
לי;(309, [30, 10], 40)
ותשב;(310, [6, 400, 300, 2], 708)
נעמי;(311, [50, 70, 40, 10], 170)
ורות;(312, [6, 200, 6, 400], 612)
המואביה;(313, [5, 40, 6, 1, 2, 10, 5], 69)
כלתה;(314, [20, 30, 400, 5], 455)
עמה;(315, [70, 40, 5], 115)
השבה;(316, [5, 300, 2, 5], 312)
משדי;(317, [40, 300, 4, 10], 354)
מואב;(318, [40, 6, 1, 2], 49)
והמה;(319, [6, 5, 40, 5], 56)
באו;(320, [2, 1, 6], 9)
בית;(321, [2, 10, 400], 412)
לחם;(322, [30, 8, 40], 78)
בתחלת;(323, [2, 400, 8, 30, 400], 840)
קציר;(324, [100, 90, 10, 200], 400)
שערים;(325, [300, 70, 200, 10, 40], 620)
ולנעמי;(326, [6, 30, 50, 70, 40, 10], 206)
מידע;(327, [40, 10, 4, 70], 124)
לאישה;(328, [30, 1, 10, 300, 5], 346)
איש;(329, [1, 10, 300], 311)
גבור;(330, [3, 2, 6, 200], 211)
חיל;(331, [8, 10, 30], 48)
ממשפחת;(332, [40, 40, 300, 80, 8, 400], 868)
אלימלך;(333, [1, 30, 10, 40, 30, 20], 131)
ושמו;(334, [6, 300, 40, 6], 352)
בעז;(335, [2, 70, 7], 79)
ותאמר;(336, [6, 400, 1, 40, 200], 647)
רות;(337, [200, 6, 400], 606)
המואביה;(338, [5, 40, 6, 1, 2, 10, 5], 69)
אל;(339, [1, 30], 31)
נעמי;(340, [50, 70, 40, 10], 170)
אלכה;(341, [1, 30, 20, 5], 56)
נא;(342, [50, 1], 51)
השדה;(343, [5, 300, 4, 5], 314)
ואלקטה;(344, [6, 1, 30, 100, 9, 5], 151)
בשבלים;(345, [2, 300, 2, 30, 10, 40], 384)
אחר;(346, [1, 8, 200], 209)
אשר;(347, [1, 300, 200], 501)
אמצא;(348, [1, 40, 90, 1], 132)
חן;(349, [8, 50], 58)
בעיניו;(350, [2, 70, 10, 50, 10, 6], 148)
ותאמר;(351, [6, 400, 1, 40, 200], 647)
לה;(352, [30, 5], 35)
לכי;(353, [30, 20, 10], 60)
בתי;(354, [2, 400, 10], 412)
ותלך;(355, [6, 400, 30, 20], 456)
ותבוא;(356, [6, 400, 2, 6, 1], 415)
ותלקט;(357, [6, 400, 30, 100, 9], 545)
בשדה;(358, [2, 300, 4, 5], 311)
אחרי;(359, [1, 8, 200, 10], 219)
הקצרים;(360, [5, 100, 90, 200, 10, 40], 445)
ויקר;(361, [6, 10, 100, 200], 316)
מקרה;(362, [40, 100, 200, 5], 345)
חלקת;(363, [8, 30, 100, 400], 538)
השדה;(364, [5, 300, 4, 5], 314)
לבעז;(365, [30, 2, 70, 7], 109)
אשר;(366, [1, 300, 200], 501)
ממשפחת;(367, [40, 40, 300, 80, 8, 400], 868)
אלימלך;(368, [1, 30, 10, 40, 30, 20], 131)
והנה;(369, [6, 5, 50, 5], 66)
בעז;(370, [2, 70, 7], 79)
בא;(371, [2, 1], 3)
מבית;(372, [40, 2, 10, 400], 452)
לחם;(373, [30, 8, 40], 78)
ויאמר;(374, [6, 10, 1, 40, 200], 257)
לקוצרים;(375, [30, 100, 6, 90, 200, 10, 40], 476)
יהוה;(376, [10, 5, 6, 5], 26)
עמכם;(377, [70, 40, 20, 40], 170)
ויאמרו;(378, [6, 10, 1, 40, 200, 6], 263)
לו;(379, [30, 6], 36)
יברכך;(380, [10, 2, 200, 20, 20], 252)
יהוה;(381, [10, 5, 6, 5], 26)
ויאמר;(382, [6, 10, 1, 40, 200], 257)
בעז;(383, [2, 70, 7], 79)
לנערו;(384, [30, 50, 70, 200, 6], 356)
הנצב;(385, [5, 50, 90, 2], 147)
על;(386, [70, 30], 100)
הקוצרים;(387, [5, 100, 6, 90, 200, 10, 40], 451)
למי;(388, [30, 40, 10], 80)
הנערה;(389, [5, 50, 70, 200, 5], 330)
הזאת;(390, [5, 7, 1, 400], 413)
ויען;(391, [6, 10, 70, 50], 136)
הנער;(392, [5, 50, 70, 200], 325)
הנצב;(393, [5, 50, 90, 2], 147)
על;(394, [70, 30], 100)
הקוצרים;(395, [5, 100, 6, 90, 200, 10, 40], 451)
ויאמר;(396, [6, 10, 1, 40, 200], 257)
נערה;(397, [50, 70, 200, 5], 325)
מואביה;(398, [40, 6, 1, 2, 10, 5], 64)
היא;(399, [5, 10, 1], 16)
השבה;(400, [5, 300, 2, 5], 312)
עם;(401, [70, 40], 110)
נעמי;(402, [50, 70, 40, 10], 170)
משדה;(403, [40, 300, 4, 5], 349)
מואב;(404, [40, 6, 1, 2], 49)
ותאמר;(405, [6, 400, 1, 40, 200], 647)
אלקטה;(406, [1, 30, 100, 9, 5], 145)
נא;(407, [50, 1], 51)
ואספתי;(408, [6, 1, 60, 80, 400, 10], 557)
בעמרים;(409, [2, 70, 40, 200, 10, 40], 362)
אחרי;(410, [1, 8, 200, 10], 219)
הקוצרים;(411, [5, 100, 6, 90, 200, 10, 40], 451)
ותבוא;(412, [6, 400, 2, 6, 1], 415)
ותעמוד;(413, [6, 400, 70, 40, 6, 4], 526)
מאז;(414, [40, 1, 7], 48)
הבקר;(415, [5, 2, 100, 200], 307)
ועד;(416, [6, 70, 4], 80)
עתה;(417, [70, 400, 5], 475)
זה;(418, [7, 5], 12)
שבתה;(419, [300, 2, 400, 5], 707)
הבית;(420, [5, 2, 10, 400], 417)
מעט;(421, [40, 70, 9], 119)
ויאמר;(422, [6, 10, 1, 40, 200], 257)
בעז;(423, [2, 70, 7], 79)
אל;(424, [1, 30], 31)
רות;(425, [200, 6, 400], 606)
הלוא;(426, [5, 30, 6, 1], 42)
שמעת;(427, [300, 40, 70, 400], 810)
בתי;(428, [2, 400, 10], 412)
אל;(429, [1, 30], 31)
תלכי;(430, [400, 30, 20, 10], 460)
ללקט;(431, [30, 30, 100, 9], 169)
בשדה;(432, [2, 300, 4, 5], 311)
אחר;(433, [1, 8, 200], 209)
וגם;(434, [6, 3, 40], 49)
לא;(435, [30, 1], 31)
תעבורי;(436, [400, 70, 2, 6, 200, 10], 688)
מזה;(437, [40, 7, 5], 52)
וכה;(438, [6, 20, 5], 31)
תדבקין;(439, [400, 4, 2, 100, 10, 50], 566)
עם;(440, [70, 40], 110)
נערתי;(441, [50, 70, 200, 400, 10], 730)
עיניך;(442, [70, 10, 50, 10, 20], 160)
בשדה;(443, [2, 300, 4, 5], 311)
אשר;(444, [1, 300, 200], 501)
יקצרון;(445, [10, 100, 90, 200, 6, 50], 456)
והלכת;(446, [6, 5, 30, 20, 400], 461)
אחריהן;(447, [1, 8, 200, 10, 5, 50], 274)
הלוא;(448, [5, 30, 6, 1], 42)
צויתי;(449, [90, 6, 10, 400, 10], 516)
את;(450, [1, 400], 401)
הנערים;(451, [5, 50, 70, 200, 10, 40], 375)
לבלתי;(452, [30, 2, 30, 400, 10], 472)
נגעך;(453, [50, 3, 70, 20], 143)
וצמת;(454, [6, 90, 40, 400], 536)
והלכת;(455, [6, 5, 30, 20, 400], 461)
אל;(456, [1, 30], 31)
הכלים;(457, [5, 20, 30, 10, 40], 105)
ושתית;(458, [6, 300, 400, 10, 400], 1116)
מאשר;(459, [40, 1, 300, 200], 541)
ישאבון;(460, [10, 300, 1, 2, 6, 50], 369)
הנערים;(461, [5, 50, 70, 200, 10, 40], 375)
ותפל;(462, [6, 400, 80, 30], 516)
על;(463, [70, 30], 100)
פניה;(464, [80, 50, 10, 5], 145)
ותשתחו;(465, [6, 400, 300, 400, 8, 6], 1120)
ארצה;(466, [1, 200, 90, 5], 296)
ותאמר;(467, [6, 400, 1, 40, 200], 647)
אליו;(468, [1, 30, 10, 6], 47)
מדוע;(469, [40, 4, 6, 70], 120)
מצאתי;(470, [40, 90, 1, 400, 10], 541)
חן;(471, [8, 50], 58)
בעיניך;(472, [2, 70, 10, 50, 10, 20], 162)
להכירני;(473, [30, 5, 20, 10, 200, 50, 10], 325)
ואנכי;(474, [6, 1, 50, 20, 10], 87)
נכריה;(475, [50, 20, 200, 10, 5], 285)
ויען;(476, [6, 10, 70, 50], 136)
בעז;(477, [2, 70, 7], 79)
ויאמר;(478, [6, 10, 1, 40, 200], 257)
לה;(479, [30, 5], 35)
הגד;(480, [5, 3, 4], 12)
הגד;(481, [5, 3, 4], 12)
לי;(482, [30, 10], 40)
כל;(483, [20, 30], 50)
אשר;(484, [1, 300, 200], 501)
עשית;(485, [70, 300, 10, 400], 780)
את;(486, [1, 400], 401)
חמותך;(487, [8, 40, 6, 400, 20], 474)
אחרי;(488, [1, 8, 200, 10], 219)
מות;(489, [40, 6, 400], 446)
אישך;(490, [1, 10, 300, 20], 331)
ותעזבי;(491, [6, 400, 70, 7, 2, 10], 495)
אביך;(492, [1, 2, 10, 20], 33)
ואמך;(493, [6, 1, 40, 20], 67)
וארץ;(494, [6, 1, 200, 90], 297)
מולדתך;(495, [40, 6, 30, 4, 400, 20], 500)
ותלכי;(496, [6, 400, 30, 20, 10], 466)
אל;(497, [1, 30], 31)
עם;(498, [70, 40], 110)
אשר;(499, [1, 300, 200], 501)
לא;(500, [30, 1], 31)
ידעת;(501, [10, 4, 70, 400], 484)
תמול;(502, [400, 40, 6, 30], 476)
שלשום;(503, [300, 30, 300, 6, 40], 676)
ישלם;(504, [10, 300, 30, 40], 380)
יהוה;(505, [10, 5, 6, 5], 26)
פעלך;(506, [80, 70, 30, 20], 200)
ותהי;(507, [6, 400, 5, 10], 421)
משכרתך;(508, [40, 300, 20, 200, 400, 20], 980)
שלמה;(509, [300, 30, 40, 5], 375)
מעם;(510, [40, 70, 40], 150)
יהוה;(511, [10, 5, 6, 5], 26)
אלהי;(512, [1, 30, 5, 10], 46)
ישראל;(513, [10, 300, 200, 1, 30], 541)
אשר;(514, [1, 300, 200], 501)
באת;(515, [2, 1, 400], 403)
לחסות;(516, [30, 8, 60, 6, 400], 504)
תחת;(517, [400, 8, 400], 808)
כנפיו;(518, [20, 50, 80, 10, 6], 166)
ותאמר;(519, [6, 400, 1, 40, 200], 647)
אמצא;(520, [1, 40, 90, 1], 132)
חן;(521, [8, 50], 58)
בעיניך;(522, [2, 70, 10, 50, 10, 20], 162)
אדני;(523, [1, 4, 50, 10], 65)
כי;(524, [20, 10], 30)
נחמתני;(525, [50, 8, 40, 400, 50, 10], 558)
וכי;(526, [6, 20, 10], 36)
דברת;(527, [4, 2, 200, 400], 606)
על;(528, [70, 30], 100)
לב;(529, [30, 2], 32)
שפחתך;(530, [300, 80, 8, 400, 20], 808)
ואנכי;(531, [6, 1, 50, 20, 10], 87)
לא;(532, [30, 1], 31)
אהיה;(533, [1, 5, 10, 5], 21)
כאחת;(534, [20, 1, 8, 400], 429)
שפחתיך;(535, [300, 80, 8, 400, 10, 20], 818)
ויאמר;(536, [6, 10, 1, 40, 200], 257)
לה;(537, [30, 5], 35)
בעז;(538, [2, 70, 7], 79)
לעת;(539, [30, 70, 400], 500)
האכל;(540, [5, 1, 20, 30], 56)
גשי;(541, [3, 300, 10], 313)
הלם;(542, [5, 30, 40], 75)
ואכלת;(543, [6, 1, 20, 30, 400], 457)
מן;(544, [40, 50], 90)
הלחם;(545, [5, 30, 8, 40], 83)
וטבלת;(546, [6, 9, 2, 30, 400], 447)
פתך;(547, [80, 400, 20], 500)
בחמץ;(548, [2, 8, 40, 90], 140)
ותשב;(549, [6, 400, 300, 2], 708)
מצד;(550, [40, 90, 4], 134)
הקוצרים;(551, [5, 100, 6, 90, 200, 10, 40], 451)
ויצבט;(552, [6, 10, 90, 2, 9], 117)
לה;(553, [30, 5], 35)
קלי;(554, [100, 30, 10], 140)
ותאכל;(555, [6, 400, 1, 20, 30], 457)
ותשבע;(556, [6, 400, 300, 2, 70], 778)
ותתר;(557, [6, 400, 400, 200], 1006)
ותקם;(558, [6, 400, 100, 40], 546)
ללקט;(559, [30, 30, 100, 9], 169)
ויצו;(560, [6, 10, 90, 6], 112)
בעז;(561, [2, 70, 7], 79)
את;(562, [1, 400], 401)
נעריו;(563, [50, 70, 200, 10, 6], 336)
לאמר;(564, [30, 1, 40, 200], 271)
גם;(565, [3, 40], 43)
בין;(566, [2, 10, 50], 62)
העמרים;(567, [5, 70, 40, 200, 10, 40], 365)
תלקט;(568, [400, 30, 100, 9], 539)
ולא;(569, [6, 30, 1], 37)
תכלימוה;(570, [400, 20, 30, 10, 40, 6, 5], 511)
וגם;(571, [6, 3, 40], 49)
של;(572, [300, 30], 330)
תשלו;(573, [400, 300, 30, 6], 736)
לה;(574, [30, 5], 35)
מן;(575, [40, 50], 90)
הצבתים;(576, [5, 90, 2, 400, 10, 40], 547)
ועזבתם;(577, [6, 70, 7, 2, 400, 40], 525)
ולקטה;(578, [6, 30, 100, 9, 5], 150)
ולא;(579, [6, 30, 1], 37)
תגערו;(580, [400, 3, 70, 200, 6], 679)
בה;(581, [2, 5], 7)
ותלקט;(582, [6, 400, 30, 100, 9], 545)
בשדה;(583, [2, 300, 4, 5], 311)
עד;(584, [70, 4], 74)
הערב;(585, [5, 70, 200, 2], 277)
ותחבט;(586, [6, 400, 8, 2, 9], 425)
את;(587, [1, 400], 401)
אשר;(588, [1, 300, 200], 501)
לקטה;(589, [30, 100, 9, 5], 144)
ויהי;(590, [6, 10, 5, 10], 31)
כאיפה;(591, [20, 1, 10, 80, 5], 116)
שערים;(592, [300, 70, 200, 10, 40], 620)
ותשא;(593, [6, 400, 300, 1], 707)
ותבוא;(594, [6, 400, 2, 6, 1], 415)
העיר;(595, [5, 70, 10, 200], 285)
ותרא;(596, [6, 400, 200, 1], 607)
חמותה;(597, [8, 40, 6, 400, 5], 459)
את;(598, [1, 400], 401)
אשר;(599, [1, 300, 200], 501)
לקטה;(600, [30, 100, 9, 5], 144)
ותוצא;(601, [6, 400, 6, 90, 1], 503)
ותתן;(602, [6, 400, 400, 50], 856)
לה;(603, [30, 5], 35)
את;(604, [1, 400], 401)
אשר;(605, [1, 300, 200], 501)
הותרה;(606, [5, 6, 400, 200, 5], 616)
משבעה;(607, [40, 300, 2, 70, 5], 417)
ותאמר;(608, [6, 400, 1, 40, 200], 647)
לה;(609, [30, 5], 35)
חמותה;(610, [8, 40, 6, 400, 5], 459)
איפה;(611, [1, 10, 80, 5], 96)
לקטת;(612, [30, 100, 9, 400], 539)
היום;(613, [5, 10, 6, 40], 61)
ואנה;(614, [6, 1, 50, 5], 62)
עשית;(615, [70, 300, 10, 400], 780)
יהי;(616, [10, 5, 10], 25)
מכירך;(617, [40, 20, 10, 200, 20], 290)
ברוך;(618, [2, 200, 6, 20], 228)
ותגד;(619, [6, 400, 3, 4], 413)
לחמותה;(620, [30, 8, 40, 6, 400, 5], 489)
את;(621, [1, 400], 401)
אשר;(622, [1, 300, 200], 501)
עשתה;(623, [70, 300, 400, 5], 775)
עמו;(624, [70, 40, 6], 116)
ותאמר;(625, [6, 400, 1, 40, 200], 647)
שם;(626, [300, 40], 340)
האיש;(627, [5, 1, 10, 300], 316)
אשר;(628, [1, 300, 200], 501)
עשיתי;(629, [70, 300, 10, 400, 10], 790)
עמו;(630, [70, 40, 6], 116)
היום;(631, [5, 10, 6, 40], 61)
בעז;(632, [2, 70, 7], 79)
ותאמר;(633, [6, 400, 1, 40, 200], 647)
נעמי;(634, [50, 70, 40, 10], 170)
לכלתה;(635, [30, 20, 30, 400, 5], 485)
ברוך;(636, [2, 200, 6, 20], 228)
הוא;(637, [5, 6, 1], 12)
ליהוה;(638, [30, 10, 5, 6, 5], 56)
אשר;(639, [1, 300, 200], 501)
לא;(640, [30, 1], 31)
עזב;(641, [70, 7, 2], 79)
חסדו;(642, [8, 60, 4, 6], 78)
את;(643, [1, 400], 401)
החיים;(644, [5, 8, 10, 10, 40], 73)
ואת;(645, [6, 1, 400], 407)
המתים;(646, [5, 40, 400, 10, 40], 495)
ותאמר;(647, [6, 400, 1, 40, 200], 647)
לה;(648, [30, 5], 35)
נעמי;(649, [50, 70, 40, 10], 170)
קרוב;(650, [100, 200, 6, 2], 308)
לנו;(651, [30, 50, 6], 86)
האיש;(652, [5, 1, 10, 300], 316)
מגאלנו;(653, [40, 3, 1, 30, 50, 6], 130)
הוא;(654, [5, 6, 1], 12)
ותאמר;(655, [6, 400, 1, 40, 200], 647)
רות;(656, [200, 6, 400], 606)
המואביה;(657, [5, 40, 6, 1, 2, 10, 5], 69)
גם;(658, [3, 40], 43)
כי;(659, [20, 10], 30)
אמר;(660, [1, 40, 200], 241)
אלי;(661, [1, 30, 10], 41)
עם;(662, [70, 40], 110)
הנערים;(663, [5, 50, 70, 200, 10, 40], 375)
אשר;(664, [1, 300, 200], 501)
לי;(665, [30, 10], 40)
תדבקין;(666, [400, 4, 2, 100, 10, 50], 566)
עד;(667, [70, 4], 74)
אם;(668, [1, 40], 41)
כלו;(669, [20, 30, 6], 56)
את;(670, [1, 400], 401)
כל;(671, [20, 30], 50)
הקציר;(672, [5, 100, 90, 10, 200], 405)
אשר;(673, [1, 300, 200], 501)
לי;(674, [30, 10], 40)
ותאמר;(675, [6, 400, 1, 40, 200], 647)
נעמי;(676, [50, 70, 40, 10], 170)
אל;(677, [1, 30], 31)
רות;(678, [200, 6, 400], 606)
כלתה;(679, [20, 30, 400, 5], 455)
טוב;(680, [9, 6, 2], 17)
בתי;(681, [2, 400, 10], 412)
כי;(682, [20, 10], 30)
תצאי;(683, [400, 90, 1, 10], 501)
עם;(684, [70, 40], 110)
נערותיו;(685, [50, 70, 200, 6, 400, 10, 6], 742)
ולא;(686, [6, 30, 1], 37)
יפגעו;(687, [10, 80, 3, 70, 6], 169)
בך;(688, [2, 20], 22)
בשדה;(689, [2, 300, 4, 5], 311)
אחר;(690, [1, 8, 200], 209)
ותדבק;(691, [6, 400, 4, 2, 100], 512)
בנערות;(692, [2, 50, 70, 200, 6, 400], 728)
בעז;(693, [2, 70, 7], 79)
ללקט;(694, [30, 30, 100, 9], 169)
עד;(695, [70, 4], 74)
כלות;(696, [20, 30, 6, 400], 456)
קציר;(697, [100, 90, 10, 200], 400)
השערים;(698, [5, 300, 70, 200, 10, 40], 625)
וקציר;(699, [6, 100, 90, 10, 200], 406)
החטים;(700, [5, 8, 9, 10, 40], 72)
ותשב;(701, [6, 400, 300, 2], 708)
את;(702, [1, 400], 401)
חמותה;(703, [8, 40, 6, 400, 5], 459)
ותאמר;(704, [6, 400, 1, 40, 200], 647)
לה;(705, [30, 5], 35)
נעמי;(706, [50, 70, 40, 10], 170)
חמותה;(707, [8, 40, 6, 400, 5], 459)
בתי;(708, [2, 400, 10], 412)
הלא;(709, [5, 30, 1], 36)
אבקש;(710, [1, 2, 100, 300], 403)
לך;(711, [30, 20], 50)
מנוח;(712, [40, 50, 6, 8], 104)
אשר;(713, [1, 300, 200], 501)
ייטב;(714, [10, 10, 9, 2], 31)
לך;(715, [30, 20], 50)
ועתה;(716, [6, 70, 400, 5], 481)
הלא;(717, [5, 30, 1], 36)
בעז;(718, [2, 70, 7], 79)
מדעתנו;(719, [40, 4, 70, 400, 50, 6], 570)
אשר;(720, [1, 300, 200], 501)
היית;(721, [5, 10, 10, 400], 425)
את;(722, [1, 400], 401)
נערותיו;(723, [50, 70, 200, 6, 400, 10, 6], 742)
הנה;(724, [5, 50, 5], 60)
הוא;(725, [5, 6, 1], 12)
זרה;(726, [7, 200, 5], 212)
את;(727, [1, 400], 401)
גרן;(728, [3, 200, 50], 253)
השערים;(729, [5, 300, 70, 200, 10, 40], 625)
הלילה;(730, [5, 30, 10, 30, 5], 80)
ורחצת;(731, [6, 200, 8, 90, 400], 704)
וסכת;(732, [6, 60, 20, 400], 486)
ושמת;(733, [6, 300, 40, 400], 746)
שמלתך;(734, [300, 40, 30, 400, 20], 790)
עליך;(735, [70, 30, 10, 20], 130)
וירדתי;(736, [6, 10, 200, 4, 400, 10], 630)
הגרן;(737, [5, 3, 200, 50], 258)
אל;(738, [1, 30], 31)
תודעי;(739, [400, 6, 4, 70, 10], 490)
לאיש;(740, [30, 1, 10, 300], 341)
עד;(741, [70, 4], 74)
כלתו;(742, [20, 30, 400, 6], 456)
לאכל;(743, [30, 1, 20, 30], 81)
ולשתות;(744, [6, 30, 300, 400, 6, 400], 1142)
ויהי;(745, [6, 10, 5, 10], 31)
בשכבו;(746, [2, 300, 20, 2, 6], 330)
וידעת;(747, [6, 10, 4, 70, 400], 490)
את;(748, [1, 400], 401)
המקום;(749, [5, 40, 100, 6, 40], 191)
אשר;(750, [1, 300, 200], 501)
ישכב;(751, [10, 300, 20, 2], 332)
שם;(752, [300, 40], 340)
ובאת;(753, [6, 2, 1, 400], 409)
וגלית;(754, [6, 3, 30, 10, 400], 449)
מרגלתיו;(755, [40, 200, 3, 30, 400, 10, 6], 689)
ושכבתי;(756, [6, 300, 20, 2, 400, 10], 738)
והוא;(757, [6, 5, 6, 1], 18)
יגיד;(758, [10, 3, 10, 4], 27)
לך;(759, [30, 20], 50)
את;(760, [1, 400], 401)
אשר;(761, [1, 300, 200], 501)
תעשין;(762, [400, 70, 300, 10, 50], 830)
ותאמר;(763, [6, 400, 1, 40, 200], 647)
אליה;(764, [1, 30, 10, 5], 46)
כל;(765, [20, 30], 50)
אשר;(766, [1, 300, 200], 501)
תאמרי;(767, [400, 1, 40, 200, 10], 651)
אעשה;(768, [1, 70, 300, 5], 376)
ותרד;(769, [6, 400, 200, 4], 610)
הגרן;(770, [5, 3, 200, 50], 258)
ותעש;(771, [6, 400, 70, 300], 776)
ככל;(772, [20, 20, 30], 70)
אשר;(773, [1, 300, 200], 501)
צותה;(774, [90, 6, 400, 5], 501)
חמותה;(775, [8, 40, 6, 400, 5], 459)
ויאכל;(776, [6, 10, 1, 20, 30], 67)
בעז;(777, [2, 70, 7], 79)
וישת;(778, [6, 10, 300, 400], 716)
וייטב;(779, [6, 10, 10, 9, 2], 37)
לבו;(780, [30, 2, 6], 38)
ויבא;(781, [6, 10, 2, 1], 19)
לשכב;(782, [30, 300, 20, 2], 352)
בקצה;(783, [2, 100, 90, 5], 197)
הערמה;(784, [5, 70, 200, 40, 5], 320)
ותבא;(785, [6, 400, 2, 1], 409)
בלט;(786, [2, 30, 9], 41)
ותגל;(787, [6, 400, 3, 30], 439)
מרגלתיו;(788, [40, 200, 3, 30, 400, 10, 6], 689)
ותשכב;(789, [6, 400, 300, 20, 2], 728)
ויהי;(790, [6, 10, 5, 10], 31)
בחצי;(791, [2, 8, 90, 10], 110)
הלילה;(792, [5, 30, 10, 30, 5], 80)
ויחרד;(793, [6, 10, 8, 200, 4], 228)
האיש;(794, [5, 1, 10, 300], 316)
וילפת;(795, [6, 10, 30, 80, 400], 526)
והנה;(796, [6, 5, 50, 5], 66)
אשה;(797, [1, 300, 5], 306)
שכבת;(798, [300, 20, 2, 400], 722)
מרגלתיו;(799, [40, 200, 3, 30, 400, 10, 6], 689)
ויאמר;(800, [6, 10, 1, 40, 200], 257)
מי;(801, [40, 10], 50)
את;(802, [1, 400], 401)
ותאמר;(803, [6, 400, 1, 40, 200], 647)
אנכי;(804, [1, 50, 20, 10], 81)
רות;(805, [200, 6, 400], 606)
אמתך;(806, [1, 40, 400, 20], 461)
ופרשת;(807, [6, 80, 200, 300, 400], 986)
כנפך;(808, [20, 50, 80, 20], 170)
על;(809, [70, 30], 100)
אמתך;(810, [1, 40, 400, 20], 461)
כי;(811, [20, 10], 30)
גאל;(812, [3, 1, 30], 34)
אתה;(813, [1, 400, 5], 406)
ויאמר;(814, [6, 10, 1, 40, 200], 257)
ברוכה;(815, [2, 200, 6, 20, 5], 233)
את;(816, [1, 400], 401)
ליהוה;(817, [30, 10, 5, 6, 5], 56)
בתי;(818, [2, 400, 10], 412)
היטבת;(819, [5, 10, 9, 2, 400], 426)
חסדך;(820, [8, 60, 4, 20], 92)
האחרון;(821, [5, 1, 8, 200, 6, 50], 270)
מן;(822, [40, 50], 90)
הראשון;(823, [5, 200, 1, 300, 6, 50], 562)
לבלתי;(824, [30, 2, 30, 400, 10], 472)
לכת;(825, [30, 20, 400], 450)
אחרי;(826, [1, 8, 200, 10], 219)
הבחורים;(827, [5, 2, 8, 6, 200, 10, 40], 271)
אם;(828, [1, 40], 41)
דל;(829, [4, 30], 34)
ואם;(830, [6, 1, 40], 47)
עשיר;(831, [70, 300, 10, 200], 580)
ועתה;(832, [6, 70, 400, 5], 481)
בתי;(833, [2, 400, 10], 412)
אל;(834, [1, 30], 31)
תיראי;(835, [400, 10, 200, 1, 10], 621)
כל;(836, [20, 30], 50)
אשר;(837, [1, 300, 200], 501)
תאמרי;(838, [400, 1, 40, 200, 10], 651)
אעשה;(839, [1, 70, 300, 5], 376)
לך;(840, [30, 20], 50)
כי;(841, [20, 10], 30)
יודע;(842, [10, 6, 4, 70], 90)
כל;(843, [20, 30], 50)
שער;(844, [300, 70, 200], 570)
עמי;(845, [70, 40, 10], 120)
כי;(846, [20, 10], 30)
אשת;(847, [1, 300, 400], 701)
חיל;(848, [8, 10, 30], 48)
את;(849, [1, 400], 401)
ועתה;(850, [6, 70, 400, 5], 481)
כי;(851, [20, 10], 30)
אמנם;(852, [1, 40, 50, 40], 131)
כי;(853, [20, 10], 30)
אם;(854, [1, 40], 41)
גאל;(855, [3, 1, 30], 34)
אנכי;(856, [1, 50, 20, 10], 81)
וגם;(857, [6, 3, 40], 49)
יש;(858, [10, 300], 310)
גאל;(859, [3, 1, 30], 34)
קרוב;(860, [100, 200, 6, 2], 308)
ממני;(861, [40, 40, 50, 10], 140)
ליני;(862, [30, 10, 50, 10], 100)
הלילה;(863, [5, 30, 10, 30, 5], 80)
והיה;(864, [6, 5, 10, 5], 26)
בבקר;(865, [2, 2, 100, 200], 304)
אם;(866, [1, 40], 41)
יגאלך;(867, [10, 3, 1, 30, 20], 64)
טוב;(868, [9, 6, 2], 17)
יגאל;(869, [10, 3, 1, 30], 44)
ואם;(870, [6, 1, 40], 47)
לא;(871, [30, 1], 31)
יחפץ;(872, [10, 8, 80, 90], 188)
לגאלך;(873, [30, 3, 1, 30, 20], 84)
וגאלתיך;(874, [6, 3, 1, 30, 400, 10, 20], 470)
אנכי;(875, [1, 50, 20, 10], 81)
חי;(876, [8, 10], 18)
יהוה;(877, [10, 5, 6, 5], 26)
שכבי;(878, [300, 20, 2, 10], 332)
עד;(879, [70, 4], 74)
הבקר;(880, [5, 2, 100, 200], 307)
ותשכב;(881, [6, 400, 300, 20, 2], 728)
מרגלתו;(882, [40, 200, 3, 30, 400, 6], 679)
עד;(883, [70, 4], 74)
הבקר;(884, [5, 2, 100, 200], 307)
ותקם;(885, [6, 400, 100, 40], 546)
בטרום;(886, [2, 9, 200, 6, 40], 257)
יכיר;(887, [10, 20, 10, 200], 240)
איש;(888, [1, 10, 300], 311)
את;(889, [1, 400], 401)
רעהו;(890, [200, 70, 5, 6], 281)
ויאמר;(891, [6, 10, 1, 40, 200], 257)
אל;(892, [1, 30], 31)
יודע;(893, [10, 6, 4, 70], 90)
כי;(894, [20, 10], 30)
באה;(895, [2, 1, 5], 8)
האשה;(896, [5, 1, 300, 5], 311)
הגרן;(897, [5, 3, 200, 50], 258)
ויאמר;(898, [6, 10, 1, 40, 200], 257)
הבי;(899, [5, 2, 10], 17)
המטפחת;(900, [5, 40, 9, 80, 8, 400], 542)
אשר;(901, [1, 300, 200], 501)
עליך;(902, [70, 30, 10, 20], 130)
ואחזי;(903, [6, 1, 8, 7, 10], 32)
בה;(904, [2, 5], 7)
ותאחז;(905, [6, 400, 1, 8, 7], 422)
בה;(906, [2, 5], 7)
וימד;(907, [6, 10, 40, 4], 60)
שש;(908, [300, 300], 600)
שערים;(909, [300, 70, 200, 10, 40], 620)
וישת;(910, [6, 10, 300, 400], 716)
עליה;(911, [70, 30, 10, 5], 115)
ויבא;(912, [6, 10, 2, 1], 19)
העיר;(913, [5, 70, 10, 200], 285)
ותבוא;(914, [6, 400, 2, 6, 1], 415)
אל;(915, [1, 30], 31)
חמותה;(916, [8, 40, 6, 400, 5], 459)
ותאמר;(917, [6, 400, 1, 40, 200], 647)
מי;(918, [40, 10], 50)
את;(919, [1, 400], 401)
בתי;(920, [2, 400, 10], 412)
ותגד;(921, [6, 400, 3, 4], 413)
לה;(922, [30, 5], 35)
את;(923, [1, 400], 401)
כל;(924, [20, 30], 50)
אשר;(925, [1, 300, 200], 501)
עשה;(926, [70, 300, 5], 375)
לה;(927, [30, 5], 35)
האיש;(928, [5, 1, 10, 300], 316)
ותאמר;(929, [6, 400, 1, 40, 200], 647)
שש;(930, [300, 300], 600)
השערים;(931, [5, 300, 70, 200, 10, 40], 625)
האלה;(932, [5, 1, 30, 5], 41)
נתן;(933, [50, 400, 50], 500)
לי;(934, [30, 10], 40)
כי;(935, [20, 10], 30)
אמר;(936, [1, 40, 200], 241)
אל;(937, [1, 30], 31)
תבואי;(938, [400, 2, 6, 1, 10], 419)
ריקם;(939, [200, 10, 100, 40], 350)
אל;(940, [1, 30], 31)
חמותך;(941, [8, 40, 6, 400, 20], 474)
ותאמר;(942, [6, 400, 1, 40, 200], 647)
שבי;(943, [300, 2, 10], 312)
בתי;(944, [2, 400, 10], 412)
עד;(945, [70, 4], 74)
אשר;(946, [1, 300, 200], 501)
תדעין;(947, [400, 4, 70, 10, 50], 534)
איך;(948, [1, 10, 20], 31)
יפל;(949, [10, 80, 30], 120)
דבר;(950, [4, 2, 200], 206)
כי;(951, [20, 10], 30)
לא;(952, [30, 1], 31)
ישקט;(953, [10, 300, 100, 9], 419)
האיש;(954, [5, 1, 10, 300], 316)
כי;(955, [20, 10], 30)
אם;(956, [1, 40], 41)
כלה;(957, [20, 30, 5], 55)
הדבר;(958, [5, 4, 2, 200], 211)
היום;(959, [5, 10, 6, 40], 61)
ובעז;(960, [6, 2, 70, 7], 85)
עלה;(961, [70, 30, 5], 105)
השער;(962, [5, 300, 70, 200], 575)
וישב;(963, [6, 10, 300, 2], 318)
שם;(964, [300, 40], 340)
והנה;(965, [6, 5, 50, 5], 66)
הגאל;(966, [5, 3, 1, 30], 39)
עבר;(967, [70, 2, 200], 272)
אשר;(968, [1, 300, 200], 501)
דבר;(969, [4, 2, 200], 206)
בעז;(970, [2, 70, 7], 79)
ויאמר;(971, [6, 10, 1, 40, 200], 257)
סורה;(972, [60, 6, 200, 5], 271)
שבה;(973, [300, 2, 5], 307)
פה;(974, [80, 5], 85)
פלני;(975, [80, 30, 50, 10], 170)
אלמני;(976, [1, 30, 40, 50, 10], 131)
ויסר;(977, [6, 10, 60, 200], 276)
וישב;(978, [6, 10, 300, 2], 318)
ויקח;(979, [6, 10, 100, 8], 124)
עשרה;(980, [70, 300, 200, 5], 575)
אנשים;(981, [1, 50, 300, 10, 40], 401)
מזקני;(982, [40, 7, 100, 50, 10], 207)
העיר;(983, [5, 70, 10, 200], 285)
ויאמר;(984, [6, 10, 1, 40, 200], 257)
שבו;(985, [300, 2, 6], 308)
פה;(986, [80, 5], 85)
וישבו;(987, [6, 10, 300, 2, 6], 324)
ויאמר;(988, [6, 10, 1, 40, 200], 257)
לגאל;(989, [30, 3, 1, 30], 64)
חלקת;(990, [8, 30, 100, 400], 538)
השדה;(991, [5, 300, 4, 5], 314)
אשר;(992, [1, 300, 200], 501)
לאחינו;(993, [30, 1, 8, 10, 50, 6], 105)
לאלימלך;(994, [30, 1, 30, 10, 40, 30, 20], 161)
מכרה;(995, [40, 20, 200, 5], 265)
נעמי;(996, [50, 70, 40, 10], 170)
השבה;(997, [5, 300, 2, 5], 312)
משדה;(998, [40, 300, 4, 5], 349)
מואב;(999, [40, 6, 1, 2], 49)
ואני;(1000, [6, 1, 50, 10], 67)
אמרתי;(1001, [1, 40, 200, 400, 10], 651)
אגלה;(1002, [1, 3, 30, 5], 39)
אזנך;(1003, [1, 7, 50, 20], 78)
לאמר;(1004, [30, 1, 40, 200], 271)
קנה;(1005, [100, 50, 5], 155)
נגד;(1006, [50, 3, 4], 57)
הישבים;(1007, [5, 10, 300, 2, 10, 40], 367)
ונגד;(1008, [6, 50, 3, 4], 63)
זקני;(1009, [7, 100, 50, 10], 167)
עמי;(1010, [70, 40, 10], 120)
אם;(1011, [1, 40], 41)
תגאל;(1012, [400, 3, 1, 30], 434)
גאל;(1013, [3, 1, 30], 34)
ואם;(1014, [6, 1, 40], 47)
לא;(1015, [30, 1], 31)
יגאל;(1016, [10, 3, 1, 30], 44)
הגידה;(1017, [5, 3, 10, 4, 5], 27)
לי;(1018, [30, 10], 40)
ואדע;(1019, [6, 1, 4, 70], 81)
כי;(1020, [20, 10], 30)
אין;(1021, [1, 10, 50], 61)
זולתך;(1022, [7, 6, 30, 400, 20], 463)
לגאול;(1023, [30, 3, 1, 6, 30], 70)
ואנכי;(1024, [6, 1, 50, 20, 10], 87)
אחריך;(1025, [1, 8, 200, 10, 20], 239)
ויאמר;(1026, [6, 10, 1, 40, 200], 257)
אנכי;(1027, [1, 50, 20, 10], 81)
אגאל;(1028, [1, 3, 1, 30], 35)
ויאמר;(1029, [6, 10, 1, 40, 200], 257)
בעז;(1030, [2, 70, 7], 79)
ביום;(1031, [2, 10, 6, 40], 58)
קנותך;(1032, [100, 50, 6, 400, 20], 576)
השדה;(1033, [5, 300, 4, 5], 314)
מיד;(1034, [40, 10, 4], 54)
נעמי;(1035, [50, 70, 40, 10], 170)
ומאת;(1036, [6, 40, 1, 400], 447)
רות;(1037, [200, 6, 400], 606)
המואביה;(1038, [5, 40, 6, 1, 2, 10, 5], 69)
אשת;(1039, [1, 300, 400], 701)
המת;(1040, [5, 40, 400], 445)
קניתי;(1041, [100, 50, 10, 400, 10], 570)
להקים;(1042, [30, 5, 100, 10, 40], 185)
שם;(1043, [300, 40], 340)
המת;(1044, [5, 40, 400], 445)
על;(1045, [70, 30], 100)
נחלתו;(1046, [50, 8, 30, 400, 6], 494)
ויאמר;(1047, [6, 10, 1, 40, 200], 257)
הגאל;(1048, [5, 3, 1, 30], 39)
לא;(1049, [30, 1], 31)
אוכל;(1050, [1, 6, 20, 30], 57)
לגאול;(1051, [30, 3, 1, 6, 30], 70)
לי;(1052, [30, 10], 40)
פן;(1053, [80, 50], 130)
אשחית;(1054, [1, 300, 8, 10, 400], 719)
את;(1055, [1, 400], 401)
נחלתי;(1056, [50, 8, 30, 400, 10], 498)
גאל;(1057, [3, 1, 30], 34)
לך;(1058, [30, 20], 50)
אתה;(1059, [1, 400, 5], 406)
את;(1060, [1, 400], 401)
גאלתי;(1061, [3, 1, 30, 400, 10], 444)
כי;(1062, [20, 10], 30)
לא;(1063, [30, 1], 31)
אוכל;(1064, [1, 6, 20, 30], 57)
לגאל;(1065, [30, 3, 1, 30], 64)
וזאת;(1066, [6, 7, 1, 400], 414)
לפנים;(1067, [30, 80, 50, 10, 40], 210)
בישראל;(1068, [2, 10, 300, 200, 1, 30], 543)
על;(1069, [70, 30], 100)
הגאולה;(1070, [5, 3, 1, 6, 30, 5], 50)
ועל;(1071, [6, 70, 30], 106)
התמורה;(1072, [5, 400, 40, 6, 200, 5], 656)
לקים;(1073, [30, 100, 10, 40], 180)
כל;(1074, [20, 30], 50)
דבר;(1075, [4, 2, 200], 206)
שלף;(1076, [300, 30, 80], 410)
איש;(1077, [1, 10, 300], 311)
נעלו;(1078, [50, 70, 30, 6], 156)
ונתן;(1079, [6, 50, 400, 50], 506)
לרעהו;(1080, [30, 200, 70, 5, 6], 311)
וזאת;(1081, [6, 7, 1, 400], 414)
התעודה;(1082, [5, 400, 70, 6, 4, 5], 490)
בישראל;(1083, [2, 10, 300, 200, 1, 30], 543)
ויאמר;(1084, [6, 10, 1, 40, 200], 257)
הגאל;(1085, [5, 3, 1, 30], 39)
לבעז;(1086, [30, 2, 70, 7], 109)
קנה;(1087, [100, 50, 5], 155)
לך;(1088, [30, 20], 50)
וישלף;(1089, [6, 10, 300, 30, 80], 426)
נעלו;(1090, [50, 70, 30, 6], 156)
ויאמר;(1091, [6, 10, 1, 40, 200], 257)
בעז;(1092, [2, 70, 7], 79)
לזקנים;(1093, [30, 7, 100, 50, 10, 40], 237)
וכל;(1094, [6, 20, 30], 56)
העם;(1095, [5, 70, 40], 115)
עדים;(1096, [70, 4, 10, 40], 124)
אתם;(1097, [1, 400, 40], 441)
היום;(1098, [5, 10, 6, 40], 61)
כי;(1099, [20, 10], 30)
קניתי;(1100, [100, 50, 10, 400, 10], 570)
את;(1101, [1, 400], 401)
כל;(1102, [20, 30], 50)
אשר;(1103, [1, 300, 200], 501)
לאלימלך;(1104, [30, 1, 30, 10, 40, 30, 20], 161)
ואת;(1105, [6, 1, 400], 407)
כל;(1106, [20, 30], 50)
אשר;(1107, [1, 300, 200], 501)
לכליון;(1108, [30, 20, 30, 10, 6, 50], 146)
ומחלון;(1109, [6, 40, 8, 30, 6, 50], 140)
מיד;(1110, [40, 10, 4], 54)
נעמי;(1111, [50, 70, 40, 10], 170)
וגם;(1112, [6, 3, 40], 49)
את;(1113, [1, 400], 401)
רות;(1114, [200, 6, 400], 606)
המאביה;(1115, [5, 40, 1, 2, 10, 5], 63)
אשת;(1116, [1, 300, 400], 701)
מחלון;(1117, [40, 8, 30, 6, 50], 134)
קניתי;(1118, [100, 50, 10, 400, 10], 570)
לי;(1119, [30, 10], 40)
לאשה;(1120, [30, 1, 300, 5], 336)
להקים;(1121, [30, 5, 100, 10, 40], 185)
שם;(1122, [300, 40], 340)
המת;(1123, [5, 40, 400], 445)
על;(1124, [70, 30], 100)
נחלתו;(1125, [50, 8, 30, 400, 6], 494)
ולא;(1126, [6, 30, 1], 37)
יכרת;(1127, [10, 20, 200, 400], 630)
שם;(1128, [300, 40], 340)
המת;(1129, [5, 40, 400], 445)
מעם;(1130, [40, 70, 40], 150)
אחיו;(1131, [1, 8, 10, 6], 25)
ומשער;(1132, [6, 40, 300, 70, 200], 616)
מקומו;(1133, [40, 100, 6, 40, 6], 192)
עדים;(1134, [70, 4, 10, 40], 124)
אתם;(1135, [1, 400, 40], 441)
היום;(1136, [5, 10, 6, 40], 61)
ויאמרו;(1137, [6, 10, 1, 40, 200, 6], 263)
כל;(1138, [20, 30], 50)
העם;(1139, [5, 70, 40], 115)
אשר;(1140, [1, 300, 200], 501)
בשער;(1141, [2, 300, 70, 200], 572)
והזקנים;(1142, [6, 5, 7, 100, 50, 10, 40], 218)
עדים;(1143, [70, 4, 10, 40], 124)
יתן;(1144, [10, 400, 50], 460)
יהוה;(1145, [10, 5, 6, 5], 26)
את;(1146, [1, 400], 401)
האשה;(1147, [5, 1, 300, 5], 311)
הבאה;(1148, [5, 2, 1, 5], 13)
אל;(1149, [1, 30], 31)
ביתך;(1150, [2, 10, 400, 20], 432)
כרחל;(1151, [20, 200, 8, 30], 258)
וכלאה;(1152, [6, 20, 30, 1, 5], 62)
אשר;(1153, [1, 300, 200], 501)
בנו;(1154, [2, 50, 6], 58)
שתיהם;(1155, [300, 400, 10, 5, 40], 755)
את;(1156, [1, 400], 401)
בית;(1157, [2, 10, 400], 412)
ישראל;(1158, [10, 300, 200, 1, 30], 541)
ועשה;(1159, [6, 70, 300, 5], 381)
חיל;(1160, [8, 10, 30], 48)
באפרתה;(1161, [2, 1, 80, 200, 400, 5], 688)
וקרא;(1162, [6, 100, 200, 1], 307)
שם;(1163, [300, 40], 340)
בבית;(1164, [2, 2, 10, 400], 414)
לחם;(1165, [30, 8, 40], 78)
ויהי;(1166, [6, 10, 5, 10], 31)
ביתך;(1167, [2, 10, 400, 20], 432)
כבית;(1168, [20, 2, 10, 400], 432)
פרץ;(1169, [80, 200, 90], 370)
אשר;(1170, [1, 300, 200], 501)
ילדה;(1171, [10, 30, 4, 5], 49)
תמר;(1172, [400, 40, 200], 640)
ליהודה;(1173, [30, 10, 5, 6, 4, 5], 60)
מן;(1174, [40, 50], 90)
הזרע;(1175, [5, 7, 200, 70], 282)
אשר;(1176, [1, 300, 200], 501)
יתן;(1177, [10, 400, 50], 460)
יהוה;(1178, [10, 5, 6, 5], 26)
לך;(1179, [30, 20], 50)
מן;(1180, [40, 50], 90)
הנערה;(1181, [5, 50, 70, 200, 5], 330)
הזאת;(1182, [5, 7, 1, 400], 413)
ויקח;(1183, [6, 10, 100, 8], 124)
בעז;(1184, [2, 70, 7], 79)
את;(1185, [1, 400], 401)
רות;(1186, [200, 6, 400], 606)
ותהי;(1187, [6, 400, 5, 10], 421)
לו;(1188, [30, 6], 36)
לאשה;(1189, [30, 1, 300, 5], 336)
ויבא;(1190, [6, 10, 2, 1], 19)
אליה;(1191, [1, 30, 10, 5], 46)
ויתן;(1192, [6, 10, 400, 50], 466)
יהוה;(1193, [10, 5, 6, 5], 26)
לה;(1194, [30, 5], 35)
הריון;(1195, [5, 200, 10, 6, 50], 271)
ותלד;(1196, [6, 400, 30, 4], 440)
בן;(1197, [2, 50], 52)
ותאמרנה;(1198, [6, 400, 1, 40, 200, 50, 5], 702)
הנשים;(1199, [5, 50, 300, 10, 40], 405)
אל;(1200, [1, 30], 31)
נעמי;(1201, [50, 70, 40, 10], 170)
ברוך;(1202, [2, 200, 6, 20], 228)
יהוה;(1203, [10, 5, 6, 5], 26)
אשר;(1204, [1, 300, 200], 501)
לא;(1205, [30, 1], 31)
השבית;(1206, [5, 300, 2, 10, 400], 717)
לך;(1207, [30, 20], 50)
גאל;(1208, [3, 1, 30], 34)
היום;(1209, [5, 10, 6, 40], 61)
ויקרא;(1210, [6, 10, 100, 200, 1], 317)
שמו;(1211, [300, 40, 6], 346)
בישראל;(1212, [2, 10, 300, 200, 1, 30], 543)
והיה;(1213, [6, 5, 10, 5], 26)
לך;(1214, [30, 20], 50)
למשיב;(1215, [30, 40, 300, 10, 2], 382)
נפש;(1216, [50, 80, 300], 430)
ולכלכל;(1217, [6, 30, 20, 30, 20, 30], 136)
את;(1218, [1, 400], 401)
שיבתך;(1219, [300, 10, 2, 400, 20], 732)
כי;(1220, [20, 10], 30)
כלתך;(1221, [20, 30, 400, 20], 470)
אשר;(1222, [1, 300, 200], 501)
אהבתך;(1223, [1, 5, 2, 400, 20], 428)
ילדתו;(1224, [10, 30, 4, 400, 6], 450)
אשר;(1225, [1, 300, 200], 501)
היא;(1226, [5, 10, 1], 16)
טובה;(1227, [9, 6, 2, 5], 22)
לך;(1228, [30, 20], 50)
משבעה;(1229, [40, 300, 2, 70, 5], 417)
בנים;(1230, [2, 50, 10, 40], 102)
ותקח;(1231, [6, 400, 100, 8], 514)
נעמי;(1232, [50, 70, 40, 10], 170)
את;(1233, [1, 400], 401)
הילד;(1234, [5, 10, 30, 4], 49)
ותשתהו;(1235, [6, 400, 300, 400, 5, 6], 1117)
בחיקה;(1236, [2, 8, 10, 100, 5], 125)
ותהי;(1237, [6, 400, 5, 10], 421)
לו;(1238, [30, 6], 36)
לאמנת;(1239, [30, 1, 40, 50, 400], 521)
ותקראנה;(1240, [6, 400, 100, 200, 1, 50, 5], 762)
לו;(1241, [30, 6], 36)
השכנות;(1242, [5, 300, 20, 50, 6, 400], 781)
שם;(1243, [300, 40], 340)
לאמר;(1244, [30, 1, 40, 200], 271)
ילד;(1245, [10, 30, 4], 44)
בן;(1246, [2, 50], 52)
לנעמי;(1247, [30, 50, 70, 40, 10], 200)
ותקראנה;(1248, [6, 400, 100, 200, 1, 50, 5], 762)
שמו;(1249, [300, 40, 6], 346)
עובד;(1250, [70, 6, 2, 4], 82)
הוא;(1251, [5, 6, 1], 12)
אבי;(1252, [1, 2, 10], 13)
ישי;(1253, [10, 300, 10], 320)
אבי;(1254, [1, 2, 10], 13)
דוד;(1255, [4, 6, 4], 14)
ואלה;(1256, [6, 1, 30, 5], 42)
תולדות;(1257, [400, 6, 30, 4, 6, 400], 846)
פרץ;(1258, [80, 200, 90], 370)
פרץ;(1259, [80, 200, 90], 370)
הוליד;(1260, [5, 6, 30, 10, 4], 55)
את;(1261, [1, 400], 401)
חצרון;(1262, [8, 90, 200, 6, 50], 354)
וחצרון;(1263, [6, 8, 90, 200, 6, 50], 360)
הוליד;(1264, [5, 6, 30, 10, 4], 55)
את;(1265, [1, 400], 401)
רם;(1266, [200, 40], 240)
ורם;(1267, [6, 200, 40], 246)
הוליד;(1268, [5, 6, 30, 10, 4], 55)
את;(1269, [1, 400], 401)
עמינדב;(1270, [70, 40, 10, 50, 4, 2], 176)
ועמינדב;(1271, [6, 70, 40, 10, 50, 4, 2], 182)
הוליד;(1272, [5, 6, 30, 10, 4], 55)
את;(1273, [1, 400], 401)
נחשון;(1274, [50, 8, 300, 6, 50], 414)
ונחשון;(1275, [6, 50, 8, 300, 6, 50], 420)
הוליד;(1276, [5, 6, 30, 10, 4], 55)
את;(1277, [1, 400], 401)
שלמה;(1278, [300, 30, 40, 5], 375)
ושלמון;(1279, [6, 300, 30, 40, 6, 50], 432)
הוליד;(1280, [5, 6, 30, 10, 4], 55)
את;(1281, [1, 400], 401)
בעז;(1282, [2, 70, 7], 79)
ובעז;(1283, [6, 2, 70, 7], 85)
הוליד;(1284, [5, 6, 30, 10, 4], 55)
את;(1285, [1, 400], 401)
עובד;(1286, [70, 6, 2, 4], 82)
ועבד;(1287, [6, 70, 2, 4], 82)
הוליד;(1288, [5, 6, 30, 10, 4], 55)
את;(1289, [1, 400], 401)
ישי;(1290, [10, 300, 10], 320)
וישי;(1291, [6, 10, 300, 10], 326)
הוליד;(1292, [5, 6, 30, 10, 4], 55)
את;(1293, [1, 400], 401)
דוד;(1294, [4, 6, 4], 14)
