דבר;(1, [4, 2, 200], 206)
יהוה;(2, [10, 5, 6, 5], 26)
אשר;(3, [1, 300, 200], 501)
היה;(4, [5, 10, 5], 20)
אל;(5, [1, 30], 31)
צפניה;(6, [90, 80, 50, 10, 5], 235)
בן;(7, [2, 50], 52)
כושי;(8, [20, 6, 300, 10], 336)
בן;(9, [2, 50], 52)
גדליה;(10, [3, 4, 30, 10, 5], 52)
בן;(11, [2, 50], 52)
אמריה;(12, [1, 40, 200, 10, 5], 256)
בן;(13, [2, 50], 52)
חזקיה;(14, [8, 7, 100, 10, 5], 130)
בימי;(15, [2, 10, 40, 10], 62)
יאשיהו;(16, [10, 1, 300, 10, 5, 6], 332)
בן;(17, [2, 50], 52)
אמון;(18, [1, 40, 6, 50], 97)
מלך;(19, [40, 30, 20], 90)
יהודה;(20, [10, 5, 6, 4, 5], 30)
אסף;(21, [1, 60, 80], 141)
אסף;(22, [1, 60, 80], 141)
כל;(23, [20, 30], 50)
מעל;(24, [40, 70, 30], 140)
פני;(25, [80, 50, 10], 140)
האדמה;(26, [5, 1, 4, 40, 5], 55)
נאם;(27, [50, 1, 40], 91)
יהוה;(28, [10, 5, 6, 5], 26)
אסף;(29, [1, 60, 80], 141)
אדם;(30, [1, 4, 40], 45)
ובהמה;(31, [6, 2, 5, 40, 5], 58)
אסף;(32, [1, 60, 80], 141)
עוף;(33, [70, 6, 80], 156)
השמים;(34, [5, 300, 40, 10, 40], 395)
ודגי;(35, [6, 4, 3, 10], 23)
הים;(36, [5, 10, 40], 55)
והמכשלות;(37, [6, 5, 40, 20, 300, 30, 6, 400], 807)
את;(38, [1, 400], 401)
הרשעים;(39, [5, 200, 300, 70, 10, 40], 625)
והכרתי;(40, [6, 5, 20, 200, 400, 10], 641)
את;(41, [1, 400], 401)
האדם;(42, [5, 1, 4, 40], 50)
מעל;(43, [40, 70, 30], 140)
פני;(44, [80, 50, 10], 140)
האדמה;(45, [5, 1, 4, 40, 5], 55)
נאם;(46, [50, 1, 40], 91)
יהוה;(47, [10, 5, 6, 5], 26)
ונטיתי;(48, [6, 50, 9, 10, 400, 10], 485)
ידי;(49, [10, 4, 10], 24)
על;(50, [70, 30], 100)
יהודה;(51, [10, 5, 6, 4, 5], 30)
ועל;(52, [6, 70, 30], 106)
כל;(53, [20, 30], 50)
יושבי;(54, [10, 6, 300, 2, 10], 328)
ירושלם;(55, [10, 200, 6, 300, 30, 40], 586)
והכרתי;(56, [6, 5, 20, 200, 400, 10], 641)
מן;(57, [40, 50], 90)
המקום;(58, [5, 40, 100, 6, 40], 191)
הזה;(59, [5, 7, 5], 17)
את;(60, [1, 400], 401)
שאר;(61, [300, 1, 200], 501)
הבעל;(62, [5, 2, 70, 30], 107)
את;(63, [1, 400], 401)
שם;(64, [300, 40], 340)
הכמרים;(65, [5, 20, 40, 200, 10, 40], 315)
עם;(66, [70, 40], 110)
הכהנים;(67, [5, 20, 5, 50, 10, 40], 130)
ואת;(68, [6, 1, 400], 407)
המשתחוים;(69, [5, 40, 300, 400, 8, 6, 10, 40], 809)
על;(70, [70, 30], 100)
הגגות;(71, [5, 3, 3, 6, 400], 417)
לצבא;(72, [30, 90, 2, 1], 123)
השמים;(73, [5, 300, 40, 10, 40], 395)
ואת;(74, [6, 1, 400], 407)
המשתחוים;(75, [5, 40, 300, 400, 8, 6, 10, 40], 809)
הנשבעים;(76, [5, 50, 300, 2, 70, 10, 40], 477)
ליהוה;(77, [30, 10, 5, 6, 5], 56)
והנשבעים;(78, [6, 5, 50, 300, 2, 70, 10, 40], 483)
במלכם;(79, [2, 40, 30, 20, 40], 132)
ואת;(80, [6, 1, 400], 407)
הנסוגים;(81, [5, 50, 60, 6, 3, 10, 40], 174)
מאחרי;(82, [40, 1, 8, 200, 10], 259)
יהוה;(83, [10, 5, 6, 5], 26)
ואשר;(84, [6, 1, 300, 200], 507)
לא;(85, [30, 1], 31)
בקשו;(86, [2, 100, 300, 6], 408)
את;(87, [1, 400], 401)
יהוה;(88, [10, 5, 6, 5], 26)
ולא;(89, [6, 30, 1], 37)
דרשהו;(90, [4, 200, 300, 5, 6], 515)
הס;(91, [5, 60], 65)
מפני;(92, [40, 80, 50, 10], 180)
אדני;(93, [1, 4, 50, 10], 65)
יהוה;(94, [10, 5, 6, 5], 26)
כי;(95, [20, 10], 30)
קרוב;(96, [100, 200, 6, 2], 308)
יום;(97, [10, 6, 40], 56)
יהוה;(98, [10, 5, 6, 5], 26)
כי;(99, [20, 10], 30)
הכין;(100, [5, 20, 10, 50], 85)
יהוה;(101, [10, 5, 6, 5], 26)
זבח;(102, [7, 2, 8], 17)
הקדיש;(103, [5, 100, 4, 10, 300], 419)
קראיו;(104, [100, 200, 1, 10, 6], 317)
והיה;(105, [6, 5, 10, 5], 26)
ביום;(106, [2, 10, 6, 40], 58)
זבח;(107, [7, 2, 8], 17)
יהוה;(108, [10, 5, 6, 5], 26)
ופקדתי;(109, [6, 80, 100, 4, 400, 10], 600)
על;(110, [70, 30], 100)
השרים;(111, [5, 300, 200, 10, 40], 555)
ועל;(112, [6, 70, 30], 106)
בני;(113, [2, 50, 10], 62)
המלך;(114, [5, 40, 30, 20], 95)
ועל;(115, [6, 70, 30], 106)
כל;(116, [20, 30], 50)
הלבשים;(117, [5, 30, 2, 300, 10, 40], 387)
מלבוש;(118, [40, 30, 2, 6, 300], 378)
נכרי;(119, [50, 20, 200, 10], 280)
ופקדתי;(120, [6, 80, 100, 4, 400, 10], 600)
על;(121, [70, 30], 100)
כל;(122, [20, 30], 50)
הדולג;(123, [5, 4, 6, 30, 3], 48)
על;(124, [70, 30], 100)
המפתן;(125, [5, 40, 80, 400, 50], 575)
ביום;(126, [2, 10, 6, 40], 58)
ההוא;(127, [5, 5, 6, 1], 17)
הממלאים;(128, [5, 40, 40, 30, 1, 10, 40], 166)
בית;(129, [2, 10, 400], 412)
אדניהם;(130, [1, 4, 50, 10, 5, 40], 110)
חמס;(131, [8, 40, 60], 108)
ומרמה;(132, [6, 40, 200, 40, 5], 291)
והיה;(133, [6, 5, 10, 5], 26)
ביום;(134, [2, 10, 6, 40], 58)
ההוא;(135, [5, 5, 6, 1], 17)
נאם;(136, [50, 1, 40], 91)
יהוה;(137, [10, 5, 6, 5], 26)
קול;(138, [100, 6, 30], 136)
צעקה;(139, [90, 70, 100, 5], 265)
משער;(140, [40, 300, 70, 200], 610)
הדגים;(141, [5, 4, 3, 10, 40], 62)
ויללה;(142, [6, 10, 30, 30, 5], 81)
מן;(143, [40, 50], 90)
המשנה;(144, [5, 40, 300, 50, 5], 400)
ושבר;(145, [6, 300, 2, 200], 508)
גדול;(146, [3, 4, 6, 30], 43)
מהגבעות;(147, [40, 5, 3, 2, 70, 6, 400], 526)
הילילו;(148, [5, 10, 30, 10, 30, 6], 91)
ישבי;(149, [10, 300, 2, 10], 322)
המכתש;(150, [5, 40, 20, 400, 300], 765)
כי;(151, [20, 10], 30)
נדמה;(152, [50, 4, 40, 5], 99)
כל;(153, [20, 30], 50)
עם;(154, [70, 40], 110)
כנען;(155, [20, 50, 70, 50], 190)
נכרתו;(156, [50, 20, 200, 400, 6], 676)
כל;(157, [20, 30], 50)
נטילי;(158, [50, 9, 10, 30, 10], 109)
כסף;(159, [20, 60, 80], 160)
והיה;(160, [6, 5, 10, 5], 26)
בעת;(161, [2, 70, 400], 472)
ההיא;(162, [5, 5, 10, 1], 21)
אחפש;(163, [1, 8, 80, 300], 389)
את;(164, [1, 400], 401)
ירושלם;(165, [10, 200, 6, 300, 30, 40], 586)
בנרות;(166, [2, 50, 200, 6, 400], 658)
ופקדתי;(167, [6, 80, 100, 4, 400, 10], 600)
על;(168, [70, 30], 100)
האנשים;(169, [5, 1, 50, 300, 10, 40], 406)
הקפאים;(170, [5, 100, 80, 1, 10, 40], 236)
על;(171, [70, 30], 100)
שמריהם;(172, [300, 40, 200, 10, 5, 40], 595)
האמרים;(173, [5, 1, 40, 200, 10, 40], 296)
בלבבם;(174, [2, 30, 2, 2, 40], 76)
לא;(175, [30, 1], 31)
ייטיב;(176, [10, 10, 9, 10, 2], 41)
יהוה;(177, [10, 5, 6, 5], 26)
ולא;(178, [6, 30, 1], 37)
ירע;(179, [10, 200, 70], 280)
והיה;(180, [6, 5, 10, 5], 26)
חילם;(181, [8, 10, 30, 40], 88)
למשסה;(182, [30, 40, 300, 60, 5], 435)
ובתיהם;(183, [6, 2, 400, 10, 5, 40], 463)
לשממה;(184, [30, 300, 40, 40, 5], 415)
ובנו;(185, [6, 2, 50, 6], 64)
בתים;(186, [2, 400, 10, 40], 452)
ולא;(187, [6, 30, 1], 37)
ישבו;(188, [10, 300, 2, 6], 318)
ונטעו;(189, [6, 50, 9, 70, 6], 141)
כרמים;(190, [20, 200, 40, 10, 40], 310)
ולא;(191, [6, 30, 1], 37)
ישתו;(192, [10, 300, 400, 6], 716)
את;(193, [1, 400], 401)
יינם;(194, [10, 10, 50, 40], 110)
קרוב;(195, [100, 200, 6, 2], 308)
יום;(196, [10, 6, 40], 56)
יהוה;(197, [10, 5, 6, 5], 26)
הגדול;(198, [5, 3, 4, 6, 30], 48)
קרוב;(199, [100, 200, 6, 2], 308)
ומהר;(200, [6, 40, 5, 200], 251)
מאד;(201, [40, 1, 4], 45)
קול;(202, [100, 6, 30], 136)
יום;(203, [10, 6, 40], 56)
יהוה;(204, [10, 5, 6, 5], 26)
מר;(205, [40, 200], 240)
צרח;(206, [90, 200, 8], 298)
שם;(207, [300, 40], 340)
גבור;(208, [3, 2, 6, 200], 211)
יום;(209, [10, 6, 40], 56)
עברה;(210, [70, 2, 200, 5], 277)
היום;(211, [5, 10, 6, 40], 61)
ההוא;(212, [5, 5, 6, 1], 17)
יום;(213, [10, 6, 40], 56)
צרה;(214, [90, 200, 5], 295)
ומצוקה;(215, [6, 40, 90, 6, 100, 5], 247)
יום;(216, [10, 6, 40], 56)
שאה;(217, [300, 1, 5], 306)
ומשואה;(218, [6, 40, 300, 6, 1, 5], 358)
יום;(219, [10, 6, 40], 56)
חשך;(220, [8, 300, 20], 328)
ואפלה;(221, [6, 1, 80, 30, 5], 122)
יום;(222, [10, 6, 40], 56)
ענן;(223, [70, 50, 50], 170)
וערפל;(224, [6, 70, 200, 80, 30], 386)
יום;(225, [10, 6, 40], 56)
שופר;(226, [300, 6, 80, 200], 586)
ותרועה;(227, [6, 400, 200, 6, 70, 5], 687)
על;(228, [70, 30], 100)
הערים;(229, [5, 70, 200, 10, 40], 325)
הבצרות;(230, [5, 2, 90, 200, 6, 400], 703)
ועל;(231, [6, 70, 30], 106)
הפנות;(232, [5, 80, 50, 6, 400], 541)
הגבהות;(233, [5, 3, 2, 5, 6, 400], 421)
והצרתי;(234, [6, 5, 90, 200, 400, 10], 711)
לאדם;(235, [30, 1, 4, 40], 75)
והלכו;(236, [6, 5, 30, 20, 6], 67)
כעורים;(237, [20, 70, 6, 200, 10, 40], 346)
כי;(238, [20, 10], 30)
ליהוה;(239, [30, 10, 5, 6, 5], 56)
חטאו;(240, [8, 9, 1, 6], 24)
ושפך;(241, [6, 300, 80, 20], 406)
דמם;(242, [4, 40, 40], 84)
כעפר;(243, [20, 70, 80, 200], 370)
ולחמם;(244, [6, 30, 8, 40, 40], 124)
כגללים;(245, [20, 3, 30, 30, 10, 40], 133)
גם;(246, [3, 40], 43)
כספם;(247, [20, 60, 80, 40], 200)
גם;(248, [3, 40], 43)
זהבם;(249, [7, 5, 2, 40], 54)
לא;(250, [30, 1], 31)
יוכל;(251, [10, 6, 20, 30], 66)
להצילם;(252, [30, 5, 90, 10, 30, 40], 205)
ביום;(253, [2, 10, 6, 40], 58)
עברת;(254, [70, 2, 200, 400], 672)
יהוה;(255, [10, 5, 6, 5], 26)
ובאש;(256, [6, 2, 1, 300], 309)
קנאתו;(257, [100, 50, 1, 400, 6], 557)
תאכל;(258, [400, 1, 20, 30], 451)
כל;(259, [20, 30], 50)
הארץ;(260, [5, 1, 200, 90], 296)
כי;(261, [20, 10], 30)
כלה;(262, [20, 30, 5], 55)
אך;(263, [1, 20], 21)
נבהלה;(264, [50, 2, 5, 30, 5], 92)
יעשה;(265, [10, 70, 300, 5], 385)
את;(266, [1, 400], 401)
כל;(267, [20, 30], 50)
ישבי;(268, [10, 300, 2, 10], 322)
הארץ;(269, [5, 1, 200, 90], 296)
התקוששו;(270, [5, 400, 100, 6, 300, 300, 6], 1117)
וקושו;(271, [6, 100, 6, 300, 6], 418)
הגוי;(272, [5, 3, 6, 10], 24)
לא;(273, [30, 1], 31)
נכסף;(274, [50, 20, 60, 80], 210)
בטרם;(275, [2, 9, 200, 40], 251)
לדת;(276, [30, 4, 400], 434)
חק;(277, [8, 100], 108)
כמץ;(278, [20, 40, 90], 150)
עבר;(279, [70, 2, 200], 272)
יום;(280, [10, 6, 40], 56)
בטרם;(281, [2, 9, 200, 40], 251)
לא;(282, [30, 1], 31)
יבוא;(283, [10, 2, 6, 1], 19)
עליכם;(284, [70, 30, 10, 20, 40], 170)
חרון;(285, [8, 200, 6, 50], 264)
אף;(286, [1, 80], 81)
יהוה;(287, [10, 5, 6, 5], 26)
בטרם;(288, [2, 9, 200, 40], 251)
לא;(289, [30, 1], 31)
יבוא;(290, [10, 2, 6, 1], 19)
עליכם;(291, [70, 30, 10, 20, 40], 170)
יום;(292, [10, 6, 40], 56)
אף;(293, [1, 80], 81)
יהוה;(294, [10, 5, 6, 5], 26)
בקשו;(295, [2, 100, 300, 6], 408)
את;(296, [1, 400], 401)
יהוה;(297, [10, 5, 6, 5], 26)
כל;(298, [20, 30], 50)
ענוי;(299, [70, 50, 6, 10], 136)
הארץ;(300, [5, 1, 200, 90], 296)
אשר;(301, [1, 300, 200], 501)
משפטו;(302, [40, 300, 80, 9, 6], 435)
פעלו;(303, [80, 70, 30, 6], 186)
בקשו;(304, [2, 100, 300, 6], 408)
צדק;(305, [90, 4, 100], 194)
בקשו;(306, [2, 100, 300, 6], 408)
ענוה;(307, [70, 50, 6, 5], 131)
אולי;(308, [1, 6, 30, 10], 47)
תסתרו;(309, [400, 60, 400, 200, 6], 1066)
ביום;(310, [2, 10, 6, 40], 58)
אף;(311, [1, 80], 81)
יהוה;(312, [10, 5, 6, 5], 26)
כי;(313, [20, 10], 30)
עזה;(314, [70, 7, 5], 82)
עזובה;(315, [70, 7, 6, 2, 5], 90)
תהיה;(316, [400, 5, 10, 5], 420)
ואשקלון;(317, [6, 1, 300, 100, 30, 6, 50], 493)
לשממה;(318, [30, 300, 40, 40, 5], 415)
אשדוד;(319, [1, 300, 4, 6, 4], 315)
בצהרים;(320, [2, 90, 5, 200, 10, 40], 347)
יגרשוה;(321, [10, 3, 200, 300, 6, 5], 524)
ועקרון;(322, [6, 70, 100, 200, 6, 50], 432)
תעקר;(323, [400, 70, 100, 200], 770)
הוי;(324, [5, 6, 10], 21)
ישבי;(325, [10, 300, 2, 10], 322)
חבל;(326, [8, 2, 30], 40)
הים;(327, [5, 10, 40], 55)
גוי;(328, [3, 6, 10], 19)
כרתים;(329, [20, 200, 400, 10, 40], 670)
דבר;(330, [4, 2, 200], 206)
יהוה;(331, [10, 5, 6, 5], 26)
עליכם;(332, [70, 30, 10, 20, 40], 170)
כנען;(333, [20, 50, 70, 50], 190)
ארץ;(334, [1, 200, 90], 291)
פלשתים;(335, [80, 30, 300, 400, 10, 40], 860)
והאבדתיך;(336, [6, 5, 1, 2, 4, 400, 10, 20], 448)
מאין;(337, [40, 1, 10, 50], 101)
יושב;(338, [10, 6, 300, 2], 318)
והיתה;(339, [6, 5, 10, 400, 5], 426)
חבל;(340, [8, 2, 30], 40)
הים;(341, [5, 10, 40], 55)
נות;(342, [50, 6, 400], 456)
כרת;(343, [20, 200, 400], 620)
רעים;(344, [200, 70, 10, 40], 320)
וגדרות;(345, [6, 3, 4, 200, 6, 400], 619)
צאן;(346, [90, 1, 50], 141)
והיה;(347, [6, 5, 10, 5], 26)
חבל;(348, [8, 2, 30], 40)
לשארית;(349, [30, 300, 1, 200, 10, 400], 941)
בית;(350, [2, 10, 400], 412)
יהודה;(351, [10, 5, 6, 4, 5], 30)
עליהם;(352, [70, 30, 10, 5, 40], 155)
ירעון;(353, [10, 200, 70, 6, 50], 336)
בבתי;(354, [2, 2, 400, 10], 414)
אשקלון;(355, [1, 300, 100, 30, 6, 50], 487)
בערב;(356, [2, 70, 200, 2], 274)
ירבצון;(357, [10, 200, 2, 90, 6, 50], 358)
כי;(358, [20, 10], 30)
יפקדם;(359, [10, 80, 100, 4, 40], 234)
יהוה;(360, [10, 5, 6, 5], 26)
אלהיהם;(361, [1, 30, 5, 10, 5, 40], 91)
ושב;(362, [6, 300, 2], 308)
שבותם;(363, [300, 2, 6, 400, 40], 748)
שמעתי;(364, [300, 40, 70, 400, 10], 820)
חרפת;(365, [8, 200, 80, 400], 688)
מואב;(366, [40, 6, 1, 2], 49)
וגדופי;(367, [6, 3, 4, 6, 80, 10], 109)
בני;(368, [2, 50, 10], 62)
עמון;(369, [70, 40, 6, 50], 166)
אשר;(370, [1, 300, 200], 501)
חרפו;(371, [8, 200, 80, 6], 294)
את;(372, [1, 400], 401)
עמי;(373, [70, 40, 10], 120)
ויגדילו;(374, [6, 10, 3, 4, 10, 30, 6], 69)
על;(375, [70, 30], 100)
גבולם;(376, [3, 2, 6, 30, 40], 81)
לכן;(377, [30, 20, 50], 100)
חי;(378, [8, 10], 18)
אני;(379, [1, 50, 10], 61)
נאם;(380, [50, 1, 40], 91)
יהוה;(381, [10, 5, 6, 5], 26)
צבאות;(382, [90, 2, 1, 6, 400], 499)
אלהי;(383, [1, 30, 5, 10], 46)
ישראל;(384, [10, 300, 200, 1, 30], 541)
כי;(385, [20, 10], 30)
מואב;(386, [40, 6, 1, 2], 49)
כסדם;(387, [20, 60, 4, 40], 124)
תהיה;(388, [400, 5, 10, 5], 420)
ובני;(389, [6, 2, 50, 10], 68)
עמון;(390, [70, 40, 6, 50], 166)
כעמרה;(391, [20, 70, 40, 200, 5], 335)
ממשק;(392, [40, 40, 300, 100], 480)
חרול;(393, [8, 200, 6, 30], 244)
ומכרה;(394, [6, 40, 20, 200, 5], 271)
מלח;(395, [40, 30, 8], 78)
ושממה;(396, [6, 300, 40, 40, 5], 391)
עד;(397, [70, 4], 74)
עולם;(398, [70, 6, 30, 40], 146)
שארית;(399, [300, 1, 200, 10, 400], 911)
עמי;(400, [70, 40, 10], 120)
יבזום;(401, [10, 2, 7, 6, 40], 65)
ויתר;(402, [6, 10, 400, 200], 616)
גוי;(403, [3, 6, 10], 19)
ינחלום;(404, [10, 50, 8, 30, 6, 40], 144)
זאת;(405, [7, 1, 400], 408)
להם;(406, [30, 5, 40], 75)
תחת;(407, [400, 8, 400], 808)
גאונם;(408, [3, 1, 6, 50, 40], 100)
כי;(409, [20, 10], 30)
חרפו;(410, [8, 200, 80, 6], 294)
ויגדלו;(411, [6, 10, 3, 4, 30, 6], 59)
על;(412, [70, 30], 100)
עם;(413, [70, 40], 110)
יהוה;(414, [10, 5, 6, 5], 26)
צבאות;(415, [90, 2, 1, 6, 400], 499)
נורא;(416, [50, 6, 200, 1], 257)
יהוה;(417, [10, 5, 6, 5], 26)
עליהם;(418, [70, 30, 10, 5, 40], 155)
כי;(419, [20, 10], 30)
רזה;(420, [200, 7, 5], 212)
את;(421, [1, 400], 401)
כל;(422, [20, 30], 50)
אלהי;(423, [1, 30, 5, 10], 46)
הארץ;(424, [5, 1, 200, 90], 296)
וישתחוו;(425, [6, 10, 300, 400, 8, 6, 6], 736)
לו;(426, [30, 6], 36)
איש;(427, [1, 10, 300], 311)
ממקומו;(428, [40, 40, 100, 6, 40, 6], 232)
כל;(429, [20, 30], 50)
איי;(430, [1, 10, 10], 21)
הגוים;(431, [5, 3, 6, 10, 40], 64)
גם;(432, [3, 40], 43)
אתם;(433, [1, 400, 40], 441)
כושים;(434, [20, 6, 300, 10, 40], 376)
חללי;(435, [8, 30, 30, 10], 78)
חרבי;(436, [8, 200, 2, 10], 220)
המה;(437, [5, 40, 5], 50)
ויט;(438, [6, 10, 9], 25)
ידו;(439, [10, 4, 6], 20)
על;(440, [70, 30], 100)
צפון;(441, [90, 80, 6, 50], 226)
ויאבד;(442, [6, 10, 1, 2, 4], 23)
את;(443, [1, 400], 401)
אשור;(444, [1, 300, 6, 200], 507)
וישם;(445, [6, 10, 300, 40], 356)
את;(446, [1, 400], 401)
נינוה;(447, [50, 10, 50, 6, 5], 121)
לשממה;(448, [30, 300, 40, 40, 5], 415)
ציה;(449, [90, 10, 5], 105)
כמדבר;(450, [20, 40, 4, 2, 200], 266)
ורבצו;(451, [6, 200, 2, 90, 6], 304)
בתוכה;(452, [2, 400, 6, 20, 5], 433)
עדרים;(453, [70, 4, 200, 10, 40], 324)
כל;(454, [20, 30], 50)
חיתו;(455, [8, 10, 400, 6], 424)
גוי;(456, [3, 6, 10], 19)
גם;(457, [3, 40], 43)
קאת;(458, [100, 1, 400], 501)
גם;(459, [3, 40], 43)
קפד;(460, [100, 80, 4], 184)
בכפתריה;(461, [2, 20, 80, 400, 200, 10, 5], 717)
ילינו;(462, [10, 30, 10, 50, 6], 106)
קול;(463, [100, 6, 30], 136)
ישורר;(464, [10, 300, 6, 200, 200], 716)
בחלון;(465, [2, 8, 30, 6, 50], 96)
חרב;(466, [8, 200, 2], 210)
בסף;(467, [2, 60, 80], 142)
כי;(468, [20, 10], 30)
ארזה;(469, [1, 200, 7, 5], 213)
ערה;(470, [70, 200, 5], 275)
זאת;(471, [7, 1, 400], 408)
העיר;(472, [5, 70, 10, 200], 285)
העליזה;(473, [5, 70, 30, 10, 7, 5], 127)
היושבת;(474, [5, 10, 6, 300, 2, 400], 723)
לבטח;(475, [30, 2, 9, 8], 49)
האמרה;(476, [5, 1, 40, 200, 5], 251)
בלבבה;(477, [2, 30, 2, 2, 5], 41)
אני;(478, [1, 50, 10], 61)
ואפסי;(479, [6, 1, 80, 60, 10], 157)
עוד;(480, [70, 6, 4], 80)
איך;(481, [1, 10, 20], 31)
היתה;(482, [5, 10, 400, 5], 420)
לשמה;(483, [30, 300, 40, 5], 375)
מרבץ;(484, [40, 200, 2, 90], 332)
לחיה;(485, [30, 8, 10, 5], 53)
כל;(486, [20, 30], 50)
עובר;(487, [70, 6, 2, 200], 278)
עליה;(488, [70, 30, 10, 5], 115)
ישרק;(489, [10, 300, 200, 100], 610)
יניע;(490, [10, 50, 10, 70], 140)
ידו;(491, [10, 4, 6], 20)
הוי;(492, [5, 6, 10], 21)
מראה;(493, [40, 200, 1, 5], 246)
ונגאלה;(494, [6, 50, 3, 1, 30, 5], 95)
העיר;(495, [5, 70, 10, 200], 285)
היונה;(496, [5, 10, 6, 50, 5], 76)
לא;(497, [30, 1], 31)
שמעה;(498, [300, 40, 70, 5], 415)
בקול;(499, [2, 100, 6, 30], 138)
לא;(500, [30, 1], 31)
לקחה;(501, [30, 100, 8, 5], 143)
מוסר;(502, [40, 6, 60, 200], 306)
ביהוה;(503, [2, 10, 5, 6, 5], 28)
לא;(504, [30, 1], 31)
בטחה;(505, [2, 9, 8, 5], 24)
אל;(506, [1, 30], 31)
אלהיה;(507, [1, 30, 5, 10, 5], 51)
לא;(508, [30, 1], 31)
קרבה;(509, [100, 200, 2, 5], 307)
שריה;(510, [300, 200, 10, 5], 515)
בקרבה;(511, [2, 100, 200, 2, 5], 309)
אריות;(512, [1, 200, 10, 6, 400], 617)
שאגים;(513, [300, 1, 3, 10, 40], 354)
שפטיה;(514, [300, 80, 9, 10, 5], 404)
זאבי;(515, [7, 1, 2, 10], 20)
ערב;(516, [70, 200, 2], 272)
לא;(517, [30, 1], 31)
גרמו;(518, [3, 200, 40, 6], 249)
לבקר;(519, [30, 2, 100, 200], 332)
נביאיה;(520, [50, 2, 10, 1, 10, 5], 78)
פחזים;(521, [80, 8, 7, 10, 40], 145)
אנשי;(522, [1, 50, 300, 10], 361)
בגדות;(523, [2, 3, 4, 6, 400], 415)
כהניה;(524, [20, 5, 50, 10, 5], 90)
חללו;(525, [8, 30, 30, 6], 74)
קדש;(526, [100, 4, 300], 404)
חמסו;(527, [8, 40, 60, 6], 114)
תורה;(528, [400, 6, 200, 5], 611)
יהוה;(529, [10, 5, 6, 5], 26)
צדיק;(530, [90, 4, 10, 100], 204)
בקרבה;(531, [2, 100, 200, 2, 5], 309)
לא;(532, [30, 1], 31)
יעשה;(533, [10, 70, 300, 5], 385)
עולה;(534, [70, 6, 30, 5], 111)
בבקר;(535, [2, 2, 100, 200], 304)
בבקר;(536, [2, 2, 100, 200], 304)
משפטו;(537, [40, 300, 80, 9, 6], 435)
יתן;(538, [10, 400, 50], 460)
לאור;(539, [30, 1, 6, 200], 237)
לא;(540, [30, 1], 31)
נעדר;(541, [50, 70, 4, 200], 324)
ולא;(542, [6, 30, 1], 37)
יודע;(543, [10, 6, 4, 70], 90)
עול;(544, [70, 6, 30], 106)
בשת;(545, [2, 300, 400], 702)
הכרתי;(546, [5, 20, 200, 400, 10], 635)
גוים;(547, [3, 6, 10, 40], 59)
נשמו;(548, [50, 300, 40, 6], 396)
פנותם;(549, [80, 50, 6, 400, 40], 576)
החרבתי;(550, [5, 8, 200, 2, 400, 10], 625)
חוצותם;(551, [8, 6, 90, 6, 400, 40], 550)
מבלי;(552, [40, 2, 30, 10], 82)
עובר;(553, [70, 6, 2, 200], 278)
נצדו;(554, [50, 90, 4, 6], 150)
עריהם;(555, [70, 200, 10, 5, 40], 325)
מבלי;(556, [40, 2, 30, 10], 82)
איש;(557, [1, 10, 300], 311)
מאין;(558, [40, 1, 10, 50], 101)
יושב;(559, [10, 6, 300, 2], 318)
אמרתי;(560, [1, 40, 200, 400, 10], 651)
אך;(561, [1, 20], 21)
תיראי;(562, [400, 10, 200, 1, 10], 621)
אותי;(563, [1, 6, 400, 10], 417)
תקחי;(564, [400, 100, 8, 10], 518)
מוסר;(565, [40, 6, 60, 200], 306)
ולא;(566, [6, 30, 1], 37)
יכרת;(567, [10, 20, 200, 400], 630)
מעונה;(568, [40, 70, 6, 50, 5], 171)
כל;(569, [20, 30], 50)
אשר;(570, [1, 300, 200], 501)
פקדתי;(571, [80, 100, 4, 400, 10], 594)
עליה;(572, [70, 30, 10, 5], 115)
אכן;(573, [1, 20, 50], 71)
השכימו;(574, [5, 300, 20, 10, 40, 6], 381)
השחיתו;(575, [5, 300, 8, 10, 400, 6], 729)
כל;(576, [20, 30], 50)
עלילותם;(577, [70, 30, 10, 30, 6, 400, 40], 586)
לכן;(578, [30, 20, 50], 100)
חכו;(579, [8, 20, 6], 34)
לי;(580, [30, 10], 40)
נאם;(581, [50, 1, 40], 91)
יהוה;(582, [10, 5, 6, 5], 26)
ליום;(583, [30, 10, 6, 40], 86)
קומי;(584, [100, 6, 40, 10], 156)
לעד;(585, [30, 70, 4], 104)
כי;(586, [20, 10], 30)
משפטי;(587, [40, 300, 80, 9, 10], 439)
לאסף;(588, [30, 1, 60, 80], 171)
גוים;(589, [3, 6, 10, 40], 59)
לקבצי;(590, [30, 100, 2, 90, 10], 232)
ממלכות;(591, [40, 40, 30, 20, 6, 400], 536)
לשפך;(592, [30, 300, 80, 20], 430)
עליהם;(593, [70, 30, 10, 5, 40], 155)
זעמי;(594, [7, 70, 40, 10], 127)
כל;(595, [20, 30], 50)
חרון;(596, [8, 200, 6, 50], 264)
אפי;(597, [1, 80, 10], 91)
כי;(598, [20, 10], 30)
באש;(599, [2, 1, 300], 303)
קנאתי;(600, [100, 50, 1, 400, 10], 561)
תאכל;(601, [400, 1, 20, 30], 451)
כל;(602, [20, 30], 50)
הארץ;(603, [5, 1, 200, 90], 296)
כי;(604, [20, 10], 30)
אז;(605, [1, 7], 8)
אהפך;(606, [1, 5, 80, 20], 106)
אל;(607, [1, 30], 31)
עמים;(608, [70, 40, 10, 40], 160)
שפה;(609, [300, 80, 5], 385)
ברורה;(610, [2, 200, 6, 200, 5], 413)
לקרא;(611, [30, 100, 200, 1], 331)
כלם;(612, [20, 30, 40], 90)
בשם;(613, [2, 300, 40], 342)
יהוה;(614, [10, 5, 6, 5], 26)
לעבדו;(615, [30, 70, 2, 4, 6], 112)
שכם;(616, [300, 20, 40], 360)
אחד;(617, [1, 8, 4], 13)
מעבר;(618, [40, 70, 2, 200], 312)
לנהרי;(619, [30, 50, 5, 200, 10], 295)
כוש;(620, [20, 6, 300], 326)
עתרי;(621, [70, 400, 200, 10], 680)
בת;(622, [2, 400], 402)
פוצי;(623, [80, 6, 90, 10], 186)
יובלון;(624, [10, 6, 2, 30, 6, 50], 104)
מנחתי;(625, [40, 50, 8, 400, 10], 508)
ביום;(626, [2, 10, 6, 40], 58)
ההוא;(627, [5, 5, 6, 1], 17)
לא;(628, [30, 1], 31)
תבושי;(629, [400, 2, 6, 300, 10], 718)
מכל;(630, [40, 20, 30], 90)
עלילתיך;(631, [70, 30, 10, 30, 400, 10, 20], 570)
אשר;(632, [1, 300, 200], 501)
פשעת;(633, [80, 300, 70, 400], 850)
בי;(634, [2, 10], 12)
כי;(635, [20, 10], 30)
אז;(636, [1, 7], 8)
אסיר;(637, [1, 60, 10, 200], 271)
מקרבך;(638, [40, 100, 200, 2, 20], 362)
עליזי;(639, [70, 30, 10, 7, 10], 127)
גאותך;(640, [3, 1, 6, 400, 20], 430)
ולא;(641, [6, 30, 1], 37)
תוספי;(642, [400, 6, 60, 80, 10], 556)
לגבהה;(643, [30, 3, 2, 5, 5], 45)
עוד;(644, [70, 6, 4], 80)
בהר;(645, [2, 5, 200], 207)
קדשי;(646, [100, 4, 300, 10], 414)
והשארתי;(647, [6, 5, 300, 1, 200, 400, 10], 922)
בקרבך;(648, [2, 100, 200, 2, 20], 324)
עם;(649, [70, 40], 110)
עני;(650, [70, 50, 10], 130)
ודל;(651, [6, 4, 30], 40)
וחסו;(652, [6, 8, 60, 6], 80)
בשם;(653, [2, 300, 40], 342)
יהוה;(654, [10, 5, 6, 5], 26)
שארית;(655, [300, 1, 200, 10, 400], 911)
ישראל;(656, [10, 300, 200, 1, 30], 541)
לא;(657, [30, 1], 31)
יעשו;(658, [10, 70, 300, 6], 386)
עולה;(659, [70, 6, 30, 5], 111)
ולא;(660, [6, 30, 1], 37)
ידברו;(661, [10, 4, 2, 200, 6], 222)
כזב;(662, [20, 7, 2], 29)
ולא;(663, [6, 30, 1], 37)
ימצא;(664, [10, 40, 90, 1], 141)
בפיהם;(665, [2, 80, 10, 5, 40], 137)
לשון;(666, [30, 300, 6, 50], 386)
תרמית;(667, [400, 200, 40, 10, 400], 1050)
כי;(668, [20, 10], 30)
המה;(669, [5, 40, 5], 50)
ירעו;(670, [10, 200, 70, 6], 286)
ורבצו;(671, [6, 200, 2, 90, 6], 304)
ואין;(672, [6, 1, 10, 50], 67)
מחריד;(673, [40, 8, 200, 10, 4], 262)
רני;(674, [200, 50, 10], 260)
בת;(675, [2, 400], 402)
ציון;(676, [90, 10, 6, 50], 156)
הריעו;(677, [5, 200, 10, 70, 6], 291)
ישראל;(678, [10, 300, 200, 1, 30], 541)
שמחי;(679, [300, 40, 8, 10], 358)
ועלזי;(680, [6, 70, 30, 7, 10], 123)
בכל;(681, [2, 20, 30], 52)
לב;(682, [30, 2], 32)
בת;(683, [2, 400], 402)
ירושלם;(684, [10, 200, 6, 300, 30, 40], 586)
הסיר;(685, [5, 60, 10, 200], 275)
יהוה;(686, [10, 5, 6, 5], 26)
משפטיך;(687, [40, 300, 80, 9, 10, 20], 459)
פנה;(688, [80, 50, 5], 135)
איבך;(689, [1, 10, 2, 20], 33)
מלך;(690, [40, 30, 20], 90)
ישראל;(691, [10, 300, 200, 1, 30], 541)
יהוה;(692, [10, 5, 6, 5], 26)
בקרבך;(693, [2, 100, 200, 2, 20], 324)
לא;(694, [30, 1], 31)
תיראי;(695, [400, 10, 200, 1, 10], 621)
רע;(696, [200, 70], 270)
עוד;(697, [70, 6, 4], 80)
ביום;(698, [2, 10, 6, 40], 58)
ההוא;(699, [5, 5, 6, 1], 17)
יאמר;(700, [10, 1, 40, 200], 251)
לירושלם;(701, [30, 10, 200, 6, 300, 30, 40], 616)
אל;(702, [1, 30], 31)
תיראי;(703, [400, 10, 200, 1, 10], 621)
ציון;(704, [90, 10, 6, 50], 156)
אל;(705, [1, 30], 31)
ירפו;(706, [10, 200, 80, 6], 296)
ידיך;(707, [10, 4, 10, 20], 44)
יהוה;(708, [10, 5, 6, 5], 26)
אלהיך;(709, [1, 30, 5, 10, 20], 66)
בקרבך;(710, [2, 100, 200, 2, 20], 324)
גבור;(711, [3, 2, 6, 200], 211)
יושיע;(712, [10, 6, 300, 10, 70], 396)
ישיש;(713, [10, 300, 10, 300], 620)
עליך;(714, [70, 30, 10, 20], 130)
בשמחה;(715, [2, 300, 40, 8, 5], 355)
יחריש;(716, [10, 8, 200, 10, 300], 528)
באהבתו;(717, [2, 1, 5, 2, 400, 6], 416)
יגיל;(718, [10, 3, 10, 30], 53)
עליך;(719, [70, 30, 10, 20], 130)
ברנה;(720, [2, 200, 50, 5], 257)
נוגי;(721, [50, 6, 3, 10], 69)
ממועד;(722, [40, 40, 6, 70, 4], 160)
אספתי;(723, [1, 60, 80, 400, 10], 551)
ממך;(724, [40, 40, 20], 100)
היו;(725, [5, 10, 6], 21)
משאת;(726, [40, 300, 1, 400], 741)
עליה;(727, [70, 30, 10, 5], 115)
חרפה;(728, [8, 200, 80, 5], 293)
הנני;(729, [5, 50, 50, 10], 115)
עשה;(730, [70, 300, 5], 375)
את;(731, [1, 400], 401)
כל;(732, [20, 30], 50)
מעניך;(733, [40, 70, 50, 10, 20], 190)
בעת;(734, [2, 70, 400], 472)
ההיא;(735, [5, 5, 10, 1], 21)
והושעתי;(736, [6, 5, 6, 300, 70, 400, 10], 797)
את;(737, [1, 400], 401)
הצלעה;(738, [5, 90, 30, 70, 5], 200)
והנדחה;(739, [6, 5, 50, 4, 8, 5], 78)
אקבץ;(740, [1, 100, 2, 90], 193)
ושמתים;(741, [6, 300, 40, 400, 10, 40], 796)
לתהלה;(742, [30, 400, 5, 30, 5], 470)
ולשם;(743, [6, 30, 300, 40], 376)
בכל;(744, [2, 20, 30], 52)
הארץ;(745, [5, 1, 200, 90], 296)
בשתם;(746, [2, 300, 400, 40], 742)
בעת;(747, [2, 70, 400], 472)
ההיא;(748, [5, 5, 10, 1], 21)
אביא;(749, [1, 2, 10, 1], 14)
אתכם;(750, [1, 400, 20, 40], 461)
ובעת;(751, [6, 2, 70, 400], 478)
קבצי;(752, [100, 2, 90, 10], 202)
אתכם;(753, [1, 400, 20, 40], 461)
כי;(754, [20, 10], 30)
אתן;(755, [1, 400, 50], 451)
אתכם;(756, [1, 400, 20, 40], 461)
לשם;(757, [30, 300, 40], 370)
ולתהלה;(758, [6, 30, 400, 5, 30, 5], 476)
בכל;(759, [2, 20, 30], 52)
עמי;(760, [70, 40, 10], 120)
הארץ;(761, [5, 1, 200, 90], 296)
בשובי;(762, [2, 300, 6, 2, 10], 320)
את;(763, [1, 400], 401)
שבותיכם;(764, [300, 2, 6, 400, 10, 20, 40], 778)
לעיניכם;(765, [30, 70, 10, 50, 10, 20, 40], 230)
אמר;(766, [1, 40, 200], 241)
יהוה;(767, [10, 5, 6, 5], 26)
