משא;(1, [40, 300, 1], 341)
דבר;(2, [4, 2, 200], 206)
יהוה;(3, [10, 5, 6, 5], 26)
אל;(4, [1, 30], 31)
ישראל;(5, [10, 300, 200, 1, 30], 541)
ביד;(6, [2, 10, 4], 16)
מלאכי;(7, [40, 30, 1, 20, 10], 101)
אהבתי;(8, [1, 5, 2, 400, 10], 418)
אתכם;(9, [1, 400, 20, 40], 461)
אמר;(10, [1, 40, 200], 241)
יהוה;(11, [10, 5, 6, 5], 26)
ואמרתם;(12, [6, 1, 40, 200, 400, 40], 687)
במה;(13, [2, 40, 5], 47)
אהבתנו;(14, [1, 5, 2, 400, 50, 6], 464)
הלוא;(15, [5, 30, 6, 1], 42)
אח;(16, [1, 8], 9)
עשו;(17, [70, 300, 6], 376)
ליעקב;(18, [30, 10, 70, 100, 2], 212)
נאם;(19, [50, 1, 40], 91)
יהוה;(20, [10, 5, 6, 5], 26)
ואהב;(21, [6, 1, 5, 2], 14)
את;(22, [1, 400], 401)
יעקב;(23, [10, 70, 100, 2], 182)
ואת;(24, [6, 1, 400], 407)
עשו;(25, [70, 300, 6], 376)
שנאתי;(26, [300, 50, 1, 400, 10], 761)
ואשים;(27, [6, 1, 300, 10, 40], 357)
את;(28, [1, 400], 401)
הריו;(29, [5, 200, 10, 6], 221)
שממה;(30, [300, 40, 40, 5], 385)
ואת;(31, [6, 1, 400], 407)
נחלתו;(32, [50, 8, 30, 400, 6], 494)
לתנות;(33, [30, 400, 50, 6, 400], 886)
מדבר;(34, [40, 4, 2, 200], 246)
כי;(35, [20, 10], 30)
תאמר;(36, [400, 1, 40, 200], 641)
אדום;(37, [1, 4, 6, 40], 51)
רששנו;(38, [200, 300, 300, 50, 6], 856)
ונשוב;(39, [6, 50, 300, 6, 2], 364)
ונבנה;(40, [6, 50, 2, 50, 5], 113)
חרבות;(41, [8, 200, 2, 6, 400], 616)
כה;(42, [20, 5], 25)
אמר;(43, [1, 40, 200], 241)
יהוה;(44, [10, 5, 6, 5], 26)
צבאות;(45, [90, 2, 1, 6, 400], 499)
המה;(46, [5, 40, 5], 50)
יבנו;(47, [10, 2, 50, 6], 68)
ואני;(48, [6, 1, 50, 10], 67)
אהרוס;(49, [1, 5, 200, 6, 60], 272)
וקראו;(50, [6, 100, 200, 1, 6], 313)
להם;(51, [30, 5, 40], 75)
גבול;(52, [3, 2, 6, 30], 41)
רשעה;(53, [200, 300, 70, 5], 575)
והעם;(54, [6, 5, 70, 40], 121)
אשר;(55, [1, 300, 200], 501)
זעם;(56, [7, 70, 40], 117)
יהוה;(57, [10, 5, 6, 5], 26)
עד;(58, [70, 4], 74)
עולם;(59, [70, 6, 30, 40], 146)
ועיניכם;(60, [6, 70, 10, 50, 10, 20, 40], 206)
תראינה;(61, [400, 200, 1, 10, 50, 5], 666)
ואתם;(62, [6, 1, 400, 40], 447)
תאמרו;(63, [400, 1, 40, 200, 6], 647)
יגדל;(64, [10, 3, 4, 30], 47)
יהוה;(65, [10, 5, 6, 5], 26)
מעל;(66, [40, 70, 30], 140)
לגבול;(67, [30, 3, 2, 6, 30], 71)
ישראל;(68, [10, 300, 200, 1, 30], 541)
בן;(69, [2, 50], 52)
יכבד;(70, [10, 20, 2, 4], 36)
אב;(71, [1, 2], 3)
ועבד;(72, [6, 70, 2, 4], 82)
אדניו;(73, [1, 4, 50, 10, 6], 71)
ואם;(74, [6, 1, 40], 47)
אב;(75, [1, 2], 3)
אני;(76, [1, 50, 10], 61)
איה;(77, [1, 10, 5], 16)
כבודי;(78, [20, 2, 6, 4, 10], 42)
ואם;(79, [6, 1, 40], 47)
אדונים;(80, [1, 4, 6, 50, 10, 40], 111)
אני;(81, [1, 50, 10], 61)
איה;(82, [1, 10, 5], 16)
מוראי;(83, [40, 6, 200, 1, 10], 257)
אמר;(84, [1, 40, 200], 241)
יהוה;(85, [10, 5, 6, 5], 26)
צבאות;(86, [90, 2, 1, 6, 400], 499)
לכם;(87, [30, 20, 40], 90)
הכהנים;(88, [5, 20, 5, 50, 10, 40], 130)
בוזי;(89, [2, 6, 7, 10], 25)
שמי;(90, [300, 40, 10], 350)
ואמרתם;(91, [6, 1, 40, 200, 400, 40], 687)
במה;(92, [2, 40, 5], 47)
בזינו;(93, [2, 7, 10, 50, 6], 75)
את;(94, [1, 400], 401)
שמך;(95, [300, 40, 20], 360)
מגישים;(96, [40, 3, 10, 300, 10, 40], 403)
על;(97, [70, 30], 100)
מזבחי;(98, [40, 7, 2, 8, 10], 67)
לחם;(99, [30, 8, 40], 78)
מגאל;(100, [40, 3, 1, 30], 74)
ואמרתם;(101, [6, 1, 40, 200, 400, 40], 687)
במה;(102, [2, 40, 5], 47)
גאלנוך;(103, [3, 1, 30, 50, 6, 20], 110)
באמרכם;(104, [2, 1, 40, 200, 20, 40], 303)
שלחן;(105, [300, 30, 8, 50], 388)
יהוה;(106, [10, 5, 6, 5], 26)
נבזה;(107, [50, 2, 7, 5], 64)
הוא;(108, [5, 6, 1], 12)
וכי;(109, [6, 20, 10], 36)
תגשון;(110, [400, 3, 300, 6, 50], 759)
עור;(111, [70, 6, 200], 276)
לזבח;(112, [30, 7, 2, 8], 47)
אין;(113, [1, 10, 50], 61)
רע;(114, [200, 70], 270)
וכי;(115, [6, 20, 10], 36)
תגישו;(116, [400, 3, 10, 300, 6], 719)
פסח;(117, [80, 60, 8], 148)
וחלה;(118, [6, 8, 30, 5], 49)
אין;(119, [1, 10, 50], 61)
רע;(120, [200, 70], 270)
הקריבהו;(121, [5, 100, 200, 10, 2, 5, 6], 328)
נא;(122, [50, 1], 51)
לפחתך;(123, [30, 80, 8, 400, 20], 538)
הירצך;(124, [5, 10, 200, 90, 20], 325)
או;(125, [1, 6], 7)
הישא;(126, [5, 10, 300, 1], 316)
פניך;(127, [80, 50, 10, 20], 160)
אמר;(128, [1, 40, 200], 241)
יהוה;(129, [10, 5, 6, 5], 26)
צבאות;(130, [90, 2, 1, 6, 400], 499)
ועתה;(131, [6, 70, 400, 5], 481)
חלו;(132, [8, 30, 6], 44)
נא;(133, [50, 1], 51)
פני;(134, [80, 50, 10], 140)
אל;(135, [1, 30], 31)
ויחננו;(136, [6, 10, 8, 50, 50, 6], 130)
מידכם;(137, [40, 10, 4, 20, 40], 114)
היתה;(138, [5, 10, 400, 5], 420)
זאת;(139, [7, 1, 400], 408)
הישא;(140, [5, 10, 300, 1], 316)
מכם;(141, [40, 20, 40], 100)
פנים;(142, [80, 50, 10, 40], 180)
אמר;(143, [1, 40, 200], 241)
יהוה;(144, [10, 5, 6, 5], 26)
צבאות;(145, [90, 2, 1, 6, 400], 499)
מי;(146, [40, 10], 50)
גם;(147, [3, 40], 43)
בכם;(148, [2, 20, 40], 62)
ויסגר;(149, [6, 10, 60, 3, 200], 279)
דלתים;(150, [4, 30, 400, 10, 40], 484)
ולא;(151, [6, 30, 1], 37)
תאירו;(152, [400, 1, 10, 200, 6], 617)
מזבחי;(153, [40, 7, 2, 8, 10], 67)
חנם;(154, [8, 50, 40], 98)
אין;(155, [1, 10, 50], 61)
לי;(156, [30, 10], 40)
חפץ;(157, [8, 80, 90], 178)
בכם;(158, [2, 20, 40], 62)
אמר;(159, [1, 40, 200], 241)
יהוה;(160, [10, 5, 6, 5], 26)
צבאות;(161, [90, 2, 1, 6, 400], 499)
ומנחה;(162, [6, 40, 50, 8, 5], 109)
לא;(163, [30, 1], 31)
ארצה;(164, [1, 200, 90, 5], 296)
מידכם;(165, [40, 10, 4, 20, 40], 114)
כי;(166, [20, 10], 30)
ממזרח;(167, [40, 40, 7, 200, 8], 295)
שמש;(168, [300, 40, 300], 640)
ועד;(169, [6, 70, 4], 80)
מבואו;(170, [40, 2, 6, 1, 6], 55)
גדול;(171, [3, 4, 6, 30], 43)
שמי;(172, [300, 40, 10], 350)
בגוים;(173, [2, 3, 6, 10, 40], 61)
ובכל;(174, [6, 2, 20, 30], 58)
מקום;(175, [40, 100, 6, 40], 186)
מקטר;(176, [40, 100, 9, 200], 349)
מגש;(177, [40, 3, 300], 343)
לשמי;(178, [30, 300, 40, 10], 380)
ומנחה;(179, [6, 40, 50, 8, 5], 109)
טהורה;(180, [9, 5, 6, 200, 5], 225)
כי;(181, [20, 10], 30)
גדול;(182, [3, 4, 6, 30], 43)
שמי;(183, [300, 40, 10], 350)
בגוים;(184, [2, 3, 6, 10, 40], 61)
אמר;(185, [1, 40, 200], 241)
יהוה;(186, [10, 5, 6, 5], 26)
צבאות;(187, [90, 2, 1, 6, 400], 499)
ואתם;(188, [6, 1, 400, 40], 447)
מחללים;(189, [40, 8, 30, 30, 10, 40], 158)
אותו;(190, [1, 6, 400, 6], 413)
באמרכם;(191, [2, 1, 40, 200, 20, 40], 303)
שלחן;(192, [300, 30, 8, 50], 388)
אדני;(193, [1, 4, 50, 10], 65)
מגאל;(194, [40, 3, 1, 30], 74)
הוא;(195, [5, 6, 1], 12)
וניבו;(196, [6, 50, 10, 2, 6], 74)
נבזה;(197, [50, 2, 7, 5], 64)
אכלו;(198, [1, 20, 30, 6], 57)
ואמרתם;(199, [6, 1, 40, 200, 400, 40], 687)
הנה;(200, [5, 50, 5], 60)
מתלאה;(201, [40, 400, 30, 1, 5], 476)
והפחתם;(202, [6, 5, 80, 8, 400, 40], 539)
אותו;(203, [1, 6, 400, 6], 413)
אמר;(204, [1, 40, 200], 241)
יהוה;(205, [10, 5, 6, 5], 26)
צבאות;(206, [90, 2, 1, 6, 400], 499)
והבאתם;(207, [6, 5, 2, 1, 400, 40], 454)
גזול;(208, [3, 7, 6, 30], 46)
ואת;(209, [6, 1, 400], 407)
הפסח;(210, [5, 80, 60, 8], 153)
ואת;(211, [6, 1, 400], 407)
החולה;(212, [5, 8, 6, 30, 5], 54)
והבאתם;(213, [6, 5, 2, 1, 400, 40], 454)
את;(214, [1, 400], 401)
המנחה;(215, [5, 40, 50, 8, 5], 108)
הארצה;(216, [5, 1, 200, 90, 5], 301)
אותה;(217, [1, 6, 400, 5], 412)
מידכם;(218, [40, 10, 4, 20, 40], 114)
אמר;(219, [1, 40, 200], 241)
יהוה;(220, [10, 5, 6, 5], 26)
וארור;(221, [6, 1, 200, 6, 200], 413)
נוכל;(222, [50, 6, 20, 30], 106)
ויש;(223, [6, 10, 300], 316)
בעדרו;(224, [2, 70, 4, 200, 6], 282)
זכר;(225, [7, 20, 200], 227)
ונדר;(226, [6, 50, 4, 200], 260)
וזבח;(227, [6, 7, 2, 8], 23)
משחת;(228, [40, 300, 8, 400], 748)
לאדני;(229, [30, 1, 4, 50, 10], 95)
כי;(230, [20, 10], 30)
מלך;(231, [40, 30, 20], 90)
גדול;(232, [3, 4, 6, 30], 43)
אני;(233, [1, 50, 10], 61)
אמר;(234, [1, 40, 200], 241)
יהוה;(235, [10, 5, 6, 5], 26)
צבאות;(236, [90, 2, 1, 6, 400], 499)
ושמי;(237, [6, 300, 40, 10], 356)
נורא;(238, [50, 6, 200, 1], 257)
בגוים;(239, [2, 3, 6, 10, 40], 61)
ועתה;(240, [6, 70, 400, 5], 481)
אליכם;(241, [1, 30, 10, 20, 40], 101)
המצוה;(242, [5, 40, 90, 6, 5], 146)
הזאת;(243, [5, 7, 1, 400], 413)
הכהנים;(244, [5, 20, 5, 50, 10, 40], 130)
אם;(245, [1, 40], 41)
לא;(246, [30, 1], 31)
תשמעו;(247, [400, 300, 40, 70, 6], 816)
ואם;(248, [6, 1, 40], 47)
לא;(249, [30, 1], 31)
תשימו;(250, [400, 300, 10, 40, 6], 756)
על;(251, [70, 30], 100)
לב;(252, [30, 2], 32)
לתת;(253, [30, 400, 400], 830)
כבוד;(254, [20, 2, 6, 4], 32)
לשמי;(255, [30, 300, 40, 10], 380)
אמר;(256, [1, 40, 200], 241)
יהוה;(257, [10, 5, 6, 5], 26)
צבאות;(258, [90, 2, 1, 6, 400], 499)
ושלחתי;(259, [6, 300, 30, 8, 400, 10], 754)
בכם;(260, [2, 20, 40], 62)
את;(261, [1, 400], 401)
המארה;(262, [5, 40, 1, 200, 5], 251)
וארותי;(263, [6, 1, 200, 6, 400, 10], 623)
את;(264, [1, 400], 401)
ברכותיכם;(265, [2, 200, 20, 6, 400, 10, 20, 40], 698)
וגם;(266, [6, 3, 40], 49)
ארותיה;(267, [1, 200, 6, 400, 10, 5], 622)
כי;(268, [20, 10], 30)
אינכם;(269, [1, 10, 50, 20, 40], 121)
שמים;(270, [300, 40, 10, 40], 390)
על;(271, [70, 30], 100)
לב;(272, [30, 2], 32)
הנני;(273, [5, 50, 50, 10], 115)
גער;(274, [3, 70, 200], 273)
לכם;(275, [30, 20, 40], 90)
את;(276, [1, 400], 401)
הזרע;(277, [5, 7, 200, 70], 282)
וזריתי;(278, [6, 7, 200, 10, 400, 10], 633)
פרש;(279, [80, 200, 300], 580)
על;(280, [70, 30], 100)
פניכם;(281, [80, 50, 10, 20, 40], 200)
פרש;(282, [80, 200, 300], 580)
חגיכם;(283, [8, 3, 10, 20, 40], 81)
ונשא;(284, [6, 50, 300, 1], 357)
אתכם;(285, [1, 400, 20, 40], 461)
אליו;(286, [1, 30, 10, 6], 47)
וידעתם;(287, [6, 10, 4, 70, 400, 40], 530)
כי;(288, [20, 10], 30)
שלחתי;(289, [300, 30, 8, 400, 10], 748)
אליכם;(290, [1, 30, 10, 20, 40], 101)
את;(291, [1, 400], 401)
המצוה;(292, [5, 40, 90, 6, 5], 146)
הזאת;(293, [5, 7, 1, 400], 413)
להיות;(294, [30, 5, 10, 6, 400], 451)
בריתי;(295, [2, 200, 10, 400, 10], 622)
את;(296, [1, 400], 401)
לוי;(297, [30, 6, 10], 46)
אמר;(298, [1, 40, 200], 241)
יהוה;(299, [10, 5, 6, 5], 26)
צבאות;(300, [90, 2, 1, 6, 400], 499)
בריתי;(301, [2, 200, 10, 400, 10], 622)
היתה;(302, [5, 10, 400, 5], 420)
אתו;(303, [1, 400, 6], 407)
החיים;(304, [5, 8, 10, 10, 40], 73)
והשלום;(305, [6, 5, 300, 30, 6, 40], 387)
ואתנם;(306, [6, 1, 400, 50, 40], 497)
לו;(307, [30, 6], 36)
מורא;(308, [40, 6, 200, 1], 247)
וייראני;(309, [6, 10, 10, 200, 1, 50, 10], 287)
ומפני;(310, [6, 40, 80, 50, 10], 186)
שמי;(311, [300, 40, 10], 350)
נחת;(312, [50, 8, 400], 458)
הוא;(313, [5, 6, 1], 12)
תורת;(314, [400, 6, 200, 400], 1006)
אמת;(315, [1, 40, 400], 441)
היתה;(316, [5, 10, 400, 5], 420)
בפיהו;(317, [2, 80, 10, 5, 6], 103)
ועולה;(318, [6, 70, 6, 30, 5], 117)
לא;(319, [30, 1], 31)
נמצא;(320, [50, 40, 90, 1], 181)
בשפתיו;(321, [2, 300, 80, 400, 10, 6], 798)
בשלום;(322, [2, 300, 30, 6, 40], 378)
ובמישור;(323, [6, 2, 40, 10, 300, 6, 200], 564)
הלך;(324, [5, 30, 20], 55)
אתי;(325, [1, 400, 10], 411)
ורבים;(326, [6, 200, 2, 10, 40], 258)
השיב;(327, [5, 300, 10, 2], 317)
מעון;(328, [40, 70, 6, 50], 166)
כי;(329, [20, 10], 30)
שפתי;(330, [300, 80, 400, 10], 790)
כהן;(331, [20, 5, 50], 75)
ישמרו;(332, [10, 300, 40, 200, 6], 556)
דעת;(333, [4, 70, 400], 474)
ותורה;(334, [6, 400, 6, 200, 5], 617)
יבקשו;(335, [10, 2, 100, 300, 6], 418)
מפיהו;(336, [40, 80, 10, 5, 6], 141)
כי;(337, [20, 10], 30)
מלאך;(338, [40, 30, 1, 20], 91)
יהוה;(339, [10, 5, 6, 5], 26)
צבאות;(340, [90, 2, 1, 6, 400], 499)
הוא;(341, [5, 6, 1], 12)
ואתם;(342, [6, 1, 400, 40], 447)
סרתם;(343, [60, 200, 400, 40], 700)
מן;(344, [40, 50], 90)
הדרך;(345, [5, 4, 200, 20], 229)
הכשלתם;(346, [5, 20, 300, 30, 400, 40], 795)
רבים;(347, [200, 2, 10, 40], 252)
בתורה;(348, [2, 400, 6, 200, 5], 613)
שחתם;(349, [300, 8, 400, 40], 748)
ברית;(350, [2, 200, 10, 400], 612)
הלוי;(351, [5, 30, 6, 10], 51)
אמר;(352, [1, 40, 200], 241)
יהוה;(353, [10, 5, 6, 5], 26)
צבאות;(354, [90, 2, 1, 6, 400], 499)
וגם;(355, [6, 3, 40], 49)
אני;(356, [1, 50, 10], 61)
נתתי;(357, [50, 400, 400, 10], 860)
אתכם;(358, [1, 400, 20, 40], 461)
נבזים;(359, [50, 2, 7, 10, 40], 109)
ושפלים;(360, [6, 300, 80, 30, 10, 40], 466)
לכל;(361, [30, 20, 30], 80)
העם;(362, [5, 70, 40], 115)
כפי;(363, [20, 80, 10], 110)
אשר;(364, [1, 300, 200], 501)
אינכם;(365, [1, 10, 50, 20, 40], 121)
שמרים;(366, [300, 40, 200, 10, 40], 590)
את;(367, [1, 400], 401)
דרכי;(368, [4, 200, 20, 10], 234)
ונשאים;(369, [6, 50, 300, 1, 10, 40], 407)
פנים;(370, [80, 50, 10, 40], 180)
בתורה;(371, [2, 400, 6, 200, 5], 613)
הלוא;(372, [5, 30, 6, 1], 42)
אב;(373, [1, 2], 3)
אחד;(374, [1, 8, 4], 13)
לכלנו;(375, [30, 20, 30, 50, 6], 136)
הלוא;(376, [5, 30, 6, 1], 42)
אל;(377, [1, 30], 31)
אחד;(378, [1, 8, 4], 13)
בראנו;(379, [2, 200, 1, 50, 6], 259)
מדוע;(380, [40, 4, 6, 70], 120)
נבגד;(381, [50, 2, 3, 4], 59)
איש;(382, [1, 10, 300], 311)
באחיו;(383, [2, 1, 8, 10, 6], 27)
לחלל;(384, [30, 8, 30, 30], 98)
ברית;(385, [2, 200, 10, 400], 612)
אבתינו;(386, [1, 2, 400, 10, 50, 6], 469)
בגדה;(387, [2, 3, 4, 5], 14)
יהודה;(388, [10, 5, 6, 4, 5], 30)
ותועבה;(389, [6, 400, 6, 70, 2, 5], 489)
נעשתה;(390, [50, 70, 300, 400, 5], 825)
בישראל;(391, [2, 10, 300, 200, 1, 30], 543)
ובירושלם;(392, [6, 2, 10, 200, 6, 300, 30, 40], 594)
כי;(393, [20, 10], 30)
חלל;(394, [8, 30, 30], 68)
יהודה;(395, [10, 5, 6, 4, 5], 30)
קדש;(396, [100, 4, 300], 404)
יהוה;(397, [10, 5, 6, 5], 26)
אשר;(398, [1, 300, 200], 501)
אהב;(399, [1, 5, 2], 8)
ובעל;(400, [6, 2, 70, 30], 108)
בת;(401, [2, 400], 402)
אל;(402, [1, 30], 31)
נכר;(403, [50, 20, 200], 270)
יכרת;(404, [10, 20, 200, 400], 630)
יהוה;(405, [10, 5, 6, 5], 26)
לאיש;(406, [30, 1, 10, 300], 341)
אשר;(407, [1, 300, 200], 501)
יעשנה;(408, [10, 70, 300, 50, 5], 435)
ער;(409, [70, 200], 270)
וענה;(410, [6, 70, 50, 5], 131)
מאהלי;(411, [40, 1, 5, 30, 10], 86)
יעקב;(412, [10, 70, 100, 2], 182)
ומגיש;(413, [6, 40, 3, 10, 300], 359)
מנחה;(414, [40, 50, 8, 5], 103)
ליהוה;(415, [30, 10, 5, 6, 5], 56)
צבאות;(416, [90, 2, 1, 6, 400], 499)
וזאת;(417, [6, 7, 1, 400], 414)
שנית;(418, [300, 50, 10, 400], 760)
תעשו;(419, [400, 70, 300, 6], 776)
כסות;(420, [20, 60, 6, 400], 486)
דמעה;(421, [4, 40, 70, 5], 119)
את;(422, [1, 400], 401)
מזבח;(423, [40, 7, 2, 8], 57)
יהוה;(424, [10, 5, 6, 5], 26)
בכי;(425, [2, 20, 10], 32)
ואנקה;(426, [6, 1, 50, 100, 5], 162)
מאין;(427, [40, 1, 10, 50], 101)
עוד;(428, [70, 6, 4], 80)
פנות;(429, [80, 50, 6, 400], 536)
אל;(430, [1, 30], 31)
המנחה;(431, [5, 40, 50, 8, 5], 108)
ולקחת;(432, [6, 30, 100, 8, 400], 544)
רצון;(433, [200, 90, 6, 50], 346)
מידכם;(434, [40, 10, 4, 20, 40], 114)
ואמרתם;(435, [6, 1, 40, 200, 400, 40], 687)
על;(436, [70, 30], 100)
מה;(437, [40, 5], 45)
על;(438, [70, 30], 100)
כי;(439, [20, 10], 30)
יהוה;(440, [10, 5, 6, 5], 26)
העיד;(441, [5, 70, 10, 4], 89)
בינך;(442, [2, 10, 50, 20], 82)
ובין;(443, [6, 2, 10, 50], 68)
אשת;(444, [1, 300, 400], 701)
נעוריך;(445, [50, 70, 6, 200, 10, 20], 356)
אשר;(446, [1, 300, 200], 501)
אתה;(447, [1, 400, 5], 406)
בגדתה;(448, [2, 3, 4, 400, 5], 414)
בה;(449, [2, 5], 7)
והיא;(450, [6, 5, 10, 1], 22)
חברתך;(451, [8, 2, 200, 400, 20], 630)
ואשת;(452, [6, 1, 300, 400], 707)
בריתך;(453, [2, 200, 10, 400, 20], 632)
ולא;(454, [6, 30, 1], 37)
אחד;(455, [1, 8, 4], 13)
עשה;(456, [70, 300, 5], 375)
ושאר;(457, [6, 300, 1, 200], 507)
רוח;(458, [200, 6, 8], 214)
לו;(459, [30, 6], 36)
ומה;(460, [6, 40, 5], 51)
האחד;(461, [5, 1, 8, 4], 18)
מבקש;(462, [40, 2, 100, 300], 442)
זרע;(463, [7, 200, 70], 277)
אלהים;(464, [1, 30, 5, 10, 40], 86)
ונשמרתם;(465, [6, 50, 300, 40, 200, 400, 40], 1036)
ברוחכם;(466, [2, 200, 6, 8, 20, 40], 276)
ובאשת;(467, [6, 2, 1, 300, 400], 709)
נעוריך;(468, [50, 70, 6, 200, 10, 20], 356)
אל;(469, [1, 30], 31)
יבגד;(470, [10, 2, 3, 4], 19)
כי;(471, [20, 10], 30)
שנא;(472, [300, 50, 1], 351)
שלח;(473, [300, 30, 8], 338)
אמר;(474, [1, 40, 200], 241)
יהוה;(475, [10, 5, 6, 5], 26)
אלהי;(476, [1, 30, 5, 10], 46)
ישראל;(477, [10, 300, 200, 1, 30], 541)
וכסה;(478, [6, 20, 60, 5], 91)
חמס;(479, [8, 40, 60], 108)
על;(480, [70, 30], 100)
לבושו;(481, [30, 2, 6, 300, 6], 344)
אמר;(482, [1, 40, 200], 241)
יהוה;(483, [10, 5, 6, 5], 26)
צבאות;(484, [90, 2, 1, 6, 400], 499)
ונשמרתם;(485, [6, 50, 300, 40, 200, 400, 40], 1036)
ברוחכם;(486, [2, 200, 6, 8, 20, 40], 276)
ולא;(487, [6, 30, 1], 37)
תבגדו;(488, [400, 2, 3, 4, 6], 415)
הוגעתם;(489, [5, 6, 3, 70, 400, 40], 524)
יהוה;(490, [10, 5, 6, 5], 26)
בדבריכם;(491, [2, 4, 2, 200, 10, 20, 40], 278)
ואמרתם;(492, [6, 1, 40, 200, 400, 40], 687)
במה;(493, [2, 40, 5], 47)
הוגענו;(494, [5, 6, 3, 70, 50, 6], 140)
באמרכם;(495, [2, 1, 40, 200, 20, 40], 303)
כל;(496, [20, 30], 50)
עשה;(497, [70, 300, 5], 375)
רע;(498, [200, 70], 270)
טוב;(499, [9, 6, 2], 17)
בעיני;(500, [2, 70, 10, 50, 10], 142)
יהוה;(501, [10, 5, 6, 5], 26)
ובהם;(502, [6, 2, 5, 40], 53)
הוא;(503, [5, 6, 1], 12)
חפץ;(504, [8, 80, 90], 178)
או;(505, [1, 6], 7)
איה;(506, [1, 10, 5], 16)
אלהי;(507, [1, 30, 5, 10], 46)
המשפט;(508, [5, 40, 300, 80, 9], 434)
הנני;(509, [5, 50, 50, 10], 115)
שלח;(510, [300, 30, 8], 338)
מלאכי;(511, [40, 30, 1, 20, 10], 101)
ופנה;(512, [6, 80, 50, 5], 141)
דרך;(513, [4, 200, 20], 224)
לפני;(514, [30, 80, 50, 10], 170)
ופתאם;(515, [6, 80, 400, 1, 40], 527)
יבוא;(516, [10, 2, 6, 1], 19)
אל;(517, [1, 30], 31)
היכלו;(518, [5, 10, 20, 30, 6], 71)
האדון;(519, [5, 1, 4, 6, 50], 66)
אשר;(520, [1, 300, 200], 501)
אתם;(521, [1, 400, 40], 441)
מבקשים;(522, [40, 2, 100, 300, 10, 40], 492)
ומלאך;(523, [6, 40, 30, 1, 20], 97)
הברית;(524, [5, 2, 200, 10, 400], 617)
אשר;(525, [1, 300, 200], 501)
אתם;(526, [1, 400, 40], 441)
חפצים;(527, [8, 80, 90, 10, 40], 228)
הנה;(528, [5, 50, 5], 60)
בא;(529, [2, 1], 3)
אמר;(530, [1, 40, 200], 241)
יהוה;(531, [10, 5, 6, 5], 26)
צבאות;(532, [90, 2, 1, 6, 400], 499)
ומי;(533, [6, 40, 10], 56)
מכלכל;(534, [40, 20, 30, 20, 30], 140)
את;(535, [1, 400], 401)
יום;(536, [10, 6, 40], 56)
בואו;(537, [2, 6, 1, 6], 15)
ומי;(538, [6, 40, 10], 56)
העמד;(539, [5, 70, 40, 4], 119)
בהראותו;(540, [2, 5, 200, 1, 6, 400, 6], 620)
כי;(541, [20, 10], 30)
הוא;(542, [5, 6, 1], 12)
כאש;(543, [20, 1, 300], 321)
מצרף;(544, [40, 90, 200, 80], 410)
וכברית;(545, [6, 20, 2, 200, 10, 400], 638)
מכבסים;(546, [40, 20, 2, 60, 10, 40], 172)
וישב;(547, [6, 10, 300, 2], 318)
מצרף;(548, [40, 90, 200, 80], 410)
ומטהר;(549, [6, 40, 9, 5, 200], 260)
כסף;(550, [20, 60, 80], 160)
וטהר;(551, [6, 9, 5, 200], 220)
את;(552, [1, 400], 401)
בני;(553, [2, 50, 10], 62)
לוי;(554, [30, 6, 10], 46)
וזקק;(555, [6, 7, 100, 100], 213)
אתם;(556, [1, 400, 40], 441)
כזהב;(557, [20, 7, 5, 2], 34)
וככסף;(558, [6, 20, 20, 60, 80], 186)
והיו;(559, [6, 5, 10, 6], 27)
ליהוה;(560, [30, 10, 5, 6, 5], 56)
מגישי;(561, [40, 3, 10, 300, 10], 363)
מנחה;(562, [40, 50, 8, 5], 103)
בצדקה;(563, [2, 90, 4, 100, 5], 201)
וערבה;(564, [6, 70, 200, 2, 5], 283)
ליהוה;(565, [30, 10, 5, 6, 5], 56)
מנחת;(566, [40, 50, 8, 400], 498)
יהודה;(567, [10, 5, 6, 4, 5], 30)
וירושלם;(568, [6, 10, 200, 6, 300, 30, 40], 592)
כימי;(569, [20, 10, 40, 10], 80)
עולם;(570, [70, 6, 30, 40], 146)
וכשנים;(571, [6, 20, 300, 50, 10, 40], 426)
קדמניות;(572, [100, 4, 40, 50, 10, 6, 400], 610)
וקרבתי;(573, [6, 100, 200, 2, 400, 10], 718)
אליכם;(574, [1, 30, 10, 20, 40], 101)
למשפט;(575, [30, 40, 300, 80, 9], 459)
והייתי;(576, [6, 5, 10, 10, 400, 10], 441)
עד;(577, [70, 4], 74)
ממהר;(578, [40, 40, 5, 200], 285)
במכשפים;(579, [2, 40, 20, 300, 80, 10, 40], 492)
ובמנאפים;(580, [6, 2, 40, 50, 1, 80, 10, 40], 229)
ובנשבעים;(581, [6, 2, 50, 300, 2, 70, 10, 40], 480)
לשקר;(582, [30, 300, 100, 200], 630)
ובעשקי;(583, [6, 2, 70, 300, 100, 10], 488)
שכר;(584, [300, 20, 200], 520)
שכיר;(585, [300, 20, 10, 200], 530)
אלמנה;(586, [1, 30, 40, 50, 5], 126)
ויתום;(587, [6, 10, 400, 6, 40], 462)
ומטי;(588, [6, 40, 9, 10], 65)
גר;(589, [3, 200], 203)
ולא;(590, [6, 30, 1], 37)
יראוני;(591, [10, 200, 1, 6, 50, 10], 277)
אמר;(592, [1, 40, 200], 241)
יהוה;(593, [10, 5, 6, 5], 26)
צבאות;(594, [90, 2, 1, 6, 400], 499)
כי;(595, [20, 10], 30)
אני;(596, [1, 50, 10], 61)
יהוה;(597, [10, 5, 6, 5], 26)
לא;(598, [30, 1], 31)
שניתי;(599, [300, 50, 10, 400, 10], 770)
ואתם;(600, [6, 1, 400, 40], 447)
בני;(601, [2, 50, 10], 62)
יעקב;(602, [10, 70, 100, 2], 182)
לא;(603, [30, 1], 31)
כליתם;(604, [20, 30, 10, 400, 40], 500)
למימי;(605, [30, 40, 10, 40, 10], 130)
אבתיכם;(606, [1, 2, 400, 10, 20, 40], 473)
סרתם;(607, [60, 200, 400, 40], 700)
מחקי;(608, [40, 8, 100, 10], 158)
ולא;(609, [6, 30, 1], 37)
שמרתם;(610, [300, 40, 200, 400, 40], 980)
שובו;(611, [300, 6, 2, 6], 314)
אלי;(612, [1, 30, 10], 41)
ואשובה;(613, [6, 1, 300, 6, 2, 5], 320)
אליכם;(614, [1, 30, 10, 20, 40], 101)
אמר;(615, [1, 40, 200], 241)
יהוה;(616, [10, 5, 6, 5], 26)
צבאות;(617, [90, 2, 1, 6, 400], 499)
ואמרתם;(618, [6, 1, 40, 200, 400, 40], 687)
במה;(619, [2, 40, 5], 47)
נשוב;(620, [50, 300, 6, 2], 358)
היקבע;(621, [5, 10, 100, 2, 70], 187)
אדם;(622, [1, 4, 40], 45)
אלהים;(623, [1, 30, 5, 10, 40], 86)
כי;(624, [20, 10], 30)
אתם;(625, [1, 400, 40], 441)
קבעים;(626, [100, 2, 70, 10, 40], 222)
אתי;(627, [1, 400, 10], 411)
ואמרתם;(628, [6, 1, 40, 200, 400, 40], 687)
במה;(629, [2, 40, 5], 47)
קבענוך;(630, [100, 2, 70, 50, 6, 20], 248)
המעשר;(631, [5, 40, 70, 300, 200], 615)
והתרומה;(632, [6, 5, 400, 200, 6, 40, 5], 662)
במארה;(633, [2, 40, 1, 200, 5], 248)
אתם;(634, [1, 400, 40], 441)
נארים;(635, [50, 1, 200, 10, 40], 301)
ואתי;(636, [6, 1, 400, 10], 417)
אתם;(637, [1, 400, 40], 441)
קבעים;(638, [100, 2, 70, 10, 40], 222)
הגוי;(639, [5, 3, 6, 10], 24)
כלו;(640, [20, 30, 6], 56)
הביאו;(641, [5, 2, 10, 1, 6], 24)
את;(642, [1, 400], 401)
כל;(643, [20, 30], 50)
המעשר;(644, [5, 40, 70, 300, 200], 615)
אל;(645, [1, 30], 31)
בית;(646, [2, 10, 400], 412)
האוצר;(647, [5, 1, 6, 90, 200], 302)
ויהי;(648, [6, 10, 5, 10], 31)
טרף;(649, [9, 200, 80], 289)
בביתי;(650, [2, 2, 10, 400, 10], 424)
ובחנוני;(651, [6, 2, 8, 50, 6, 50, 10], 132)
נא;(652, [50, 1], 51)
בזאת;(653, [2, 7, 1, 400], 410)
אמר;(654, [1, 40, 200], 241)
יהוה;(655, [10, 5, 6, 5], 26)
צבאות;(656, [90, 2, 1, 6, 400], 499)
אם;(657, [1, 40], 41)
לא;(658, [30, 1], 31)
אפתח;(659, [1, 80, 400, 8], 489)
לכם;(660, [30, 20, 40], 90)
את;(661, [1, 400], 401)
ארבות;(662, [1, 200, 2, 6, 400], 609)
השמים;(663, [5, 300, 40, 10, 40], 395)
והריקתי;(664, [6, 5, 200, 10, 100, 400, 10], 731)
לכם;(665, [30, 20, 40], 90)
ברכה;(666, [2, 200, 20, 5], 227)
עד;(667, [70, 4], 74)
בלי;(668, [2, 30, 10], 42)
די;(669, [4, 10], 14)
וגערתי;(670, [6, 3, 70, 200, 400, 10], 689)
לכם;(671, [30, 20, 40], 90)
באכל;(672, [2, 1, 20, 30], 53)
ולא;(673, [6, 30, 1], 37)
ישחת;(674, [10, 300, 8, 400], 718)
לכם;(675, [30, 20, 40], 90)
את;(676, [1, 400], 401)
פרי;(677, [80, 200, 10], 290)
האדמה;(678, [5, 1, 4, 40, 5], 55)
ולא;(679, [6, 30, 1], 37)
תשכל;(680, [400, 300, 20, 30], 750)
לכם;(681, [30, 20, 40], 90)
הגפן;(682, [5, 3, 80, 50], 138)
בשדה;(683, [2, 300, 4, 5], 311)
אמר;(684, [1, 40, 200], 241)
יהוה;(685, [10, 5, 6, 5], 26)
צבאות;(686, [90, 2, 1, 6, 400], 499)
ואשרו;(687, [6, 1, 300, 200, 6], 513)
אתכם;(688, [1, 400, 20, 40], 461)
כל;(689, [20, 30], 50)
הגוים;(690, [5, 3, 6, 10, 40], 64)
כי;(691, [20, 10], 30)
תהיו;(692, [400, 5, 10, 6], 421)
אתם;(693, [1, 400, 40], 441)
ארץ;(694, [1, 200, 90], 291)
חפץ;(695, [8, 80, 90], 178)
אמר;(696, [1, 40, 200], 241)
יהוה;(697, [10, 5, 6, 5], 26)
צבאות;(698, [90, 2, 1, 6, 400], 499)
חזקו;(699, [8, 7, 100, 6], 121)
עלי;(700, [70, 30, 10], 110)
דבריכם;(701, [4, 2, 200, 10, 20, 40], 276)
אמר;(702, [1, 40, 200], 241)
יהוה;(703, [10, 5, 6, 5], 26)
ואמרתם;(704, [6, 1, 40, 200, 400, 40], 687)
מה;(705, [40, 5], 45)
נדברנו;(706, [50, 4, 2, 200, 50, 6], 312)
עליך;(707, [70, 30, 10, 20], 130)
אמרתם;(708, [1, 40, 200, 400, 40], 681)
שוא;(709, [300, 6, 1], 307)
עבד;(710, [70, 2, 4], 76)
אלהים;(711, [1, 30, 5, 10, 40], 86)
ומה;(712, [6, 40, 5], 51)
בצע;(713, [2, 90, 70], 162)
כי;(714, [20, 10], 30)
שמרנו;(715, [300, 40, 200, 50, 6], 596)
משמרתו;(716, [40, 300, 40, 200, 400, 6], 986)
וכי;(717, [6, 20, 10], 36)
הלכנו;(718, [5, 30, 20, 50, 6], 111)
קדרנית;(719, [100, 4, 200, 50, 10, 400], 764)
מפני;(720, [40, 80, 50, 10], 180)
יהוה;(721, [10, 5, 6, 5], 26)
צבאות;(722, [90, 2, 1, 6, 400], 499)
ועתה;(723, [6, 70, 400, 5], 481)
אנחנו;(724, [1, 50, 8, 50, 6], 115)
מאשרים;(725, [40, 1, 300, 200, 10, 40], 591)
זדים;(726, [7, 4, 10, 40], 61)
גם;(727, [3, 40], 43)
נבנו;(728, [50, 2, 50, 6], 108)
עשי;(729, [70, 300, 10], 380)
רשעה;(730, [200, 300, 70, 5], 575)
גם;(731, [3, 40], 43)
בחנו;(732, [2, 8, 50, 6], 66)
אלהים;(733, [1, 30, 5, 10, 40], 86)
וימלטו;(734, [6, 10, 40, 30, 9, 6], 101)
אז;(735, [1, 7], 8)
נדברו;(736, [50, 4, 2, 200, 6], 262)
יראי;(737, [10, 200, 1, 10], 221)
יהוה;(738, [10, 5, 6, 5], 26)
איש;(739, [1, 10, 300], 311)
את;(740, [1, 400], 401)
רעהו;(741, [200, 70, 5, 6], 281)
ויקשב;(742, [6, 10, 100, 300, 2], 418)
יהוה;(743, [10, 5, 6, 5], 26)
וישמע;(744, [6, 10, 300, 40, 70], 426)
ויכתב;(745, [6, 10, 20, 400, 2], 438)
ספר;(746, [60, 80, 200], 340)
זכרון;(747, [7, 20, 200, 6, 50], 283)
לפניו;(748, [30, 80, 50, 10, 6], 176)
ליראי;(749, [30, 10, 200, 1, 10], 251)
יהוה;(750, [10, 5, 6, 5], 26)
ולחשבי;(751, [6, 30, 8, 300, 2, 10], 356)
שמו;(752, [300, 40, 6], 346)
והיו;(753, [6, 5, 10, 6], 27)
לי;(754, [30, 10], 40)
אמר;(755, [1, 40, 200], 241)
יהוה;(756, [10, 5, 6, 5], 26)
צבאות;(757, [90, 2, 1, 6, 400], 499)
ליום;(758, [30, 10, 6, 40], 86)
אשר;(759, [1, 300, 200], 501)
אני;(760, [1, 50, 10], 61)
עשה;(761, [70, 300, 5], 375)
סגלה;(762, [60, 3, 30, 5], 98)
וחמלתי;(763, [6, 8, 40, 30, 400, 10], 494)
עליהם;(764, [70, 30, 10, 5, 40], 155)
כאשר;(765, [20, 1, 300, 200], 521)
יחמל;(766, [10, 8, 40, 30], 88)
איש;(767, [1, 10, 300], 311)
על;(768, [70, 30], 100)
בנו;(769, [2, 50, 6], 58)
העבד;(770, [5, 70, 2, 4], 81)
אתו;(771, [1, 400, 6], 407)
ושבתם;(772, [6, 300, 2, 400, 40], 748)
וראיתם;(773, [6, 200, 1, 10, 400, 40], 657)
בין;(774, [2, 10, 50], 62)
צדיק;(775, [90, 4, 10, 100], 204)
לרשע;(776, [30, 200, 300, 70], 600)
בין;(777, [2, 10, 50], 62)
עבד;(778, [70, 2, 4], 76)
אלהים;(779, [1, 30, 5, 10, 40], 86)
לאשר;(780, [30, 1, 300, 200], 531)
לא;(781, [30, 1], 31)
עבדו;(782, [70, 2, 4, 6], 82)
כי;(783, [20, 10], 30)
הנה;(784, [5, 50, 5], 60)
היום;(785, [5, 10, 6, 40], 61)
בא;(786, [2, 1], 3)
בער;(787, [2, 70, 200], 272)
כתנור;(788, [20, 400, 50, 6, 200], 676)
והיו;(789, [6, 5, 10, 6], 27)
כל;(790, [20, 30], 50)
זדים;(791, [7, 4, 10, 40], 61)
וכל;(792, [6, 20, 30], 56)
עשה;(793, [70, 300, 5], 375)
רשעה;(794, [200, 300, 70, 5], 575)
קש;(795, [100, 300], 400)
ולהט;(796, [6, 30, 5, 9], 50)
אתם;(797, [1, 400, 40], 441)
היום;(798, [5, 10, 6, 40], 61)
הבא;(799, [5, 2, 1], 8)
אמר;(800, [1, 40, 200], 241)
יהוה;(801, [10, 5, 6, 5], 26)
צבאות;(802, [90, 2, 1, 6, 400], 499)
אשר;(803, [1, 300, 200], 501)
לא;(804, [30, 1], 31)
יעזב;(805, [10, 70, 7, 2], 89)
להם;(806, [30, 5, 40], 75)
שרש;(807, [300, 200, 300], 800)
וענף;(808, [6, 70, 50, 80], 206)
וזרחה;(809, [6, 7, 200, 8, 5], 226)
לכם;(810, [30, 20, 40], 90)
יראי;(811, [10, 200, 1, 10], 221)
שמי;(812, [300, 40, 10], 350)
שמש;(813, [300, 40, 300], 640)
צדקה;(814, [90, 4, 100, 5], 199)
ומרפא;(815, [6, 40, 200, 80, 1], 327)
בכנפיה;(816, [2, 20, 50, 80, 10, 5], 167)
ויצאתם;(817, [6, 10, 90, 1, 400, 40], 547)
ופשתם;(818, [6, 80, 300, 400, 40], 826)
כעגלי;(819, [20, 70, 3, 30, 10], 133)
מרבק;(820, [40, 200, 2, 100], 342)
ועסותם;(821, [6, 70, 60, 6, 400, 40], 582)
רשעים;(822, [200, 300, 70, 10, 40], 620)
כי;(823, [20, 10], 30)
יהיו;(824, [10, 5, 10, 6], 31)
אפר;(825, [1, 80, 200], 281)
תחת;(826, [400, 8, 400], 808)
כפות;(827, [20, 80, 6, 400], 506)
רגליכם;(828, [200, 3, 30, 10, 20, 40], 303)
ביום;(829, [2, 10, 6, 40], 58)
אשר;(830, [1, 300, 200], 501)
אני;(831, [1, 50, 10], 61)
עשה;(832, [70, 300, 5], 375)
אמר;(833, [1, 40, 200], 241)
יהוה;(834, [10, 5, 6, 5], 26)
צבאות;(835, [90, 2, 1, 6, 400], 499)
זכרו;(836, [7, 20, 200, 6], 233)
תורת;(837, [400, 6, 200, 400], 1006)
משה;(838, [40, 300, 5], 345)
עבדי;(839, [70, 2, 4, 10], 86)
אשר;(840, [1, 300, 200], 501)
צויתי;(841, [90, 6, 10, 400, 10], 516)
אותו;(842, [1, 6, 400, 6], 413)
בחרב;(843, [2, 8, 200, 2], 212)
על;(844, [70, 30], 100)
כל;(845, [20, 30], 50)
ישראל;(846, [10, 300, 200, 1, 30], 541)
חקים;(847, [8, 100, 10, 40], 158)
ומשפטים;(848, [6, 40, 300, 80, 9, 10, 40], 485)
הנה;(849, [5, 50, 5], 60)
אנכי;(850, [1, 50, 20, 10], 81)
שלח;(851, [300, 30, 8], 338)
לכם;(852, [30, 20, 40], 90)
את;(853, [1, 400], 401)
אליה;(854, [1, 30, 10, 5], 46)
הנביא;(855, [5, 50, 2, 10, 1], 68)
לפני;(856, [30, 80, 50, 10], 170)
בוא;(857, [2, 6, 1], 9)
יום;(858, [10, 6, 40], 56)
יהוה;(859, [10, 5, 6, 5], 26)
הגדול;(860, [5, 3, 4, 6, 30], 48)
והנורא;(861, [6, 5, 50, 6, 200, 1], 268)
והשיב;(862, [6, 5, 300, 10, 2], 323)
לב;(863, [30, 2], 32)
אבות;(864, [1, 2, 6, 400], 409)
על;(865, [70, 30], 100)
בנים;(866, [2, 50, 10, 40], 102)
ולב;(867, [6, 30, 2], 38)
בנים;(868, [2, 50, 10, 40], 102)
על;(869, [70, 30], 100)
אבותם;(870, [1, 2, 6, 400, 40], 449)
פן;(871, [80, 50], 130)
אבוא;(872, [1, 2, 6, 1], 10)
והכיתי;(873, [6, 5, 20, 10, 400, 10], 451)
את;(874, [1, 400], 401)
הארץ;(875, [5, 1, 200, 90], 296)
חרם;(876, [8, 200, 40], 248)
