דברי;(1, [4, 2, 200, 10], 216)
קהלת;(2, [100, 5, 30, 400], 535)
בן;(3, [2, 50], 52)
דוד;(4, [4, 6, 4], 14)
מלך;(5, [40, 30, 20], 90)
בירושלם;(6, [2, 10, 200, 6, 300, 30, 40], 588)
הבל;(7, [5, 2, 30], 37)
הבלים;(8, [5, 2, 30, 10, 40], 87)
אמר;(9, [1, 40, 200], 241)
קהלת;(10, [100, 5, 30, 400], 535)
הבל;(11, [5, 2, 30], 37)
הבלים;(12, [5, 2, 30, 10, 40], 87)
הכל;(13, [5, 20, 30], 55)
הבל;(14, [5, 2, 30], 37)
מה;(15, [40, 5], 45)
יתרון;(16, [10, 400, 200, 6, 50], 666)
לאדם;(17, [30, 1, 4, 40], 75)
בכל;(18, [2, 20, 30], 52)
עמלו;(19, [70, 40, 30, 6], 146)
שיעמל;(20, [300, 10, 70, 40, 30], 450)
תחת;(21, [400, 8, 400], 808)
השמש;(22, [5, 300, 40, 300], 645)
דור;(23, [4, 6, 200], 210)
הלך;(24, [5, 30, 20], 55)
ודור;(25, [6, 4, 6, 200], 216)
בא;(26, [2, 1], 3)
והארץ;(27, [6, 5, 1, 200, 90], 302)
לעולם;(28, [30, 70, 6, 30, 40], 176)
עמדת;(29, [70, 40, 4, 400], 514)
וזרח;(30, [6, 7, 200, 8], 221)
השמש;(31, [5, 300, 40, 300], 645)
ובא;(32, [6, 2, 1], 9)
השמש;(33, [5, 300, 40, 300], 645)
ואל;(34, [6, 1, 30], 37)
מקומו;(35, [40, 100, 6, 40, 6], 192)
שואף;(36, [300, 6, 1, 80], 387)
זורח;(37, [7, 6, 200, 8], 221)
הוא;(38, [5, 6, 1], 12)
שם;(39, [300, 40], 340)
הולך;(40, [5, 6, 30, 20], 61)
אל;(41, [1, 30], 31)
דרום;(42, [4, 200, 6, 40], 250)
וסובב;(43, [6, 60, 6, 2, 2], 76)
אל;(44, [1, 30], 31)
צפון;(45, [90, 80, 6, 50], 226)
סובב;(46, [60, 6, 2, 2], 70)
סבב;(47, [60, 2, 2], 64)
הולך;(48, [5, 6, 30, 20], 61)
הרוח;(49, [5, 200, 6, 8], 219)
ועל;(50, [6, 70, 30], 106)
סביבתיו;(51, [60, 2, 10, 2, 400, 10, 6], 490)
שב;(52, [300, 2], 302)
הרוח;(53, [5, 200, 6, 8], 219)
כל;(54, [20, 30], 50)
הנחלים;(55, [5, 50, 8, 30, 10, 40], 143)
הלכים;(56, [5, 30, 20, 10, 40], 105)
אל;(57, [1, 30], 31)
הים;(58, [5, 10, 40], 55)
והים;(59, [6, 5, 10, 40], 61)
איננו;(60, [1, 10, 50, 50, 6], 117)
מלא;(61, [40, 30, 1], 71)
אל;(62, [1, 30], 31)
מקום;(63, [40, 100, 6, 40], 186)
שהנחלים;(64, [300, 5, 50, 8, 30, 10, 40], 443)
הלכים;(65, [5, 30, 20, 10, 40], 105)
שם;(66, [300, 40], 340)
הם;(67, [5, 40], 45)
שבים;(68, [300, 2, 10, 40], 352)
ללכת;(69, [30, 30, 20, 400], 480)
כל;(70, [20, 30], 50)
הדברים;(71, [5, 4, 2, 200, 10, 40], 261)
יגעים;(72, [10, 3, 70, 10, 40], 133)
לא;(73, [30, 1], 31)
יוכל;(74, [10, 6, 20, 30], 66)
איש;(75, [1, 10, 300], 311)
לדבר;(76, [30, 4, 2, 200], 236)
לא;(77, [30, 1], 31)
תשבע;(78, [400, 300, 2, 70], 772)
עין;(79, [70, 10, 50], 130)
לראות;(80, [30, 200, 1, 6, 400], 637)
ולא;(81, [6, 30, 1], 37)
תמלא;(82, [400, 40, 30, 1], 471)
אזן;(83, [1, 7, 50], 58)
משמע;(84, [40, 300, 40, 70], 450)
מה;(85, [40, 5], 45)
שהיה;(86, [300, 5, 10, 5], 320)
הוא;(87, [5, 6, 1], 12)
שיהיה;(88, [300, 10, 5, 10, 5], 330)
ומה;(89, [6, 40, 5], 51)
שנעשה;(90, [300, 50, 70, 300, 5], 725)
הוא;(91, [5, 6, 1], 12)
שיעשה;(92, [300, 10, 70, 300, 5], 685)
ואין;(93, [6, 1, 10, 50], 67)
כל;(94, [20, 30], 50)
חדש;(95, [8, 4, 300], 312)
תחת;(96, [400, 8, 400], 808)
השמש;(97, [5, 300, 40, 300], 645)
יש;(98, [10, 300], 310)
דבר;(99, [4, 2, 200], 206)
שיאמר;(100, [300, 10, 1, 40, 200], 551)
ראה;(101, [200, 1, 5], 206)
זה;(102, [7, 5], 12)
חדש;(103, [8, 4, 300], 312)
הוא;(104, [5, 6, 1], 12)
כבר;(105, [20, 2, 200], 222)
היה;(106, [5, 10, 5], 20)
לעלמים;(107, [30, 70, 30, 40, 10, 40], 220)
אשר;(108, [1, 300, 200], 501)
היה;(109, [5, 10, 5], 20)
מלפננו;(110, [40, 30, 80, 50, 50, 6], 256)
אין;(111, [1, 10, 50], 61)
זכרון;(112, [7, 20, 200, 6, 50], 283)
לראשנים;(113, [30, 200, 1, 300, 50, 10, 40], 631)
וגם;(114, [6, 3, 40], 49)
לאחרנים;(115, [30, 1, 8, 200, 50, 10, 40], 339)
שיהיו;(116, [300, 10, 5, 10, 6], 331)
לא;(117, [30, 1], 31)
יהיה;(118, [10, 5, 10, 5], 30)
להם;(119, [30, 5, 40], 75)
זכרון;(120, [7, 20, 200, 6, 50], 283)
עם;(121, [70, 40], 110)
שיהיו;(122, [300, 10, 5, 10, 6], 331)
לאחרנה;(123, [30, 1, 8, 200, 50, 5], 294)
אני;(124, [1, 50, 10], 61)
קהלת;(125, [100, 5, 30, 400], 535)
הייתי;(126, [5, 10, 10, 400, 10], 435)
מלך;(127, [40, 30, 20], 90)
על;(128, [70, 30], 100)
ישראל;(129, [10, 300, 200, 1, 30], 541)
בירושלם;(130, [2, 10, 200, 6, 300, 30, 40], 588)
ונתתי;(131, [6, 50, 400, 400, 10], 866)
את;(132, [1, 400], 401)
לבי;(133, [30, 2, 10], 42)
לדרוש;(134, [30, 4, 200, 6, 300], 540)
ולתור;(135, [6, 30, 400, 6, 200], 642)
בחכמה;(136, [2, 8, 20, 40, 5], 75)
על;(137, [70, 30], 100)
כל;(138, [20, 30], 50)
אשר;(139, [1, 300, 200], 501)
נעשה;(140, [50, 70, 300, 5], 425)
תחת;(141, [400, 8, 400], 808)
השמים;(142, [5, 300, 40, 10, 40], 395)
הוא;(143, [5, 6, 1], 12)
ענין;(144, [70, 50, 10, 50], 180)
רע;(145, [200, 70], 270)
נתן;(146, [50, 400, 50], 500)
אלהים;(147, [1, 30, 5, 10, 40], 86)
לבני;(148, [30, 2, 50, 10], 92)
האדם;(149, [5, 1, 4, 40], 50)
לענות;(150, [30, 70, 50, 6, 400], 556)
בו;(151, [2, 6], 8)
ראיתי;(152, [200, 1, 10, 400, 10], 621)
את;(153, [1, 400], 401)
כל;(154, [20, 30], 50)
המעשים;(155, [5, 40, 70, 300, 10, 40], 465)
שנעשו;(156, [300, 50, 70, 300, 6], 726)
תחת;(157, [400, 8, 400], 808)
השמש;(158, [5, 300, 40, 300], 645)
והנה;(159, [6, 5, 50, 5], 66)
הכל;(160, [5, 20, 30], 55)
הבל;(161, [5, 2, 30], 37)
ורעות;(162, [6, 200, 70, 6, 400], 682)
רוח;(163, [200, 6, 8], 214)
מעות;(164, [40, 70, 6, 400], 516)
לא;(165, [30, 1], 31)
יוכל;(166, [10, 6, 20, 30], 66)
לתקן;(167, [30, 400, 100, 50], 580)
וחסרון;(168, [6, 8, 60, 200, 6, 50], 330)
לא;(169, [30, 1], 31)
יוכל;(170, [10, 6, 20, 30], 66)
להמנות;(171, [30, 5, 40, 50, 6, 400], 531)
דברתי;(172, [4, 2, 200, 400, 10], 616)
אני;(173, [1, 50, 10], 61)
עם;(174, [70, 40], 110)
לבי;(175, [30, 2, 10], 42)
לאמר;(176, [30, 1, 40, 200], 271)
אני;(177, [1, 50, 10], 61)
הנה;(178, [5, 50, 5], 60)
הגדלתי;(179, [5, 3, 4, 30, 400, 10], 452)
והוספתי;(180, [6, 5, 6, 60, 80, 400, 10], 567)
חכמה;(181, [8, 20, 40, 5], 73)
על;(182, [70, 30], 100)
כל;(183, [20, 30], 50)
אשר;(184, [1, 300, 200], 501)
היה;(185, [5, 10, 5], 20)
לפני;(186, [30, 80, 50, 10], 170)
על;(187, [70, 30], 100)
ירושלם;(188, [10, 200, 6, 300, 30, 40], 586)
ולבי;(189, [6, 30, 2, 10], 48)
ראה;(190, [200, 1, 5], 206)
הרבה;(191, [5, 200, 2, 5], 212)
חכמה;(192, [8, 20, 40, 5], 73)
ודעת;(193, [6, 4, 70, 400], 480)
ואתנה;(194, [6, 1, 400, 50, 5], 462)
לבי;(195, [30, 2, 10], 42)
לדעת;(196, [30, 4, 70, 400], 504)
חכמה;(197, [8, 20, 40, 5], 73)
ודעת;(198, [6, 4, 70, 400], 480)
הוללות;(199, [5, 6, 30, 30, 6, 400], 477)
ושכלות;(200, [6, 300, 20, 30, 6, 400], 762)
ידעתי;(201, [10, 4, 70, 400, 10], 494)
שגם;(202, [300, 3, 40], 343)
זה;(203, [7, 5], 12)
הוא;(204, [5, 6, 1], 12)
רעיון;(205, [200, 70, 10, 6, 50], 336)
רוח;(206, [200, 6, 8], 214)
כי;(207, [20, 10], 30)
ברב;(208, [2, 200, 2], 204)
חכמה;(209, [8, 20, 40, 5], 73)
רב;(210, [200, 2], 202)
כעס;(211, [20, 70, 60], 150)
ויוסיף;(212, [6, 10, 6, 60, 10, 80], 172)
דעת;(213, [4, 70, 400], 474)
יוסיף;(214, [10, 6, 60, 10, 80], 166)
מכאוב;(215, [40, 20, 1, 6, 2], 69)
אמרתי;(216, [1, 40, 200, 400, 10], 651)
אני;(217, [1, 50, 10], 61)
בלבי;(218, [2, 30, 2, 10], 44)
לכה;(219, [30, 20, 5], 55)
נא;(220, [50, 1], 51)
אנסכה;(221, [1, 50, 60, 20, 5], 136)
בשמחה;(222, [2, 300, 40, 8, 5], 355)
וראה;(223, [6, 200, 1, 5], 212)
בטוב;(224, [2, 9, 6, 2], 19)
והנה;(225, [6, 5, 50, 5], 66)
גם;(226, [3, 40], 43)
הוא;(227, [5, 6, 1], 12)
הבל;(228, [5, 2, 30], 37)
לשחוק;(229, [30, 300, 8, 6, 100], 444)
אמרתי;(230, [1, 40, 200, 400, 10], 651)
מהולל;(231, [40, 5, 6, 30, 30], 111)
ולשמחה;(232, [6, 30, 300, 40, 8, 5], 389)
מה;(233, [40, 5], 45)
זה;(234, [7, 5], 12)
עשה;(235, [70, 300, 5], 375)
תרתי;(236, [400, 200, 400, 10], 1010)
בלבי;(237, [2, 30, 2, 10], 44)
למשוך;(238, [30, 40, 300, 6, 20], 396)
ביין;(239, [2, 10, 10, 50], 72)
את;(240, [1, 400], 401)
בשרי;(241, [2, 300, 200, 10], 512)
ולבי;(242, [6, 30, 2, 10], 48)
נהג;(243, [50, 5, 3], 58)
בחכמה;(244, [2, 8, 20, 40, 5], 75)
ולאחז;(245, [6, 30, 1, 8, 7], 52)
בסכלות;(246, [2, 60, 20, 30, 6, 400], 518)
עד;(247, [70, 4], 74)
אשר;(248, [1, 300, 200], 501)
אראה;(249, [1, 200, 1, 5], 207)
אי;(250, [1, 10], 11)
זה;(251, [7, 5], 12)
טוב;(252, [9, 6, 2], 17)
לבני;(253, [30, 2, 50, 10], 92)
האדם;(254, [5, 1, 4, 40], 50)
אשר;(255, [1, 300, 200], 501)
יעשו;(256, [10, 70, 300, 6], 386)
תחת;(257, [400, 8, 400], 808)
השמים;(258, [5, 300, 40, 10, 40], 395)
מספר;(259, [40, 60, 80, 200], 380)
ימי;(260, [10, 40, 10], 60)
חייהם;(261, [8, 10, 10, 5, 40], 73)
הגדלתי;(262, [5, 3, 4, 30, 400, 10], 452)
מעשי;(263, [40, 70, 300, 10], 420)
בניתי;(264, [2, 50, 10, 400, 10], 472)
לי;(265, [30, 10], 40)
בתים;(266, [2, 400, 10, 40], 452)
נטעתי;(267, [50, 9, 70, 400, 10], 539)
לי;(268, [30, 10], 40)
כרמים;(269, [20, 200, 40, 10, 40], 310)
עשיתי;(270, [70, 300, 10, 400, 10], 790)
לי;(271, [30, 10], 40)
גנות;(272, [3, 50, 6, 400], 459)
ופרדסים;(273, [6, 80, 200, 4, 60, 10, 40], 400)
ונטעתי;(274, [6, 50, 9, 70, 400, 10], 545)
בהם;(275, [2, 5, 40], 47)
עץ;(276, [70, 90], 160)
כל;(277, [20, 30], 50)
פרי;(278, [80, 200, 10], 290)
עשיתי;(279, [70, 300, 10, 400, 10], 790)
לי;(280, [30, 10], 40)
ברכות;(281, [2, 200, 20, 6, 400], 628)
מים;(282, [40, 10, 40], 90)
להשקות;(283, [30, 5, 300, 100, 6, 400], 841)
מהם;(284, [40, 5, 40], 85)
יער;(285, [10, 70, 200], 280)
צומח;(286, [90, 6, 40, 8], 144)
עצים;(287, [70, 90, 10, 40], 210)
קניתי;(288, [100, 50, 10, 400, 10], 570)
עבדים;(289, [70, 2, 4, 10, 40], 126)
ושפחות;(290, [6, 300, 80, 8, 6, 400], 800)
ובני;(291, [6, 2, 50, 10], 68)
בית;(292, [2, 10, 400], 412)
היה;(293, [5, 10, 5], 20)
לי;(294, [30, 10], 40)
גם;(295, [3, 40], 43)
מקנה;(296, [40, 100, 50, 5], 195)
בקר;(297, [2, 100, 200], 302)
וצאן;(298, [6, 90, 1, 50], 147)
הרבה;(299, [5, 200, 2, 5], 212)
היה;(300, [5, 10, 5], 20)
לי;(301, [30, 10], 40)
מכל;(302, [40, 20, 30], 90)
שהיו;(303, [300, 5, 10, 6], 321)
לפני;(304, [30, 80, 50, 10], 170)
בירושלם;(305, [2, 10, 200, 6, 300, 30, 40], 588)
כנסתי;(306, [20, 50, 60, 400, 10], 540)
לי;(307, [30, 10], 40)
גם;(308, [3, 40], 43)
כסף;(309, [20, 60, 80], 160)
וזהב;(310, [6, 7, 5, 2], 20)
וסגלת;(311, [6, 60, 3, 30, 400], 499)
מלכים;(312, [40, 30, 20, 10, 40], 140)
והמדינות;(313, [6, 5, 40, 4, 10, 50, 6, 400], 521)
עשיתי;(314, [70, 300, 10, 400, 10], 790)
לי;(315, [30, 10], 40)
שרים;(316, [300, 200, 10, 40], 550)
ושרות;(317, [6, 300, 200, 6, 400], 912)
ותענוגת;(318, [6, 400, 70, 50, 6, 3, 400], 935)
בני;(319, [2, 50, 10], 62)
האדם;(320, [5, 1, 4, 40], 50)
שדה;(321, [300, 4, 5], 309)
ושדות;(322, [6, 300, 4, 6, 400], 716)
וגדלתי;(323, [6, 3, 4, 30, 400, 10], 453)
והוספתי;(324, [6, 5, 6, 60, 80, 400, 10], 567)
מכל;(325, [40, 20, 30], 90)
שהיה;(326, [300, 5, 10, 5], 320)
לפני;(327, [30, 80, 50, 10], 170)
בירושלם;(328, [2, 10, 200, 6, 300, 30, 40], 588)
אף;(329, [1, 80], 81)
חכמתי;(330, [8, 20, 40, 400, 10], 478)
עמדה;(331, [70, 40, 4, 5], 119)
לי;(332, [30, 10], 40)
וכל;(333, [6, 20, 30], 56)
אשר;(334, [1, 300, 200], 501)
שאלו;(335, [300, 1, 30, 6], 337)
עיני;(336, [70, 10, 50, 10], 140)
לא;(337, [30, 1], 31)
אצלתי;(338, [1, 90, 30, 400, 10], 531)
מהם;(339, [40, 5, 40], 85)
לא;(340, [30, 1], 31)
מנעתי;(341, [40, 50, 70, 400, 10], 570)
את;(342, [1, 400], 401)
לבי;(343, [30, 2, 10], 42)
מכל;(344, [40, 20, 30], 90)
שמחה;(345, [300, 40, 8, 5], 353)
כי;(346, [20, 10], 30)
לבי;(347, [30, 2, 10], 42)
שמח;(348, [300, 40, 8], 348)
מכל;(349, [40, 20, 30], 90)
עמלי;(350, [70, 40, 30, 10], 150)
וזה;(351, [6, 7, 5], 18)
היה;(352, [5, 10, 5], 20)
חלקי;(353, [8, 30, 100, 10], 148)
מכל;(354, [40, 20, 30], 90)
עמלי;(355, [70, 40, 30, 10], 150)
ופניתי;(356, [6, 80, 50, 10, 400, 10], 556)
אני;(357, [1, 50, 10], 61)
בכל;(358, [2, 20, 30], 52)
מעשי;(359, [40, 70, 300, 10], 420)
שעשו;(360, [300, 70, 300, 6], 676)
ידי;(361, [10, 4, 10], 24)
ובעמל;(362, [6, 2, 70, 40, 30], 148)
שעמלתי;(363, [300, 70, 40, 30, 400, 10], 850)
לעשות;(364, [30, 70, 300, 6, 400], 806)
והנה;(365, [6, 5, 50, 5], 66)
הכל;(366, [5, 20, 30], 55)
הבל;(367, [5, 2, 30], 37)
ורעות;(368, [6, 200, 70, 6, 400], 682)
רוח;(369, [200, 6, 8], 214)
ואין;(370, [6, 1, 10, 50], 67)
יתרון;(371, [10, 400, 200, 6, 50], 666)
תחת;(372, [400, 8, 400], 808)
השמש;(373, [5, 300, 40, 300], 645)
ופניתי;(374, [6, 80, 50, 10, 400, 10], 556)
אני;(375, [1, 50, 10], 61)
לראות;(376, [30, 200, 1, 6, 400], 637)
חכמה;(377, [8, 20, 40, 5], 73)
והוללות;(378, [6, 5, 6, 30, 30, 6, 400], 483)
וסכלות;(379, [6, 60, 20, 30, 6, 400], 522)
כי;(380, [20, 10], 30)
מה;(381, [40, 5], 45)
האדם;(382, [5, 1, 4, 40], 50)
שיבוא;(383, [300, 10, 2, 6, 1], 319)
אחרי;(384, [1, 8, 200, 10], 219)
המלך;(385, [5, 40, 30, 20], 95)
את;(386, [1, 400], 401)
אשר;(387, [1, 300, 200], 501)
כבר;(388, [20, 2, 200], 222)
עשוהו;(389, [70, 300, 6, 5, 6], 387)
וראיתי;(390, [6, 200, 1, 10, 400, 10], 627)
אני;(391, [1, 50, 10], 61)
שיש;(392, [300, 10, 300], 610)
יתרון;(393, [10, 400, 200, 6, 50], 666)
לחכמה;(394, [30, 8, 20, 40, 5], 103)
מן;(395, [40, 50], 90)
הסכלות;(396, [5, 60, 20, 30, 6, 400], 521)
כיתרון;(397, [20, 10, 400, 200, 6, 50], 686)
האור;(398, [5, 1, 6, 200], 212)
מן;(399, [40, 50], 90)
החשך;(400, [5, 8, 300, 20], 333)
החכם;(401, [5, 8, 20, 40], 73)
עיניו;(402, [70, 10, 50, 10, 6], 146)
בראשו;(403, [2, 200, 1, 300, 6], 509)
והכסיל;(404, [6, 5, 20, 60, 10, 30], 131)
בחשך;(405, [2, 8, 300, 20], 330)
הולך;(406, [5, 6, 30, 20], 61)
וידעתי;(407, [6, 10, 4, 70, 400, 10], 500)
גם;(408, [3, 40], 43)
אני;(409, [1, 50, 10], 61)
שמקרה;(410, [300, 40, 100, 200, 5], 645)
אחד;(411, [1, 8, 4], 13)
יקרה;(412, [10, 100, 200, 5], 315)
את;(413, [1, 400], 401)
כלם;(414, [20, 30, 40], 90)
ואמרתי;(415, [6, 1, 40, 200, 400, 10], 657)
אני;(416, [1, 50, 10], 61)
בלבי;(417, [2, 30, 2, 10], 44)
כמקרה;(418, [20, 40, 100, 200, 5], 365)
הכסיל;(419, [5, 20, 60, 10, 30], 125)
גם;(420, [3, 40], 43)
אני;(421, [1, 50, 10], 61)
יקרני;(422, [10, 100, 200, 50, 10], 370)
ולמה;(423, [6, 30, 40, 5], 81)
חכמתי;(424, [8, 20, 40, 400, 10], 478)
אני;(425, [1, 50, 10], 61)
אז;(426, [1, 7], 8)
יותר;(427, [10, 6, 400, 200], 616)
ודברתי;(428, [6, 4, 2, 200, 400, 10], 622)
בלבי;(429, [2, 30, 2, 10], 44)
שגם;(430, [300, 3, 40], 343)
זה;(431, [7, 5], 12)
הבל;(432, [5, 2, 30], 37)
כי;(433, [20, 10], 30)
אין;(434, [1, 10, 50], 61)
זכרון;(435, [7, 20, 200, 6, 50], 283)
לחכם;(436, [30, 8, 20, 40], 98)
עם;(437, [70, 40], 110)
הכסיל;(438, [5, 20, 60, 10, 30], 125)
לעולם;(439, [30, 70, 6, 30, 40], 176)
בשכבר;(440, [2, 300, 20, 2, 200], 524)
הימים;(441, [5, 10, 40, 10, 40], 105)
הבאים;(442, [5, 2, 1, 10, 40], 58)
הכל;(443, [5, 20, 30], 55)
נשכח;(444, [50, 300, 20, 8], 378)
ואיך;(445, [6, 1, 10, 20], 37)
ימות;(446, [10, 40, 6, 400], 456)
החכם;(447, [5, 8, 20, 40], 73)
עם;(448, [70, 40], 110)
הכסיל;(449, [5, 20, 60, 10, 30], 125)
ושנאתי;(450, [6, 300, 50, 1, 400, 10], 767)
את;(451, [1, 400], 401)
החיים;(452, [5, 8, 10, 10, 40], 73)
כי;(453, [20, 10], 30)
רע;(454, [200, 70], 270)
עלי;(455, [70, 30, 10], 110)
המעשה;(456, [5, 40, 70, 300, 5], 420)
שנעשה;(457, [300, 50, 70, 300, 5], 725)
תחת;(458, [400, 8, 400], 808)
השמש;(459, [5, 300, 40, 300], 645)
כי;(460, [20, 10], 30)
הכל;(461, [5, 20, 30], 55)
הבל;(462, [5, 2, 30], 37)
ורעות;(463, [6, 200, 70, 6, 400], 682)
רוח;(464, [200, 6, 8], 214)
ושנאתי;(465, [6, 300, 50, 1, 400, 10], 767)
אני;(466, [1, 50, 10], 61)
את;(467, [1, 400], 401)
כל;(468, [20, 30], 50)
עמלי;(469, [70, 40, 30, 10], 150)
שאני;(470, [300, 1, 50, 10], 361)
עמל;(471, [70, 40, 30], 140)
תחת;(472, [400, 8, 400], 808)
השמש;(473, [5, 300, 40, 300], 645)
שאניחנו;(474, [300, 1, 50, 10, 8, 50, 6], 425)
לאדם;(475, [30, 1, 4, 40], 75)
שיהיה;(476, [300, 10, 5, 10, 5], 330)
אחרי;(477, [1, 8, 200, 10], 219)
ומי;(478, [6, 40, 10], 56)
יודע;(479, [10, 6, 4, 70], 90)
החכם;(480, [5, 8, 20, 40], 73)
יהיה;(481, [10, 5, 10, 5], 30)
או;(482, [1, 6], 7)
סכל;(483, [60, 20, 30], 110)
וישלט;(484, [6, 10, 300, 30, 9], 355)
בכל;(485, [2, 20, 30], 52)
עמלי;(486, [70, 40, 30, 10], 150)
שעמלתי;(487, [300, 70, 40, 30, 400, 10], 850)
ושחכמתי;(488, [6, 300, 8, 20, 40, 400, 10], 784)
תחת;(489, [400, 8, 400], 808)
השמש;(490, [5, 300, 40, 300], 645)
גם;(491, [3, 40], 43)
זה;(492, [7, 5], 12)
הבל;(493, [5, 2, 30], 37)
וסבותי;(494, [6, 60, 2, 6, 400, 10], 484)
אני;(495, [1, 50, 10], 61)
ליאש;(496, [30, 10, 1, 300], 341)
את;(497, [1, 400], 401)
לבי;(498, [30, 2, 10], 42)
על;(499, [70, 30], 100)
כל;(500, [20, 30], 50)
העמל;(501, [5, 70, 40, 30], 145)
שעמלתי;(502, [300, 70, 40, 30, 400, 10], 850)
תחת;(503, [400, 8, 400], 808)
השמש;(504, [5, 300, 40, 300], 645)
כי;(505, [20, 10], 30)
יש;(506, [10, 300], 310)
אדם;(507, [1, 4, 40], 45)
שעמלו;(508, [300, 70, 40, 30, 6], 446)
בחכמה;(509, [2, 8, 20, 40, 5], 75)
ובדעת;(510, [6, 2, 4, 70, 400], 482)
ובכשרון;(511, [6, 2, 20, 300, 200, 6, 50], 584)
ולאדם;(512, [6, 30, 1, 4, 40], 81)
שלא;(513, [300, 30, 1], 331)
עמל;(514, [70, 40, 30], 140)
בו;(515, [2, 6], 8)
יתננו;(516, [10, 400, 50, 50, 6], 516)
חלקו;(517, [8, 30, 100, 6], 144)
גם;(518, [3, 40], 43)
זה;(519, [7, 5], 12)
הבל;(520, [5, 2, 30], 37)
ורעה;(521, [6, 200, 70, 5], 281)
רבה;(522, [200, 2, 5], 207)
כי;(523, [20, 10], 30)
מה;(524, [40, 5], 45)
הוה;(525, [5, 6, 5], 16)
לאדם;(526, [30, 1, 4, 40], 75)
בכל;(527, [2, 20, 30], 52)
עמלו;(528, [70, 40, 30, 6], 146)
וברעיון;(529, [6, 2, 200, 70, 10, 6, 50], 344)
לבו;(530, [30, 2, 6], 38)
שהוא;(531, [300, 5, 6, 1], 312)
עמל;(532, [70, 40, 30], 140)
תחת;(533, [400, 8, 400], 808)
השמש;(534, [5, 300, 40, 300], 645)
כי;(535, [20, 10], 30)
כל;(536, [20, 30], 50)
ימיו;(537, [10, 40, 10, 6], 66)
מכאבים;(538, [40, 20, 1, 2, 10, 40], 113)
וכעס;(539, [6, 20, 70, 60], 156)
ענינו;(540, [70, 50, 10, 50, 6], 186)
גם;(541, [3, 40], 43)
בלילה;(542, [2, 30, 10, 30, 5], 77)
לא;(543, [30, 1], 31)
שכב;(544, [300, 20, 2], 322)
לבו;(545, [30, 2, 6], 38)
גם;(546, [3, 40], 43)
זה;(547, [7, 5], 12)
הבל;(548, [5, 2, 30], 37)
הוא;(549, [5, 6, 1], 12)
אין;(550, [1, 10, 50], 61)
טוב;(551, [9, 6, 2], 17)
באדם;(552, [2, 1, 4, 40], 47)
שיאכל;(553, [300, 10, 1, 20, 30], 361)
ושתה;(554, [6, 300, 400, 5], 711)
והראה;(555, [6, 5, 200, 1, 5], 217)
את;(556, [1, 400], 401)
נפשו;(557, [50, 80, 300, 6], 436)
טוב;(558, [9, 6, 2], 17)
בעמלו;(559, [2, 70, 40, 30, 6], 148)
גם;(560, [3, 40], 43)
זה;(561, [7, 5], 12)
ראיתי;(562, [200, 1, 10, 400, 10], 621)
אני;(563, [1, 50, 10], 61)
כי;(564, [20, 10], 30)
מיד;(565, [40, 10, 4], 54)
האלהים;(566, [5, 1, 30, 5, 10, 40], 91)
היא;(567, [5, 10, 1], 16)
כי;(568, [20, 10], 30)
מי;(569, [40, 10], 50)
יאכל;(570, [10, 1, 20, 30], 61)
ומי;(571, [6, 40, 10], 56)
יחוש;(572, [10, 8, 6, 300], 324)
חוץ;(573, [8, 6, 90], 104)
ממני;(574, [40, 40, 50, 10], 140)
כי;(575, [20, 10], 30)
לאדם;(576, [30, 1, 4, 40], 75)
שטוב;(577, [300, 9, 6, 2], 317)
לפניו;(578, [30, 80, 50, 10, 6], 176)
נתן;(579, [50, 400, 50], 500)
חכמה;(580, [8, 20, 40, 5], 73)
ודעת;(581, [6, 4, 70, 400], 480)
ושמחה;(582, [6, 300, 40, 8, 5], 359)
ולחוטא;(583, [6, 30, 8, 6, 9, 1], 60)
נתן;(584, [50, 400, 50], 500)
ענין;(585, [70, 50, 10, 50], 180)
לאסוף;(586, [30, 1, 60, 6, 80], 177)
ולכנוס;(587, [6, 30, 20, 50, 6, 60], 172)
לתת;(588, [30, 400, 400], 830)
לטוב;(589, [30, 9, 6, 2], 47)
לפני;(590, [30, 80, 50, 10], 170)
האלהים;(591, [5, 1, 30, 5, 10, 40], 91)
גם;(592, [3, 40], 43)
זה;(593, [7, 5], 12)
הבל;(594, [5, 2, 30], 37)
ורעות;(595, [6, 200, 70, 6, 400], 682)
רוח;(596, [200, 6, 8], 214)
לכל;(597, [30, 20, 30], 80)
זמן;(598, [7, 40, 50], 97)
ועת;(599, [6, 70, 400], 476)
לכל;(600, [30, 20, 30], 80)
חפץ;(601, [8, 80, 90], 178)
תחת;(602, [400, 8, 400], 808)
השמים;(603, [5, 300, 40, 10, 40], 395)
עת;(604, [70, 400], 470)
ללדת;(605, [30, 30, 4, 400], 464)
ועת;(606, [6, 70, 400], 476)
למות;(607, [30, 40, 6, 400], 476)
עת;(608, [70, 400], 470)
לטעת;(609, [30, 9, 70, 400], 509)
ועת;(610, [6, 70, 400], 476)
לעקור;(611, [30, 70, 100, 6, 200], 406)
נטוע;(612, [50, 9, 6, 70], 135)
עת;(613, [70, 400], 470)
להרוג;(614, [30, 5, 200, 6, 3], 244)
ועת;(615, [6, 70, 400], 476)
לרפוא;(616, [30, 200, 80, 6, 1], 317)
עת;(617, [70, 400], 470)
לפרוץ;(618, [30, 80, 200, 6, 90], 406)
ועת;(619, [6, 70, 400], 476)
לבנות;(620, [30, 2, 50, 6, 400], 488)
עת;(621, [70, 400], 470)
לבכות;(622, [30, 2, 20, 6, 400], 458)
ועת;(623, [6, 70, 400], 476)
לשחוק;(624, [30, 300, 8, 6, 100], 444)
עת;(625, [70, 400], 470)
ספוד;(626, [60, 80, 6, 4], 150)
ועת;(627, [6, 70, 400], 476)
רקוד;(628, [200, 100, 6, 4], 310)
עת;(629, [70, 400], 470)
להשליך;(630, [30, 5, 300, 30, 10, 20], 395)
אבנים;(631, [1, 2, 50, 10, 40], 103)
ועת;(632, [6, 70, 400], 476)
כנוס;(633, [20, 50, 6, 60], 136)
אבנים;(634, [1, 2, 50, 10, 40], 103)
עת;(635, [70, 400], 470)
לחבוק;(636, [30, 8, 2, 6, 100], 146)
ועת;(637, [6, 70, 400], 476)
לרחק;(638, [30, 200, 8, 100], 338)
מחבק;(639, [40, 8, 2, 100], 150)
עת;(640, [70, 400], 470)
לבקש;(641, [30, 2, 100, 300], 432)
ועת;(642, [6, 70, 400], 476)
לאבד;(643, [30, 1, 2, 4], 37)
עת;(644, [70, 400], 470)
לשמור;(645, [30, 300, 40, 6, 200], 576)
ועת;(646, [6, 70, 400], 476)
להשליך;(647, [30, 5, 300, 30, 10, 20], 395)
עת;(648, [70, 400], 470)
לקרוע;(649, [30, 100, 200, 6, 70], 406)
ועת;(650, [6, 70, 400], 476)
לתפור;(651, [30, 400, 80, 6, 200], 716)
עת;(652, [70, 400], 470)
לחשות;(653, [30, 8, 300, 6, 400], 744)
ועת;(654, [6, 70, 400], 476)
לדבר;(655, [30, 4, 2, 200], 236)
עת;(656, [70, 400], 470)
לאהב;(657, [30, 1, 5, 2], 38)
ועת;(658, [6, 70, 400], 476)
לשנא;(659, [30, 300, 50, 1], 381)
עת;(660, [70, 400], 470)
מלחמה;(661, [40, 30, 8, 40, 5], 123)
ועת;(662, [6, 70, 400], 476)
שלום;(663, [300, 30, 6, 40], 376)
מה;(664, [40, 5], 45)
יתרון;(665, [10, 400, 200, 6, 50], 666)
העושה;(666, [5, 70, 6, 300, 5], 386)
באשר;(667, [2, 1, 300, 200], 503)
הוא;(668, [5, 6, 1], 12)
עמל;(669, [70, 40, 30], 140)
ראיתי;(670, [200, 1, 10, 400, 10], 621)
את;(671, [1, 400], 401)
הענין;(672, [5, 70, 50, 10, 50], 185)
אשר;(673, [1, 300, 200], 501)
נתן;(674, [50, 400, 50], 500)
אלהים;(675, [1, 30, 5, 10, 40], 86)
לבני;(676, [30, 2, 50, 10], 92)
האדם;(677, [5, 1, 4, 40], 50)
לענות;(678, [30, 70, 50, 6, 400], 556)
בו;(679, [2, 6], 8)
את;(680, [1, 400], 401)
הכל;(681, [5, 20, 30], 55)
עשה;(682, [70, 300, 5], 375)
יפה;(683, [10, 80, 5], 95)
בעתו;(684, [2, 70, 400, 6], 478)
גם;(685, [3, 40], 43)
את;(686, [1, 400], 401)
העלם;(687, [5, 70, 30, 40], 145)
נתן;(688, [50, 400, 50], 500)
בלבם;(689, [2, 30, 2, 40], 74)
מבלי;(690, [40, 2, 30, 10], 82)
אשר;(691, [1, 300, 200], 501)
לא;(692, [30, 1], 31)
ימצא;(693, [10, 40, 90, 1], 141)
האדם;(694, [5, 1, 4, 40], 50)
את;(695, [1, 400], 401)
המעשה;(696, [5, 40, 70, 300, 5], 420)
אשר;(697, [1, 300, 200], 501)
עשה;(698, [70, 300, 5], 375)
האלהים;(699, [5, 1, 30, 5, 10, 40], 91)
מראש;(700, [40, 200, 1, 300], 541)
ועד;(701, [6, 70, 4], 80)
סוף;(702, [60, 6, 80], 146)
ידעתי;(703, [10, 4, 70, 400, 10], 494)
כי;(704, [20, 10], 30)
אין;(705, [1, 10, 50], 61)
טוב;(706, [9, 6, 2], 17)
בם;(707, [2, 40], 42)
כי;(708, [20, 10], 30)
אם;(709, [1, 40], 41)
לשמוח;(710, [30, 300, 40, 6, 8], 384)
ולעשות;(711, [6, 30, 70, 300, 6, 400], 812)
טוב;(712, [9, 6, 2], 17)
בחייו;(713, [2, 8, 10, 10, 6], 36)
וגם;(714, [6, 3, 40], 49)
כל;(715, [20, 30], 50)
האדם;(716, [5, 1, 4, 40], 50)
שיאכל;(717, [300, 10, 1, 20, 30], 361)
ושתה;(718, [6, 300, 400, 5], 711)
וראה;(719, [6, 200, 1, 5], 212)
טוב;(720, [9, 6, 2], 17)
בכל;(721, [2, 20, 30], 52)
עמלו;(722, [70, 40, 30, 6], 146)
מתת;(723, [40, 400, 400], 840)
אלהים;(724, [1, 30, 5, 10, 40], 86)
היא;(725, [5, 10, 1], 16)
ידעתי;(726, [10, 4, 70, 400, 10], 494)
כי;(727, [20, 10], 30)
כל;(728, [20, 30], 50)
אשר;(729, [1, 300, 200], 501)
יעשה;(730, [10, 70, 300, 5], 385)
האלהים;(731, [5, 1, 30, 5, 10, 40], 91)
הוא;(732, [5, 6, 1], 12)
יהיה;(733, [10, 5, 10, 5], 30)
לעולם;(734, [30, 70, 6, 30, 40], 176)
עליו;(735, [70, 30, 10, 6], 116)
אין;(736, [1, 10, 50], 61)
להוסיף;(737, [30, 5, 6, 60, 10, 80], 191)
וממנו;(738, [6, 40, 40, 50, 6], 142)
אין;(739, [1, 10, 50], 61)
לגרע;(740, [30, 3, 200, 70], 303)
והאלהים;(741, [6, 5, 1, 30, 5, 10, 40], 97)
עשה;(742, [70, 300, 5], 375)
שיראו;(743, [300, 10, 200, 1, 6], 517)
מלפניו;(744, [40, 30, 80, 50, 10, 6], 216)
מה;(745, [40, 5], 45)
שהיה;(746, [300, 5, 10, 5], 320)
כבר;(747, [20, 2, 200], 222)
הוא;(748, [5, 6, 1], 12)
ואשר;(749, [6, 1, 300, 200], 507)
להיות;(750, [30, 5, 10, 6, 400], 451)
כבר;(751, [20, 2, 200], 222)
היה;(752, [5, 10, 5], 20)
והאלהים;(753, [6, 5, 1, 30, 5, 10, 40], 97)
יבקש;(754, [10, 2, 100, 300], 412)
את;(755, [1, 400], 401)
נרדף;(756, [50, 200, 4, 80], 334)
ועוד;(757, [6, 70, 6, 4], 86)
ראיתי;(758, [200, 1, 10, 400, 10], 621)
תחת;(759, [400, 8, 400], 808)
השמש;(760, [5, 300, 40, 300], 645)
מקום;(761, [40, 100, 6, 40], 186)
המשפט;(762, [5, 40, 300, 80, 9], 434)
שמה;(763, [300, 40, 5], 345)
הרשע;(764, [5, 200, 300, 70], 575)
ומקום;(765, [6, 40, 100, 6, 40], 192)
הצדק;(766, [5, 90, 4, 100], 199)
שמה;(767, [300, 40, 5], 345)
הרשע;(768, [5, 200, 300, 70], 575)
אמרתי;(769, [1, 40, 200, 400, 10], 651)
אני;(770, [1, 50, 10], 61)
בלבי;(771, [2, 30, 2, 10], 44)
את;(772, [1, 400], 401)
הצדיק;(773, [5, 90, 4, 10, 100], 209)
ואת;(774, [6, 1, 400], 407)
הרשע;(775, [5, 200, 300, 70], 575)
ישפט;(776, [10, 300, 80, 9], 399)
האלהים;(777, [5, 1, 30, 5, 10, 40], 91)
כי;(778, [20, 10], 30)
עת;(779, [70, 400], 470)
לכל;(780, [30, 20, 30], 80)
חפץ;(781, [8, 80, 90], 178)
ועל;(782, [6, 70, 30], 106)
כל;(783, [20, 30], 50)
המעשה;(784, [5, 40, 70, 300, 5], 420)
שם;(785, [300, 40], 340)
אמרתי;(786, [1, 40, 200, 400, 10], 651)
אני;(787, [1, 50, 10], 61)
בלבי;(788, [2, 30, 2, 10], 44)
על;(789, [70, 30], 100)
דברת;(790, [4, 2, 200, 400], 606)
בני;(791, [2, 50, 10], 62)
האדם;(792, [5, 1, 4, 40], 50)
לברם;(793, [30, 2, 200, 40], 272)
האלהים;(794, [5, 1, 30, 5, 10, 40], 91)
ולראות;(795, [6, 30, 200, 1, 6, 400], 643)
שהם;(796, [300, 5, 40], 345)
בהמה;(797, [2, 5, 40, 5], 52)
המה;(798, [5, 40, 5], 50)
להם;(799, [30, 5, 40], 75)
כי;(800, [20, 10], 30)
מקרה;(801, [40, 100, 200, 5], 345)
בני;(802, [2, 50, 10], 62)
האדם;(803, [5, 1, 4, 40], 50)
ומקרה;(804, [6, 40, 100, 200, 5], 351)
הבהמה;(805, [5, 2, 5, 40, 5], 57)
ומקרה;(806, [6, 40, 100, 200, 5], 351)
אחד;(807, [1, 8, 4], 13)
להם;(808, [30, 5, 40], 75)
כמות;(809, [20, 40, 6, 400], 466)
זה;(810, [7, 5], 12)
כן;(811, [20, 50], 70)
מות;(812, [40, 6, 400], 446)
זה;(813, [7, 5], 12)
ורוח;(814, [6, 200, 6, 8], 220)
אחד;(815, [1, 8, 4], 13)
לכל;(816, [30, 20, 30], 80)
ומותר;(817, [6, 40, 6, 400, 200], 652)
האדם;(818, [5, 1, 4, 40], 50)
מן;(819, [40, 50], 90)
הבהמה;(820, [5, 2, 5, 40, 5], 57)
אין;(821, [1, 10, 50], 61)
כי;(822, [20, 10], 30)
הכל;(823, [5, 20, 30], 55)
הבל;(824, [5, 2, 30], 37)
הכל;(825, [5, 20, 30], 55)
הולך;(826, [5, 6, 30, 20], 61)
אל;(827, [1, 30], 31)
מקום;(828, [40, 100, 6, 40], 186)
אחד;(829, [1, 8, 4], 13)
הכל;(830, [5, 20, 30], 55)
היה;(831, [5, 10, 5], 20)
מן;(832, [40, 50], 90)
העפר;(833, [5, 70, 80, 200], 355)
והכל;(834, [6, 5, 20, 30], 61)
שב;(835, [300, 2], 302)
אל;(836, [1, 30], 31)
העפר;(837, [5, 70, 80, 200], 355)
מי;(838, [40, 10], 50)
יודע;(839, [10, 6, 4, 70], 90)
רוח;(840, [200, 6, 8], 214)
בני;(841, [2, 50, 10], 62)
האדם;(842, [5, 1, 4, 40], 50)
העלה;(843, [5, 70, 30, 5], 110)
היא;(844, [5, 10, 1], 16)
למעלה;(845, [30, 40, 70, 30, 5], 175)
ורוח;(846, [6, 200, 6, 8], 220)
הבהמה;(847, [5, 2, 5, 40, 5], 57)
הירדת;(848, [5, 10, 200, 4, 400], 619)
היא;(849, [5, 10, 1], 16)
למטה;(850, [30, 40, 9, 5], 84)
לארץ;(851, [30, 1, 200, 90], 321)
וראיתי;(852, [6, 200, 1, 10, 400, 10], 627)
כי;(853, [20, 10], 30)
אין;(854, [1, 10, 50], 61)
טוב;(855, [9, 6, 2], 17)
מאשר;(856, [40, 1, 300, 200], 541)
ישמח;(857, [10, 300, 40, 8], 358)
האדם;(858, [5, 1, 4, 40], 50)
במעשיו;(859, [2, 40, 70, 300, 10, 6], 428)
כי;(860, [20, 10], 30)
הוא;(861, [5, 6, 1], 12)
חלקו;(862, [8, 30, 100, 6], 144)
כי;(863, [20, 10], 30)
מי;(864, [40, 10], 50)
יביאנו;(865, [10, 2, 10, 1, 50, 6], 79)
לראות;(866, [30, 200, 1, 6, 400], 637)
במה;(867, [2, 40, 5], 47)
שיהיה;(868, [300, 10, 5, 10, 5], 330)
אחריו;(869, [1, 8, 200, 10, 6], 225)
ושבתי;(870, [6, 300, 2, 400, 10], 718)
אני;(871, [1, 50, 10], 61)
ואראה;(872, [6, 1, 200, 1, 5], 213)
את;(873, [1, 400], 401)
כל;(874, [20, 30], 50)
העשקים;(875, [5, 70, 300, 100, 10, 40], 525)
אשר;(876, [1, 300, 200], 501)
נעשים;(877, [50, 70, 300, 10, 40], 470)
תחת;(878, [400, 8, 400], 808)
השמש;(879, [5, 300, 40, 300], 645)
והנה;(880, [6, 5, 50, 5], 66)
דמעת;(881, [4, 40, 70, 400], 514)
העשקים;(882, [5, 70, 300, 100, 10, 40], 525)
ואין;(883, [6, 1, 10, 50], 67)
להם;(884, [30, 5, 40], 75)
מנחם;(885, [40, 50, 8, 40], 138)
ומיד;(886, [6, 40, 10, 4], 60)
עשקיהם;(887, [70, 300, 100, 10, 5, 40], 525)
כח;(888, [20, 8], 28)
ואין;(889, [6, 1, 10, 50], 67)
להם;(890, [30, 5, 40], 75)
מנחם;(891, [40, 50, 8, 40], 138)
ושבח;(892, [6, 300, 2, 8], 316)
אני;(893, [1, 50, 10], 61)
את;(894, [1, 400], 401)
המתים;(895, [5, 40, 400, 10, 40], 495)
שכבר;(896, [300, 20, 2, 200], 522)
מתו;(897, [40, 400, 6], 446)
מן;(898, [40, 50], 90)
החיים;(899, [5, 8, 10, 10, 40], 73)
אשר;(900, [1, 300, 200], 501)
המה;(901, [5, 40, 5], 50)
חיים;(902, [8, 10, 10, 40], 68)
עדנה;(903, [70, 4, 50, 5], 129)
וטוב;(904, [6, 9, 6, 2], 23)
משניהם;(905, [40, 300, 50, 10, 5, 40], 445)
את;(906, [1, 400], 401)
אשר;(907, [1, 300, 200], 501)
עדן;(908, [70, 4, 50], 124)
לא;(909, [30, 1], 31)
היה;(910, [5, 10, 5], 20)
אשר;(911, [1, 300, 200], 501)
לא;(912, [30, 1], 31)
ראה;(913, [200, 1, 5], 206)
את;(914, [1, 400], 401)
המעשה;(915, [5, 40, 70, 300, 5], 420)
הרע;(916, [5, 200, 70], 275)
אשר;(917, [1, 300, 200], 501)
נעשה;(918, [50, 70, 300, 5], 425)
תחת;(919, [400, 8, 400], 808)
השמש;(920, [5, 300, 40, 300], 645)
וראיתי;(921, [6, 200, 1, 10, 400, 10], 627)
אני;(922, [1, 50, 10], 61)
את;(923, [1, 400], 401)
כל;(924, [20, 30], 50)
עמל;(925, [70, 40, 30], 140)
ואת;(926, [6, 1, 400], 407)
כל;(927, [20, 30], 50)
כשרון;(928, [20, 300, 200, 6, 50], 576)
המעשה;(929, [5, 40, 70, 300, 5], 420)
כי;(930, [20, 10], 30)
היא;(931, [5, 10, 1], 16)
קנאת;(932, [100, 50, 1, 400], 551)
איש;(933, [1, 10, 300], 311)
מרעהו;(934, [40, 200, 70, 5, 6], 321)
גם;(935, [3, 40], 43)
זה;(936, [7, 5], 12)
הבל;(937, [5, 2, 30], 37)
ורעות;(938, [6, 200, 70, 6, 400], 682)
רוח;(939, [200, 6, 8], 214)
הכסיל;(940, [5, 20, 60, 10, 30], 125)
חבק;(941, [8, 2, 100], 110)
את;(942, [1, 400], 401)
ידיו;(943, [10, 4, 10, 6], 30)
ואכל;(944, [6, 1, 20, 30], 57)
את;(945, [1, 400], 401)
בשרו;(946, [2, 300, 200, 6], 508)
טוב;(947, [9, 6, 2], 17)
מלא;(948, [40, 30, 1], 71)
כף;(949, [20, 80], 100)
נחת;(950, [50, 8, 400], 458)
ממלא;(951, [40, 40, 30, 1], 111)
חפנים;(952, [8, 80, 50, 10, 40], 188)
עמל;(953, [70, 40, 30], 140)
ורעות;(954, [6, 200, 70, 6, 400], 682)
רוח;(955, [200, 6, 8], 214)
ושבתי;(956, [6, 300, 2, 400, 10], 718)
אני;(957, [1, 50, 10], 61)
ואראה;(958, [6, 1, 200, 1, 5], 213)
הבל;(959, [5, 2, 30], 37)
תחת;(960, [400, 8, 400], 808)
השמש;(961, [5, 300, 40, 300], 645)
יש;(962, [10, 300], 310)
אחד;(963, [1, 8, 4], 13)
ואין;(964, [6, 1, 10, 50], 67)
שני;(965, [300, 50, 10], 360)
גם;(966, [3, 40], 43)
בן;(967, [2, 50], 52)
ואח;(968, [6, 1, 8], 15)
אין;(969, [1, 10, 50], 61)
לו;(970, [30, 6], 36)
ואין;(971, [6, 1, 10, 50], 67)
קץ;(972, [100, 90], 190)
לכל;(973, [30, 20, 30], 80)
עמלו;(974, [70, 40, 30, 6], 146)
גם;(975, [3, 40], 43)
עיניו;(976, [70, 10, 50, 10, 6], 146)
לא;(977, [30, 1], 31)
תשבע;(978, [400, 300, 2, 70], 772)
עשר;(979, [70, 300, 200], 570)
ולמי;(980, [6, 30, 40, 10], 86)
אני;(981, [1, 50, 10], 61)
עמל;(982, [70, 40, 30], 140)
ומחסר;(983, [6, 40, 8, 60, 200], 314)
את;(984, [1, 400], 401)
נפשי;(985, [50, 80, 300, 10], 440)
מטובה;(986, [40, 9, 6, 2, 5], 62)
גם;(987, [3, 40], 43)
זה;(988, [7, 5], 12)
הבל;(989, [5, 2, 30], 37)
וענין;(990, [6, 70, 50, 10, 50], 186)
רע;(991, [200, 70], 270)
הוא;(992, [5, 6, 1], 12)
טובים;(993, [9, 6, 2, 10, 40], 67)
השנים;(994, [5, 300, 50, 10, 40], 405)
מן;(995, [40, 50], 90)
האחד;(996, [5, 1, 8, 4], 18)
אשר;(997, [1, 300, 200], 501)
יש;(998, [10, 300], 310)
להם;(999, [30, 5, 40], 75)
שכר;(1000, [300, 20, 200], 520)
טוב;(1001, [9, 6, 2], 17)
בעמלם;(1002, [2, 70, 40, 30, 40], 182)
כי;(1003, [20, 10], 30)
אם;(1004, [1, 40], 41)
יפלו;(1005, [10, 80, 30, 6], 126)
האחד;(1006, [5, 1, 8, 4], 18)
יקים;(1007, [10, 100, 10, 40], 160)
את;(1008, [1, 400], 401)
חברו;(1009, [8, 2, 200, 6], 216)
ואילו;(1010, [6, 1, 10, 30, 6], 53)
האחד;(1011, [5, 1, 8, 4], 18)
שיפול;(1012, [300, 10, 80, 6, 30], 426)
ואין;(1013, [6, 1, 10, 50], 67)
שני;(1014, [300, 50, 10], 360)
להקימו;(1015, [30, 5, 100, 10, 40, 6], 191)
גם;(1016, [3, 40], 43)
אם;(1017, [1, 40], 41)
ישכבו;(1018, [10, 300, 20, 2, 6], 338)
שנים;(1019, [300, 50, 10, 40], 400)
וחם;(1020, [6, 8, 40], 54)
להם;(1021, [30, 5, 40], 75)
ולאחד;(1022, [6, 30, 1, 8, 4], 49)
איך;(1023, [1, 10, 20], 31)
יחם;(1024, [10, 8, 40], 58)
ואם;(1025, [6, 1, 40], 47)
יתקפו;(1026, [10, 400, 100, 80, 6], 596)
האחד;(1027, [5, 1, 8, 4], 18)
השנים;(1028, [5, 300, 50, 10, 40], 405)
יעמדו;(1029, [10, 70, 40, 4, 6], 130)
נגדו;(1030, [50, 3, 4, 6], 63)
והחוט;(1031, [6, 5, 8, 6, 9], 34)
המשלש;(1032, [5, 40, 300, 30, 300], 675)
לא;(1033, [30, 1], 31)
במהרה;(1034, [2, 40, 5, 200, 5], 252)
ינתק;(1035, [10, 50, 400, 100], 560)
טוב;(1036, [9, 6, 2], 17)
ילד;(1037, [10, 30, 4], 44)
מסכן;(1038, [40, 60, 20, 50], 170)
וחכם;(1039, [6, 8, 20, 40], 74)
ממלך;(1040, [40, 40, 30, 20], 130)
זקן;(1041, [7, 100, 50], 157)
וכסיל;(1042, [6, 20, 60, 10, 30], 126)
אשר;(1043, [1, 300, 200], 501)
לא;(1044, [30, 1], 31)
ידע;(1045, [10, 4, 70], 84)
להזהר;(1046, [30, 5, 7, 5, 200], 247)
עוד;(1047, [70, 6, 4], 80)
כי;(1048, [20, 10], 30)
מבית;(1049, [40, 2, 10, 400], 452)
הסורים;(1050, [5, 60, 6, 200, 10, 40], 321)
יצא;(1051, [10, 90, 1], 101)
למלך;(1052, [30, 40, 30, 20], 120)
כי;(1053, [20, 10], 30)
גם;(1054, [3, 40], 43)
במלכותו;(1055, [2, 40, 30, 20, 6, 400, 6], 504)
נולד;(1056, [50, 6, 30, 4], 90)
רש;(1057, [200, 300], 500)
ראיתי;(1058, [200, 1, 10, 400, 10], 621)
את;(1059, [1, 400], 401)
כל;(1060, [20, 30], 50)
החיים;(1061, [5, 8, 10, 10, 40], 73)
המהלכים;(1062, [5, 40, 5, 30, 20, 10, 40], 150)
תחת;(1063, [400, 8, 400], 808)
השמש;(1064, [5, 300, 40, 300], 645)
עם;(1065, [70, 40], 110)
הילד;(1066, [5, 10, 30, 4], 49)
השני;(1067, [5, 300, 50, 10], 365)
אשר;(1068, [1, 300, 200], 501)
יעמד;(1069, [10, 70, 40, 4], 124)
תחתיו;(1070, [400, 8, 400, 10, 6], 824)
אין;(1071, [1, 10, 50], 61)
קץ;(1072, [100, 90], 190)
לכל;(1073, [30, 20, 30], 80)
העם;(1074, [5, 70, 40], 115)
לכל;(1075, [30, 20, 30], 80)
אשר;(1076, [1, 300, 200], 501)
היה;(1077, [5, 10, 5], 20)
לפניהם;(1078, [30, 80, 50, 10, 5, 40], 215)
גם;(1079, [3, 40], 43)
האחרונים;(1080, [5, 1, 8, 200, 6, 50, 10, 40], 320)
לא;(1081, [30, 1], 31)
ישמחו;(1082, [10, 300, 40, 8, 6], 364)
בו;(1083, [2, 6], 8)
כי;(1084, [20, 10], 30)
גם;(1085, [3, 40], 43)
זה;(1086, [7, 5], 12)
הבל;(1087, [5, 2, 30], 37)
ורעיון;(1088, [6, 200, 70, 10, 6, 50], 342)
רוח;(1089, [200, 6, 8], 214)
שמר;(1090, [300, 40, 200], 540)
רגליך;(1091, [200, 3, 30, 10, 20], 263)
כאשר;(1092, [20, 1, 300, 200], 521)
תלך;(1093, [400, 30, 20], 450)
אל;(1094, [1, 30], 31)
בית;(1095, [2, 10, 400], 412)
האלהים;(1096, [5, 1, 30, 5, 10, 40], 91)
וקרוב;(1097, [6, 100, 200, 6, 2], 314)
לשמע;(1098, [30, 300, 40, 70], 440)
מתת;(1099, [40, 400, 400], 840)
הכסילים;(1100, [5, 20, 60, 10, 30, 10, 40], 175)
זבח;(1101, [7, 2, 8], 17)
כי;(1102, [20, 10], 30)
אינם;(1103, [1, 10, 50, 40], 101)
יודעים;(1104, [10, 6, 4, 70, 10, 40], 140)
לעשות;(1105, [30, 70, 300, 6, 400], 806)
רע;(1106, [200, 70], 270)
אל;(1107, [1, 30], 31)
תבהל;(1108, [400, 2, 5, 30], 437)
על;(1109, [70, 30], 100)
פיך;(1110, [80, 10, 20], 110)
ולבך;(1111, [6, 30, 2, 20], 58)
אל;(1112, [1, 30], 31)
ימהר;(1113, [10, 40, 5, 200], 255)
להוציא;(1114, [30, 5, 6, 90, 10, 1], 142)
דבר;(1115, [4, 2, 200], 206)
לפני;(1116, [30, 80, 50, 10], 170)
האלהים;(1117, [5, 1, 30, 5, 10, 40], 91)
כי;(1118, [20, 10], 30)
האלהים;(1119, [5, 1, 30, 5, 10, 40], 91)
בשמים;(1120, [2, 300, 40, 10, 40], 392)
ואתה;(1121, [6, 1, 400, 5], 412)
על;(1122, [70, 30], 100)
הארץ;(1123, [5, 1, 200, 90], 296)
על;(1124, [70, 30], 100)
כן;(1125, [20, 50], 70)
יהיו;(1126, [10, 5, 10, 6], 31)
דבריך;(1127, [4, 2, 200, 10, 20], 236)
מעטים;(1128, [40, 70, 9, 10, 40], 169)
כי;(1129, [20, 10], 30)
בא;(1130, [2, 1], 3)
החלום;(1131, [5, 8, 30, 6, 40], 89)
ברב;(1132, [2, 200, 2], 204)
ענין;(1133, [70, 50, 10, 50], 180)
וקול;(1134, [6, 100, 6, 30], 142)
כסיל;(1135, [20, 60, 10, 30], 120)
ברב;(1136, [2, 200, 2], 204)
דברים;(1137, [4, 2, 200, 10, 40], 256)
כאשר;(1138, [20, 1, 300, 200], 521)
תדר;(1139, [400, 4, 200], 604)
נדר;(1140, [50, 4, 200], 254)
לאלהים;(1141, [30, 1, 30, 5, 10, 40], 116)
אל;(1142, [1, 30], 31)
תאחר;(1143, [400, 1, 8, 200], 609)
לשלמו;(1144, [30, 300, 30, 40, 6], 406)
כי;(1145, [20, 10], 30)
אין;(1146, [1, 10, 50], 61)
חפץ;(1147, [8, 80, 90], 178)
בכסילים;(1148, [2, 20, 60, 10, 30, 10, 40], 172)
את;(1149, [1, 400], 401)
אשר;(1150, [1, 300, 200], 501)
תדר;(1151, [400, 4, 200], 604)
שלם;(1152, [300, 30, 40], 370)
טוב;(1153, [9, 6, 2], 17)
אשר;(1154, [1, 300, 200], 501)
לא;(1155, [30, 1], 31)
תדר;(1156, [400, 4, 200], 604)
משתדור;(1157, [40, 300, 400, 4, 6, 200], 950)
ולא;(1158, [6, 30, 1], 37)
תשלם;(1159, [400, 300, 30, 40], 770)
אל;(1160, [1, 30], 31)
תתן;(1161, [400, 400, 50], 850)
את;(1162, [1, 400], 401)
פיך;(1163, [80, 10, 20], 110)
לחטיא;(1164, [30, 8, 9, 10, 1], 58)
את;(1165, [1, 400], 401)
בשרך;(1166, [2, 300, 200, 20], 522)
ואל;(1167, [6, 1, 30], 37)
תאמר;(1168, [400, 1, 40, 200], 641)
לפני;(1169, [30, 80, 50, 10], 170)
המלאך;(1170, [5, 40, 30, 1, 20], 96)
כי;(1171, [20, 10], 30)
שגגה;(1172, [300, 3, 3, 5], 311)
היא;(1173, [5, 10, 1], 16)
למה;(1174, [30, 40, 5], 75)
יקצף;(1175, [10, 100, 90, 80], 280)
האלהים;(1176, [5, 1, 30, 5, 10, 40], 91)
על;(1177, [70, 30], 100)
קולך;(1178, [100, 6, 30, 20], 156)
וחבל;(1179, [6, 8, 2, 30], 46)
את;(1180, [1, 400], 401)
מעשה;(1181, [40, 70, 300, 5], 415)
ידיך;(1182, [10, 4, 10, 20], 44)
כי;(1183, [20, 10], 30)
ברב;(1184, [2, 200, 2], 204)
חלמות;(1185, [8, 30, 40, 6, 400], 484)
והבלים;(1186, [6, 5, 2, 30, 10, 40], 93)
ודברים;(1187, [6, 4, 2, 200, 10, 40], 262)
הרבה;(1188, [5, 200, 2, 5], 212)
כי;(1189, [20, 10], 30)
את;(1190, [1, 400], 401)
האלהים;(1191, [5, 1, 30, 5, 10, 40], 91)
ירא;(1192, [10, 200, 1], 211)
אם;(1193, [1, 40], 41)
עשק;(1194, [70, 300, 100], 470)
רש;(1195, [200, 300], 500)
וגזל;(1196, [6, 3, 7, 30], 46)
משפט;(1197, [40, 300, 80, 9], 429)
וצדק;(1198, [6, 90, 4, 100], 200)
תראה;(1199, [400, 200, 1, 5], 606)
במדינה;(1200, [2, 40, 4, 10, 50, 5], 111)
אל;(1201, [1, 30], 31)
תתמה;(1202, [400, 400, 40, 5], 845)
על;(1203, [70, 30], 100)
החפץ;(1204, [5, 8, 80, 90], 183)
כי;(1205, [20, 10], 30)
גבה;(1206, [3, 2, 5], 10)
מעל;(1207, [40, 70, 30], 140)
גבה;(1208, [3, 2, 5], 10)
שמר;(1209, [300, 40, 200], 540)
וגבהים;(1210, [6, 3, 2, 5, 10, 40], 66)
עליהם;(1211, [70, 30, 10, 5, 40], 155)
ויתרון;(1212, [6, 10, 400, 200, 6, 50], 672)
ארץ;(1213, [1, 200, 90], 291)
בכל;(1214, [2, 20, 30], 52)
היא;(1215, [5, 10, 1], 16)
מלך;(1216, [40, 30, 20], 90)
לשדה;(1217, [30, 300, 4, 5], 339)
נעבד;(1218, [50, 70, 2, 4], 126)
אהב;(1219, [1, 5, 2], 8)
כסף;(1220, [20, 60, 80], 160)
לא;(1221, [30, 1], 31)
ישבע;(1222, [10, 300, 2, 70], 382)
כסף;(1223, [20, 60, 80], 160)
ומי;(1224, [6, 40, 10], 56)
אהב;(1225, [1, 5, 2], 8)
בהמון;(1226, [2, 5, 40, 6, 50], 103)
לא;(1227, [30, 1], 31)
תבואה;(1228, [400, 2, 6, 1, 5], 414)
גם;(1229, [3, 40], 43)
זה;(1230, [7, 5], 12)
הבל;(1231, [5, 2, 30], 37)
ברבות;(1232, [2, 200, 2, 6, 400], 610)
הטובה;(1233, [5, 9, 6, 2, 5], 27)
רבו;(1234, [200, 2, 6], 208)
אוכליה;(1235, [1, 6, 20, 30, 10, 5], 72)
ומה;(1236, [6, 40, 5], 51)
כשרון;(1237, [20, 300, 200, 6, 50], 576)
לבעליה;(1238, [30, 2, 70, 30, 10, 5], 147)
כי;(1239, [20, 10], 30)
אם;(1240, [1, 40], 41)
ראית;(1241, [200, 1, 10, 400], 611)
עיניו;(1242, [70, 10, 50, 10, 6], 146)
מתוקה;(1243, [40, 400, 6, 100, 5], 551)
שנת;(1244, [300, 50, 400], 750)
העבד;(1245, [5, 70, 2, 4], 81)
אם;(1246, [1, 40], 41)
מעט;(1247, [40, 70, 9], 119)
ואם;(1248, [6, 1, 40], 47)
הרבה;(1249, [5, 200, 2, 5], 212)
יאכל;(1250, [10, 1, 20, 30], 61)
והשבע;(1251, [6, 5, 300, 2, 70], 383)
לעשיר;(1252, [30, 70, 300, 10, 200], 610)
איננו;(1253, [1, 10, 50, 50, 6], 117)
מניח;(1254, [40, 50, 10, 8], 108)
לו;(1255, [30, 6], 36)
לישון;(1256, [30, 10, 300, 6, 50], 396)
יש;(1257, [10, 300], 310)
רעה;(1258, [200, 70, 5], 275)
חולה;(1259, [8, 6, 30, 5], 49)
ראיתי;(1260, [200, 1, 10, 400, 10], 621)
תחת;(1261, [400, 8, 400], 808)
השמש;(1262, [5, 300, 40, 300], 645)
עשר;(1263, [70, 300, 200], 570)
שמור;(1264, [300, 40, 6, 200], 546)
לבעליו;(1265, [30, 2, 70, 30, 10, 6], 148)
לרעתו;(1266, [30, 200, 70, 400, 6], 706)
ואבד;(1267, [6, 1, 2, 4], 13)
העשר;(1268, [5, 70, 300, 200], 575)
ההוא;(1269, [5, 5, 6, 1], 17)
בענין;(1270, [2, 70, 50, 10, 50], 182)
רע;(1271, [200, 70], 270)
והוליד;(1272, [6, 5, 6, 30, 10, 4], 61)
בן;(1273, [2, 50], 52)
ואין;(1274, [6, 1, 10, 50], 67)
בידו;(1275, [2, 10, 4, 6], 22)
מאומה;(1276, [40, 1, 6, 40, 5], 92)
כאשר;(1277, [20, 1, 300, 200], 521)
יצא;(1278, [10, 90, 1], 101)
מבטן;(1279, [40, 2, 9, 50], 101)
אמו;(1280, [1, 40, 6], 47)
ערום;(1281, [70, 200, 6, 40], 316)
ישוב;(1282, [10, 300, 6, 2], 318)
ללכת;(1283, [30, 30, 20, 400], 480)
כשבא;(1284, [20, 300, 2, 1], 323)
ומאומה;(1285, [6, 40, 1, 6, 40, 5], 98)
לא;(1286, [30, 1], 31)
ישא;(1287, [10, 300, 1], 311)
בעמלו;(1288, [2, 70, 40, 30, 6], 148)
שילך;(1289, [300, 10, 30, 20], 360)
בידו;(1290, [2, 10, 4, 6], 22)
וגם;(1291, [6, 3, 40], 49)
זה;(1292, [7, 5], 12)
רעה;(1293, [200, 70, 5], 275)
חולה;(1294, [8, 6, 30, 5], 49)
כל;(1295, [20, 30], 50)
עמת;(1296, [70, 40, 400], 510)
שבא;(1297, [300, 2, 1], 303)
כן;(1298, [20, 50], 70)
ילך;(1299, [10, 30, 20], 60)
ומה;(1300, [6, 40, 5], 51)
יתרון;(1301, [10, 400, 200, 6, 50], 666)
לו;(1302, [30, 6], 36)
שיעמל;(1303, [300, 10, 70, 40, 30], 450)
לרוח;(1304, [30, 200, 6, 8], 244)
גם;(1305, [3, 40], 43)
כל;(1306, [20, 30], 50)
ימיו;(1307, [10, 40, 10, 6], 66)
בחשך;(1308, [2, 8, 300, 20], 330)
יאכל;(1309, [10, 1, 20, 30], 61)
וכעס;(1310, [6, 20, 70, 60], 156)
הרבה;(1311, [5, 200, 2, 5], 212)
וחליו;(1312, [6, 8, 30, 10, 6], 60)
וקצף;(1313, [6, 100, 90, 80], 276)
הנה;(1314, [5, 50, 5], 60)
אשר;(1315, [1, 300, 200], 501)
ראיתי;(1316, [200, 1, 10, 400, 10], 621)
אני;(1317, [1, 50, 10], 61)
טוב;(1318, [9, 6, 2], 17)
אשר;(1319, [1, 300, 200], 501)
יפה;(1320, [10, 80, 5], 95)
לאכול;(1321, [30, 1, 20, 6, 30], 87)
ולשתות;(1322, [6, 30, 300, 400, 6, 400], 1142)
ולראות;(1323, [6, 30, 200, 1, 6, 400], 643)
טובה;(1324, [9, 6, 2, 5], 22)
בכל;(1325, [2, 20, 30], 52)
עמלו;(1326, [70, 40, 30, 6], 146)
שיעמל;(1327, [300, 10, 70, 40, 30], 450)
תחת;(1328, [400, 8, 400], 808)
השמש;(1329, [5, 300, 40, 300], 645)
מספר;(1330, [40, 60, 80, 200], 380)
ימי;(1331, [10, 40, 10], 60)
חיו;(1332, [8, 10, 6], 24)
אשר;(1333, [1, 300, 200], 501)
נתן;(1334, [50, 400, 50], 500)
לו;(1335, [30, 6], 36)
האלהים;(1336, [5, 1, 30, 5, 10, 40], 91)
כי;(1337, [20, 10], 30)
הוא;(1338, [5, 6, 1], 12)
חלקו;(1339, [8, 30, 100, 6], 144)
גם;(1340, [3, 40], 43)
כל;(1341, [20, 30], 50)
האדם;(1342, [5, 1, 4, 40], 50)
אשר;(1343, [1, 300, 200], 501)
נתן;(1344, [50, 400, 50], 500)
לו;(1345, [30, 6], 36)
האלהים;(1346, [5, 1, 30, 5, 10, 40], 91)
עשר;(1347, [70, 300, 200], 570)
ונכסים;(1348, [6, 50, 20, 60, 10, 40], 186)
והשליטו;(1349, [6, 5, 300, 30, 10, 9, 6], 366)
לאכל;(1350, [30, 1, 20, 30], 81)
ממנו;(1351, [40, 40, 50, 6], 136)
ולשאת;(1352, [6, 30, 300, 1, 400], 737)
את;(1353, [1, 400], 401)
חלקו;(1354, [8, 30, 100, 6], 144)
ולשמח;(1355, [6, 30, 300, 40, 8], 384)
בעמלו;(1356, [2, 70, 40, 30, 6], 148)
זה;(1357, [7, 5], 12)
מתת;(1358, [40, 400, 400], 840)
אלהים;(1359, [1, 30, 5, 10, 40], 86)
היא;(1360, [5, 10, 1], 16)
כי;(1361, [20, 10], 30)
לא;(1362, [30, 1], 31)
הרבה;(1363, [5, 200, 2, 5], 212)
יזכר;(1364, [10, 7, 20, 200], 237)
את;(1365, [1, 400], 401)
ימי;(1366, [10, 40, 10], 60)
חייו;(1367, [8, 10, 10, 6], 34)
כי;(1368, [20, 10], 30)
האלהים;(1369, [5, 1, 30, 5, 10, 40], 91)
מענה;(1370, [40, 70, 50, 5], 165)
בשמחת;(1371, [2, 300, 40, 8, 400], 750)
לבו;(1372, [30, 2, 6], 38)
יש;(1373, [10, 300], 310)
רעה;(1374, [200, 70, 5], 275)
אשר;(1375, [1, 300, 200], 501)
ראיתי;(1376, [200, 1, 10, 400, 10], 621)
תחת;(1377, [400, 8, 400], 808)
השמש;(1378, [5, 300, 40, 300], 645)
ורבה;(1379, [6, 200, 2, 5], 213)
היא;(1380, [5, 10, 1], 16)
על;(1381, [70, 30], 100)
האדם;(1382, [5, 1, 4, 40], 50)
איש;(1383, [1, 10, 300], 311)
אשר;(1384, [1, 300, 200], 501)
יתן;(1385, [10, 400, 50], 460)
לו;(1386, [30, 6], 36)
האלהים;(1387, [5, 1, 30, 5, 10, 40], 91)
עשר;(1388, [70, 300, 200], 570)
ונכסים;(1389, [6, 50, 20, 60, 10, 40], 186)
וכבוד;(1390, [6, 20, 2, 6, 4], 38)
ואיננו;(1391, [6, 1, 10, 50, 50, 6], 123)
חסר;(1392, [8, 60, 200], 268)
לנפשו;(1393, [30, 50, 80, 300, 6], 466)
מכל;(1394, [40, 20, 30], 90)
אשר;(1395, [1, 300, 200], 501)
יתאוה;(1396, [10, 400, 1, 6, 5], 422)
ולא;(1397, [6, 30, 1], 37)
ישליטנו;(1398, [10, 300, 30, 10, 9, 50, 6], 415)
האלהים;(1399, [5, 1, 30, 5, 10, 40], 91)
לאכל;(1400, [30, 1, 20, 30], 81)
ממנו;(1401, [40, 40, 50, 6], 136)
כי;(1402, [20, 10], 30)
איש;(1403, [1, 10, 300], 311)
נכרי;(1404, [50, 20, 200, 10], 280)
יאכלנו;(1405, [10, 1, 20, 30, 50, 6], 117)
זה;(1406, [7, 5], 12)
הבל;(1407, [5, 2, 30], 37)
וחלי;(1408, [6, 8, 30, 10], 54)
רע;(1409, [200, 70], 270)
הוא;(1410, [5, 6, 1], 12)
אם;(1411, [1, 40], 41)
יוליד;(1412, [10, 6, 30, 10, 4], 60)
איש;(1413, [1, 10, 300], 311)
מאה;(1414, [40, 1, 5], 46)
ושנים;(1415, [6, 300, 50, 10, 40], 406)
רבות;(1416, [200, 2, 6, 400], 608)
יחיה;(1417, [10, 8, 10, 5], 33)
ורב;(1418, [6, 200, 2], 208)
שיהיו;(1419, [300, 10, 5, 10, 6], 331)
ימי;(1420, [10, 40, 10], 60)
שניו;(1421, [300, 50, 10, 6], 366)
ונפשו;(1422, [6, 50, 80, 300, 6], 442)
לא;(1423, [30, 1], 31)
תשבע;(1424, [400, 300, 2, 70], 772)
מן;(1425, [40, 50], 90)
הטובה;(1426, [5, 9, 6, 2, 5], 27)
וגם;(1427, [6, 3, 40], 49)
קבורה;(1428, [100, 2, 6, 200, 5], 313)
לא;(1429, [30, 1], 31)
היתה;(1430, [5, 10, 400, 5], 420)
לו;(1431, [30, 6], 36)
אמרתי;(1432, [1, 40, 200, 400, 10], 651)
טוב;(1433, [9, 6, 2], 17)
ממנו;(1434, [40, 40, 50, 6], 136)
הנפל;(1435, [5, 50, 80, 30], 165)
כי;(1436, [20, 10], 30)
בהבל;(1437, [2, 5, 2, 30], 39)
בא;(1438, [2, 1], 3)
ובחשך;(1439, [6, 2, 8, 300, 20], 336)
ילך;(1440, [10, 30, 20], 60)
ובחשך;(1441, [6, 2, 8, 300, 20], 336)
שמו;(1442, [300, 40, 6], 346)
יכסה;(1443, [10, 20, 60, 5], 95)
גם;(1444, [3, 40], 43)
שמש;(1445, [300, 40, 300], 640)
לא;(1446, [30, 1], 31)
ראה;(1447, [200, 1, 5], 206)
ולא;(1448, [6, 30, 1], 37)
ידע;(1449, [10, 4, 70], 84)
נחת;(1450, [50, 8, 400], 458)
לזה;(1451, [30, 7, 5], 42)
מזה;(1452, [40, 7, 5], 52)
ואלו;(1453, [6, 1, 30, 6], 43)
חיה;(1454, [8, 10, 5], 23)
אלף;(1455, [1, 30, 80], 111)
שנים;(1456, [300, 50, 10, 40], 400)
פעמים;(1457, [80, 70, 40, 10, 40], 240)
וטובה;(1458, [6, 9, 6, 2, 5], 28)
לא;(1459, [30, 1], 31)
ראה;(1460, [200, 1, 5], 206)
הלא;(1461, [5, 30, 1], 36)
אל;(1462, [1, 30], 31)
מקום;(1463, [40, 100, 6, 40], 186)
אחד;(1464, [1, 8, 4], 13)
הכל;(1465, [5, 20, 30], 55)
הולך;(1466, [5, 6, 30, 20], 61)
כל;(1467, [20, 30], 50)
עמל;(1468, [70, 40, 30], 140)
האדם;(1469, [5, 1, 4, 40], 50)
לפיהו;(1470, [30, 80, 10, 5, 6], 131)
וגם;(1471, [6, 3, 40], 49)
הנפש;(1472, [5, 50, 80, 300], 435)
לא;(1473, [30, 1], 31)
תמלא;(1474, [400, 40, 30, 1], 471)
כי;(1475, [20, 10], 30)
מה;(1476, [40, 5], 45)
יותר;(1477, [10, 6, 400, 200], 616)
לחכם;(1478, [30, 8, 20, 40], 98)
מן;(1479, [40, 50], 90)
הכסיל;(1480, [5, 20, 60, 10, 30], 125)
מה;(1481, [40, 5], 45)
לעני;(1482, [30, 70, 50, 10], 160)
יודע;(1483, [10, 6, 4, 70], 90)
להלך;(1484, [30, 5, 30, 20], 85)
נגד;(1485, [50, 3, 4], 57)
החיים;(1486, [5, 8, 10, 10, 40], 73)
טוב;(1487, [9, 6, 2], 17)
מראה;(1488, [40, 200, 1, 5], 246)
עינים;(1489, [70, 10, 50, 10, 40], 180)
מהלך;(1490, [40, 5, 30, 20], 95)
נפש;(1491, [50, 80, 300], 430)
גם;(1492, [3, 40], 43)
זה;(1493, [7, 5], 12)
הבל;(1494, [5, 2, 30], 37)
ורעות;(1495, [6, 200, 70, 6, 400], 682)
רוח;(1496, [200, 6, 8], 214)
מה;(1497, [40, 5], 45)
שהיה;(1498, [300, 5, 10, 5], 320)
כבר;(1499, [20, 2, 200], 222)
נקרא;(1500, [50, 100, 200, 1], 351)
שמו;(1501, [300, 40, 6], 346)
ונודע;(1502, [6, 50, 6, 4, 70], 136)
אשר;(1503, [1, 300, 200], 501)
הוא;(1504, [5, 6, 1], 12)
אדם;(1505, [1, 4, 40], 45)
ולא;(1506, [6, 30, 1], 37)
יוכל;(1507, [10, 6, 20, 30], 66)
לדין;(1508, [30, 4, 10, 50], 94)
עם;(1509, [70, 40], 110)
שהתקיף;(1510, [300, 5, 400, 100, 10, 80], 895)
ממנו;(1511, [40, 40, 50, 6], 136)
כי;(1512, [20, 10], 30)
יש;(1513, [10, 300], 310)
דברים;(1514, [4, 2, 200, 10, 40], 256)
הרבה;(1515, [5, 200, 2, 5], 212)
מרבים;(1516, [40, 200, 2, 10, 40], 292)
הבל;(1517, [5, 2, 30], 37)
מה;(1518, [40, 5], 45)
יתר;(1519, [10, 400, 200], 610)
לאדם;(1520, [30, 1, 4, 40], 75)
כי;(1521, [20, 10], 30)
מי;(1522, [40, 10], 50)
יודע;(1523, [10, 6, 4, 70], 90)
מה;(1524, [40, 5], 45)
טוב;(1525, [9, 6, 2], 17)
לאדם;(1526, [30, 1, 4, 40], 75)
בחיים;(1527, [2, 8, 10, 10, 40], 70)
מספר;(1528, [40, 60, 80, 200], 380)
ימי;(1529, [10, 40, 10], 60)
חיי;(1530, [8, 10, 10], 28)
הבלו;(1531, [5, 2, 30, 6], 43)
ויעשם;(1532, [6, 10, 70, 300, 40], 426)
כצל;(1533, [20, 90, 30], 140)
אשר;(1534, [1, 300, 200], 501)
מי;(1535, [40, 10], 50)
יגיד;(1536, [10, 3, 10, 4], 27)
לאדם;(1537, [30, 1, 4, 40], 75)
מה;(1538, [40, 5], 45)
יהיה;(1539, [10, 5, 10, 5], 30)
אחריו;(1540, [1, 8, 200, 10, 6], 225)
תחת;(1541, [400, 8, 400], 808)
השמש;(1542, [5, 300, 40, 300], 645)
טוב;(1543, [9, 6, 2], 17)
שם;(1544, [300, 40], 340)
משמן;(1545, [40, 300, 40, 50], 430)
טוב;(1546, [9, 6, 2], 17)
ויום;(1547, [6, 10, 6, 40], 62)
המות;(1548, [5, 40, 6, 400], 451)
מיום;(1549, [40, 10, 6, 40], 96)
הולדו;(1550, [5, 6, 30, 4, 6], 51)
טוב;(1551, [9, 6, 2], 17)
ללכת;(1552, [30, 30, 20, 400], 480)
אל;(1553, [1, 30], 31)
בית;(1554, [2, 10, 400], 412)
אבל;(1555, [1, 2, 30], 33)
מלכת;(1556, [40, 30, 20, 400], 490)
אל;(1557, [1, 30], 31)
בית;(1558, [2, 10, 400], 412)
משתה;(1559, [40, 300, 400, 5], 745)
באשר;(1560, [2, 1, 300, 200], 503)
הוא;(1561, [5, 6, 1], 12)
סוף;(1562, [60, 6, 80], 146)
כל;(1563, [20, 30], 50)
האדם;(1564, [5, 1, 4, 40], 50)
והחי;(1565, [6, 5, 8, 10], 29)
יתן;(1566, [10, 400, 50], 460)
אל;(1567, [1, 30], 31)
לבו;(1568, [30, 2, 6], 38)
טוב;(1569, [9, 6, 2], 17)
כעס;(1570, [20, 70, 60], 150)
משחק;(1571, [40, 300, 8, 100], 448)
כי;(1572, [20, 10], 30)
ברע;(1573, [2, 200, 70], 272)
פנים;(1574, [80, 50, 10, 40], 180)
ייטב;(1575, [10, 10, 9, 2], 31)
לב;(1576, [30, 2], 32)
לב;(1577, [30, 2], 32)
חכמים;(1578, [8, 20, 40, 10, 40], 118)
בבית;(1579, [2, 2, 10, 400], 414)
אבל;(1580, [1, 2, 30], 33)
ולב;(1581, [6, 30, 2], 38)
כסילים;(1582, [20, 60, 10, 30, 10, 40], 170)
בבית;(1583, [2, 2, 10, 400], 414)
שמחה;(1584, [300, 40, 8, 5], 353)
טוב;(1585, [9, 6, 2], 17)
לשמע;(1586, [30, 300, 40, 70], 440)
גערת;(1587, [3, 70, 200, 400], 673)
חכם;(1588, [8, 20, 40], 68)
מאיש;(1589, [40, 1, 10, 300], 351)
שמע;(1590, [300, 40, 70], 410)
שיר;(1591, [300, 10, 200], 510)
כסילים;(1592, [20, 60, 10, 30, 10, 40], 170)
כי;(1593, [20, 10], 30)
כקול;(1594, [20, 100, 6, 30], 156)
הסירים;(1595, [5, 60, 10, 200, 10, 40], 325)
תחת;(1596, [400, 8, 400], 808)
הסיר;(1597, [5, 60, 10, 200], 275)
כן;(1598, [20, 50], 70)
שחק;(1599, [300, 8, 100], 408)
הכסיל;(1600, [5, 20, 60, 10, 30], 125)
וגם;(1601, [6, 3, 40], 49)
זה;(1602, [7, 5], 12)
הבל;(1603, [5, 2, 30], 37)
כי;(1604, [20, 10], 30)
העשק;(1605, [5, 70, 300, 100], 475)
יהולל;(1606, [10, 5, 6, 30, 30], 81)
חכם;(1607, [8, 20, 40], 68)
ויאבד;(1608, [6, 10, 1, 2, 4], 23)
את;(1609, [1, 400], 401)
לב;(1610, [30, 2], 32)
מתנה;(1611, [40, 400, 50, 5], 495)
טוב;(1612, [9, 6, 2], 17)
אחרית;(1613, [1, 8, 200, 10, 400], 619)
דבר;(1614, [4, 2, 200], 206)
מראשיתו;(1615, [40, 200, 1, 300, 10, 400, 6], 957)
טוב;(1616, [9, 6, 2], 17)
ארך;(1617, [1, 200, 20], 221)
רוח;(1618, [200, 6, 8], 214)
מגבה;(1619, [40, 3, 2, 5], 50)
רוח;(1620, [200, 6, 8], 214)
אל;(1621, [1, 30], 31)
תבהל;(1622, [400, 2, 5, 30], 437)
ברוחך;(1623, [2, 200, 6, 8, 20], 236)
לכעוס;(1624, [30, 20, 70, 6, 60], 186)
כי;(1625, [20, 10], 30)
כעס;(1626, [20, 70, 60], 150)
בחיק;(1627, [2, 8, 10, 100], 120)
כסילים;(1628, [20, 60, 10, 30, 10, 40], 170)
ינוח;(1629, [10, 50, 6, 8], 74)
אל;(1630, [1, 30], 31)
תאמר;(1631, [400, 1, 40, 200], 641)
מה;(1632, [40, 5], 45)
היה;(1633, [5, 10, 5], 20)
שהימים;(1634, [300, 5, 10, 40, 10, 40], 405)
הראשנים;(1635, [5, 200, 1, 300, 50, 10, 40], 606)
היו;(1636, [5, 10, 6], 21)
טובים;(1637, [9, 6, 2, 10, 40], 67)
מאלה;(1638, [40, 1, 30, 5], 76)
כי;(1639, [20, 10], 30)
לא;(1640, [30, 1], 31)
מחכמה;(1641, [40, 8, 20, 40, 5], 113)
שאלת;(1642, [300, 1, 30, 400], 731)
על;(1643, [70, 30], 100)
זה;(1644, [7, 5], 12)
טובה;(1645, [9, 6, 2, 5], 22)
חכמה;(1646, [8, 20, 40, 5], 73)
עם;(1647, [70, 40], 110)
נחלה;(1648, [50, 8, 30, 5], 93)
ויתר;(1649, [6, 10, 400, 200], 616)
לראי;(1650, [30, 200, 1, 10], 241)
השמש;(1651, [5, 300, 40, 300], 645)
כי;(1652, [20, 10], 30)
בצל;(1653, [2, 90, 30], 122)
החכמה;(1654, [5, 8, 20, 40, 5], 78)
בצל;(1655, [2, 90, 30], 122)
הכסף;(1656, [5, 20, 60, 80], 165)
ויתרון;(1657, [6, 10, 400, 200, 6, 50], 672)
דעת;(1658, [4, 70, 400], 474)
החכמה;(1659, [5, 8, 20, 40, 5], 78)
תחיה;(1660, [400, 8, 10, 5], 423)
בעליה;(1661, [2, 70, 30, 10, 5], 117)
ראה;(1662, [200, 1, 5], 206)
את;(1663, [1, 400], 401)
מעשה;(1664, [40, 70, 300, 5], 415)
האלהים;(1665, [5, 1, 30, 5, 10, 40], 91)
כי;(1666, [20, 10], 30)
מי;(1667, [40, 10], 50)
יוכל;(1668, [10, 6, 20, 30], 66)
לתקן;(1669, [30, 400, 100, 50], 580)
את;(1670, [1, 400], 401)
אשר;(1671, [1, 300, 200], 501)
עותו;(1672, [70, 6, 400, 6], 482)
ביום;(1673, [2, 10, 6, 40], 58)
טובה;(1674, [9, 6, 2, 5], 22)
היה;(1675, [5, 10, 5], 20)
בטוב;(1676, [2, 9, 6, 2], 19)
וביום;(1677, [6, 2, 10, 6, 40], 64)
רעה;(1678, [200, 70, 5], 275)
ראה;(1679, [200, 1, 5], 206)
גם;(1680, [3, 40], 43)
את;(1681, [1, 400], 401)
זה;(1682, [7, 5], 12)
לעמת;(1683, [30, 70, 40, 400], 540)
זה;(1684, [7, 5], 12)
עשה;(1685, [70, 300, 5], 375)
האלהים;(1686, [5, 1, 30, 5, 10, 40], 91)
על;(1687, [70, 30], 100)
דברת;(1688, [4, 2, 200, 400], 606)
שלא;(1689, [300, 30, 1], 331)
ימצא;(1690, [10, 40, 90, 1], 141)
האדם;(1691, [5, 1, 4, 40], 50)
אחריו;(1692, [1, 8, 200, 10, 6], 225)
מאומה;(1693, [40, 1, 6, 40, 5], 92)
את;(1694, [1, 400], 401)
הכל;(1695, [5, 20, 30], 55)
ראיתי;(1696, [200, 1, 10, 400, 10], 621)
בימי;(1697, [2, 10, 40, 10], 62)
הבלי;(1698, [5, 2, 30, 10], 47)
יש;(1699, [10, 300], 310)
צדיק;(1700, [90, 4, 10, 100], 204)
אבד;(1701, [1, 2, 4], 7)
בצדקו;(1702, [2, 90, 4, 100, 6], 202)
ויש;(1703, [6, 10, 300], 316)
רשע;(1704, [200, 300, 70], 570)
מאריך;(1705, [40, 1, 200, 10, 20], 271)
ברעתו;(1706, [2, 200, 70, 400, 6], 678)
אל;(1707, [1, 30], 31)
תהי;(1708, [400, 5, 10], 415)
צדיק;(1709, [90, 4, 10, 100], 204)
הרבה;(1710, [5, 200, 2, 5], 212)
ואל;(1711, [6, 1, 30], 37)
תתחכם;(1712, [400, 400, 8, 20, 40], 868)
יותר;(1713, [10, 6, 400, 200], 616)
למה;(1714, [30, 40, 5], 75)
תשומם;(1715, [400, 300, 6, 40, 40], 786)
אל;(1716, [1, 30], 31)
תרשע;(1717, [400, 200, 300, 70], 970)
הרבה;(1718, [5, 200, 2, 5], 212)
ואל;(1719, [6, 1, 30], 37)
תהי;(1720, [400, 5, 10], 415)
סכל;(1721, [60, 20, 30], 110)
למה;(1722, [30, 40, 5], 75)
תמות;(1723, [400, 40, 6, 400], 846)
בלא;(1724, [2, 30, 1], 33)
עתך;(1725, [70, 400, 20], 490)
טוב;(1726, [9, 6, 2], 17)
אשר;(1727, [1, 300, 200], 501)
תאחז;(1728, [400, 1, 8, 7], 416)
בזה;(1729, [2, 7, 5], 14)
וגם;(1730, [6, 3, 40], 49)
מזה;(1731, [40, 7, 5], 52)
אל;(1732, [1, 30], 31)
תנח;(1733, [400, 50, 8], 458)
את;(1734, [1, 400], 401)
ידך;(1735, [10, 4, 20], 34)
כי;(1736, [20, 10], 30)
ירא;(1737, [10, 200, 1], 211)
אלהים;(1738, [1, 30, 5, 10, 40], 86)
יצא;(1739, [10, 90, 1], 101)
את;(1740, [1, 400], 401)
כלם;(1741, [20, 30, 40], 90)
החכמה;(1742, [5, 8, 20, 40, 5], 78)
תעז;(1743, [400, 70, 7], 477)
לחכם;(1744, [30, 8, 20, 40], 98)
מעשרה;(1745, [40, 70, 300, 200, 5], 615)
שליטים;(1746, [300, 30, 10, 9, 10, 40], 399)
אשר;(1747, [1, 300, 200], 501)
היו;(1748, [5, 10, 6], 21)
בעיר;(1749, [2, 70, 10, 200], 282)
כי;(1750, [20, 10], 30)
אדם;(1751, [1, 4, 40], 45)
אין;(1752, [1, 10, 50], 61)
צדיק;(1753, [90, 4, 10, 100], 204)
בארץ;(1754, [2, 1, 200, 90], 293)
אשר;(1755, [1, 300, 200], 501)
יעשה;(1756, [10, 70, 300, 5], 385)
טוב;(1757, [9, 6, 2], 17)
ולא;(1758, [6, 30, 1], 37)
יחטא;(1759, [10, 8, 9, 1], 28)
גם;(1760, [3, 40], 43)
לכל;(1761, [30, 20, 30], 80)
הדברים;(1762, [5, 4, 2, 200, 10, 40], 261)
אשר;(1763, [1, 300, 200], 501)
ידברו;(1764, [10, 4, 2, 200, 6], 222)
אל;(1765, [1, 30], 31)
תתן;(1766, [400, 400, 50], 850)
לבך;(1767, [30, 2, 20], 52)
אשר;(1768, [1, 300, 200], 501)
לא;(1769, [30, 1], 31)
תשמע;(1770, [400, 300, 40, 70], 810)
את;(1771, [1, 400], 401)
עבדך;(1772, [70, 2, 4, 20], 96)
מקללך;(1773, [40, 100, 30, 30, 20], 220)
כי;(1774, [20, 10], 30)
גם;(1775, [3, 40], 43)
פעמים;(1776, [80, 70, 40, 10, 40], 240)
רבות;(1777, [200, 2, 6, 400], 608)
ידע;(1778, [10, 4, 70], 84)
לבך;(1779, [30, 2, 20], 52)
אשר;(1780, [1, 300, 200], 501)
גם;(1781, [3, 40], 43)
את;(1782, [1, 400], 401)
קללת;(1783, [100, 30, 30, 400], 560)
אחרים;(1784, [1, 8, 200, 10, 40], 259)
כל;(1785, [20, 30], 50)
זה;(1786, [7, 5], 12)
נסיתי;(1787, [50, 60, 10, 400, 10], 530)
בחכמה;(1788, [2, 8, 20, 40, 5], 75)
אמרתי;(1789, [1, 40, 200, 400, 10], 651)
אחכמה;(1790, [1, 8, 20, 40, 5], 74)
והיא;(1791, [6, 5, 10, 1], 22)
רחוקה;(1792, [200, 8, 6, 100, 5], 319)
ממני;(1793, [40, 40, 50, 10], 140)
רחוק;(1794, [200, 8, 6, 100], 314)
מה;(1795, [40, 5], 45)
שהיה;(1796, [300, 5, 10, 5], 320)
ועמק;(1797, [6, 70, 40, 100], 216)
עמק;(1798, [70, 40, 100], 210)
מי;(1799, [40, 10], 50)
ימצאנו;(1800, [10, 40, 90, 1, 50, 6], 197)
סבותי;(1801, [60, 2, 6, 400, 10], 478)
אני;(1802, [1, 50, 10], 61)
ולבי;(1803, [6, 30, 2, 10], 48)
לדעת;(1804, [30, 4, 70, 400], 504)
ולתור;(1805, [6, 30, 400, 6, 200], 642)
ובקש;(1806, [6, 2, 100, 300], 408)
חכמה;(1807, [8, 20, 40, 5], 73)
וחשבון;(1808, [6, 8, 300, 2, 6, 50], 372)
ולדעת;(1809, [6, 30, 4, 70, 400], 510)
רשע;(1810, [200, 300, 70], 570)
כסל;(1811, [20, 60, 30], 110)
והסכלות;(1812, [6, 5, 60, 20, 30, 6, 400], 527)
הוללות;(1813, [5, 6, 30, 30, 6, 400], 477)
ומוצא;(1814, [6, 40, 6, 90, 1], 143)
אני;(1815, [1, 50, 10], 61)
מר;(1816, [40, 200], 240)
ממות;(1817, [40, 40, 6, 400], 486)
את;(1818, [1, 400], 401)
האשה;(1819, [5, 1, 300, 5], 311)
אשר;(1820, [1, 300, 200], 501)
היא;(1821, [5, 10, 1], 16)
מצודים;(1822, [40, 90, 6, 4, 10, 40], 190)
וחרמים;(1823, [6, 8, 200, 40, 10, 40], 304)
לבה;(1824, [30, 2, 5], 37)
אסורים;(1825, [1, 60, 6, 200, 10, 40], 317)
ידיה;(1826, [10, 4, 10, 5], 29)
טוב;(1827, [9, 6, 2], 17)
לפני;(1828, [30, 80, 50, 10], 170)
האלהים;(1829, [5, 1, 30, 5, 10, 40], 91)
ימלט;(1830, [10, 40, 30, 9], 89)
ממנה;(1831, [40, 40, 50, 5], 135)
וחוטא;(1832, [6, 8, 6, 9, 1], 30)
ילכד;(1833, [10, 30, 20, 4], 64)
בה;(1834, [2, 5], 7)
ראה;(1835, [200, 1, 5], 206)
זה;(1836, [7, 5], 12)
מצאתי;(1837, [40, 90, 1, 400, 10], 541)
אמרה;(1838, [1, 40, 200, 5], 246)
קהלת;(1839, [100, 5, 30, 400], 535)
אחת;(1840, [1, 8, 400], 409)
לאחת;(1841, [30, 1, 8, 400], 439)
למצא;(1842, [30, 40, 90, 1], 161)
חשבון;(1843, [8, 300, 2, 6, 50], 366)
אשר;(1844, [1, 300, 200], 501)
עוד;(1845, [70, 6, 4], 80)
בקשה;(1846, [2, 100, 300, 5], 407)
נפשי;(1847, [50, 80, 300, 10], 440)
ולא;(1848, [6, 30, 1], 37)
מצאתי;(1849, [40, 90, 1, 400, 10], 541)
אדם;(1850, [1, 4, 40], 45)
אחד;(1851, [1, 8, 4], 13)
מאלף;(1852, [40, 1, 30, 80], 151)
מצאתי;(1853, [40, 90, 1, 400, 10], 541)
ואשה;(1854, [6, 1, 300, 5], 312)
בכל;(1855, [2, 20, 30], 52)
אלה;(1856, [1, 30, 5], 36)
לא;(1857, [30, 1], 31)
מצאתי;(1858, [40, 90, 1, 400, 10], 541)
לבד;(1859, [30, 2, 4], 36)
ראה;(1860, [200, 1, 5], 206)
זה;(1861, [7, 5], 12)
מצאתי;(1862, [40, 90, 1, 400, 10], 541)
אשר;(1863, [1, 300, 200], 501)
עשה;(1864, [70, 300, 5], 375)
האלהים;(1865, [5, 1, 30, 5, 10, 40], 91)
את;(1866, [1, 400], 401)
האדם;(1867, [5, 1, 4, 40], 50)
ישר;(1868, [10, 300, 200], 510)
והמה;(1869, [6, 5, 40, 5], 56)
בקשו;(1870, [2, 100, 300, 6], 408)
חשבנות;(1871, [8, 300, 2, 50, 6, 400], 766)
רבים;(1872, [200, 2, 10, 40], 252)
מי;(1873, [40, 10], 50)
כהחכם;(1874, [20, 5, 8, 20, 40], 93)
ומי;(1875, [6, 40, 10], 56)
יודע;(1876, [10, 6, 4, 70], 90)
פשר;(1877, [80, 300, 200], 580)
דבר;(1878, [4, 2, 200], 206)
חכמת;(1879, [8, 20, 40, 400], 468)
אדם;(1880, [1, 4, 40], 45)
תאיר;(1881, [400, 1, 10, 200], 611)
פניו;(1882, [80, 50, 10, 6], 146)
ועז;(1883, [6, 70, 7], 83)
פניו;(1884, [80, 50, 10, 6], 146)
ישנא;(1885, [10, 300, 50, 1], 361)
אני;(1886, [1, 50, 10], 61)
פי;(1887, [80, 10], 90)
מלך;(1888, [40, 30, 20], 90)
שמור;(1889, [300, 40, 6, 200], 546)
ועל;(1890, [6, 70, 30], 106)
דברת;(1891, [4, 2, 200, 400], 606)
שבועת;(1892, [300, 2, 6, 70, 400], 778)
אלהים;(1893, [1, 30, 5, 10, 40], 86)
אל;(1894, [1, 30], 31)
תבהל;(1895, [400, 2, 5, 30], 437)
מפניו;(1896, [40, 80, 50, 10, 6], 186)
תלך;(1897, [400, 30, 20], 450)
אל;(1898, [1, 30], 31)
תעמד;(1899, [400, 70, 40, 4], 514)
בדבר;(1900, [2, 4, 2, 200], 208)
רע;(1901, [200, 70], 270)
כי;(1902, [20, 10], 30)
כל;(1903, [20, 30], 50)
אשר;(1904, [1, 300, 200], 501)
יחפץ;(1905, [10, 8, 80, 90], 188)
יעשה;(1906, [10, 70, 300, 5], 385)
באשר;(1907, [2, 1, 300, 200], 503)
דבר;(1908, [4, 2, 200], 206)
מלך;(1909, [40, 30, 20], 90)
שלטון;(1910, [300, 30, 9, 6, 50], 395)
ומי;(1911, [6, 40, 10], 56)
יאמר;(1912, [10, 1, 40, 200], 251)
לו;(1913, [30, 6], 36)
מה;(1914, [40, 5], 45)
תעשה;(1915, [400, 70, 300, 5], 775)
שומר;(1916, [300, 6, 40, 200], 546)
מצוה;(1917, [40, 90, 6, 5], 141)
לא;(1918, [30, 1], 31)
ידע;(1919, [10, 4, 70], 84)
דבר;(1920, [4, 2, 200], 206)
רע;(1921, [200, 70], 270)
ועת;(1922, [6, 70, 400], 476)
ומשפט;(1923, [6, 40, 300, 80, 9], 435)
ידע;(1924, [10, 4, 70], 84)
לב;(1925, [30, 2], 32)
חכם;(1926, [8, 20, 40], 68)
כי;(1927, [20, 10], 30)
לכל;(1928, [30, 20, 30], 80)
חפץ;(1929, [8, 80, 90], 178)
יש;(1930, [10, 300], 310)
עת;(1931, [70, 400], 470)
ומשפט;(1932, [6, 40, 300, 80, 9], 435)
כי;(1933, [20, 10], 30)
רעת;(1934, [200, 70, 400], 670)
האדם;(1935, [5, 1, 4, 40], 50)
רבה;(1936, [200, 2, 5], 207)
עליו;(1937, [70, 30, 10, 6], 116)
כי;(1938, [20, 10], 30)
איננו;(1939, [1, 10, 50, 50, 6], 117)
ידע;(1940, [10, 4, 70], 84)
מה;(1941, [40, 5], 45)
שיהיה;(1942, [300, 10, 5, 10, 5], 330)
כי;(1943, [20, 10], 30)
כאשר;(1944, [20, 1, 300, 200], 521)
יהיה;(1945, [10, 5, 10, 5], 30)
מי;(1946, [40, 10], 50)
יגיד;(1947, [10, 3, 10, 4], 27)
לו;(1948, [30, 6], 36)
אין;(1949, [1, 10, 50], 61)
אדם;(1950, [1, 4, 40], 45)
שליט;(1951, [300, 30, 10, 9], 349)
ברוח;(1952, [2, 200, 6, 8], 216)
לכלוא;(1953, [30, 20, 30, 6, 1], 87)
את;(1954, [1, 400], 401)
הרוח;(1955, [5, 200, 6, 8], 219)
ואין;(1956, [6, 1, 10, 50], 67)
שלטון;(1957, [300, 30, 9, 6, 50], 395)
ביום;(1958, [2, 10, 6, 40], 58)
המות;(1959, [5, 40, 6, 400], 451)
ואין;(1960, [6, 1, 10, 50], 67)
משלחת;(1961, [40, 300, 30, 8, 400], 778)
במלחמה;(1962, [2, 40, 30, 8, 40, 5], 125)
ולא;(1963, [6, 30, 1], 37)
ימלט;(1964, [10, 40, 30, 9], 89)
רשע;(1965, [200, 300, 70], 570)
את;(1966, [1, 400], 401)
בעליו;(1967, [2, 70, 30, 10, 6], 118)
את;(1968, [1, 400], 401)
כל;(1969, [20, 30], 50)
זה;(1970, [7, 5], 12)
ראיתי;(1971, [200, 1, 10, 400, 10], 621)
ונתון;(1972, [6, 50, 400, 6, 50], 512)
את;(1973, [1, 400], 401)
לבי;(1974, [30, 2, 10], 42)
לכל;(1975, [30, 20, 30], 80)
מעשה;(1976, [40, 70, 300, 5], 415)
אשר;(1977, [1, 300, 200], 501)
נעשה;(1978, [50, 70, 300, 5], 425)
תחת;(1979, [400, 8, 400], 808)
השמש;(1980, [5, 300, 40, 300], 645)
עת;(1981, [70, 400], 470)
אשר;(1982, [1, 300, 200], 501)
שלט;(1983, [300, 30, 9], 339)
האדם;(1984, [5, 1, 4, 40], 50)
באדם;(1985, [2, 1, 4, 40], 47)
לרע;(1986, [30, 200, 70], 300)
לו;(1987, [30, 6], 36)
ובכן;(1988, [6, 2, 20, 50], 78)
ראיתי;(1989, [200, 1, 10, 400, 10], 621)
רשעים;(1990, [200, 300, 70, 10, 40], 620)
קברים;(1991, [100, 2, 200, 10, 40], 352)
ובאו;(1992, [6, 2, 1, 6], 15)
וממקום;(1993, [6, 40, 40, 100, 6, 40], 232)
קדוש;(1994, [100, 4, 6, 300], 410)
יהלכו;(1995, [10, 5, 30, 20, 6], 71)
וישתכחו;(1996, [6, 10, 300, 400, 20, 8, 6], 750)
בעיר;(1997, [2, 70, 10, 200], 282)
אשר;(1998, [1, 300, 200], 501)
כן;(1999, [20, 50], 70)
עשו;(2000, [70, 300, 6], 376)
גם;(2001, [3, 40], 43)
זה;(2002, [7, 5], 12)
הבל;(2003, [5, 2, 30], 37)
אשר;(2004, [1, 300, 200], 501)
אין;(2005, [1, 10, 50], 61)
נעשה;(2006, [50, 70, 300, 5], 425)
פתגם;(2007, [80, 400, 3, 40], 523)
מעשה;(2008, [40, 70, 300, 5], 415)
הרעה;(2009, [5, 200, 70, 5], 280)
מהרה;(2010, [40, 5, 200, 5], 250)
על;(2011, [70, 30], 100)
כן;(2012, [20, 50], 70)
מלא;(2013, [40, 30, 1], 71)
לב;(2014, [30, 2], 32)
בני;(2015, [2, 50, 10], 62)
האדם;(2016, [5, 1, 4, 40], 50)
בהם;(2017, [2, 5, 40], 47)
לעשות;(2018, [30, 70, 300, 6, 400], 806)
רע;(2019, [200, 70], 270)
אשר;(2020, [1, 300, 200], 501)
חטא;(2021, [8, 9, 1], 18)
עשה;(2022, [70, 300, 5], 375)
רע;(2023, [200, 70], 270)
מאת;(2024, [40, 1, 400], 441)
ומאריך;(2025, [6, 40, 1, 200, 10, 20], 277)
לו;(2026, [30, 6], 36)
כי;(2027, [20, 10], 30)
גם;(2028, [3, 40], 43)
יודע;(2029, [10, 6, 4, 70], 90)
אני;(2030, [1, 50, 10], 61)
אשר;(2031, [1, 300, 200], 501)
יהיה;(2032, [10, 5, 10, 5], 30)
טוב;(2033, [9, 6, 2], 17)
ליראי;(2034, [30, 10, 200, 1, 10], 251)
האלהים;(2035, [5, 1, 30, 5, 10, 40], 91)
אשר;(2036, [1, 300, 200], 501)
ייראו;(2037, [10, 10, 200, 1, 6], 227)
מלפניו;(2038, [40, 30, 80, 50, 10, 6], 216)
וטוב;(2039, [6, 9, 6, 2], 23)
לא;(2040, [30, 1], 31)
יהיה;(2041, [10, 5, 10, 5], 30)
לרשע;(2042, [30, 200, 300, 70], 600)
ולא;(2043, [6, 30, 1], 37)
יאריך;(2044, [10, 1, 200, 10, 20], 241)
ימים;(2045, [10, 40, 10, 40], 100)
כצל;(2046, [20, 90, 30], 140)
אשר;(2047, [1, 300, 200], 501)
איננו;(2048, [1, 10, 50, 50, 6], 117)
ירא;(2049, [10, 200, 1], 211)
מלפני;(2050, [40, 30, 80, 50, 10], 210)
אלהים;(2051, [1, 30, 5, 10, 40], 86)
יש;(2052, [10, 300], 310)
הבל;(2053, [5, 2, 30], 37)
אשר;(2054, [1, 300, 200], 501)
נעשה;(2055, [50, 70, 300, 5], 425)
על;(2056, [70, 30], 100)
הארץ;(2057, [5, 1, 200, 90], 296)
אשר;(2058, [1, 300, 200], 501)
יש;(2059, [10, 300], 310)
צדיקים;(2060, [90, 4, 10, 100, 10, 40], 254)
אשר;(2061, [1, 300, 200], 501)
מגיע;(2062, [40, 3, 10, 70], 123)
אלהם;(2063, [1, 30, 5, 40], 76)
כמעשה;(2064, [20, 40, 70, 300, 5], 435)
הרשעים;(2065, [5, 200, 300, 70, 10, 40], 625)
ויש;(2066, [6, 10, 300], 316)
רשעים;(2067, [200, 300, 70, 10, 40], 620)
שמגיע;(2068, [300, 40, 3, 10, 70], 423)
אלהם;(2069, [1, 30, 5, 40], 76)
כמעשה;(2070, [20, 40, 70, 300, 5], 435)
הצדיקים;(2071, [5, 90, 4, 10, 100, 10, 40], 259)
אמרתי;(2072, [1, 40, 200, 400, 10], 651)
שגם;(2073, [300, 3, 40], 343)
זה;(2074, [7, 5], 12)
הבל;(2075, [5, 2, 30], 37)
ושבחתי;(2076, [6, 300, 2, 8, 400, 10], 726)
אני;(2077, [1, 50, 10], 61)
את;(2078, [1, 400], 401)
השמחה;(2079, [5, 300, 40, 8, 5], 358)
אשר;(2080, [1, 300, 200], 501)
אין;(2081, [1, 10, 50], 61)
טוב;(2082, [9, 6, 2], 17)
לאדם;(2083, [30, 1, 4, 40], 75)
תחת;(2084, [400, 8, 400], 808)
השמש;(2085, [5, 300, 40, 300], 645)
כי;(2086, [20, 10], 30)
אם;(2087, [1, 40], 41)
לאכול;(2088, [30, 1, 20, 6, 30], 87)
ולשתות;(2089, [6, 30, 300, 400, 6, 400], 1142)
ולשמוח;(2090, [6, 30, 300, 40, 6, 8], 390)
והוא;(2091, [6, 5, 6, 1], 18)
ילונו;(2092, [10, 30, 6, 50, 6], 102)
בעמלו;(2093, [2, 70, 40, 30, 6], 148)
ימי;(2094, [10, 40, 10], 60)
חייו;(2095, [8, 10, 10, 6], 34)
אשר;(2096, [1, 300, 200], 501)
נתן;(2097, [50, 400, 50], 500)
לו;(2098, [30, 6], 36)
האלהים;(2099, [5, 1, 30, 5, 10, 40], 91)
תחת;(2100, [400, 8, 400], 808)
השמש;(2101, [5, 300, 40, 300], 645)
כאשר;(2102, [20, 1, 300, 200], 521)
נתתי;(2103, [50, 400, 400, 10], 860)
את;(2104, [1, 400], 401)
לבי;(2105, [30, 2, 10], 42)
לדעת;(2106, [30, 4, 70, 400], 504)
חכמה;(2107, [8, 20, 40, 5], 73)
ולראות;(2108, [6, 30, 200, 1, 6, 400], 643)
את;(2109, [1, 400], 401)
הענין;(2110, [5, 70, 50, 10, 50], 185)
אשר;(2111, [1, 300, 200], 501)
נעשה;(2112, [50, 70, 300, 5], 425)
על;(2113, [70, 30], 100)
הארץ;(2114, [5, 1, 200, 90], 296)
כי;(2115, [20, 10], 30)
גם;(2116, [3, 40], 43)
ביום;(2117, [2, 10, 6, 40], 58)
ובלילה;(2118, [6, 2, 30, 10, 30, 5], 83)
שנה;(2119, [300, 50, 5], 355)
בעיניו;(2120, [2, 70, 10, 50, 10, 6], 148)
איננו;(2121, [1, 10, 50, 50, 6], 117)
ראה;(2122, [200, 1, 5], 206)
וראיתי;(2123, [6, 200, 1, 10, 400, 10], 627)
את;(2124, [1, 400], 401)
כל;(2125, [20, 30], 50)
מעשה;(2126, [40, 70, 300, 5], 415)
האלהים;(2127, [5, 1, 30, 5, 10, 40], 91)
כי;(2128, [20, 10], 30)
לא;(2129, [30, 1], 31)
יוכל;(2130, [10, 6, 20, 30], 66)
האדם;(2131, [5, 1, 4, 40], 50)
למצוא;(2132, [30, 40, 90, 6, 1], 167)
את;(2133, [1, 400], 401)
המעשה;(2134, [5, 40, 70, 300, 5], 420)
אשר;(2135, [1, 300, 200], 501)
נעשה;(2136, [50, 70, 300, 5], 425)
תחת;(2137, [400, 8, 400], 808)
השמש;(2138, [5, 300, 40, 300], 645)
בשל;(2139, [2, 300, 30], 332)
אשר;(2140, [1, 300, 200], 501)
יעמל;(2141, [10, 70, 40, 30], 150)
האדם;(2142, [5, 1, 4, 40], 50)
לבקש;(2143, [30, 2, 100, 300], 432)
ולא;(2144, [6, 30, 1], 37)
ימצא;(2145, [10, 40, 90, 1], 141)
וגם;(2146, [6, 3, 40], 49)
אם;(2147, [1, 40], 41)
יאמר;(2148, [10, 1, 40, 200], 251)
החכם;(2149, [5, 8, 20, 40], 73)
לדעת;(2150, [30, 4, 70, 400], 504)
לא;(2151, [30, 1], 31)
יוכל;(2152, [10, 6, 20, 30], 66)
למצא;(2153, [30, 40, 90, 1], 161)
כי;(2154, [20, 10], 30)
את;(2155, [1, 400], 401)
כל;(2156, [20, 30], 50)
זה;(2157, [7, 5], 12)
נתתי;(2158, [50, 400, 400, 10], 860)
אל;(2159, [1, 30], 31)
לבי;(2160, [30, 2, 10], 42)
ולבור;(2161, [6, 30, 2, 6, 200], 244)
את;(2162, [1, 400], 401)
כל;(2163, [20, 30], 50)
זה;(2164, [7, 5], 12)
אשר;(2165, [1, 300, 200], 501)
הצדיקים;(2166, [5, 90, 4, 10, 100, 10, 40], 259)
והחכמים;(2167, [6, 5, 8, 20, 40, 10, 40], 129)
ועבדיהם;(2168, [6, 70, 2, 4, 10, 5, 40], 137)
ביד;(2169, [2, 10, 4], 16)
האלהים;(2170, [5, 1, 30, 5, 10, 40], 91)
גם;(2171, [3, 40], 43)
אהבה;(2172, [1, 5, 2, 5], 13)
גם;(2173, [3, 40], 43)
שנאה;(2174, [300, 50, 1, 5], 356)
אין;(2175, [1, 10, 50], 61)
יודע;(2176, [10, 6, 4, 70], 90)
האדם;(2177, [5, 1, 4, 40], 50)
הכל;(2178, [5, 20, 30], 55)
לפניהם;(2179, [30, 80, 50, 10, 5, 40], 215)
הכל;(2180, [5, 20, 30], 55)
כאשר;(2181, [20, 1, 300, 200], 521)
לכל;(2182, [30, 20, 30], 80)
מקרה;(2183, [40, 100, 200, 5], 345)
אחד;(2184, [1, 8, 4], 13)
לצדיק;(2185, [30, 90, 4, 10, 100], 234)
ולרשע;(2186, [6, 30, 200, 300, 70], 606)
לטוב;(2187, [30, 9, 6, 2], 47)
ולטהור;(2188, [6, 30, 9, 5, 6, 200], 256)
ולטמא;(2189, [6, 30, 9, 40, 1], 86)
ולזבח;(2190, [6, 30, 7, 2, 8], 53)
ולאשר;(2191, [6, 30, 1, 300, 200], 537)
איננו;(2192, [1, 10, 50, 50, 6], 117)
זבח;(2193, [7, 2, 8], 17)
כטוב;(2194, [20, 9, 6, 2], 37)
כחטא;(2195, [20, 8, 9, 1], 38)
הנשבע;(2196, [5, 50, 300, 2, 70], 427)
כאשר;(2197, [20, 1, 300, 200], 521)
שבועה;(2198, [300, 2, 6, 70, 5], 383)
ירא;(2199, [10, 200, 1], 211)
זה;(2200, [7, 5], 12)
רע;(2201, [200, 70], 270)
בכל;(2202, [2, 20, 30], 52)
אשר;(2203, [1, 300, 200], 501)
נעשה;(2204, [50, 70, 300, 5], 425)
תחת;(2205, [400, 8, 400], 808)
השמש;(2206, [5, 300, 40, 300], 645)
כי;(2207, [20, 10], 30)
מקרה;(2208, [40, 100, 200, 5], 345)
אחד;(2209, [1, 8, 4], 13)
לכל;(2210, [30, 20, 30], 80)
וגם;(2211, [6, 3, 40], 49)
לב;(2212, [30, 2], 32)
בני;(2213, [2, 50, 10], 62)
האדם;(2214, [5, 1, 4, 40], 50)
מלא;(2215, [40, 30, 1], 71)
רע;(2216, [200, 70], 270)
והוללות;(2217, [6, 5, 6, 30, 30, 6, 400], 483)
בלבבם;(2218, [2, 30, 2, 2, 40], 76)
בחייהם;(2219, [2, 8, 10, 10, 5, 40], 75)
ואחריו;(2220, [6, 1, 8, 200, 10, 6], 231)
אל;(2221, [1, 30], 31)
המתים;(2222, [5, 40, 400, 10, 40], 495)
כי;(2223, [20, 10], 30)
מי;(2224, [40, 10], 50)
אשר;(2225, [1, 300, 200], 501)
יבחר;(2226, [10, 2, 8, 200], 220)
אל;(2227, [1, 30], 31)
כל;(2228, [20, 30], 50)
החיים;(2229, [5, 8, 10, 10, 40], 73)
יש;(2230, [10, 300], 310)
בטחון;(2231, [2, 9, 8, 6, 50], 75)
כי;(2232, [20, 10], 30)
לכלב;(2233, [30, 20, 30, 2], 82)
חי;(2234, [8, 10], 18)
הוא;(2235, [5, 6, 1], 12)
טוב;(2236, [9, 6, 2], 17)
מן;(2237, [40, 50], 90)
האריה;(2238, [5, 1, 200, 10, 5], 221)
המת;(2239, [5, 40, 400], 445)
כי;(2240, [20, 10], 30)
החיים;(2241, [5, 8, 10, 10, 40], 73)
יודעים;(2242, [10, 6, 4, 70, 10, 40], 140)
שימתו;(2243, [300, 10, 40, 400, 6], 756)
והמתים;(2244, [6, 5, 40, 400, 10, 40], 501)
אינם;(2245, [1, 10, 50, 40], 101)
יודעים;(2246, [10, 6, 4, 70, 10, 40], 140)
מאומה;(2247, [40, 1, 6, 40, 5], 92)
ואין;(2248, [6, 1, 10, 50], 67)
עוד;(2249, [70, 6, 4], 80)
להם;(2250, [30, 5, 40], 75)
שכר;(2251, [300, 20, 200], 520)
כי;(2252, [20, 10], 30)
נשכח;(2253, [50, 300, 20, 8], 378)
זכרם;(2254, [7, 20, 200, 40], 267)
גם;(2255, [3, 40], 43)
אהבתם;(2256, [1, 5, 2, 400, 40], 448)
גם;(2257, [3, 40], 43)
שנאתם;(2258, [300, 50, 1, 400, 40], 791)
גם;(2259, [3, 40], 43)
קנאתם;(2260, [100, 50, 1, 400, 40], 591)
כבר;(2261, [20, 2, 200], 222)
אבדה;(2262, [1, 2, 4, 5], 12)
וחלק;(2263, [6, 8, 30, 100], 144)
אין;(2264, [1, 10, 50], 61)
להם;(2265, [30, 5, 40], 75)
עוד;(2266, [70, 6, 4], 80)
לעולם;(2267, [30, 70, 6, 30, 40], 176)
בכל;(2268, [2, 20, 30], 52)
אשר;(2269, [1, 300, 200], 501)
נעשה;(2270, [50, 70, 300, 5], 425)
תחת;(2271, [400, 8, 400], 808)
השמש;(2272, [5, 300, 40, 300], 645)
לך;(2273, [30, 20], 50)
אכל;(2274, [1, 20, 30], 51)
בשמחה;(2275, [2, 300, 40, 8, 5], 355)
לחמך;(2276, [30, 8, 40, 20], 98)
ושתה;(2277, [6, 300, 400, 5], 711)
בלב;(2278, [2, 30, 2], 34)
טוב;(2279, [9, 6, 2], 17)
יינך;(2280, [10, 10, 50, 20], 90)
כי;(2281, [20, 10], 30)
כבר;(2282, [20, 2, 200], 222)
רצה;(2283, [200, 90, 5], 295)
האלהים;(2284, [5, 1, 30, 5, 10, 40], 91)
את;(2285, [1, 400], 401)
מעשיך;(2286, [40, 70, 300, 10, 20], 440)
בכל;(2287, [2, 20, 30], 52)
עת;(2288, [70, 400], 470)
יהיו;(2289, [10, 5, 10, 6], 31)
בגדיך;(2290, [2, 3, 4, 10, 20], 39)
לבנים;(2291, [30, 2, 50, 10, 40], 132)
ושמן;(2292, [6, 300, 40, 50], 396)
על;(2293, [70, 30], 100)
ראשך;(2294, [200, 1, 300, 20], 521)
אל;(2295, [1, 30], 31)
יחסר;(2296, [10, 8, 60, 200], 278)
ראה;(2297, [200, 1, 5], 206)
חיים;(2298, [8, 10, 10, 40], 68)
עם;(2299, [70, 40], 110)
אשה;(2300, [1, 300, 5], 306)
אשר;(2301, [1, 300, 200], 501)
אהבת;(2302, [1, 5, 2, 400], 408)
כל;(2303, [20, 30], 50)
ימי;(2304, [10, 40, 10], 60)
חיי;(2305, [8, 10, 10], 28)
הבלך;(2306, [5, 2, 30, 20], 57)
אשר;(2307, [1, 300, 200], 501)
נתן;(2308, [50, 400, 50], 500)
לך;(2309, [30, 20], 50)
תחת;(2310, [400, 8, 400], 808)
השמש;(2311, [5, 300, 40, 300], 645)
כל;(2312, [20, 30], 50)
ימי;(2313, [10, 40, 10], 60)
הבלך;(2314, [5, 2, 30, 20], 57)
כי;(2315, [20, 10], 30)
הוא;(2316, [5, 6, 1], 12)
חלקך;(2317, [8, 30, 100, 20], 158)
בחיים;(2318, [2, 8, 10, 10, 40], 70)
ובעמלך;(2319, [6, 2, 70, 40, 30, 20], 168)
אשר;(2320, [1, 300, 200], 501)
אתה;(2321, [1, 400, 5], 406)
עמל;(2322, [70, 40, 30], 140)
תחת;(2323, [400, 8, 400], 808)
השמש;(2324, [5, 300, 40, 300], 645)
כל;(2325, [20, 30], 50)
אשר;(2326, [1, 300, 200], 501)
תמצא;(2327, [400, 40, 90, 1], 531)
ידך;(2328, [10, 4, 20], 34)
לעשות;(2329, [30, 70, 300, 6, 400], 806)
בכחך;(2330, [2, 20, 8, 20], 50)
עשה;(2331, [70, 300, 5], 375)
כי;(2332, [20, 10], 30)
אין;(2333, [1, 10, 50], 61)
מעשה;(2334, [40, 70, 300, 5], 415)
וחשבון;(2335, [6, 8, 300, 2, 6, 50], 372)
ודעת;(2336, [6, 4, 70, 400], 480)
וחכמה;(2337, [6, 8, 20, 40, 5], 79)
בשאול;(2338, [2, 300, 1, 6, 30], 339)
אשר;(2339, [1, 300, 200], 501)
אתה;(2340, [1, 400, 5], 406)
הלך;(2341, [5, 30, 20], 55)
שמה;(2342, [300, 40, 5], 345)
שבתי;(2343, [300, 2, 400, 10], 712)
וראה;(2344, [6, 200, 1, 5], 212)
תחת;(2345, [400, 8, 400], 808)
השמש;(2346, [5, 300, 40, 300], 645)
כי;(2347, [20, 10], 30)
לא;(2348, [30, 1], 31)
לקלים;(2349, [30, 100, 30, 10, 40], 210)
המרוץ;(2350, [5, 40, 200, 6, 90], 341)
ולא;(2351, [6, 30, 1], 37)
לגבורים;(2352, [30, 3, 2, 6, 200, 10, 40], 291)
המלחמה;(2353, [5, 40, 30, 8, 40, 5], 128)
וגם;(2354, [6, 3, 40], 49)
לא;(2355, [30, 1], 31)
לחכמים;(2356, [30, 8, 20, 40, 10, 40], 148)
לחם;(2357, [30, 8, 40], 78)
וגם;(2358, [6, 3, 40], 49)
לא;(2359, [30, 1], 31)
לנבנים;(2360, [30, 50, 2, 50, 10, 40], 182)
עשר;(2361, [70, 300, 200], 570)
וגם;(2362, [6, 3, 40], 49)
לא;(2363, [30, 1], 31)
לידעים;(2364, [30, 10, 4, 70, 10, 40], 164)
חן;(2365, [8, 50], 58)
כי;(2366, [20, 10], 30)
עת;(2367, [70, 400], 470)
ופגע;(2368, [6, 80, 3, 70], 159)
יקרה;(2369, [10, 100, 200, 5], 315)
את;(2370, [1, 400], 401)
כלם;(2371, [20, 30, 40], 90)
כי;(2372, [20, 10], 30)
גם;(2373, [3, 40], 43)
לא;(2374, [30, 1], 31)
ידע;(2375, [10, 4, 70], 84)
האדם;(2376, [5, 1, 4, 40], 50)
את;(2377, [1, 400], 401)
עתו;(2378, [70, 400, 6], 476)
כדגים;(2379, [20, 4, 3, 10, 40], 77)
שנאחזים;(2380, [300, 50, 1, 8, 7, 10, 40], 416)
במצודה;(2381, [2, 40, 90, 6, 4, 5], 147)
רעה;(2382, [200, 70, 5], 275)
וכצפרים;(2383, [6, 20, 90, 80, 200, 10, 40], 446)
האחזות;(2384, [5, 1, 8, 7, 6, 400], 427)
בפח;(2385, [2, 80, 8], 90)
כהם;(2386, [20, 5, 40], 65)
יוקשים;(2387, [10, 6, 100, 300, 10, 40], 466)
בני;(2388, [2, 50, 10], 62)
האדם;(2389, [5, 1, 4, 40], 50)
לעת;(2390, [30, 70, 400], 500)
רעה;(2391, [200, 70, 5], 275)
כשתפול;(2392, [20, 300, 400, 80, 6, 30], 836)
עליהם;(2393, [70, 30, 10, 5, 40], 155)
פתאם;(2394, [80, 400, 1, 40], 521)
גם;(2395, [3, 40], 43)
זה;(2396, [7, 5], 12)
ראיתי;(2397, [200, 1, 10, 400, 10], 621)
חכמה;(2398, [8, 20, 40, 5], 73)
תחת;(2399, [400, 8, 400], 808)
השמש;(2400, [5, 300, 40, 300], 645)
וגדולה;(2401, [6, 3, 4, 6, 30, 5], 54)
היא;(2402, [5, 10, 1], 16)
אלי;(2403, [1, 30, 10], 41)
עיר;(2404, [70, 10, 200], 280)
קטנה;(2405, [100, 9, 50, 5], 164)
ואנשים;(2406, [6, 1, 50, 300, 10, 40], 407)
בה;(2407, [2, 5], 7)
מעט;(2408, [40, 70, 9], 119)
ובא;(2409, [6, 2, 1], 9)
אליה;(2410, [1, 30, 10, 5], 46)
מלך;(2411, [40, 30, 20], 90)
גדול;(2412, [3, 4, 6, 30], 43)
וסבב;(2413, [6, 60, 2, 2], 70)
אתה;(2414, [1, 400, 5], 406)
ובנה;(2415, [6, 2, 50, 5], 63)
עליה;(2416, [70, 30, 10, 5], 115)
מצודים;(2417, [40, 90, 6, 4, 10, 40], 190)
גדלים;(2418, [3, 4, 30, 10, 40], 87)
ומצא;(2419, [6, 40, 90, 1], 137)
בה;(2420, [2, 5], 7)
איש;(2421, [1, 10, 300], 311)
מסכן;(2422, [40, 60, 20, 50], 170)
חכם;(2423, [8, 20, 40], 68)
ומלט;(2424, [6, 40, 30, 9], 85)
הוא;(2425, [5, 6, 1], 12)
את;(2426, [1, 400], 401)
העיר;(2427, [5, 70, 10, 200], 285)
בחכמתו;(2428, [2, 8, 20, 40, 400, 6], 476)
ואדם;(2429, [6, 1, 4, 40], 51)
לא;(2430, [30, 1], 31)
זכר;(2431, [7, 20, 200], 227)
את;(2432, [1, 400], 401)
האיש;(2433, [5, 1, 10, 300], 316)
המסכן;(2434, [5, 40, 60, 20, 50], 175)
ההוא;(2435, [5, 5, 6, 1], 17)
ואמרתי;(2436, [6, 1, 40, 200, 400, 10], 657)
אני;(2437, [1, 50, 10], 61)
טובה;(2438, [9, 6, 2, 5], 22)
חכמה;(2439, [8, 20, 40, 5], 73)
מגבורה;(2440, [40, 3, 2, 6, 200, 5], 256)
וחכמת;(2441, [6, 8, 20, 40, 400], 474)
המסכן;(2442, [5, 40, 60, 20, 50], 175)
בזויה;(2443, [2, 7, 6, 10, 5], 30)
ודבריו;(2444, [6, 4, 2, 200, 10, 6], 228)
אינם;(2445, [1, 10, 50, 40], 101)
נשמעים;(2446, [50, 300, 40, 70, 10, 40], 510)
דברי;(2447, [4, 2, 200, 10], 216)
חכמים;(2448, [8, 20, 40, 10, 40], 118)
בנחת;(2449, [2, 50, 8, 400], 460)
נשמעים;(2450, [50, 300, 40, 70, 10, 40], 510)
מזעקת;(2451, [40, 7, 70, 100, 400], 617)
מושל;(2452, [40, 6, 300, 30], 376)
בכסילים;(2453, [2, 20, 60, 10, 30, 10, 40], 172)
טובה;(2454, [9, 6, 2, 5], 22)
חכמה;(2455, [8, 20, 40, 5], 73)
מכלי;(2456, [40, 20, 30, 10], 100)
קרב;(2457, [100, 200, 2], 302)
וחוטא;(2458, [6, 8, 6, 9, 1], 30)
אחד;(2459, [1, 8, 4], 13)
יאבד;(2460, [10, 1, 2, 4], 17)
טובה;(2461, [9, 6, 2, 5], 22)
הרבה;(2462, [5, 200, 2, 5], 212)
זבובי;(2463, [7, 2, 6, 2, 10], 27)
מות;(2464, [40, 6, 400], 446)
יבאיש;(2465, [10, 2, 1, 10, 300], 323)
יביע;(2466, [10, 2, 10, 70], 92)
שמן;(2467, [300, 40, 50], 390)
רוקח;(2468, [200, 6, 100, 8], 314)
יקר;(2469, [10, 100, 200], 310)
מחכמה;(2470, [40, 8, 20, 40, 5], 113)
מכבוד;(2471, [40, 20, 2, 6, 4], 72)
סכלות;(2472, [60, 20, 30, 6, 400], 516)
מעט;(2473, [40, 70, 9], 119)
לב;(2474, [30, 2], 32)
חכם;(2475, [8, 20, 40], 68)
לימינו;(2476, [30, 10, 40, 10, 50, 6], 146)
ולב;(2477, [6, 30, 2], 38)
כסיל;(2478, [20, 60, 10, 30], 120)
לשמאלו;(2479, [30, 300, 40, 1, 30, 6], 407)
וגם;(2480, [6, 3, 40], 49)
בדרך;(2481, [2, 4, 200, 20], 226)
כשהסכל;(2482, [20, 300, 5, 60, 20, 30], 435)
הלך;(2483, [5, 30, 20], 55)
לבו;(2484, [30, 2, 6], 38)
חסר;(2485, [8, 60, 200], 268)
ואמר;(2486, [6, 1, 40, 200], 247)
לכל;(2487, [30, 20, 30], 80)
סכל;(2488, [60, 20, 30], 110)
הוא;(2489, [5, 6, 1], 12)
אם;(2490, [1, 40], 41)
רוח;(2491, [200, 6, 8], 214)
המושל;(2492, [5, 40, 6, 300, 30], 381)
תעלה;(2493, [400, 70, 30, 5], 505)
עליך;(2494, [70, 30, 10, 20], 130)
מקומך;(2495, [40, 100, 6, 40, 20], 206)
אל;(2496, [1, 30], 31)
תנח;(2497, [400, 50, 8], 458)
כי;(2498, [20, 10], 30)
מרפא;(2499, [40, 200, 80, 1], 321)
יניח;(2500, [10, 50, 10, 8], 78)
חטאים;(2501, [8, 9, 1, 10, 40], 68)
גדולים;(2502, [3, 4, 6, 30, 10, 40], 93)
יש;(2503, [10, 300], 310)
רעה;(2504, [200, 70, 5], 275)
ראיתי;(2505, [200, 1, 10, 400, 10], 621)
תחת;(2506, [400, 8, 400], 808)
השמש;(2507, [5, 300, 40, 300], 645)
כשגגה;(2508, [20, 300, 3, 3, 5], 331)
שיצא;(2509, [300, 10, 90, 1], 401)
מלפני;(2510, [40, 30, 80, 50, 10], 210)
השליט;(2511, [5, 300, 30, 10, 9], 354)
נתן;(2512, [50, 400, 50], 500)
הסכל;(2513, [5, 60, 20, 30], 115)
במרומים;(2514, [2, 40, 200, 6, 40, 10, 40], 338)
רבים;(2515, [200, 2, 10, 40], 252)
ועשירים;(2516, [6, 70, 300, 10, 200, 10, 40], 636)
בשפל;(2517, [2, 300, 80, 30], 412)
ישבו;(2518, [10, 300, 2, 6], 318)
ראיתי;(2519, [200, 1, 10, 400, 10], 621)
עבדים;(2520, [70, 2, 4, 10, 40], 126)
על;(2521, [70, 30], 100)
סוסים;(2522, [60, 6, 60, 10, 40], 176)
ושרים;(2523, [6, 300, 200, 10, 40], 556)
הלכים;(2524, [5, 30, 20, 10, 40], 105)
כעבדים;(2525, [20, 70, 2, 4, 10, 40], 146)
על;(2526, [70, 30], 100)
הארץ;(2527, [5, 1, 200, 90], 296)
חפר;(2528, [8, 80, 200], 288)
גומץ;(2529, [3, 6, 40, 90], 139)
בו;(2530, [2, 6], 8)
יפול;(2531, [10, 80, 6, 30], 126)
ופרץ;(2532, [6, 80, 200, 90], 376)
גדר;(2533, [3, 4, 200], 207)
ישכנו;(2534, [10, 300, 20, 50, 6], 386)
נחש;(2535, [50, 8, 300], 358)
מסיע;(2536, [40, 60, 10, 70], 180)
אבנים;(2537, [1, 2, 50, 10, 40], 103)
יעצב;(2538, [10, 70, 90, 2], 172)
בהם;(2539, [2, 5, 40], 47)
בוקע;(2540, [2, 6, 100, 70], 178)
עצים;(2541, [70, 90, 10, 40], 210)
יסכן;(2542, [10, 60, 20, 50], 140)
בם;(2543, [2, 40], 42)
אם;(2544, [1, 40], 41)
קהה;(2545, [100, 5, 5], 110)
הברזל;(2546, [5, 2, 200, 7, 30], 244)
והוא;(2547, [6, 5, 6, 1], 18)
לא;(2548, [30, 1], 31)
פנים;(2549, [80, 50, 10, 40], 180)
קלקל;(2550, [100, 30, 100, 30], 260)
וחילים;(2551, [6, 8, 10, 30, 10, 40], 104)
יגבר;(2552, [10, 3, 2, 200], 215)
ויתרון;(2553, [6, 10, 400, 200, 6, 50], 672)
הכשיר;(2554, [5, 20, 300, 10, 200], 535)
חכמה;(2555, [8, 20, 40, 5], 73)
אם;(2556, [1, 40], 41)
ישך;(2557, [10, 300, 20], 330)
הנחש;(2558, [5, 50, 8, 300], 363)
בלוא;(2559, [2, 30, 6, 1], 39)
לחש;(2560, [30, 8, 300], 338)
ואין;(2561, [6, 1, 10, 50], 67)
יתרון;(2562, [10, 400, 200, 6, 50], 666)
לבעל;(2563, [30, 2, 70, 30], 132)
הלשון;(2564, [5, 30, 300, 6, 50], 391)
דברי;(2565, [4, 2, 200, 10], 216)
פי;(2566, [80, 10], 90)
חכם;(2567, [8, 20, 40], 68)
חן;(2568, [8, 50], 58)
ושפתות;(2569, [6, 300, 80, 400, 6, 400], 1192)
כסיל;(2570, [20, 60, 10, 30], 120)
תבלענו;(2571, [400, 2, 30, 70, 50, 6], 558)
תחלת;(2572, [400, 8, 30, 400], 838)
דברי;(2573, [4, 2, 200, 10], 216)
פיהו;(2574, [80, 10, 5, 6], 101)
סכלות;(2575, [60, 20, 30, 6, 400], 516)
ואחרית;(2576, [6, 1, 8, 200, 10, 400], 625)
פיהו;(2577, [80, 10, 5, 6], 101)
הוללות;(2578, [5, 6, 30, 30, 6, 400], 477)
רעה;(2579, [200, 70, 5], 275)
והסכל;(2580, [6, 5, 60, 20, 30], 121)
ירבה;(2581, [10, 200, 2, 5], 217)
דברים;(2582, [4, 2, 200, 10, 40], 256)
לא;(2583, [30, 1], 31)
ידע;(2584, [10, 4, 70], 84)
האדם;(2585, [5, 1, 4, 40], 50)
מה;(2586, [40, 5], 45)
שיהיה;(2587, [300, 10, 5, 10, 5], 330)
ואשר;(2588, [6, 1, 300, 200], 507)
יהיה;(2589, [10, 5, 10, 5], 30)
מאחריו;(2590, [40, 1, 8, 200, 10, 6], 265)
מי;(2591, [40, 10], 50)
יגיד;(2592, [10, 3, 10, 4], 27)
לו;(2593, [30, 6], 36)
עמל;(2594, [70, 40, 30], 140)
הכסילים;(2595, [5, 20, 60, 10, 30, 10, 40], 175)
תיגענו;(2596, [400, 10, 3, 70, 50, 6], 539)
אשר;(2597, [1, 300, 200], 501)
לא;(2598, [30, 1], 31)
ידע;(2599, [10, 4, 70], 84)
ללכת;(2600, [30, 30, 20, 400], 480)
אל;(2601, [1, 30], 31)
עיר;(2602, [70, 10, 200], 280)
אי;(2603, [1, 10], 11)
לך;(2604, [30, 20], 50)
ארץ;(2605, [1, 200, 90], 291)
שמלכך;(2606, [300, 40, 30, 20, 20], 410)
נער;(2607, [50, 70, 200], 320)
ושריך;(2608, [6, 300, 200, 10, 20], 536)
בבקר;(2609, [2, 2, 100, 200], 304)
יאכלו;(2610, [10, 1, 20, 30, 6], 67)
אשריך;(2611, [1, 300, 200, 10, 20], 531)
ארץ;(2612, [1, 200, 90], 291)
שמלכך;(2613, [300, 40, 30, 20, 20], 410)
בן;(2614, [2, 50], 52)
חורים;(2615, [8, 6, 200, 10, 40], 264)
ושריך;(2616, [6, 300, 200, 10, 20], 536)
בעת;(2617, [2, 70, 400], 472)
יאכלו;(2618, [10, 1, 20, 30, 6], 67)
בגבורה;(2619, [2, 3, 2, 6, 200, 5], 218)
ולא;(2620, [6, 30, 1], 37)
בשתי;(2621, [2, 300, 400, 10], 712)
בעצלתים;(2622, [2, 70, 90, 30, 400, 10, 40], 642)
ימך;(2623, [10, 40, 20], 70)
המקרה;(2624, [5, 40, 100, 200, 5], 350)
ובשפלות;(2625, [6, 2, 300, 80, 30, 6, 400], 824)
ידים;(2626, [10, 4, 10, 40], 64)
ידלף;(2627, [10, 4, 30, 80], 124)
הבית;(2628, [5, 2, 10, 400], 417)
לשחוק;(2629, [30, 300, 8, 6, 100], 444)
עשים;(2630, [70, 300, 10, 40], 420)
לחם;(2631, [30, 8, 40], 78)
ויין;(2632, [6, 10, 10, 50], 76)
ישמח;(2633, [10, 300, 40, 8], 358)
חיים;(2634, [8, 10, 10, 40], 68)
והכסף;(2635, [6, 5, 20, 60, 80], 171)
יענה;(2636, [10, 70, 50, 5], 135)
את;(2637, [1, 400], 401)
הכל;(2638, [5, 20, 30], 55)
גם;(2639, [3, 40], 43)
במדעך;(2640, [2, 40, 4, 70, 20], 136)
מלך;(2641, [40, 30, 20], 90)
אל;(2642, [1, 30], 31)
תקלל;(2643, [400, 100, 30, 30], 560)
ובחדרי;(2644, [6, 2, 8, 4, 200, 10], 230)
משכבך;(2645, [40, 300, 20, 2, 20], 382)
אל;(2646, [1, 30], 31)
תקלל;(2647, [400, 100, 30, 30], 560)
עשיר;(2648, [70, 300, 10, 200], 580)
כי;(2649, [20, 10], 30)
עוף;(2650, [70, 6, 80], 156)
השמים;(2651, [5, 300, 40, 10, 40], 395)
יוליך;(2652, [10, 6, 30, 10, 20], 76)
את;(2653, [1, 400], 401)
הקול;(2654, [5, 100, 6, 30], 141)
ובעל;(2655, [6, 2, 70, 30], 108)
הכנפים;(2656, [5, 20, 50, 80, 10, 40], 205)
יגיד;(2657, [10, 3, 10, 4], 27)
דבר;(2658, [4, 2, 200], 206)
שלח;(2659, [300, 30, 8], 338)
לחמך;(2660, [30, 8, 40, 20], 98)
על;(2661, [70, 30], 100)
פני;(2662, [80, 50, 10], 140)
המים;(2663, [5, 40, 10, 40], 95)
כי;(2664, [20, 10], 30)
ברב;(2665, [2, 200, 2], 204)
הימים;(2666, [5, 10, 40, 10, 40], 105)
תמצאנו;(2667, [400, 40, 90, 1, 50, 6], 587)
תן;(2668, [400, 50], 450)
חלק;(2669, [8, 30, 100], 138)
לשבעה;(2670, [30, 300, 2, 70, 5], 407)
וגם;(2671, [6, 3, 40], 49)
לשמונה;(2672, [30, 300, 40, 6, 50, 5], 431)
כי;(2673, [20, 10], 30)
לא;(2674, [30, 1], 31)
תדע;(2675, [400, 4, 70], 474)
מה;(2676, [40, 5], 45)
יהיה;(2677, [10, 5, 10, 5], 30)
רעה;(2678, [200, 70, 5], 275)
על;(2679, [70, 30], 100)
הארץ;(2680, [5, 1, 200, 90], 296)
אם;(2681, [1, 40], 41)
ימלאו;(2682, [10, 40, 30, 1, 6], 87)
העבים;(2683, [5, 70, 2, 10, 40], 127)
גשם;(2684, [3, 300, 40], 343)
על;(2685, [70, 30], 100)
הארץ;(2686, [5, 1, 200, 90], 296)
יריקו;(2687, [10, 200, 10, 100, 6], 326)
ואם;(2688, [6, 1, 40], 47)
יפול;(2689, [10, 80, 6, 30], 126)
עץ;(2690, [70, 90], 160)
בדרום;(2691, [2, 4, 200, 6, 40], 252)
ואם;(2692, [6, 1, 40], 47)
בצפון;(2693, [2, 90, 80, 6, 50], 228)
מקום;(2694, [40, 100, 6, 40], 186)
שיפול;(2695, [300, 10, 80, 6, 30], 426)
העץ;(2696, [5, 70, 90], 165)
שם;(2697, [300, 40], 340)
יהוא;(2698, [10, 5, 6, 1], 22)
שמר;(2699, [300, 40, 200], 540)
רוח;(2700, [200, 6, 8], 214)
לא;(2701, [30, 1], 31)
יזרע;(2702, [10, 7, 200, 70], 287)
וראה;(2703, [6, 200, 1, 5], 212)
בעבים;(2704, [2, 70, 2, 10, 40], 124)
לא;(2705, [30, 1], 31)
יקצור;(2706, [10, 100, 90, 6, 200], 406)
כאשר;(2707, [20, 1, 300, 200], 521)
אינך;(2708, [1, 10, 50, 20], 81)
יודע;(2709, [10, 6, 4, 70], 90)
מה;(2710, [40, 5], 45)
דרך;(2711, [4, 200, 20], 224)
הרוח;(2712, [5, 200, 6, 8], 219)
כעצמים;(2713, [20, 70, 90, 40, 10, 40], 270)
בבטן;(2714, [2, 2, 9, 50], 63)
המלאה;(2715, [5, 40, 30, 1, 5], 81)
ככה;(2716, [20, 20, 5], 45)
לא;(2717, [30, 1], 31)
תדע;(2718, [400, 4, 70], 474)
את;(2719, [1, 400], 401)
מעשה;(2720, [40, 70, 300, 5], 415)
האלהים;(2721, [5, 1, 30, 5, 10, 40], 91)
אשר;(2722, [1, 300, 200], 501)
יעשה;(2723, [10, 70, 300, 5], 385)
את;(2724, [1, 400], 401)
הכל;(2725, [5, 20, 30], 55)
בבקר;(2726, [2, 2, 100, 200], 304)
זרע;(2727, [7, 200, 70], 277)
את;(2728, [1, 400], 401)
זרעך;(2729, [7, 200, 70, 20], 297)
ולערב;(2730, [6, 30, 70, 200, 2], 308)
אל;(2731, [1, 30], 31)
תנח;(2732, [400, 50, 8], 458)
ידך;(2733, [10, 4, 20], 34)
כי;(2734, [20, 10], 30)
אינך;(2735, [1, 10, 50, 20], 81)
יודע;(2736, [10, 6, 4, 70], 90)
אי;(2737, [1, 10], 11)
זה;(2738, [7, 5], 12)
יכשר;(2739, [10, 20, 300, 200], 530)
הזה;(2740, [5, 7, 5], 17)
או;(2741, [1, 6], 7)
זה;(2742, [7, 5], 12)
ואם;(2743, [6, 1, 40], 47)
שניהם;(2744, [300, 50, 10, 5, 40], 405)
כאחד;(2745, [20, 1, 8, 4], 33)
טובים;(2746, [9, 6, 2, 10, 40], 67)
ומתוק;(2747, [6, 40, 400, 6, 100], 552)
האור;(2748, [5, 1, 6, 200], 212)
וטוב;(2749, [6, 9, 6, 2], 23)
לעינים;(2750, [30, 70, 10, 50, 10, 40], 210)
לראות;(2751, [30, 200, 1, 6, 400], 637)
את;(2752, [1, 400], 401)
השמש;(2753, [5, 300, 40, 300], 645)
כי;(2754, [20, 10], 30)
אם;(2755, [1, 40], 41)
שנים;(2756, [300, 50, 10, 40], 400)
הרבה;(2757, [5, 200, 2, 5], 212)
יחיה;(2758, [10, 8, 10, 5], 33)
האדם;(2759, [5, 1, 4, 40], 50)
בכלם;(2760, [2, 20, 30, 40], 92)
ישמח;(2761, [10, 300, 40, 8], 358)
ויזכר;(2762, [6, 10, 7, 20, 200], 243)
את;(2763, [1, 400], 401)
ימי;(2764, [10, 40, 10], 60)
החשך;(2765, [5, 8, 300, 20], 333)
כי;(2766, [20, 10], 30)
הרבה;(2767, [5, 200, 2, 5], 212)
יהיו;(2768, [10, 5, 10, 6], 31)
כל;(2769, [20, 30], 50)
שבא;(2770, [300, 2, 1], 303)
הבל;(2771, [5, 2, 30], 37)
שמח;(2772, [300, 40, 8], 348)
בחור;(2773, [2, 8, 6, 200], 216)
בילדותיך;(2774, [2, 10, 30, 4, 6, 400, 10, 20], 482)
ויטיבך;(2775, [6, 10, 9, 10, 2, 20], 57)
לבך;(2776, [30, 2, 20], 52)
בימי;(2777, [2, 10, 40, 10], 62)
בחורותך;(2778, [2, 8, 6, 200, 6, 400, 20], 642)
והלך;(2779, [6, 5, 30, 20], 61)
בדרכי;(2780, [2, 4, 200, 20, 10], 236)
לבך;(2781, [30, 2, 20], 52)
ובמראי;(2782, [6, 2, 40, 200, 1, 10], 259)
עיניך;(2783, [70, 10, 50, 10, 20], 160)
ודע;(2784, [6, 4, 70], 80)
כי;(2785, [20, 10], 30)
על;(2786, [70, 30], 100)
כל;(2787, [20, 30], 50)
אלה;(2788, [1, 30, 5], 36)
יביאך;(2789, [10, 2, 10, 1, 20], 43)
האלהים;(2790, [5, 1, 30, 5, 10, 40], 91)
במשפט;(2791, [2, 40, 300, 80, 9], 431)
והסר;(2792, [6, 5, 60, 200], 271)
כעס;(2793, [20, 70, 60], 150)
מלבך;(2794, [40, 30, 2, 20], 92)
והעבר;(2795, [6, 5, 70, 2, 200], 283)
רעה;(2796, [200, 70, 5], 275)
מבשרך;(2797, [40, 2, 300, 200, 20], 562)
כי;(2798, [20, 10], 30)
הילדות;(2799, [5, 10, 30, 4, 6, 400], 455)
והשחרות;(2800, [6, 5, 300, 8, 200, 6, 400], 925)
הבל;(2801, [5, 2, 30], 37)
וזכר;(2802, [6, 7, 20, 200], 233)
את;(2803, [1, 400], 401)
בוראיך;(2804, [2, 6, 200, 1, 10, 20], 239)
בימי;(2805, [2, 10, 40, 10], 62)
בחורתיך;(2806, [2, 8, 6, 200, 400, 10, 20], 646)
עד;(2807, [70, 4], 74)
אשר;(2808, [1, 300, 200], 501)
לא;(2809, [30, 1], 31)
יבאו;(2810, [10, 2, 1, 6], 19)
ימי;(2811, [10, 40, 10], 60)
הרעה;(2812, [5, 200, 70, 5], 280)
והגיעו;(2813, [6, 5, 3, 10, 70, 6], 100)
שנים;(2814, [300, 50, 10, 40], 400)
אשר;(2815, [1, 300, 200], 501)
תאמר;(2816, [400, 1, 40, 200], 641)
אין;(2817, [1, 10, 50], 61)
לי;(2818, [30, 10], 40)
בהם;(2819, [2, 5, 40], 47)
חפץ;(2820, [8, 80, 90], 178)
עד;(2821, [70, 4], 74)
אשר;(2822, [1, 300, 200], 501)
לא;(2823, [30, 1], 31)
תחשך;(2824, [400, 8, 300, 20], 728)
השמש;(2825, [5, 300, 40, 300], 645)
והאור;(2826, [6, 5, 1, 6, 200], 218)
והירח;(2827, [6, 5, 10, 200, 8], 229)
והכוכבים;(2828, [6, 5, 20, 6, 20, 2, 10, 40], 109)
ושבו;(2829, [6, 300, 2, 6], 314)
העבים;(2830, [5, 70, 2, 10, 40], 127)
אחר;(2831, [1, 8, 200], 209)
הגשם;(2832, [5, 3, 300, 40], 348)
ביום;(2833, [2, 10, 6, 40], 58)
שיזעו;(2834, [300, 10, 7, 70, 6], 393)
שמרי;(2835, [300, 40, 200, 10], 550)
הבית;(2836, [5, 2, 10, 400], 417)
והתעותו;(2837, [6, 5, 400, 70, 6, 400, 6], 893)
אנשי;(2838, [1, 50, 300, 10], 361)
החיל;(2839, [5, 8, 10, 30], 53)
ובטלו;(2840, [6, 2, 9, 30, 6], 53)
הטחנות;(2841, [5, 9, 8, 50, 6, 400], 478)
כי;(2842, [20, 10], 30)
מעטו;(2843, [40, 70, 9, 6], 125)
וחשכו;(2844, [6, 8, 300, 20, 6], 340)
הראות;(2845, [5, 200, 1, 6, 400], 612)
בארבות;(2846, [2, 1, 200, 2, 6, 400], 611)
וסגרו;(2847, [6, 60, 3, 200, 6], 275)
דלתים;(2848, [4, 30, 400, 10, 40], 484)
בשוק;(2849, [2, 300, 6, 100], 408)
בשפל;(2850, [2, 300, 80, 30], 412)
קול;(2851, [100, 6, 30], 136)
הטחנה;(2852, [5, 9, 8, 50, 5], 77)
ויקום;(2853, [6, 10, 100, 6, 40], 162)
לקול;(2854, [30, 100, 6, 30], 166)
הצפור;(2855, [5, 90, 80, 6, 200], 381)
וישחו;(2856, [6, 10, 300, 8, 6], 330)
כל;(2857, [20, 30], 50)
בנות;(2858, [2, 50, 6, 400], 458)
השיר;(2859, [5, 300, 10, 200], 515)
גם;(2860, [3, 40], 43)
מגבה;(2861, [40, 3, 2, 5], 50)
יראו;(2862, [10, 200, 1, 6], 217)
וחתחתים;(2863, [6, 8, 400, 8, 400, 10, 40], 872)
בדרך;(2864, [2, 4, 200, 20], 226)
וינאץ;(2865, [6, 10, 50, 1, 90], 157)
השקד;(2866, [5, 300, 100, 4], 409)
ויסתבל;(2867, [6, 10, 60, 400, 2, 30], 508)
החגב;(2868, [5, 8, 3, 2], 18)
ותפר;(2869, [6, 400, 80, 200], 686)
האביונה;(2870, [5, 1, 2, 10, 6, 50, 5], 79)
כי;(2871, [20, 10], 30)
הלך;(2872, [5, 30, 20], 55)
האדם;(2873, [5, 1, 4, 40], 50)
אל;(2874, [1, 30], 31)
בית;(2875, [2, 10, 400], 412)
עולמו;(2876, [70, 6, 30, 40, 6], 152)
וסבבו;(2877, [6, 60, 2, 2, 6], 76)
בשוק;(2878, [2, 300, 6, 100], 408)
הספדים;(2879, [5, 60, 80, 4, 10, 40], 199)
עד;(2880, [70, 4], 74)
אשר;(2881, [1, 300, 200], 501)
לא;(2882, [30, 1], 31)
ירחק;(2883, [10, 200, 8, 100], 318)
חבל;(2884, [8, 2, 30], 40)
הכסף;(2885, [5, 20, 60, 80], 165)
ותרץ;(2886, [6, 400, 200, 90], 696)
גלת;(2887, [3, 30, 400], 433)
הזהב;(2888, [5, 7, 5, 2], 19)
ותשבר;(2889, [6, 400, 300, 2, 200], 908)
כד;(2890, [20, 4], 24)
על;(2891, [70, 30], 100)
המבוע;(2892, [5, 40, 2, 6, 70], 123)
ונרץ;(2893, [6, 50, 200, 90], 346)
הגלגל;(2894, [5, 3, 30, 3, 30], 71)
אל;(2895, [1, 30], 31)
הבור;(2896, [5, 2, 6, 200], 213)
וישב;(2897, [6, 10, 300, 2], 318)
העפר;(2898, [5, 70, 80, 200], 355)
על;(2899, [70, 30], 100)
הארץ;(2900, [5, 1, 200, 90], 296)
כשהיה;(2901, [20, 300, 5, 10, 5], 340)
והרוח;(2902, [6, 5, 200, 6, 8], 225)
תשוב;(2903, [400, 300, 6, 2], 708)
אל;(2904, [1, 30], 31)
האלהים;(2905, [5, 1, 30, 5, 10, 40], 91)
אשר;(2906, [1, 300, 200], 501)
נתנה;(2907, [50, 400, 50, 5], 505)
הבל;(2908, [5, 2, 30], 37)
הבלים;(2909, [5, 2, 30, 10, 40], 87)
אמר;(2910, [1, 40, 200], 241)
הקוהלת;(2911, [5, 100, 6, 5, 30, 400], 546)
הכל;(2912, [5, 20, 30], 55)
הבל;(2913, [5, 2, 30], 37)
ויתר;(2914, [6, 10, 400, 200], 616)
שהיה;(2915, [300, 5, 10, 5], 320)
קהלת;(2916, [100, 5, 30, 400], 535)
חכם;(2917, [8, 20, 40], 68)
עוד;(2918, [70, 6, 4], 80)
למד;(2919, [30, 40, 4], 74)
דעת;(2920, [4, 70, 400], 474)
את;(2921, [1, 400], 401)
העם;(2922, [5, 70, 40], 115)
ואזן;(2923, [6, 1, 7, 50], 64)
וחקר;(2924, [6, 8, 100, 200], 314)
תקן;(2925, [400, 100, 50], 550)
משלים;(2926, [40, 300, 30, 10, 40], 420)
הרבה;(2927, [5, 200, 2, 5], 212)
בקש;(2928, [2, 100, 300], 402)
קהלת;(2929, [100, 5, 30, 400], 535)
למצא;(2930, [30, 40, 90, 1], 161)
דברי;(2931, [4, 2, 200, 10], 216)
חפץ;(2932, [8, 80, 90], 178)
וכתוב;(2933, [6, 20, 400, 6, 2], 434)
ישר;(2934, [10, 300, 200], 510)
דברי;(2935, [4, 2, 200, 10], 216)
אמת;(2936, [1, 40, 400], 441)
דברי;(2937, [4, 2, 200, 10], 216)
חכמים;(2938, [8, 20, 40, 10, 40], 118)
כדרבנות;(2939, [20, 4, 200, 2, 50, 6, 400], 682)
וכמשמרות;(2940, [6, 20, 40, 300, 40, 200, 6, 400], 1012)
נטועים;(2941, [50, 9, 6, 70, 10, 40], 185)
בעלי;(2942, [2, 70, 30, 10], 112)
אספות;(2943, [1, 60, 80, 6, 400], 547)
נתנו;(2944, [50, 400, 50, 6], 506)
מרעה;(2945, [40, 200, 70, 5], 315)
אחד;(2946, [1, 8, 4], 13)
ויתר;(2947, [6, 10, 400, 200], 616)
מהמה;(2948, [40, 5, 40, 5], 90)
בני;(2949, [2, 50, 10], 62)
הזהר;(2950, [5, 7, 5, 200], 217)
עשות;(2951, [70, 300, 6, 400], 776)
ספרים;(2952, [60, 80, 200, 10, 40], 390)
הרבה;(2953, [5, 200, 2, 5], 212)
אין;(2954, [1, 10, 50], 61)
קץ;(2955, [100, 90], 190)
ולהג;(2956, [6, 30, 5, 3], 44)
הרבה;(2957, [5, 200, 2, 5], 212)
יגעת;(2958, [10, 3, 70, 400], 483)
בשר;(2959, [2, 300, 200], 502)
סוף;(2960, [60, 6, 80], 146)
דבר;(2961, [4, 2, 200], 206)
הכל;(2962, [5, 20, 30], 55)
נשמע;(2963, [50, 300, 40, 70], 460)
את;(2964, [1, 400], 401)
האלהים;(2965, [5, 1, 30, 5, 10, 40], 91)
ירא;(2966, [10, 200, 1], 211)
ואת;(2967, [6, 1, 400], 407)
מצותיו;(2968, [40, 90, 6, 400, 10, 6], 552)
שמור;(2969, [300, 40, 6, 200], 546)
כי;(2970, [20, 10], 30)
זה;(2971, [7, 5], 12)
כל;(2972, [20, 30], 50)
האדם;(2973, [5, 1, 4, 40], 50)
כי;(2974, [20, 10], 30)
את;(2975, [1, 400], 401)
כל;(2976, [20, 30], 50)
מעשה;(2977, [40, 70, 300, 5], 415)
האלהים;(2978, [5, 1, 30, 5, 10, 40], 91)
יבא;(2979, [10, 2, 1], 13)
במשפט;(2980, [2, 40, 300, 80, 9], 431)
על;(2981, [70, 30], 100)
כל;(2982, [20, 30], 50)
נעלם;(2983, [50, 70, 30, 40], 190)
אם;(2984, [1, 40], 41)
טוב;(2985, [9, 6, 2], 17)
ואם;(2986, [6, 1, 40], 47)
רע;(2987, [200, 70], 270)
