(n, d, k);[Gematria of ELS];Gematria WordTotal of ELS;ELS Search Term;Found in WordNumber In Text;WordCoordinatesDWTK;Found in Word In Text;LetterPositionIndex In Word;LetterCoordinatesD5K of First Letter in ELS;Found In Verse
(115523, -83, 5);[8, 10, 300, 40, 5];363;המשיח;30546;(2, 26, 6, 2, 30546);חמשים;1;(2, 26, 6, 6, 115523);ועשית חמשים קרסי זהב וחברת את היריעת אשה אל אחתה בקרסים והיה המשכן אחד
(217374, -78, 5);[8, 10, 300, 40, 5];363;המשיח;57289;(4, 17, 4, 12, 57289);למזבח;5;(4, 17, 4, 56, 217374);ויקח אלעזר הכהן את מחתות הנחשת אשר הקריבו השרפים וירקעום צפוי למזבח
(143265, -77, 5);[8, 10, 300, 40, 5];363;המשיח;37757;(3, 2, 14, 13, 37757);מנחת;3;(3, 2, 14, 51, 143265);ואם תקריב מנחת בכורים ליהוה אביב קלוי באש גרש כרמל תקריב את מנחת בכוריך
(133891, -76, 5);[8, 10, 300, 40, 5];363;המשיח;35332;(2, 36, 21, 8, 35332);רחב;2;(2, 36, 21, 27, 133891);עשר אמת ארך הקרש ואמה וחצי האמה רחב הקרש האחד
(100038, -75, 5);[8, 10, 300, 40, 5];363;המשיח;26384;(2, 15, 4, 3, 26384);וחילו;2;(2, 15, 4, 11, 100038);מרכבת פרעה וחילו ירה בים ומבחר שלשיו טבעו בים סוף
(237237, -73, 5);[8, 10, 300, 40, 5];363;המשיח;62460;(4, 29, 13, 5, 62460);ניחח;4;(4, 29, 13, 20, 237237);והקרבתם עלה אשה ריח ניחח ליהוה פרים בני בקר שלשה עשר אילם שנים כבשים בני שנה ארבעה עשר תמימם יהיו
(87653, -69, 5);[8, 10, 300, 40, 5];363;המשיח;23112;(2, 7, 24, 1, 23112);ויחפרו;3;(2, 7, 24, 3, 87653);ויחפרו כל מצרים סביבת היאר מים לשתות כי לא יכלו לשתת ממימי היאר
(149513, -68, 5);[8, 10, 300, 40, 5];363;המשיח;39443;(3, 7, 12, 19, 39443);חלת;1;(3, 7, 12, 77, 149513);אם על תודה יקריבנו והקריב על זבח התודה חלות מצות בלולת בשמן ורקיקי מצות משחים בשמן וסלת מרבכת חלת בלולת בשמן
(96655, -67, 5);[8, 10, 300, 40, 5];363;המשיח;25506;(2, 12, 48, 16, 25506);כאזרח;5;(2, 12, 48, 56, 96655);וכי יגור אתך גר ועשה פסח ליהוה המול לו כל זכר ואז יקרב לעשתו והיה כאזרח הארץ וכל ערל לא יאכל בו
(135786, -66, 5);[8, 10, 300, 40, 5];363;המשיח;35804;(2, 37, 21, 12, 35804);תחת;2;(2, 37, 21, 47, 135786);וכפתר תחת שני הקנים ממנה וכפתר תחת שני הקנים ממנה וכפתר תחת שני הקנים ממנה לששת הקנים היצאים ממנה
(45532, -61, 5);[8, 10, 300, 40, 5];363;המשיח;12144;(1, 31, 37, 16, 12144);ויוכיחו;6;(1, 31, 37, 51, 45532);כי מששת את כל כלי מה מצאת מכל כלי ביתך שים כה נגד אחי ואחיך ויוכיחו בין שנינו
(123931, -60, 5);[8, 10, 300, 40, 5];363;המשיח;32681;(2, 30, 18, 3, 32681);נחשת;2;(2, 30, 18, 11, 123931);ועשית כיור נחשת וכנו נחשת לרחצה ונתת אתו בין אהל מועד ובין המזבח ונתת שמה מים
(300402, -59, 5);[8, 10, 300, 40, 5];363;המשיח;78828;(5, 31, 29, 17, 78828);באחרית;3;(5, 31, 29, 66, 300402);כי ידעתי אחרי מותי כי השחת תשחתון וסרתם מן הדרך אשר צויתי אתכם וקראת אתכם הרעה באחרית הימים כי תעשו את הרע בעיני יהוה להכעיסו במעשה ידיכם
(116092, -54, 5);[8, 10, 300, 40, 5];363;המשיח;30684;(2, 26, 16, 10, 30684);האחד;3;(2, 26, 16, 36, 116092);עשר אמות ארך הקרש ואמה וחצי האמה רחב הקרש האחד
(59035, -51, 5);[8, 10, 300, 40, 5];363;המשיח;15693;(1, 40, 5, 5, 15693);חלמו;1;(1, 40, 5, 19, 59035);ויחלמו חלום שניהם איש חלמו בלילה אחד איש כפתרון חלמו המשקה והאפה אשר למלך מצרים אשר אסורים בבית הסהר
(134459, -42, 5);[8, 10, 300, 40, 5];363;המשיח;35467;(2, 36, 33, 5, 35467);לברח;4;(2, 36, 33, 20, 134459);ויעש את הבריח התיכן לברח בתוך הקרשים מן הקצה אל הקצה
(177886, -42, 5);[8, 10, 300, 40, 5];363;המשיח;47090;(3, 23, 34, 9, 47090);לחדש;2;(3, 23, 34, 30, 177886);דבר אל בני ישראל לאמר בחמשה עשר יום לחדש השביעי הזה חג הסכות שבעת ימים ליהוה
(78713, -41, 5);[8, 10, 300, 40, 5];363;המשיח;20779;(2, 1, 16, 16, 20779);וחיה;2;(2, 1, 16, 59, 78713);ויאמר בילדכן את העבריות וראיתן על האבנים אם בן הוא והמתן אתו ואם בת הוא וחיה
(244600, -38, 5);[8, 10, 300, 40, 5];363;המשיח;64331;(4, 33, 9, 12, 64331);ויחנו;3;(4, 33, 9, 54, 244600);ויסעו ממרה ויבאו אילמה ובאילם שתים עשרה עינת מים ושבעים תמרים ויחנו שם
(66073, -33, 5);[8, 10, 300, 40, 5];363;המשיח;17518;(1, 43, 18, 13, 17518);בתחלה;3;(1, 43, 18, 56, 66073);וייראו האנשים כי הובאו בית יוסף ויאמרו על דבר הכסף השב באמתחתינו בתחלה אנחנו מובאים להתגלל עלינו ולהתנפל עלינו ולקחת אתנו לעבדים ואת חמרינו
(18911, -30, 5);[8, 10, 300, 40, 5];363;המשיח;5072;(1, 16, 12, 13, 5072);אחיו;2;(1, 16, 12, 37, 18911);והוא יהיה פרא אדם ידו בכל ויד כל בו ועל פני כל אחיו ישכן
(101020, -28, 5);[8, 10, 300, 40, 5];363;המשיח;26640;(2, 15, 26, 15, 26640);חקיו;1;(2, 15, 26, 64, 101020);ויאמר אם שמוע תשמע לקול יהוה אלהיך והישר בעיניו תעשה והאזנת למצותיו ושמרת כל חקיו כל המחלה אשר שמתי במצרים לא אשים עליך כי אני יהוה רפאך
(213752, -27, 5);[8, 10, 300, 40, 5];363;המשיח;56345;(4, 15, 10, 8, 56345);ניחח;4;(4, 15, 10, 30, 213752);ויין תקריב לנסך חצי ההין אשה ריח ניחח ליהוה
(3317, -20, 5);[8, 10, 300, 40, 5];363;המשיח;870;(1, 3, 8, 8, 870);לרוח;4;(1, 3, 8, 32, 3317);וישמעו את קול יהוה אלהים מתהלך בגן לרוח היום ויתחבא האדם ואשתו מפני יהוה אלהים בתוך עץ הגן
(252050, -14, 5);[8, 10, 300, 40, 5];363;המשיח;66223;(5, 1, 38, 10, 66223);חזק;1;(5, 1, 38, 32, 252050);יהושע בן נון העמד לפניך הוא יבא שמה אתו חזק כי הוא ינחלנה את ישראל
(98071, -13, 5);[8, 10, 300, 40, 5];363;המשיח;25881;(2, 14, 2, 6, 25881);ויחנו;3;(2, 14, 2, 21, 98071);דבר אל בני ישראל וישבו ויחנו לפני פי החירת בין מגדל ובין הים לפני בעל צפן נכחו תחנו על הים
(197688, -13, 5);[8, 10, 300, 40, 5];363;המשיח;52129;(4, 6, 14, 18, 52129);אחד;2;(4, 6, 14, 68, 197688);והקריב את קרבנו ליהוה כבש בן שנתו תמים אחד לעלה וכבשה אחת בת שנתה תמימה לחטאת ואיל אחד תמים לשלמים
(167852, -8, 5);[8, 10, 300, 40, 5];363;המשיח;44382;(3, 16, 32, 11, 44382);תחת;2;(3, 16, 32, 37, 167852);וכפר הכהן אשר ימשח אתו ואשר ימלא את ידו לכהן תחת אביו ולבש את בגדי הבד בגדי הקדש
(21152, -5, 5);[8, 10, 300, 40, 5];363;המשיח;5654;(1, 18, 14, 8, 5654);חיה;1;(1, 18, 14, 30, 21152);היפלא מיהוה דבר למועד אשוב אליך כעת חיה ולשרה בן
(61364, -5, 5);[8, 10, 300, 40, 5];363;המשיח;16287;(1, 41, 26, 13, 16287);חלום;1;(1, 41, 26, 45, 61364);שבע פרת הטבת שבע שנים הנה ושבע השבלים הטבת שבע שנים הנה חלום אחד הוא
(144374, -1, 5);[8, 10, 300, 40, 5];363;המשיח;38052;(3, 4, 3, 3, 38052);המשיח;5;(3, 4, 3, 11, 144374);אם הכהן המשיח יחטא לאשמת העם והקריב על חטאתו אשר חטא פר בן בקר תמים ליהוה לחטאת
(144503, -1, 5);[8, 10, 300, 40, 5];363;המשיח;38089;(3, 4, 5, 3, 38089);המשיח;5;(3, 4, 5, 13, 144503);ולקח הכהן המשיח מדם הפר והביא אתו אל אהל מועד
(145154, -1, 5);[8, 10, 300, 40, 5];363;המשיח;38270;(3, 4, 16, 3, 38270);המשיח;5;(3, 4, 16, 14, 145154);והביא הכהן המשיח מדם הפר אל אהל מועד
(148593, -1, 5);[8, 10, 300, 40, 5];363;המשיח;39199;(3, 6, 15, 2, 39199);המשיח;5;(3, 6, 15, 10, 148593);והכהן המשיח תחתיו מבניו יעשה אתה חק עולם ליהוה כליל תקטר
(15062, -100, 5);[10, 8, 10, 300, 40];368;משיחי;4032;(1, 12, 18, 12, 4032);לי;2;(1, 12, 18, 41, 15062);ויקרא פרעה לאברם ויאמר מה זאת עשית לי למה לא הגדת לי כי אשתך הוא
(27218, -98, 5);[10, 8, 10, 300, 40];368;משיחי;7265;(1, 22, 4, 6, 7265);עיניו;2;(1, 22, 4, 23, 27218);ביום השלישי וישא אברהם את עיניו וירא את המקום מרחק
(5865, -92, 5);[10, 8, 10, 300, 40];368;משיחי;1569;(1, 5, 11, 3, 1569);ימי;1;(1, 5, 11, 8, 5865);ויהיו כל ימי אנוש חמש שנים ותשע מאות שנה וימת
(1082, -89, 5);[10, 8, 10, 300, 40];368;משיחי;275;(1, 1, 22, 9, 275);המים;3;(1, 1, 22, 34, 1082);ויברך אתם אלהים לאמר פרו ורבו ומלאו את המים בימים והעוף ירב בארץ
(303532, -89, 5);[10, 8, 10, 300, 40];368;משיחי;79642;(5, 33, 16, 9, 79642);יוסף;1;(5, 33, 16, 36, 303532);וממגד ארץ ומלאה ורצון שכני סנה תבואתה לראש יוסף ולקדקד נזיר אחיו
(180864, -88, 5);[10, 8, 10, 300, 40];368;משיחי;47856;(3, 25, 27, 5, 47856);והשיב;4;(3, 25, 27, 18, 180864);וחשב את שני ממכרו והשיב את העדף לאיש אשר מכר לו ושב לאחזתו
(65869, -81, 5);[10, 8, 10, 300, 40];368;משיחי;17469;(1, 43, 15, 13, 17469);וירדו;2;(1, 43, 15, 53, 65869);ויקחו האנשים את המנחה הזאת ומשנה כסף לקחו בידם ואת בנימן ויקמו וירדו מצרים ויעמדו לפני יוסף
(97081, -81, 5);[10, 8, 10, 300, 40];368;משיחי;25622;(2, 13, 6, 5, 25622);וביום;3;(2, 13, 6, 18, 97081);שבעת ימים תאכל מצת וביום השביעי חג ליהוה
(230417, -81, 5);[10, 8, 10, 300, 40];368;משיחי;60795;(4, 25, 6, 6, 60795);ויקרב;2;(4, 25, 6, 20, 230417);והנה איש מבני ישראל בא ויקרב אל אחיו את המדינית לעיני משה ולעיני כל עדת בני ישראל והמה בכים פתח אהל מועד
(130479, -80, 5);[10, 8, 10, 300, 40];368;משיחי;34443;(2, 34, 27, 10, 34443);כי;2;(2, 34, 27, 33, 130479);ויאמר יהוה אל משה כתב לך את הדברים האלה כי על פי הדברים האלה כרתי אתך ברית ואת ישראל
(281809, -78, 5);[10, 8, 10, 300, 40];368;משיחי;73955;(5, 20, 6, 12, 73955);ימות;1;(5, 20, 6, 38, 281809);ומי האיש אשר נטע כרם ולא חללו ילך וישב לביתו פן ימות במלחמה ואיש אחר יחללנו
(100113, -75, 5);[10, 8, 10, 300, 40];368;משיחי;26402;(2, 15, 6, 5, 26402);ימינך;3;(2, 15, 6, 20, 100113);ימינך יהוה נאדרי בכח ימינך יהוה תרעץ אויב
(264269, -74, 5);[10, 8, 10, 300, 40];368;משיחי;69372;(5, 8, 2, 8, 69372);אלהיך;4;(5, 8, 2, 30, 264269);וזכרת את כל הדרך אשר הוליכך יהוה אלהיך זה ארבעים שנה במדבר למען ענתך לנסתך לדעת את אשר בלבבך התשמר מצותו אם לא
(246017, -69, 5);[10, 8, 10, 300, 40];368;משיחי;64663;(4, 33, 55, 7, 64663);מפניכם;4;(4, 33, 55, 25, 246017);ואם לא תורישו את ישבי הארץ מפניכם והיה אשר תותירו מהם לשכים בעיניכם ולצנינם בצדיכם וצררו אתכם על הארץ אשר אתם ישבים בה
(232232, -64, 5);[10, 8, 10, 300, 40];368;משיחי;61231;(4, 26, 27, 5, 61231);ששים;3;(4, 26, 27, 25, 232232);אלה משפחת הזבולני לפקדיהם ששים אלף וחמש מאות
(201453, -59, 5);[10, 8, 10, 300, 40];368;משיחי;53113;(4, 7, 72, 4, 53113);יום;1;(4, 7, 72, 12, 201453);ביום עשתי עשר יום נשיא לבני אשר פגעיאל בן עכרן
(301562, -58, 5);[10, 8, 10, 300, 40];368;משיחי;79123;(5, 32, 26, 1, 79123);אמרתי;5;(5, 32, 26, 5, 301562);אמרתי אפאיהם אשביתה מאנוש זכרם
(126739, -56, 5);[10, 8, 10, 300, 40];368;משיחי;33419;(2, 32, 18, 1, 33419);ויאמר;2;(2, 32, 18, 2, 126739);ויאמר אין קול ענות גבורה ואין קול ענות חלושה קול ענות אנכי שמע
(9478, -55, 5);[10, 8, 10, 300, 40];368;משיחי;2540;(1, 8, 8, 1, 2540);וישלח;2;(1, 8, 8, 2, 9478);וישלח את היונה מאתו לראות הקלו המים מעל פני האדמה
(54540, -54, 5);[10, 8, 10, 300, 40];368;משיחי;14521;(1, 37, 9, 10, 14521);חלמתי;5;(1, 37, 9, 41, 54540);ויחלם עוד חלום אחר ויספר אתו לאחיו ויאמר הנה חלמתי חלום עוד והנה השמש והירח ואחד עשר כוכבים משתחוים לי
(60632, -51, 5);[10, 8, 10, 300, 40];368;משיחי;16101;(1, 41, 12, 7, 16101);הטבחים;5;(1, 41, 12, 25, 60632);ושם אתנו נער עברי עבד לשר הטבחים ונספר לו ויפתר לנו את חלמתינו איש כחלמו פתר
(112676, -51, 5);[10, 8, 10, 300, 40];368;משיחי;29831;(2, 24, 4, 7, 29831);וישכם;2;(2, 24, 4, 22, 112676);ויכתב משה את כל דברי יהוה וישכם בבקר ויבן מזבח תחת ההר ושתים עשרה מצבה לשנים עשר שבטי ישראל
(242891, -50, 5);[10, 8, 10, 300, 40];368;משיחי;63899;(4, 32, 17, 15, 63899);בערי;4;(4, 32, 17, 58, 242891);ואנחנו נחלץ חשים לפני בני ישראל עד אשר אם הביאנם אל מקומם וישב טפנו בערי המבצר מפני ישבי הארץ
(133314, -48, 5);[10, 8, 10, 300, 40];368;משיחי;35190;(2, 36, 10, 4, 35190);היריעת;4;(2, 36, 10, 14, 133314);ויחבר את חמש היריעת אחת אל אחת וחמש יריעת חבר אחת אל אחת
(51255, -44, 5);[10, 8, 10, 300, 40];368;משיחי;13658;(1, 35, 8, 11, 13658);ויקרא;2;(1, 35, 8, 42, 51255);ותמת דברה מינקת רבקה ותקבר מתחת לבית אל תחת האלון ויקרא שמו אלון בכות
(75791, -44, 5);[10, 8, 10, 300, 40];368;משיחי;20011;(1, 49, 14, 1, 20011);יששכר;1;(1, 49, 14, 1, 75791);יששכר חמר גרם רבץ בין המשפתים
(105556, -40, 5);[10, 8, 10, 300, 40];368;משיחי;27862;(2, 18, 26, 9, 27862);יביאון;3;(2, 18, 26, 28, 105556);ושפטו את העם בכל עת את הדבר הקשה יביאון אל משה וכל הדבר הקטן ישפוטו הם
(133537, -40, 5);[10, 8, 10, 300, 40];368;משיחי;35245;(2, 36, 13, 12, 35245);ויהי;2;(2, 36, 13, 45, 133537);ויעש חמשים קרסי זהב ויחבר את היריעת אחת אל אחת בקרסים ויהי המשכן אחד
(101048, -28, 5);[10, 8, 10, 300, 40];368;משיחי;26647;(2, 15, 26, 22, 26647);אשים;3;(2, 15, 26, 92, 101048);ויאמר אם שמוע תשמע לקול יהוה אלהיך והישר בעיניו תעשה והאזנת למצותיו ושמרת כל חקיו כל המחלה אשר שמתי במצרים לא אשים עליך כי אני יהוה רפאך
(197095, -26, 5);[10, 8, 10, 300, 40];368;משיחי;51967;(4, 6, 3, 14, 51967);ישתה;1;(4, 6, 3, 46, 197095);מיין ושכר יזיר חמץ יין וחמץ שכר לא ישתה וכל משרת ענבים לא ישתה וענבים לחים ויבשים לא יאכל
(82953, -18, 5);[10, 8, 10, 300, 40];368;משיחי;21887;(2, 4, 20, 7, 21887);וירכבם;2;(2, 4, 20, 22, 82953);ויקח משה את אשתו ואת בניו וירכבם על החמר וישב ארצה מצרים ויקח משה את מטה האלהים בידו
(177914, -16, 5);[10, 8, 10, 300, 40];368;משיחי;47097;(3, 23, 34, 16, 47097);ליהוה;2;(3, 23, 34, 58, 177914);דבר אל בני ישראל לאמר בחמשה עשר יום לחדש השביעי הזה חג הסכות שבעת ימים ליהוה
(194378, -15, 5);[10, 8, 10, 300, 40];368;משיחי;51254;(4, 4, 32, 5, 51254);ויתדתם;2;(4, 4, 32, 23, 194378);ועמודי החצר סביב ואדניהם ויתדתם ומיתריהם לכל כליהם ולכל עבדתם ובשמת תפקדו את כלי משמרת משאם
(149564, -14, 5);[10, 8, 10, 300, 40];368;משיחי;39456;(3, 7, 14, 1, 39456);והקריב;5;(3, 7, 14, 5, 149564);והקריב ממנו אחד מכל קרבן תרומה ליהוה לכהן הזרק את דם השלמים לו יהיה
(7872, -13, 5);[10, 8, 10, 300, 40];368;משיחי;2105;(1, 6, 21, 7, 2105);יאכל;1;(1, 6, 21, 19, 7872);ואתה קח לך מכל מאכל אשר יאכל ואספת אליך והיה לך ולהם לאכלה
(112742, -10, 5);[10, 8, 10, 300, 40];368;משיחי;29848;(2, 24, 5, 5, 29848);ישראל;1;(2, 24, 5, 15, 112742);וישלח את נערי בני ישראל ויעלו עלת ויזבחו זבחים שלמים ליהוה פרים
(232780, -9, 5);[10, 8, 10, 300, 40];368;משיחי;61351;(4, 26, 40, 1, 61351);ויהיו;2;(4, 26, 40, 2, 232780);ויהיו בני בלע ארד ונעמן משפחת הארדי לנעמן משפחת הנעמי
(256637, -8, 5);[10, 8, 10, 300, 40];368;משיחי;67425;(5, 4, 6, 6, 67425);ובינתכם;3;(5, 4, 6, 26, 256637);ושמרתם ועשיתם כי הוא חכמתכם ובינתכם לעיני העמים אשר ישמעון את כל החקים האלה ואמרו רק עם חכם ונבון הגוי הגדול הזה
(102786, -2, 5);[10, 8, 10, 300, 40];368;משיחי;27110;(2, 16, 29, 15, 27110);יומים;1;(2, 16, 29, 44, 102786);ראו כי יהוה נתן לכם השבת על כן הוא נתן לכם ביום הששי לחם יומים שבו איש תחתיו אל יצא איש ממקמו ביום השביעי
(270818, -2, 5);[10, 8, 10, 300, 40];368;משיחי;71044;(5, 12, 5, 7, 71044);יהוה;1;(5, 12, 5, 19, 270818);כי אם אל המקום אשר יבחר יהוה אלהיכם מכל שבטיכם לשום את שמו שם לשכנו תדרשו ובאת שמה
(271186, -2, 5);[10, 8, 10, 300, 40];368;משיחי;71132;(5, 12, 11, 5, 71132);יהוה;1;(5, 12, 11, 17, 271186);והיה המקום אשר יבחר יהוה אלהיכם בו לשכן שמו שם שמה תביאו את כל אשר אנכי מצוה אתכם עולתיכם וזבחיכם מעשרתיכם ותרמת ידכם וכל מבחר נדריכם אשר תדרו ליהוה
(271422, -2, 5);[10, 8, 10, 300, 40];368;משיחי;71189;(5, 12, 14, 6, 71189);יהוה;1;(5, 12, 14, 17, 271422);כי אם במקום אשר יבחר יהוה באחד שבטיך שם תעלה עלתיך ושם תעשה כל אשר אנכי מצוך
(271688, -2, 5);[10, 8, 10, 300, 40];368;משיחי;71256;(5, 12, 18, 10, 71256);יהוה;1;(5, 12, 18, 36, 271688);כי אם לפני יהוה אלהיך תאכלנו במקום אשר יבחר יהוה אלהיך בו אתה ובנך ובתך ועבדך ואמתך והלוי אשר בשעריך ושמחת לפני יהוה אלהיך בכל משלח ידך
(271891, -2, 5);[10, 8, 10, 300, 40];368;משיחי;71312;(5, 12, 21, 7, 71312);יהוה;1;(5, 12, 21, 22, 271891);כי ירחק ממך המקום אשר יבחר יהוה אלהיך לשום שמו שם וזבחת מבקרך ומצאנך אשר נתן יהוה לך כאשר צויתך ואכלת בשעריך בכל אות נפשך
(272178, -2, 5);[10, 8, 10, 300, 40];368;משיחי;71388;(5, 12, 26, 13, 71388);יהוה;1;(5, 12, 26, 44, 272178);רק קדשיך אשר יהיו לך ונדריך תשא ובאת אל המקום אשר יבחר יהוה
(274827, -2, 5);[10, 8, 10, 300, 40];368;משיחי;72078;(5, 14, 24, 15, 72078);יהוה;1;(5, 14, 24, 48, 274827);וכי ירבה ממך הדרך כי לא תוכל שאתו כי ירחק ממך המקום אשר יבחר יהוה אלהיך לשום שמו שם כי יברכך יהוה אלהיך
(274901, -2, 5);[10, 8, 10, 300, 40];368;משיחי;72097;(5, 14, 25, 11, 72097);יהוה;1;(5, 14, 25, 41, 274901);ונתתה בכסף וצרת הכסף בידך והלכת אל המקום אשר יבחר יהוה אלהיך בו
(276361, -2, 5);[10, 8, 10, 300, 40];368;משיחי;72490;(5, 15, 20, 10, 72490);יהוה;1;(5, 15, 20, 39, 276361);לפני יהוה אלהיך תאכלנו שנה בשנה במקום אשר יבחר יהוה אתה וביתך
(276587, -2, 5);[10, 8, 10, 300, 40];368;משיחי;72548;(5, 16, 2, 10, 72548);יהוה;1;(5, 16, 2, 38, 276587);וזבחת פסח ליהוה אלהיך צאן ובקר במקום אשר יבחר יהוה לשכן שמו שם
(276820, -2, 5);[10, 8, 10, 300, 40];368;משיחי;72614;(5, 16, 6, 7, 72614);יהוה;1;(5, 16, 6, 19, 276820);כי אם אל המקום אשר יבחר יהוה אלהיך לשכן שמו שם תזבח את הפסח בערב כבוא השמש מועד צאתך ממצרים
(276896, -2, 5);[10, 8, 10, 300, 40];368;משיחי;72633;(5, 16, 7, 6, 72633);יהוה;1;(5, 16, 7, 23, 276896);ובשלת ואכלת במקום אשר יבחר יהוה אלהיך בו ופנית בבקר והלכת לאהליך
(277166, -2, 5);[10, 8, 10, 300, 40];368;משיחי;72697;(5, 16, 11, 21, 72697);יהוה;1;(5, 16, 11, 91, 277166);ושמחת לפני יהוה אלהיך אתה ובנך ובתך ועבדך ואמתך והלוי אשר בשעריך והגר והיתום והאלמנה אשר בקרבך במקום אשר יבחר יהוה אלהיך לשכן שמו שם
(277355, -2, 5);[10, 8, 10, 300, 40];368;משיחי;72742;(5, 16, 15, 9, 72742);יהוה;1;(5, 16, 15, 34, 277355);שבעת ימים תחג ליהוה אלהיך במקום אשר יבחר יהוה כי יברכך יהוה אלהיך בכל תבואתך ובכל מעשה ידיך והיית אך שמח
(278295, -2, 5);[10, 8, 10, 300, 40];368;משיחי;73001;(5, 17, 8, 24, 73001);יהוה;1;(5, 17, 8, 84, 278295);כי יפלא ממך דבר למשפט בין דם לדם בין דין לדין ובין נגע לנגע דברי ריבת בשעריך וקמת ועלית אל המקום אשר יבחר יהוה אלהיך בו
(279446, -2, 5);[10, 8, 10, 300, 40];368;משיחי;73313;(5, 18, 6, 20, 73313);יהוה;1;(5, 18, 6, 65, 279446);וכי יבא הלוי מאחד שעריך מכל ישראל אשר הוא גר שם ובא בכל אות נפשו אל המקום אשר יבחר יהוה
(289109, -2, 5);[10, 8, 10, 300, 40];368;משיחי;75928;(5, 26, 2, 21, 75928);יהוה;1;(5, 26, 2, 78, 289109);ולקחת מראשית כל פרי האדמה אשר תביא מארצך אשר יהוה אלהיך נתן לך ושמת בטנא והלכת אל המקום אשר יבחר יהוה אלהיך לשכן שמו שם
(302193, -2, 5);[10, 8, 10, 300, 40];368;משיחי;79288;(5, 32, 42, 2, 79288);חצי;3;(5, 32, 42, 8, 302193);אשכיר חצי מדם וחרבי תאכל בשר מדם חלל ושביה מראש פרעות אויב
(144375, -1, 5);[10, 8, 10, 300, 40];368;משיחי;38053;(3, 4, 3, 4, 38053);יחטא;1;(3, 4, 3, 12, 144375);אם הכהן המשיח יחטא לאשמת העם והקריב על חטאתו אשר חטא פר בן בקר תמים ליהוה לחטאת
(145779, -97, 5);[6, 8, 10, 300, 40];364;משיחו;38441;(3, 4, 28, 2, 38441);הודע;2;(3, 4, 28, 4, 145779);או הודע אליו חטאתו אשר חטא והביא קרבנו שעירת עזים תמימה נקבה על חטאתו אשר חטא
(286294, -96, 5);[6, 8, 10, 300, 40];364;משיחו;75175;(5, 23, 16, 10, 75175);אדניו;5;(5, 23, 16, 36, 286294);לא תסגיר עבד אל אדניו אשר ינצל אליך מעם אדניו
(84899, -92, 5);[6, 8, 10, 300, 40];364;משיחו;22396;(2, 6, 3, 13, 22396);נודעתי;2;(2, 6, 3, 42, 84899);וארא אל אברהם אל יצחק ואל יעקב באל שדי ושמי יהוה לא נודעתי להם
(138342, -84, 5);[6, 8, 10, 300, 40];364;משיחו;36447;(2, 39, 10, 1, 36447);וימלאו;6;(2, 39, 10, 6, 138342);וימלאו בו ארבעה טורי אבן טור אדם פטדה וברקת הטור האחד
(102630, -83, 5);[6, 8, 10, 300, 40];364;משיחו;27066;(2, 16, 25, 11, 27066);תמצאהו;6;(2, 16, 25, 43, 102630);ויאמר משה אכלהו היום כי שבת היום ליהוה היום לא תמצאהו בשדה
(241327, -83, 5);[6, 8, 10, 300, 40];364;משיחו;63497;(4, 31, 41, 6, 63497);יהוה;3;(4, 31, 41, 20, 241327);ויתן משה את מכס תרומת יהוה לאלעזר הכהן כאשר צוה יהוה את משה
(105521, -79, 5);[6, 8, 10, 300, 40];364;משיחו;27852;(2, 18, 25, 18, 27852);ושרי;1;(2, 18, 25, 64, 105521);ויבחר משה אנשי חיל מכל ישראל ויתן אתם ראשים על העם שרי אלפים שרי מאות שרי חמשים ושרי עשרת
(217452, -78, 5);[6, 8, 10, 300, 40];364;משיחו;57311;(4, 17, 5, 22, 57311);וכעדתו;1;(4, 17, 5, 78, 217452);זכרון לבני ישראל למען אשר לא יקרב איש זר אשר לא מזרע אהרן הוא להקטיר קטרת לפני יהוה ולא יהיה כקרח וכעדתו כאשר דבר יהוה ביד משה לו
(84530, -77, 5);[6, 8, 10, 300, 40];364;משיחו;22299;(2, 5, 19, 9, 22299);תגרעו;5;(2, 5, 19, 34, 84530);ויראו שטרי בני ישראל אתם ברע לאמר לא תגרעו מלבניכם דבר יום ביומו
(13584, -75, 5);[6, 8, 10, 300, 40];364;משיחו;3640;(1, 11, 21, 1, 3640);ויחי;1;(1, 11, 21, 1, 13584);ויחי רעו אחרי הולידו את שרוג שבע שנים ומאתים שנה ויולד בנים ובנות
(12561, -71, 5);[6, 8, 10, 300, 40];364;משיחו;3369;(1, 10, 29, 5, 3369);ואת;1;(1, 10, 29, 16, 12561);ואת אופר ואת חוילה ואת יובב כל אלה בני יקטן
(244916, -71, 5);[6, 8, 10, 300, 40];364;משיחו;64402;(4, 33, 23, 1, 64402);ויסעו;1;(4, 33, 23, 1, 244916);ויסעו מקהלתה ויחנו בהר שפר
(33779, -67, 5);[6, 8, 10, 300, 40];364;משיחו;8997;(1, 25, 21, 5, 8997);אשתו;4;(1, 25, 21, 22, 33779);ויעתר יצחק ליהוה לנכח אשתו כי עקרה הוא ויעתר לו יהוה ותהר רבקה אשתו
(109550, -66, 5);[6, 8, 10, 300, 40];364;משיחו;28968;(2, 21, 35, 9, 28968);ומכרו;5;(2, 21, 35, 29, 109550);וכי יגף שור איש את שור רעהו ומת ומכרו את השור החי וחצו את כספו וגם את המת יחצון
(153043, -65, 5);[6, 8, 10, 300, 40];364;משיחו;40385;(3, 9, 3, 10, 40385);ועגל;1;(3, 9, 3, 36, 153043);ואל בני ישראל תדבר לאמר קחו שעיר עזים לחטאת ועגל וכבש בני שנה תמימם לעלה
(67229, -60, 5);[6, 8, 10, 300, 40];364;משיחו;17798;(1, 44, 4, 16, 17798);והשגתם;1;(1, 44, 4, 55, 67229);הם יצאו את העיר לא הרחיקו ויוסף אמר לאשר על ביתו קום רדף אחרי האנשים והשגתם ואמרת אלהם למה שלמתם רעה תחת טובה
(75261, -60, 5);[6, 8, 10, 300, 40];364;משיחו;19876;(1, 49, 1, 7, 19876);ואגידה;1;(1, 49, 1, 26, 75261);ויקרא יעקב אל בניו ויאמר האספו ואגידה לכם את אשר יקרא אתכם באחרית הימים
(132506, -54, 5);[6, 8, 10, 300, 40];364;משיחו;34986;(2, 35, 32, 6, 34986);ובנחשת;1;(2, 35, 32, 24, 132506);ולחשב מחשבת לעשת בזהב ובכסף ובנחשת
(77806, -40, 5);[6, 8, 10, 300, 40];364;משיחו;20546;(1, 50, 22, 6, 20546);אביו;4;(1, 50, 22, 25, 77806);וישב יוסף במצרים הוא ובית אביו ויחי יוסף מאה ועשר שנים
(264108, -39, 5);[6, 8, 10, 300, 40];364;משיחו;69333;(5, 7, 26, 3, 69333);תועבה;2;(5, 7, 26, 9, 264108);ולא תביא תועבה אל ביתך והיית חרם כמהו שקץ תשקצנו ותעב תתעבנו כי חרם הוא
(244638, -38, 5);[6, 8, 10, 300, 40];364;משיחו;64342;(4, 33, 11, 4, 64342);ויחנו;1;(4, 33, 11, 12, 244638);ויסעו מים סוף ויחנו במדבר סין
(193509, -35, 5);[6, 8, 10, 300, 40];364;משיחו;51028;(4, 4, 15, 23, 51028);ומתו;4;(4, 4, 15, 82, 193509);וכלה אהרן ובניו לכסת את הקדש ואת כל כלי הקדש בנסע המחנה ואחרי כן יבאו בני קהת לשאת ולא יגעו אל הקדש ומתו אלה משא בני קהת באהל מועד
(39744, -32, 5);[6, 8, 10, 300, 40];364;משיחו;10570;(1, 28, 21, 6, 10570);והיה;1;(1, 28, 21, 19, 39744);ושבתי בשלום אל בית אבי והיה יהוה לי לאלהים
(238219, -31, 5);[6, 8, 10, 300, 40];364;משיחו;62677;(4, 29, 35, 1, 62677);ביום;3;(4, 29, 35, 3, 238219);ביום השמיני עצרת תהיה לכם כל מלאכת עבדה לא תעשו
(239644, -30, 5);[6, 8, 10, 300, 40];364;משיחו;63056;(4, 31, 6, 16, 63056);וחצצרות;6;(4, 31, 6, 62, 239644);וישלח אתם משה אלף למטה לצבא אתם ואת פינחס בן אלעזר הכהן לצבא וכלי הקדש וחצצרות התרועה בידו
(227013, -27, 5);[6, 8, 10, 300, 40];364;משיחו;59879;(4, 22, 32, 1, 59879);ויאמר;1;(4, 22, 32, 1, 227013);ויאמר אליו מלאך יהוה על מה הכית את אתנך זה שלוש רגלים הנה אנכי יצאתי לשטן כי ירט הדרך לנגדי
(89875, -18, 5);[6, 8, 10, 300, 40];364;משיחו;23678;(2, 9, 6, 11, 23678);וממקנה;1;(2, 9, 6, 38, 89875);ויעש יהוה את הדבר הזה ממחרת וימת כל מקנה מצרים וממקנה בני ישראל לא מת אחד
(164560, -16, 5);[6, 8, 10, 300, 40];364;משיחו;43492;(3, 15, 7, 1, 43492);והנגע;1;(3, 15, 7, 1, 164560);והנגע בבשר הזב יכבס בגדיו ורחץ במים וטמא עד הערב
(205896, -14, 5);[6, 8, 10, 300, 40];364;משיחו;54256;(4, 10, 18, 6, 54256);ועל;1;(4, 10, 18, 23, 205896);ונסע דגל מחנה ראובן לצבאתם ועל צבאו אליצור בן שדיאור
(27145, -13, 5);[6, 8, 10, 300, 40];364;משיחו;7245;(1, 22, 3, 11, 7245);אתו;3;(1, 22, 3, 42, 27145);וישכם אברהם בבקר ויחבש את חמרו ויקח את שני נעריו אתו ואת יצחק בנו ויבקע עצי עלה ויקם וילך אל המקום אשר אמר לו האלהים
(132080, -12, 5);[6, 8, 10, 300, 40];364;משיחו;34877;(2, 35, 24, 8, 34877);תרומת;3;(2, 35, 24, 29, 132080);כל מרים תרומת כסף ונחשת הביאו את תרומת יהוה וכל אשר נמצא אתו עצי שטים לכל מלאכת העבדה הביאו
(123707, -10, 5);[6, 8, 10, 300, 40];364;משיחו;32624;(2, 30, 13, 16, 32624);תרומה;3;(2, 30, 13, 61, 123707);זה יתנו כל העבר על הפקדים מחצית השקל בשקל הקדש עשרים גרה השקל מחצית השקל תרומה ליהוה
(7436, -9, 5);[6, 8, 10, 300, 40];364;משיחו;1989;(1, 6, 13, 14, 1989);והנני;1;(1, 6, 13, 46, 7436);ויאמר אלהים לנח קץ כל בשר בא לפני כי מלאה הארץ חמס מפניהם והנני משחיתם את הארץ
(221473, -9, 5);[6, 8, 10, 300, 40];364;משיחו;58388;(4, 19, 16, 11, 58388);או;2;(4, 19, 16, 32, 221473);וכל אשר יגע על פני השדה בחלל חרב או במת או בעצם אדם או בקבר יטמא שבעת ימים
(61545, -5, 5);[6, 8, 10, 300, 40];364;משיחו;16334;(1, 41, 30, 6, 16334);ונשכח;1;(1, 41, 30, 20, 61545);וקמו שבע שני רעב אחריהן ונשכח כל השבע בארץ מצרים וכלה הרעב את הארץ
(99103, -5, 5);[6, 8, 10, 300, 40];364;משיחו;26145;(2, 14, 19, 10, 26145);ויסע;1;(2, 14, 19, 43, 99103);ויסע מלאך האלהים ההלך לפני מחנה ישראל וילך מאחריהם ויסע עמוד הענן מפניהם ויעמד מאחריהם
(46875, -2, 5);[6, 8, 10, 300, 40];364;משיחו;12493;(1, 32, 8, 17, 12493);מחנות;4;(1, 32, 8, 62, 46875);ויירא יעקב מאד ויצר לו ויחץ את העם אשר אתו ואת הצאן ואת הבקר והגמלים לשני מחנות
(149004, -2, 5);[6, 8, 10, 300, 40];364;משיחו;39310;(3, 7, 2, 3, 39310);ישחטו;5;(3, 7, 2, 13, 149004);במקום אשר ישחטו את העלה ישחטו את האשם ואת דמו יזרק על המזבח סביב
(246912, -2, 5);[6, 8, 10, 300, 40];364;משיחו;64892;(4, 34, 17, 5, 64892);ינחלו;5;(4, 34, 17, 21, 246912);אלה שמות האנשים אשר ינחלו לכם את הארץ אלעזר הכהן ויהושע בן נון
(14962, -100, 4);[8, 10, 300, 40];358;משיח;4005;(1, 12, 16, 10, 4005);ושפחת;4;(1, 12, 16, 46, 14962);ולאברם היטיב בעבורה ויהי לו צאן ובקר וחמרים ועבדים ושפחת ואתנת וגמלים
(22061, -100, 4);[8, 10, 300, 40];358;משיח;5886;(1, 18, 31, 14, 5886);אשחית;3;(1, 18, 31, 53, 22061);ויאמר הנה נא הואלתי לדבר אל אדני אולי ימצאון שם עשרים ויאמר לא אשחית בעבור העשרים
(119034, -100, 4);[8, 10, 300, 40];358;משיח;31405;(2, 28, 15, 5, 31405);חשב;1;(2, 28, 15, 17, 119034);ועשית חשן משפט מעשה חשב כמעשה אפד תעשנו זהב תכלת וארגמן ותולעת שני ושש משזר תעשה אתו
(151510, -100, 4);[8, 10, 300, 40];358;משיח;39971;(3, 8, 15, 1, 39971);וישחט;4;(3, 8, 15, 4, 151510);וישחט ויקח משה את הדם ויתן על קרנות המזבח סביב באצבעו ויחטא את המזבח ואת הדם יצק אל יסוד המזבח ויקדשהו לכפר עליו
(183041, -100, 4);[8, 10, 300, 40];358;משיח;48416;(3, 26, 16, 12, 48416);הקדחת;4;(3, 26, 16, 45, 183041);אף אני אעשה זאת לכם והפקדתי עליכם בהלה את השחפת ואת הקדחת מכלות עינים ומדיבת נפש וזרעתם לריק זרעכם ואכלהו איביכם
(20039, -99, 4);[8, 10, 300, 40];358;משיח;5366;(1, 17, 19, 12, 5366);יצחק;3;(1, 17, 19, 41, 20039);ויאמר אלהים אבל שרה אשתך ילדת לך בן וקראת את שמו יצחק והקמתי את בריתי אתו לברית עולם לזרעו אחריו
(38486, -99, 4);[8, 10, 300, 40];358;משיח;10231;(1, 27, 45, 6, 10231);ושכח;4;(1, 27, 45, 18, 38486);עד שוב אף אחיך ממך ושכח את אשר עשית לו ושלחתי ולקחתיך משם למה אשכל גם שניכם יום אחד
(89900, -99, 4);[8, 10, 300, 40];358;משיח;23684;(2, 9, 7, 1, 23684);וישלח;5;(2, 9, 7, 5, 89900);וישלח פרעה והנה לא מת ממקנה ישראל עד אחד ויכבד לב פרעה ולא שלח את העם
(217497, -99, 4);[8, 10, 300, 40];358;משיח;57323;(4, 17, 6, 6, 57323);ממחרת;3;(4, 17, 6, 21, 217497);וילנו כל עדת בני ישראל ממחרת על משה ועל אהרן לאמר אתם המתם את עם יהוה
(27120, -98, 4);[8, 10, 300, 40];358;משיח;7238;(1, 22, 3, 4, 7238);ויחבש;3;(1, 22, 3, 17, 27120);וישכם אברהם בבקר ויחבש את חמרו ויקח את שני נעריו אתו ואת יצחק בנו ויבקע עצי עלה ויקם וילך אל המקום אשר אמר לו האלהים
(108330, -98, 4);[8, 10, 300, 40];358;משיח;28623;(2, 21, 5, 14, 28623);חפשי;1;(2, 21, 5, 43, 108330);ואם אמר יאמר העבד אהבתי את אדני את אשתי ואת בני לא אצא חפשי
(128117, -98, 4);[8, 10, 300, 40];358;משיח;33799;(2, 33, 7, 11, 33799);המחנה;3;(2, 33, 7, 37, 128117);ומשה יקח את האהל ונטה לו מחוץ למחנה הרחק מן המחנה וקרא לו אהל מועד והיה כל מבקש יהוה יצא אל אהל מועד אשר מחוץ למחנה
(120634, -97, 4);[8, 10, 300, 40];358;משיח;31823;(2, 29, 2, 3, 31823);וחלת;2;(2, 29, 2, 10, 120634);ולחם מצות וחלת מצת בלולת בשמן ורקיקי מצות משחים בשמן סלת חטים תעשה אתם
(145682, -97, 4);[8, 10, 300, 40];358;משיח;38416;(3, 4, 26, 6, 38416);כחלב;2;(3, 4, 26, 22, 145682);ואת כל חלבו יקטיר המזבחה כחלב זבח השלמים וכפר עליו הכהן מחטאתו ונסלח לו
(16412, -96, 4);[8, 10, 300, 40];358;משיח;4401;(1, 14, 7, 17, 4401);בחצצן;2;(1, 14, 7, 58, 16412);וישבו ויבאו אל עין משפט הוא קדש ויכו את כל שדה העמלקי וגם את האמרי הישב בחצצן תמר
(241533, -96, 4);[8, 10, 300, 40];358;משיח;63551;(4, 31, 47, 10, 63551);החמשים;2;(4, 31, 47, 33, 241533);ויקח משה ממחצת בני ישראל את האחז אחד מן החמשים מן האדם ומן הבהמה ויתן אתם ללוים שמרי משמרת משכן יהוה כאשר צוה יהוה את משה
(286198, -96, 4);[8, 10, 300, 40];358;משיח;75151;(5, 23, 15, 6, 75151);מחנך;2;(5, 23, 15, 22, 286198);כי יהוה אלהיך מתהלך בקרב מחנך להצילך ולתת איביך לפניך והיה מחניך קדוש ולא יראה בך ערות דבר ושב מאחריך
(48322, -95, 4);[8, 10, 300, 40];358;משיח;12876;(1, 33, 2, 15, 12876);אחרנים;2;(1, 33, 2, 59, 48322);וישם את השפחות ואת ילדיהן ראשנה ואת לאה וילדיה אחרנים ואת רחל ואת יוסף אחרנים
(249912, -95, 4);[8, 10, 300, 40];358;משיח;65683;(4, 36, 13, 16, 65683);ירחו;3;(4, 36, 13, 60, 249912);אלה המצות והמשפטים אשר צוה יהוה ביד משה אל בני ישראל בערבת מואב על ירדן ירחו
(29824, -94, 4);[8, 10, 300, 40];358;משיח;7969;(1, 24, 9, 5, 7969);תחת;2;(1, 24, 9, 15, 29824);וישם העבד את ידו תחת ירך אברהם אדניו וישבע לו על הדבר הזה
(237549, -94, 4);[8, 10, 300, 40];358;משיח;62533;(4, 29, 19, 3, 62533);אחד;2;(4, 29, 19, 11, 237549);ושעיר עזים אחד חטאת מלבד עלת התמיד ומנחתה ונסכיהם
(7304, -93, 4);[8, 10, 300, 40];358;משיח;1952;(1, 6, 10, 8, 1952);חם;1;(1, 6, 10, 22, 7304);ויולד נח שלשה בנים את שם את חם ואת יפת
(233382, -93, 4);[8, 10, 300, 40];358;משיח;61485;(4, 26, 55, 3, 61485);יחלק;2;(4, 26, 55, 9, 233382);אך בגורל יחלק את הארץ לשמות מטות אבתם ינחלו
(5773, -92, 4);[8, 10, 300, 40];358;משיח;1545;(1, 5, 9, 1, 1545);ויחי;3;(1, 5, 9, 3, 5773);ויחי אנוש תשעים שנה ויולד את קינן
(6910, -92, 4);[8, 10, 300, 40];358;משיח;1841;(1, 6, 2, 15, 1841);בחרו;2;(1, 6, 2, 52, 6910);ויראו בני האלהים את בנות האדם כי טבת הנה ויקחו להם נשים מכל אשר בחרו
(31409, -92, 4);[8, 10, 300, 40];358;משיח;8386;(1, 24, 40, 15, 8386);ממשפחתי;5;(1, 24, 40, 66, 31409);ויאמר אלי יהוה אשר התהלכתי לפניו ישלח מלאכו אתך והצליח דרכך ולקחת אשה לבני ממשפחתי ומבית אבי
(66756, -92, 4);[8, 10, 300, 40];358;משיח;17681;(1, 43, 30, 7, 17681);אחיו;2;(1, 43, 30, 25, 66756);וימהר יוסף כי נכמרו רחמיו אל אחיו ויבקש לבכות ויבא החדרה ויבך שמה
(84807, -92, 4);[8, 10, 300, 40];358;משיח;22371;(2, 6, 1, 13, 22371);ישלחם;4;(2, 6, 1, 46, 84807);ויאמר יהוה אל משה עתה תראה אשר אעשה לפרעה כי ביד חזקה ישלחם וביד חזקה יגרשם מארצו
(96618, -92, 4);[8, 10, 300, 40];358;משיח;25496;(2, 12, 48, 6, 25496);פסח;3;(2, 12, 48, 19, 96618);וכי יגור אתך גר ועשה פסח ליהוה המול לו כל זכר ואז יקרב לעשתו והיה כאזרח הארץ וכל ערל לא יאכל בו
(135846, -92, 4);[8, 10, 300, 40];358;משיח;35818;(2, 37, 22, 7, 35818);אחת;2;(2, 37, 22, 28, 135846);כפתריהם וקנתם ממנה היו כלה מקשה אחת זהב טהור
(144103, -92, 4);[8, 10, 300, 40];358;משיח;37979;(3, 3, 14, 7, 37979);החלב;2;(3, 3, 14, 27, 144103);והקריב ממנו קרבנו אשה ליהוה את החלב המכסה את הקרב ואת כל החלב אשר על הקרב
(166118, -92, 4);[8, 10, 300, 40];358;משיח;43924;(3, 16, 3, 9, 43924);לחטאת;2;(3, 16, 3, 27, 166118);בזאת יבא אהרן אל הקדש בפר בן בקר לחטאת ואיל לעלה
(202313, -92, 4);[8, 10, 300, 40];358;משיח;53336;(4, 7, 88, 18, 53336);המזבח;5;(4, 7, 88, 74, 202313);וכל בקר זבח השלמים עשרים וארבעה פרים אילם ששים עתדים ששים כבשים בני שנה ששים זאת חנכת המזבח אחרי המשח אתו
(94264, -91, 4);[8, 10, 300, 40];358;משיח;24879;(2, 12, 7, 1, 24879);ולקחו;4;(2, 12, 7, 4, 94264);ולקחו מן הדם ונתנו על שתי המזוזת ועל המשקוף על הבתים אשר יאכלו אתו בהם
(177136, -91, 4);[8, 10, 300, 40];358;משיח;46898;(3, 23, 19, 5, 46898);לחטאת;2;(3, 23, 19, 19, 177136);ועשיתם שעיר עזים אחד לחטאת ושני כבשים בני שנה לזבח שלמים
(191478, -91, 4);[8, 10, 300, 40];358;משיח;50509;(4, 3, 28, 5, 50509);חדש;1;(4, 3, 28, 14, 191478);במספר כל זכר מבן חדש ומעלה שמנת אלפים ושש מאות שמרי משמרת הקדש
(116323, -90, 4);[8, 10, 300, 40];358;משיח;30740;(2, 26, 21, 6, 30740);תחת;2;(2, 26, 21, 26, 116323);וארבעים אדניהם כסף שני אדנים תחת הקרש האחד ושני אדנים תחת הקרש האחד
(116331, -90, 4);[8, 10, 300, 40];358;משיח;30742;(2, 26, 21, 8, 30742);האחד;3;(2, 26, 21, 34, 116331);וארבעים אדניהם כסף שני אדנים תחת הקרש האחד ושני אדנים תחת הקרש האחד
(191342, -90, 4);[8, 10, 300, 40];358;משיח;50477;(4, 3, 26, 2, 50477);החצר;2;(4, 3, 26, 7, 191342);וקלעי החצר ואת מסך פתח החצר אשר על המשכן ועל המזבח סביב ואת מיתריו לכל עבדתו
(232361, -90, 4);[8, 10, 300, 40];358;משיח;61260;(4, 26, 30, 9, 61260);החלקי;2;(4, 26, 30, 38, 232361);אלה בני גלעד איעזר משפחת האיעזרי לחלק משפחת החלקי
(236361, -90, 4);[8, 10, 300, 40];358;משיח;62249;(4, 28, 26, 5, 62249);חדשה;1;(4, 28, 26, 25, 236361);וביום הבכורים בהקריבכם מנחה חדשה ליהוה בשבעתיכם מקרא קדש יהיה לכם כל מלאכת עבדה לא תעשו
(993, -89, 4);[8, 10, 300, 40];358;משיח;252;(1, 1, 21, 9, 252);החיה;2;(1, 1, 21, 34, 993);ויברא אלהים את התנינם הגדלים ואת כל נפש החיה הרמשת אשר שרצו המים למינהם ואת כל עוף כנף למינהו וירא אלהים כי טוב
(238313, -89, 4);[8, 10, 300, 40];358;משיח;62702;(4, 29, 37, 1, 62702);מנחתם;3;(4, 29, 37, 3, 238313);מנחתם ונסכיהם לפר לאיל ולכבשים במספרם כמשפט
(303443, -89, 4);[8, 10, 300, 40];358;משיח;79621;(5, 33, 13, 11, 79621);תחת;2;(5, 33, 13, 45, 303443);וליוסף אמר מברכת יהוה ארצו ממגד שמים מטל ומתהום רבצת תחת
(16784, -88, 4);[8, 10, 300, 40];358;משיח;4496;(1, 14, 14, 5, 4496);אחיו;2;(1, 14, 14, 17, 16784);וישמע אברם כי נשבה אחיו וירק את חניכיו ילידי ביתו שמנה עשר ושלש מאות וירדף עד דן
(180776, -88, 4);[8, 10, 300, 40];358;משיח;47832;(3, 25, 25, 5, 47832);מאחזתו;3;(3, 25, 25, 17, 180776);כי ימוך אחיך ומכר מאחזתו ובא גאלו הקרב אליו וגאל את ממכר אחיו
(182554, -88, 4);[8, 10, 300, 40];358;משיח;48301;(3, 26, 6, 6, 48301);מחריד;2;(3, 26, 6, 25, 182554);ונתתי שלום בארץ ושכבתם ואין מחריד והשבתי חיה רעה מן הארץ וחרב לא תעבר בארצכם
(6707, -87, 4);[8, 10, 300, 40];358;משיח;1782;(1, 5, 30, 7, 1782);חמש;1;(1, 5, 30, 22, 6707);ויחי למך אחרי הולידו את נח חמש ותשעים שנה וחמש מאת שנה ויולד בנים ובנות
(118051, -87, 4);[8, 10, 300, 40];358;משיח;31153;(2, 27, 18, 7, 31153);בחמשים;2;(2, 27, 18, 25, 118051);ארך החצר מאה באמה ורחב חמשים בחמשים וקמה חמש אמות שש משזר ואדניהם נחשת
(20573, -86, 4);[8, 10, 300, 40];358;משיח;5501;(1, 18, 2, 12, 5501);מפתח;4;(1, 18, 2, 53, 20573);וישא עיניו וירא והנה שלשה אנשים נצבים עליו וירא וירץ לקראתם מפתח האהל וישתחו ארצה
(28761, -86, 4);[8, 10, 300, 40];358;משיח;7677;(1, 23, 9, 16, 7677);לאחזת;3;(1, 23, 9, 57, 28761);ויתן לי את מערת המכפלה אשר לו אשר בקצה שדהו בכסף מלא יתננה לי בתוככם לאחזת קבר
(168978, -86, 4);[8, 10, 300, 40];358;משיח;44697;(3, 17, 16, 6, 44697);ירחץ;3;(3, 17, 16, 19, 168978);ואם לא יכבס ובשרו לא ירחץ ונשא עונו
(201878, -86, 4);[8, 10, 300, 40];358;משיח;53227;(4, 7, 82, 3, 53227);אחד;2;(4, 7, 82, 10, 201878);שעיר עזים אחד לחטאת
(191201, -85, 4);[8, 10, 300, 40];358;משיח;50444;(4, 3, 22, 6, 50444);חדש;1;(4, 3, 22, 20, 191201);פקדיהם במספר כל זכר מבן חדש ומעלה פקדיהם שבעת אלפים וחמש מאות
(209452, -85, 4);[8, 10, 300, 40];358;משיח;55200;(4, 12, 16, 5, 55200);ויחנו;3;(4, 12, 16, 20, 209452);ואחר נסעו העם מחצרות ויחנו במדבר פארן
(236972, -85, 4);[8, 10, 300, 40];358;משיח;62395;(4, 29, 8, 5, 62395);ניחח;3;(4, 29, 8, 21, 236972);והקרבתם עלה ליהוה ריח ניחח פר בן בקר אחד איל אחד כבשים בני שנה שבעה תמימם יהיו לכם
(138258, -84, 4);[8, 10, 300, 40];358;משיח;36426;(2, 39, 8, 5, 36426);חשב;1;(2, 39, 8, 15, 138258);ויעש את החשן מעשה חשב כמעשה אפד זהב תכלת וארגמן ותולעת שני ושש משזר
(102547, -83, 4);[8, 10, 300, 40];358;משיח;27043;(2, 16, 24, 1, 27043);ויניחו;5;(2, 16, 24, 5, 102547);ויניחו אתו עד הבקר כאשר צוה משה ולא הבאיש ורמה לא היתה בו
(115523, -83, 4);[8, 10, 300, 40];358;משיח;30546;(2, 26, 6, 2, 30546);חמשים;1;(2, 26, 6, 6, 115523);ועשית חמשים קרסי זהב וחברת את היריעת אשה אל אחתה בקרסים והיה המשכן אחד
(241244, -83, 4);[8, 10, 300, 40];358;משיח;63476;(4, 31, 39, 4, 63476);וחמש;2;(4, 31, 39, 16, 241244);וחמרים שלשים אלף וחמש מאות ומכסם ליהוה אחד וששים
(136724, -82, 4);[8, 10, 300, 40];358;משיח;36045;(2, 38, 12, 4, 36045);חמשים;1;(2, 38, 12, 13, 136724);ולפאת ים קלעים חמשים באמה עמודיהם עשרה ואדניהם עשרה ווי העמדים וחשוקיהם כסף
(140695, -82, 4);[8, 10, 300, 40];358;משיח;37079;(2, 40, 18, 13, 37079);בריחיו;4;(2, 40, 18, 46, 140695);ויקם משה את המשכן ויתן את אדניו וישם את קרשיו ויתן את בריחיו ויקם את עמודיו
(150852, -82, 4);[8, 10, 300, 40];358;משיח;39787;(3, 8, 2, 1, 39787);קח;2;(3, 8, 2, 2, 150852);קח את אהרן ואת בניו אתו ואת הבגדים ואת שמן המשחה ואת פר החטאת ואת שני האילים ואת סל המצות
(65788, -81, 4);[8, 10, 300, 40];358;משיח;17450;(1, 43, 14, 12, 17450);אחר;2;(1, 43, 14, 41, 65788);ואל שדי יתן לכם רחמים לפני האיש ושלח לכם את אחיכם אחר ואת בנימין ואני כאשר שכלתי שכלתי
(97000, -81, 4);[8, 10, 300, 40];358;משיח;25601;(2, 13, 5, 10, 25601);והחוי;3;(2, 13, 5, 40, 97000);והיה כי יביאך יהוה אל ארץ הכנעני והחתי והאמרי והחוי והיבוסי אשר נשבע לאבתיך לתת לך ארץ זבת חלב ודבש ועבדת את העבדה הזאת בחדש הזה
(136381, -81, 4);[8, 10, 300, 40];358;משיח;35962;(2, 38, 4, 11, 35962);חציו;1;(2, 38, 4, 40, 136381);ויעש למזבח מכבר מעשה רשת נחשת תחת כרכבו מלמטה עד חציו
(153659, -81, 4);[8, 10, 300, 40];358;משיח;40547;(3, 9, 15, 5, 40547);ויקח;4;(3, 9, 15, 18, 153659);ויקרב את קרבן העם ויקח את שעיר החטאת אשר לעם וישחטהו ויחטאהו כראשון
(156146, -81, 4);[8, 10, 300, 40];358;משיח;41201;(3, 11, 19, 2, 41201);החסידה;2;(3, 11, 19, 5, 156146);ואת החסידה האנפה למינה ואת הדוכיפת ואת העטלף
(173137, -81, 4);[8, 10, 300, 40];358;משיח;45824;(3, 20, 23, 3, 45824);בחקת;2;(3, 20, 23, 9, 173137);ולא תלכו בחקת הגוי אשר אני משלח מפניכם כי את כל אלה עשו ואקץ בם
(205414, -81, 4);[8, 10, 300, 40];358;משיח;54146;(4, 10, 8, 8, 54146);לחקת;2;(4, 10, 8, 35, 205414);ובני אהרן הכהנים יתקעו בחצצרות והיו לכם לחקת עולם לדרתיכם
(218374, -81, 4);[8, 10, 300, 40];358;משיח;57563;(4, 17, 23, 15, 57563);פרח;3;(4, 17, 23, 54, 218374);ויהי ממחרת ויבא משה אל אהל העדות והנה פרח מטה אהרן לבית לוי ויצא פרח ויצץ ציץ ויגמל שקדים
(224996, -81, 4);[8, 10, 300, 40];358;משיח;59321;(4, 21, 32, 1, 59321);וישלח;5;(4, 21, 32, 5, 224996);וישלח משה לרגל את יעזר וילכדו בנתיה ויירש את האמרי אשר שם
(230336, -81, 4);[8, 10, 300, 40];358;משיח;60775;(4, 25, 4, 16, 60775);חרון;1;(4, 25, 4, 53, 230336);ויאמר יהוה אל משה קח את כל ראשי העם והוקע אותם ליהוה נגד השמש וישב חרון אף יהוה מישראל
(130399, -80, 4);[8, 10, 300, 40];358;משיח;34421;(2, 34, 25, 12, 34421);הפסח;4;(2, 34, 25, 37, 130399);לא תשחט על חמץ דם זבחי ולא ילין לבקר זבח חג הפסח
(105442, -79, 4);[8, 10, 300, 40];358;משיח;27830;(2, 18, 24, 4, 27830);חתנו;1;(2, 18, 24, 13, 105442);וישמע משה לקול חתנו ויעש כל אשר אמר
(236882, -79, 4);[8, 10, 300, 40];358;משיח;62373;(4, 29, 6, 11, 62373);ניחח;4;(4, 29, 6, 53, 236882);מלבד עלת החדש ומנחתה ועלת התמיד ומנחתה ונסכיהם כמשפטם לריח ניחח אשה ליהוה
(267651, -79, 4);[8, 10, 300, 40];358;משיח;70234;(5, 10, 6, 16, 70234);תחתיו;2;(5, 10, 6, 60, 267651);ובני ישראל נסעו מבארת בני יעקן מוסרה שם מת אהרן ויקבר שם ויכהן אלעזר בנו תחתיו
(112763, -78, 4);[8, 10, 300, 40];358;משיח;29852;(2, 24, 5, 9, 29852);זבחים;3;(2, 24, 5, 36, 112763);וישלח את נערי בני ישראל ויעלו עלת ויזבחו זבחים שלמים ליהוה פרים
(198053, -78, 4);[8, 10, 300, 40];358;משיח;52226;(4, 6, 20, 16, 52226);ואחר;3;(4, 6, 20, 62, 198053);והניף אותם הכהן תנופה לפני יהוה קדש הוא לכהן על חזה התנופה ועל שוק התרומה ואחר ישתה הנזיר יין
(217374, -78, 4);[8, 10, 300, 40];358;משיח;57289;(4, 17, 4, 12, 57289);למזבח;5;(4, 17, 4, 56, 217374);ויקח אלעזר הכהן את מחתות הנחשת אשר הקריבו השרפים וירקעום צפוי למזבח
(281731, -78, 4);[8, 10, 300, 40];358;משיח;73934;(5, 20, 5, 13, 73934);חנכו;1;(5, 20, 5, 42, 281731);ודברו השטרים אל העם לאמר מי האיש אשר בנה בית חדש ולא חנכו ילך וישב לביתו פן ימות במלחמה ואיש אחר יחנכנו
(84453, -77, 4);[8, 10, 300, 40];358;משיח;22279;(2, 5, 17, 10, 22279);נזבחה;4;(2, 5, 17, 38, 84453);ויאמר נרפים אתם נרפים על כן אתם אמרים נלכה נזבחה ליהוה
(143265, -77, 4);[8, 10, 300, 40];358;משיח;37757;(3, 2, 14, 13, 37757);מנחת;3;(3, 2, 14, 51, 143265);ואם תקריב מנחת בכורים ליהוה אביב קלוי באש גרש כרמל תקריב את מנחת בכוריך
(168138, -77, 4);[8, 10, 300, 40];358;משיח;44464;(3, 17, 3, 17, 44464);למחנה;3;(3, 17, 3, 55, 168138);איש איש מבית ישראל אשר ישחט שור או כשב או עז במחנה או אשר ישחט מחוץ למחנה
(208600, -77, 4);[8, 10, 300, 40];358;משיח;54970;(4, 11, 32, 22, 54970);המחנה;3;(4, 11, 32, 88, 208600);ויקם העם כל היום ההוא וכל הלילה וכל יום המחרת ויאספו את השלו הממעיט אסף עשרה חמרים וישטחו להם שטוח סביבות המחנה
(6191, -76, 4);[8, 10, 300, 40];358;משיח;1651;(1, 5, 18, 10, 1651);חנוך;1;(1, 5, 18, 34, 6191);ויחי ירד שתים וששים שנה ומאת שנה ויולד את חנוך
(133891, -76, 4);[8, 10, 300, 40];358;משיח;35332;(2, 36, 21, 8, 35332);רחב;2;(2, 36, 21, 27, 133891);עשר אמת ארך הקרש ואמה וחצי האמה רחב הקרש האחד
(216315, -76, 4);[8, 10, 300, 40];358;משיח;57016;(4, 16, 19, 3, 57016);קרח;3;(4, 16, 19, 13, 216315);ויקהל עליהם קרח את כל העדה אל פתח אהל מועד וירא כבוד יהוה אל כל העדה
(276359, -76, 4);[8, 10, 300, 40];358;משיח;72489;(5, 15, 20, 9, 72489);יבחר;3;(5, 15, 20, 37, 276359);לפני יהוה אלהיך תאכלנו שנה בשנה במקום אשר יבחר יהוה אתה וביתך
(13509, -75, 4);[8, 10, 300, 40];358;משיח;3621;(1, 11, 19, 3, 3621);אחרי;2;(1, 11, 19, 9, 13509);ויחי פלג אחרי הולידו את רעו תשע שנים ומאתים שנה ויולד בנים ובנות
(22542, -75, 4);[8, 10, 300, 40];358;משיח;6006;(1, 19, 7, 4, 6006);אחי;2;(1, 19, 7, 11, 22542);ויאמר אל נא אחי תרעו
(100038, -75, 4);[8, 10, 300, 40];358;משיח;26384;(2, 15, 4, 3, 26384);וחילו;2;(2, 15, 4, 11, 100038);מרכבת פרעה וחילו ירה בים ומבחר שלשיו טבעו בים סוף
(133406, -75, 4);[8, 10, 300, 40];358;משיח;35214;(2, 36, 11, 15, 35214);במחברת;3;(2, 36, 11, 62, 133406);ויעש ללאת תכלת על שפת היריעה האחת מקצה במחברת כן עשה בשפת היריעה הקיצונה במחברת השנית
(2351, -74, 4);[8, 10, 300, 40];358;משיח;613;(1, 2, 15, 1, 613);ויקח;4;(1, 2, 15, 4, 2351);ויקח יהוה אלהים את האדם וינחהו בגן עדן לעבדה ולשמרה
(264195, -74, 4);[8, 10, 300, 40];358;משיח;69355;(5, 8, 1, 10, 69355);תחיון;2;(5, 8, 1, 39, 264195);כל המצוה אשר אנכי מצוך היום תשמרון לעשות למען תחיון ורביתם ובאתם וירשתם את הארץ אשר נשבע יהוה לאבתיכם
(13503, -73, 4);[8, 10, 300, 40];358;משיח;3619;(1, 11, 19, 1, 3619);ויחי;3;(1, 11, 19, 3, 13503);ויחי פלג אחרי הולידו את רעו תשע שנים ומאתים שנה ויולד בנים ובנות
(237237, -73, 4);[8, 10, 300, 40];358;משיח;62460;(4, 29, 13, 5, 62460);ניחח;4;(4, 29, 13, 20, 237237);והקרבתם עלה אשה ריח ניחח ליהוה פרים בני בקר שלשה עשר אילם שנים כבשים בני שנה ארבעה עשר תמימם יהיו
(48231, -72, 4);[8, 10, 300, 40];358;משיח;12852;(1, 33, 1, 12, 12852);ויחץ;3;(1, 33, 1, 44, 48231);וישא יעקב עיניו וירא והנה עשו בא ועמו ארבע מאות איש ויחץ את הילדים על לאה ועל רחל ועל שתי השפחות
(231735, -72, 4);[8, 10, 300, 40];358;משיח;61126;(4, 26, 15, 9, 61126);החגי;2;(4, 26, 15, 39, 231735);בני גד למשפחתם לצפון משפחת הצפוני לחגי משפחת החגי לשוני משפחת השוני
(244747, -72, 4);[8, 10, 300, 40];358;משיח;64366;(4, 33, 15, 3, 64366);ויחנו;3;(4, 33, 15, 14, 244747);ויסעו מרפידם ויחנו במדבר סיני
(277466, -72, 4);[8, 10, 300, 40];358;משיח;72770;(5, 16, 16, 16, 72770);ובחג;3;(5, 16, 16, 61, 277466);שלוש פעמים בשנה יראה כל זכורך את פני יהוה אלהיך במקום אשר יבחר בחג המצות ובחג השבעות ובחג הסכות ולא יראה את פני יהוה ריקם
(280996, -72, 4);[8, 10, 300, 40];358;משיח;73735;(5, 19, 12, 4, 73735);ולקחו;4;(5, 19, 12, 17, 280996);ושלחו זקני עירו ולקחו אתו משם ונתנו אתו ביד גאל הדם ומת
(12490, -71, 4);[8, 10, 300, 40];358;משיח;3350;(1, 10, 26, 8, 3350);חצרמות;1;(1, 10, 26, 26, 12490);ויקטן ילד את אלמודד ואת שלף ואת חצרמות ואת ירח
(65696, -71, 4);[8, 10, 300, 40];358;משיח;17426;(1, 43, 12, 9, 17426);אמתחתיכם;4;(1, 43, 12, 35, 65696);וכסף משנה קחו בידכם ואת הכסף המושב בפי אמתחתיכם תשיבו בידכם אולי משגה הוא
(87121, -71, 4);[8, 10, 300, 40];358;משיח;22968;(2, 7, 16, 6, 22968);שלחני;3;(2, 7, 16, 26, 87121);ואמרת אליו יהוה אלהי העברים שלחני אליך לאמר שלח את עמי ויעבדני במדבר והנה לא שמעת עד כה
(244845, -71, 4);[8, 10, 300, 40];358;משיח;64386;(4, 33, 19, 3, 64386);ויחנו;3;(4, 33, 19, 13, 244845);ויסעו מרתמה ויחנו ברמן פרץ
(37559, -70, 4);[8, 10, 300, 40];358;משיח;9981;(1, 27, 29, 9, 9981);וישתחוו;5;(1, 27, 29, 40, 37559);יעבדוך עמים וישתחו לך לאמים הוה גביר לאחיך וישתחוו לך בני אמך ארריך ארור ומברכיך ברוך
(87653, -69, 4);[8, 10, 300, 40];358;משיח;23112;(2, 7, 24, 1, 23112);ויחפרו;3;(2, 7, 24, 3, 87653);ויחפרו כל מצרים סביבת היאר מים לשתות כי לא יכלו לשתת ממימי היאר
(231746, -69, 4);[8, 10, 300, 40];358;משיח;61128;(4, 26, 15, 11, 61128);משפחת;4;(4, 26, 15, 50, 231746);בני גד למשפחתם לצפון משפחת הצפוני לחגי משפחת החגי לשוני משפחת השוני
(245948, -69, 4);[8, 10, 300, 40];358;משיח;64645;(4, 33, 54, 13, 64645);נחלתו;2;(4, 33, 54, 56, 245948);והתנחלתם את הארץ בגורל למשפחתיכם לרב תרבו את נחלתו ולמעט תמעיט את נחלתו אל אשר יצא לו שמה הגורל לו יהיה למטות אבתיכם תתנחלו
(59198, -68, 4);[8, 10, 300, 40];358;משיח;15732;(1, 40, 8, 3, 15732);חלום;1;(1, 40, 8, 11, 59198);ויאמרו אליו חלום חלמנו ופתר אין אתו ויאמר אלהם יוסף הלוא לאלהים פתרנים ספרו נא לי
(149513, -68, 4);[8, 10, 300, 40];358;משיח;39443;(3, 7, 12, 19, 39443);חלת;1;(3, 7, 12, 77, 149513);אם על תודה יקריבנו והקריב על זבח התודה חלות מצות בלולת בשמן ורקיקי מצות משחים בשמן וסלת מרבכת חלת בלולת בשמן
(197274, -68, 4);[8, 10, 300, 40];358;משיח;52018;(4, 6, 7, 3, 52018);לאחיו;3;(4, 6, 7, 13, 197274);לאביו ולאמו לאחיו ולאחתו לא יטמא להם במתם כי נזר אלהיו על ראשו
(33712, -67, 4);[8, 10, 300, 40];358;משיח;8980;(1, 25, 20, 6, 8980);בקחתו;3;(1, 25, 20, 22, 33712);ויהי יצחק בן ארבעים שנה בקחתו את רבקה בת בתואל הארמי מפדן ארם אחות לבן הארמי לו לאשה
(93339, -67, 4);[8, 10, 300, 40];358;משיח;24627;(2, 11, 1, 7, 24627);אחד;2;(2, 11, 1, 22, 93339);ויאמר יהוה אל משה עוד נגע אחד אביא על פרעה ועל מצרים אחרי כן ישלח אתכם מזה כשלחו כלה גרש יגרש אתכם מזה
(96655, -67, 4);[8, 10, 300, 40];358;משיח;25506;(2, 12, 48, 16, 25506);כאזרח;5;(2, 12, 48, 56, 96655);וכי יגור אתך גר ועשה פסח ליהוה המול לו כל זכר ואז יקרב לעשתו והיה כאזרח הארץ וכל ערל לא יאכל בו
(213631, -67, 4);[8, 10, 300, 40];358;משיח;56312;(4, 15, 7, 7, 56312);ניחח;3;(4, 15, 7, 28, 213631);ויין לנסך שלשית ההין תקריב ריח ניחח ליהוה
(109484, -66, 4);[8, 10, 300, 40];358;משיח;28950;(2, 21, 33, 16, 28950);חמור;1;(2, 21, 33, 47, 109484);וכי יפתח איש בור או כי יכרה איש בר ולא יכסנו ונפל שמה שור או חמור
(135786, -66, 4);[8, 10, 300, 40];358;משיח;35804;(2, 37, 21, 12, 35804);תחת;2;(2, 37, 21, 47, 135786);וכפתר תחת שני הקנים ממנה וכפתר תחת שני הקנים ממנה וכפתר תחת שני הקנים ממנה לששת הקנים היצאים ממנה
(137543, -66, 4);[8, 10, 300, 40];358;משיח;36241;(2, 38, 26, 20, 36241);וחמש;2;(2, 38, 26, 79, 137543);בקע לגלגלת מחצית השקל בשקל הקדש לכל העבר על הפקדים מבן עשרים שנה ומעלה לשש מאות אלף ושלשת אלפים וחמש מאות וחמשים
(233011, -66, 4);[8, 10, 300, 40];358;משיח;61401;(4, 26, 44, 11, 61401);משפחת;4;(4, 26, 44, 53, 233011);בני אשר למשפחתם לימנה משפחת הימנה לישוי משפחת הישוי לבריעה משפחת הבריעי
(124621, -65, 4);[8, 10, 300, 40];358;משיח;32868;(2, 30, 34, 9, 32868);ושחלת;3;(2, 30, 34, 28, 124621);ויאמר יהוה אל משה קח לך סמים נטף ושחלת וחלבנה סמים ולבנה זכה בד בבד יהיה
(152978, -65, 4);[8, 10, 300, 40];358;משיח;40369;(3, 9, 2, 9, 40369);לחטאת;2;(3, 9, 2, 25, 152978);ויאמר אל אהרן קח לך עגל בן בקר לחטאת ואיל לעלה תמימם והקרב לפני יהוה
(109484, -64, 4);[8, 10, 300, 40];358;משיח;28950;(2, 21, 33, 16, 28950);חמור;1;(2, 21, 33, 47, 109484);וכי יפתח איש בור או כי יכרה איש בר ולא יכסנו ונפל שמה שור או חמור
(120661, -64, 4);[8, 10, 300, 40];358;משיח;31829;(2, 29, 2, 9, 31829);משחים;3;(2, 29, 2, 37, 120661);ולחם מצות וחלת מצת בלולת בשמן ורקיקי מצות משחים בשמן סלת חטים תעשה אתם
(231806, -64, 4);[8, 10, 300, 40];358;משיח;61140;(4, 26, 17, 5, 61140);משפחת;4;(4, 26, 17, 26, 231806);לארוד משפחת הארודי לאראלי משפחת האראלי
(232168, -64, 4);[8, 10, 300, 40];358;משיח;61219;(4, 26, 26, 5, 61219);משפחת;4;(4, 26, 26, 23, 232168);בני זבולן למשפחתם לסרד משפחת הסרדי לאלון משפחת האלני ליחלאל משפחת היחלאלי
(293074, -64, 4);[8, 10, 300, 40];358;משיח;76938;(5, 28, 31, 2, 76938);טבוח;4;(5, 28, 31, 8, 293074);שורך טבוח לעיניך ולא תאכל ממנו חמרך גזול מלפניך ולא ישוב לך צאנך נתנות לאיביך ואין לך מושיע
(200309, -63, 4);[8, 10, 300, 40];358;משיח;52815;(4, 7, 45, 2, 52815);אחד;2;(4, 7, 45, 4, 200309);פר אחד בן בקר איל אחד כבש אחד בן שנתו לעלה
(232848, -62, 4);[8, 10, 300, 40];358;משיח;61366;(4, 26, 41, 6, 61366);חמשה;1;(4, 26, 41, 26, 232848);אלה בני בנימן למשפחתם ופקדיהם חמשה וארבעים אלף ושש מאות
(45532, -61, 4);[8, 10, 300, 40];358;משיח;12144;(1, 31, 37, 16, 12144);ויוכיחו;6;(1, 31, 37, 51, 45532);כי מששת את כל כלי מה מצאת מכל כלי ביתך שים כה נגד אחי ואחיך ויוכיחו בין שנינו
(134703, -61, 4);[8, 10, 300, 40];358;משיח;35530;(2, 36, 38, 3, 35530);חמשה;1;(2, 36, 38, 10, 134703);ואת עמודיו חמשה ואת וויהם וצפה ראשיהם וחשקיהם זהב ואדניהם חמשה נחשת
(177274, -61, 4);[8, 10, 300, 40];358;משיח;46934;(3, 23, 21, 14, 46934);חקת;1;(3, 23, 21, 49, 177274);וקראתם בעצם היום הזה מקרא קדש יהיה לכם כל מלאכת עבדה לא תעשו חקת עולם בכל מושבתיכם לדרתיכם
(67169, -60, 4);[8, 10, 300, 40];358;משיח;17782;(1, 44, 3, 6, 17782);וחמריהם;2;(1, 44, 3, 23, 67169);הבקר אור והאנשים שלחו המה וחמריהם
(75201, -60, 4);[8, 10, 300, 40];358;משיח;19861;(1, 48, 22, 5, 19861);אחד;2;(1, 48, 22, 15, 75201);ואני נתתי לך שכם אחד על אחיך אשר לקחתי מיד האמרי בחרבי ובקשתי
(123931, -60, 4);[8, 10, 300, 40];358;משיח;32681;(2, 30, 18, 3, 32681);נחשת;2;(2, 30, 18, 11, 123931);ועשית כיור נחשת וכנו נחשת לרחצה ונתת אתו בין אהל מועד ובין המזבח ונתת שמה מים
(209985, -60, 4);[8, 10, 300, 40];358;משיח;55347;(4, 13, 18, 10, 55347);החזק;2;(4, 13, 18, 33, 209985);וראיתם את הארץ מה הוא ואת העם הישב עליה החזק הוא הרפה המעט הוא אם רב
(264609, -60, 4);[8, 10, 300, 40];358;משיח;69463;(5, 8, 8, 2, 69463);חטה;1;(5, 8, 8, 4, 264609);ארץ חטה ושערה וגפן ותאנה ורמון ארץ זית שמן ודבש
(132430, -59, 4);[8, 10, 300, 40];358;משיח;34969;(2, 35, 30, 14, 34969);חור;1;(2, 35, 30, 45, 132430);ויאמר משה אל בני ישראל ראו קרא יהוה בשם בצלאל בן אורי בן חור למטה יהודה
(200631, -59, 4);[8, 10, 300, 40];358;משיח;52900;(4, 7, 53, 6, 52900);חמשה;1;(4, 7, 53, 23, 200631);ולזבח השלמים בקר שנים אילם חמשה עתדים חמשה כבשים בני שנה חמשה זה קרבן אלישמע בן עמיהוד
(201394, -59, 4);[8, 10, 300, 40];358;משיח;53098;(4, 7, 71, 6, 53098);חמשה;1;(4, 7, 71, 23, 201394);ולזבח השלמים בקר שנים אילם חמשה עתדים חמשה כבשים בני שנה חמשה זה קרבן אחיעזר בן עמישדי
(300402, -59, 4);[8, 10, 300, 40];358;משיח;78828;(5, 31, 29, 17, 78828);באחרית;3;(5, 31, 29, 66, 300402);כי ידעתי אחרי מותי כי השחת תשחתון וסרתם מן הדרך אשר צויתי אתכם וקראת אתכם הרעה באחרית הימים כי תעשו את הרע בעיני יהוה להכעיסו במעשה ידיכם
(203855, -58, 4);[8, 10, 300, 40];358;משיח;53742;(4, 9, 2, 5, 53742);הפסח;4;(4, 9, 2, 19, 203855);ויעשו בני ישראל את הפסח במועדו
(253715, -58, 4);[8, 10, 300, 40];358;משיח;66655;(5, 2, 23, 11, 66655);תחתם;2;(5, 2, 23, 53, 253715);והעוים הישבים בחצרים עד עזה כפתרים היצאים מכפתר השמידם וישבו תחתם
(301504, -58, 4);[8, 10, 300, 40];358;משיח;79108;(5, 32, 24, 13, 79108);זחלי;2;(5, 32, 24, 43, 301504);מזי רעב ולחמי רשף וקטב מרירי ושן בהמת אשלח בם עם חמת זחלי עפר
(174018, -57, 4);[8, 10, 300, 40];358;משיח;46059;(3, 21, 12, 6, 46059);יחלל;2;(3, 21, 12, 18, 174018);ומן המקדש לא יצא ולא יחלל את מקדש אלהיו כי נזר שמן משחת אלהיו עליו אני יהוה
(287921, -57, 4);[8, 10, 300, 40];358;משיח;75615;(5, 24, 21, 6, 75615);אחריך;2;(5, 24, 21, 19, 287921);כי תבצר כרמך לא תעולל אחריך לגר ליתום ולאלמנה יהיה
(126683, -56, 4);[8, 10, 300, 40];358;משיח;33404;(2, 32, 16, 9, 33404);חרות;1;(2, 32, 16, 36, 126683);והלחת מעשה אלהים המה והמכתב מכתב אלהים הוא חרות על הלחת
(192135, -56, 4);[8, 10, 300, 40];358;משיח;50665;(4, 3, 41, 1, 50665);ולקחת;4;(4, 3, 41, 4, 192135);ולקחת את הלוים לי אני יהוה תחת כל בכר בבני ישראל ואת בהמת הלוים תחת כל בכור בבהמת בני ישראל
(248743, -56, 4);[8, 10, 300, 40];358;משיח;65378;(4, 35, 28, 14, 65378);הרצח;4;(4, 35, 28, 51, 248743);כי בעיר מקלטו ישב עד מות הכהן הגדל ואחרי מות הכהן הגדל ישוב הרצח אל ארץ אחזתו
(301821, -56, 4);[8, 10, 300, 40];358;משיח;79190;(5, 32, 33, 1, 79190);חמת;1;(5, 32, 33, 1, 301821);חמת תנינם יינם וראש פתנים אכזר
(9423, -55, 4);[8, 10, 300, 40];358;משיח;2525;(1, 8, 6, 8, 2525);חלון;1;(1, 8, 6, 26, 9423);ויהי מקץ ארבעים יום ויפתח נח את חלון התבה אשר עשה
(134577, -55, 4);[8, 10, 300, 40];358;משיח;35498;(2, 36, 35, 11, 35498);חשב;1;(2, 36, 35, 42, 134577);ויעש את הפרכת תכלת וארגמן ותולעת שני ושש משזר מעשה חשב עשה אתה כרבים
(54486, -54, 4);[8, 10, 300, 40];358;משיח;14509;(1, 37, 8, 16, 14509);חלמתיו;1;(1, 37, 8, 56, 54486);ויאמרו לו אחיו המלך תמלך עלינו אם משול תמשל בנו ויוספו עוד שנא אתו על חלמתיו ועל דבריו
(116092, -54, 4);[8, 10, 300, 40];358;משיח;30684;(2, 26, 16, 10, 30684);האחד;3;(2, 26, 16, 36, 116092);עשר אמות ארך הקרש ואמה וחצי האמה רחב הקרש האחד
(132452, -54, 4);[8, 10, 300, 40];358;משיח;34974;(2, 35, 31, 3, 34974);רוח;3;(2, 35, 31, 11, 132452);וימלא אתו רוח אלהים בחכמה בתבונה ובדעת ובכל מלאכה
(85661, -53, 4);[8, 10, 300, 40];358;משיח;22588;(2, 6, 16, 10, 22588);חיי;1;(2, 6, 16, 39, 85661);ואלה שמות בני לוי לתלדתם גרשון וקהת ומררי ושני חיי לוי שבע ושלשים ומאת שנה
(237501, -53, 4);[8, 10, 300, 40];358;משיח;62524;(4, 29, 18, 1, 62524);ומנחתם;4;(4, 29, 18, 4, 237501);ומנחתם ונסכיהם לפרים לאילם ולכבשים במספרם כמשפט
(52754, -52, 4);[8, 10, 300, 40];358;משיח;14060;(1, 36, 13, 4, 14060);נחת;2;(1, 36, 13, 14, 52754);ואלה בני רעואל נחת וזרח שמה ומזה אלה היו בני בשמת אשת עשו
(85784, -52, 4);[8, 10, 300, 40];358;משיח;22617;(2, 6, 19, 6, 22617);משפחת;4;(2, 6, 19, 24, 85784);ובני מררי מחלי ומושי אלה משפחת הלוי לתלדתם
(191783, -52, 4);[8, 10, 300, 40];358;משיח;50580;(4, 3, 35, 4, 50580);למשפחת;5;(4, 3, 35, 15, 191783);ונשיא בית אב למשפחת מררי צוריאל בן אביחיל על ירך המשכן יחנו צפנה
(270966, -52, 4);[8, 10, 300, 40];358;משיח;71075;(5, 12, 7, 6, 71075);ושמחתם;4;(5, 12, 7, 26, 270966);ואכלתם שם לפני יהוה אלהיכם ושמחתם בכל משלח ידכם אתם ובתיכם אשר ברכך יהוה אלהיך
(296245, -52, 4);[8, 10, 300, 40];358;משיח;77757;(5, 29, 17, 8, 77757);משפחה;4;(5, 29, 17, 21, 296245);פן יש בכם איש או אשה או משפחה או שבט אשר לבבו פנה היום מעם יהוה אלהינו ללכת לעבד את אלהי הגוים ההם פן יש בכם שרש פרה ראש ולענה
(8421, -51, 4);[8, 10, 300, 40];358;משיח;2258;(1, 7, 11, 5, 2258);לחיי;2;(1, 7, 11, 15, 8421);בשנת שש מאות שנה לחיי נח בחדש השני בשבעה עשר יום לחדש ביום הזה נבקעו כל מעינות תהום רבה וארבת השמים נפתחו
(59035, -51, 4);[8, 10, 300, 40];358;משיח;15693;(1, 40, 5, 5, 15693);חלמו;1;(1, 40, 5, 19, 59035);ויחלמו חלום שניהם איש חלמו בלילה אחד איש כפתרון חלמו המשקה והאפה אשר למלך מצרים אשר אסורים בבית הסהר
(60581, -51, 4);[8, 10, 300, 40];358;משיח;16088;(1, 41, 11, 4, 16088);אחד;2;(1, 41, 11, 17, 60581);ונחלמה חלום בלילה אחד אני והוא איש כפתרון חלמו חלמנו
(69960, -51, 4);[8, 10, 300, 40];358;משיח;18512;(1, 45, 23, 2, 18512);שלח;3;(1, 45, 23, 9, 69960);ולאביו שלח כזאת עשרה חמרים נשאים מטוב מצרים ועשר אתנת נשאת בר ולחם ומזון לאביו לדרך
(100352, -51, 4);[8, 10, 300, 40];358;משיח;26462;(2, 15, 13, 1, 26462);נחית;2;(2, 15, 13, 2, 100352);נחית בחסדך עם זו גאלת נהלת בעזך אל נוה קדשך
(112625, -51, 4);[8, 10, 300, 40];358;משיח;29817;(2, 24, 3, 16, 29817);אחד;2;(2, 24, 3, 53, 112625);ויבא משה ויספר לעם את כל דברי יהוה ואת כל המשפטים ויען כל העם קול אחד ויאמרו כל הדברים אשר דבר יהוה נעשה
(242841, -50, 4);[8, 10, 300, 40];358;משיח;63886;(4, 32, 17, 2, 63886);נחלץ;2;(4, 32, 17, 8, 242841);ואנחנו נחלץ חשים לפני בני ישראל עד אשר אם הביאנם אל מקומם וישב טפנו בערי המבצר מפני ישבי הארץ
(266567, -50, 4);[8, 10, 300, 40];358;משיח;69961;(5, 9, 18, 19, 69961);חטאתם;1;(5, 9, 18, 75, 266567);ואתנפל לפני יהוה כראשנה ארבעים יום וארבעים לילה לחם לא אכלתי ומים לא שתיתי על כל חטאתכם אשר חטאתם לעשות הרע בעיני יהוה להכעיסו
(111966, -49, 4);[8, 10, 300, 40];358;משיח;29646;(2, 23, 23, 11, 29646);החוי;2;(2, 23, 23, 48, 111966);כי ילך מלאכי לפניך והביאך אל האמרי והחתי והפרזי והכנעני החוי והיבוסי והכחדתיו
(257608, -49, 4);[8, 10, 300, 40];358;משיח;67674;(5, 4, 20, 12, 67674);נחלה;2;(5, 4, 20, 48, 257608);ואתכם לקח יהוה ויוצא אתכם מכור הברזל ממצרים להיות לו לעם נחלה כיום הזה
(302212, -49, 4);[8, 10, 300, 40];358;משיח;79294;(5, 32, 42, 8, 79294);חלל;1;(5, 32, 42, 27, 302212);אשכיר חצי מדם וחרבי תאכל בשר מדם חלל ושביה מראש פרעות אויב
(133266, -48, 4);[8, 10, 300, 40];358;משיח;35178;(2, 36, 9, 7, 35178);ורחב;3;(2, 36, 9, 30, 133266);ארך היריעה האחת שמנה ועשרים באמה ורחב ארבע באמה היריעה האחת מדה אחת לכל היריעת
(174122, -48, 4);[8, 10, 300, 40];358;משיח;46087;(3, 21, 14, 13, 46087);יקח;3;(3, 21, 14, 46, 174122);אלמנה וגרושה וחללה זנה את אלה לא יקח כי אם בתולה מעמיו יקח אשה
(241000, -48, 4);[8, 10, 300, 40];358;משיח;63416;(4, 31, 32, 15, 63416);וחמשת;2;(4, 31, 32, 52, 241000);ויהי המלקוח יתר הבז אשר בזזו עם הצבא צאן שש מאות אלף ושבעים אלף וחמשת אלפים
(282743, -48, 4);[8, 10, 300, 40];358;משיח;74206;(5, 21, 3, 5, 74206);החלל;2;(5, 21, 3, 17, 282743);והיה העיר הקרבה אל החלל ולקחו זקני העיר ההוא עגלת בקר אשר לא עבד בה אשר לא משכה בעל
(27527, -47, 4);[8, 10, 300, 40];358;משיח;7344;(1, 22, 9, 12, 7344);המזבח;5;(1, 22, 9, 44, 27527);ויבאו אל המקום אשר אמר לו האלהים ויבן שם אברהם את המזבח ויערך את העצים ויעקד את יצחק בנו וישם אתו על המזבח ממעל לעצים
(183481, -47, 4);[8, 10, 300, 40];358;משיח;48524;(3, 26, 25, 3, 48524);חרב;1;(3, 26, 25, 12, 183481);והבאתי עליכם חרב נקמת נקם ברית ונאספתם אל עריכם ושלחתי דבר בתוככם ונתתם ביד אויב
(250679, -47, 4);[8, 10, 300, 40];358;משיח;65877;(5, 1, 15, 6, 65877);חכמים;1;(5, 1, 15, 22, 250679);ואקח את ראשי שבטיכם אנשים חכמים וידעים ואתן אותם ראשים עליכם שרי אלפים ושרי מאות ושרי חמשים ושרי עשרת ושטרים לשבטיכם
(270687, -47, 4);[8, 10, 300, 40];358;משיח;71011;(5, 12, 2, 21, 71011);ותחת;3;(5, 12, 2, 79, 270687);אבד תאבדון את כל המקמות אשר עבדו שם הגוים אשר אתם ירשים אתם את אלהיהם על ההרים הרמים ועל הגבעות ותחת כל עץ רענן
(282494, -47, 4);[8, 10, 300, 40];358;משיח;74135;(5, 20, 19, 11, 74135);תשחית;3;(5, 20, 19, 38, 282494);כי תצור אל עיר ימים רבים להלחם עליה לתפשה לא תשחית את עצה לנדח עליו גרזן כי ממנו תאכל ואתו לא תכרת כי האדם עץ השדה לבא מפניך במצור
(80187, -46, 4);[8, 10, 300, 40];358;משיח;21160;(2, 2, 23, 8, 21160);ויאנחו;5;(2, 2, 23, 34, 80187);ויהי בימים הרבים ההם וימת מלך מצרים ויאנחו בני ישראל מן העבדה ויזעקו ותעל שועתם אל האלהים מן העבדה
(175963, -46, 4);[8, 10, 300, 40];358;משיח;46611;(3, 22, 28, 10, 46611);אחד;2;(3, 22, 28, 30, 175963);ושור או שה אתו ואת בנו לא תשחטו ביום אחד
(180000, -45, 4);[8, 10, 300, 40];358;משיח;47634;(3, 25, 9, 7, 47634);לחדש;2;(3, 25, 9, 31, 180000);והעברת שופר תרועה בחדש השבעי בעשור לחדש ביום הכפרים תעבירו שופר בכל ארצכם
(51211, -44, 4);[8, 10, 300, 40];358;משיח;13647;(1, 35, 7, 16, 13647);אחיו;2;(1, 35, 7, 56, 51211);ויבן שם מזבח ויקרא למקום אל בית אל כי שם נגלו אליו האלהים בברחו מפני אחיו
(75747, -44, 4);[8, 10, 300, 40];358;משיח;20000;(1, 49, 12, 6, 20000);מחלב;2;(1, 49, 12, 25, 75747);חכלילי עינים מיין ולבן שנים מחלב
(98499, -44, 4);[8, 10, 300, 40];358;משיח;25994;(2, 14, 9, 17, 25994);החירת;2;(2, 14, 9, 65, 98499);וירדפו מצרים אחריהם וישיגו אותם חנים על הים כל סוס רכב פרעה ופרשיו וחילו על פי החירת לפני בעל צפן
(222742, -44, 4);[8, 10, 300, 40];358;משיח;58724;(4, 20, 16, 6, 58724);וישלח;5;(4, 20, 16, 25, 222742);ונצעק אל יהוה וישמע קלנו וישלח מלאך ויצאנו ממצרים והנה אנחנו בקדש עיר קצה גבולך
(238145, -44, 4);[8, 10, 300, 40];358;משיח;62662;(4, 29, 33, 1, 62662);ומנחתם;4;(4, 29, 33, 4, 238145);ומנחתם ונסכהם לפרים לאילם ולכבשים במספרם כמשפטם
(277938, -44, 4);[8, 10, 300, 40];358;משיח;72901;(5, 17, 3, 5, 72901);וישתחו;5;(5, 17, 3, 24, 277938);וילך ויעבד אלהים אחרים וישתחו להם ולשמש או לירח או לכל צבא השמים אשר לא צויתי
(281417, -44, 4);[8, 10, 300, 40];358;משיח;73849;(5, 19, 21, 2, 73849);תחוס;2;(5, 19, 21, 5, 281417);ולא תחוס עינך נפש בנפש עין בעין שן בשן יד ביד רגל ברגל
(70108, -43, 4);[8, 10, 300, 40];358;משיח;18549;(1, 45, 26, 6, 18549);חי;1;(1, 45, 26, 19, 70108);ויגדו לו לאמר עוד יוסף חי וכי הוא משל בכל ארץ מצרים ויפג לבו כי לא האמין להם
(134459, -42, 4);[8, 10, 300, 40];358;משיח;35467;(2, 36, 33, 5, 35467);לברח;4;(2, 36, 33, 20, 134459);ויעש את הבריח התיכן לברח בתוך הקרשים מן הקצה אל הקצה
(177886, -42, 4);[8, 10, 300, 40];358;משיח;47090;(3, 23, 34, 9, 47090);לחדש;2;(3, 23, 34, 30, 177886);דבר אל בני ישראל לאמר בחמשה עשר יום לחדש השביעי הזה חג הסכות שבעת ימים ליהוה
(223811, -42, 4);[8, 10, 300, 40];358;משיח;59012;(4, 21, 7, 6, 59012);חטאנו;1;(4, 21, 7, 19, 223811);ויבא העם אל משה ויאמרו חטאנו כי דברנו ביהוה ובך התפלל אל יהוה ויסר מעלינו את הנחש ויתפלל משה בעד העם
(78713, -41, 4);[8, 10, 300, 40];358;משיח;20779;(2, 1, 16, 16, 20779);וחיה;2;(2, 1, 16, 59, 78713);ויאמר בילדכן את העבריות וראיתן על האבנים אם בן הוא והמתן אתו ואם בת הוא וחיה
(136497, -41, 4);[8, 10, 300, 40];358;משיח;35991;(2, 38, 7, 12, 35991);לחת;2;(2, 38, 7, 43, 136497);ויבא את הבדים בטבעת על צלעת המזבח לשאת אתו בהם נבוב לחת עשה אתו
(77766, -40, 4);[8, 10, 300, 40];358;משיח;20536;(1, 50, 21, 9, 20536);וינחם;4;(1, 50, 21, 35, 77766);ועתה אל תיראו אנכי אכלכל אתכם ואת טפכם וינחם אותם וידבר על לבם
(105516, -40, 4);[8, 10, 300, 40];358;משיח;27851;(2, 18, 25, 17, 27851);חמשים;1;(2, 18, 25, 59, 105516);ויבחר משה אנשי חיל מכל ישראל ויתן אתם ראשים על העם שרי אלפים שרי מאות שרי חמשים ושרי עשרת
(133497, -40, 4);[8, 10, 300, 40];358;משיח;35235;(2, 36, 13, 2, 35235);חמשים;1;(2, 36, 13, 5, 133497);ויעש חמשים קרסי זהב ויחבר את היריעת אחת אל אחת בקרסים ויהי המשכן אחד
(167571, -40, 4);[8, 10, 300, 40];358;משיח;44310;(3, 16, 27, 16, 44310);למחנה;3;(3, 16, 27, 56, 167571);ואת פר החטאת ואת שעיר החטאת אשר הובא את דמם לכפר בקדש יוציא אל מחוץ למחנה ושרפו באש את ערתם ואת בשרם ואת פרשם
(6790, -39, 4);[8, 10, 300, 40];358;משיח;1805;(1, 5, 32, 4, 1805);חמש;1;(1, 5, 32, 9, 6790);ויהי נח בן חמש מאות שנה ויולד נח את שם את חם ואת יפת
(26533, -39, 4);[8, 10, 300, 40];358;משיח;7081;(1, 21, 25, 1, 7081);והוכח;5;(1, 21, 25, 5, 26533);והוכח אברהם את אבימלך על אדות באר המים אשר גזלו עבדי אבימלך
(249625, -39, 4);[8, 10, 300, 40];358;משיח;65610;(4, 36, 8, 9, 65610);ממשפחת;5;(4, 36, 8, 35, 249625);וכל בת ירשת נחלה ממטות בני ישראל לאחד ממשפחת מטה אביה תהיה לאשה למען יירשו בני ישראל איש נחלת אבתיו
(264069, -39, 4);[8, 10, 300, 40];358;משיח;69321;(5, 7, 25, 10, 69321);ולקחת;4;(5, 7, 25, 42, 264069);פסילי אלהיהם תשרפון באש לא תחמד כסף וזהב עליהם ולקחת לך פן תוקש בו כי תועבת יהוה אלהיך הוא
(38532, -38, 4);[8, 10, 300, 40];358;משיח;10244;(1, 27, 45, 19, 10244);אחד;2;(1, 27, 45, 64, 38532);עד שוב אף אחיך ממך ושכח את אשר עשית לו ושלחתי ולקחתיך משם למה אשכל גם שניכם יום אחד
(66655, -38, 4);[8, 10, 300, 40];358;משיח;17655;(1, 43, 28, 8, 17655);וישתחו;5;(1, 43, 28, 38, 66655);ויאמרו שלום לעבדך לאבינו עודנו חי ויקדו וישתחו
(144658, -38, 4);[8, 10, 300, 40];358;משיח;38134;(3, 4, 7, 22, 38134);מזבח;4;(3, 4, 7, 76, 144658);ונתן הכהן מן הדם על קרנות מזבח קטרת הסמים לפני יהוה אשר באהל מועד ואת כל דם הפר ישפך אל יסוד מזבח העלה אשר פתח אהל מועד
(234055, -38, 4);[8, 10, 300, 40];358;משיח;61659;(4, 27, 1, 19, 61659);מחלה;2;(4, 27, 1, 70, 234055);ותקרבנה בנות צלפחד בן חפר בן גלעד בן מכיר בן מנשה למשפחת מנשה בן יוסף ואלה שמות בנתיו מחלה נעה וחגלה ומלכה ותרצה
(244600, -38, 4);[8, 10, 300, 40];358;משיח;64331;(4, 33, 9, 12, 64331);ויחנו;3;(4, 33, 9, 54, 244600);ויסעו ממרה ויבאו אילמה ובאילם שתים עשרה עינת מים ושבעים תמרים ויחנו שם
(9616, -37, 4);[8, 10, 300, 40];358;משיח;2578;(1, 8, 10, 5, 2578);אחרים;2;(1, 8, 10, 17, 9616);ויחל עוד שבעת ימים אחרים ויסף שלח את היונה מן התבה
(59045, -37, 4);[8, 10, 300, 40];358;משיח;15695;(1, 40, 5, 7, 15695);אחד;2;(1, 40, 5, 29, 59045);ויחלמו חלום שניהם איש חלמו בלילה אחד איש כפתרון חלמו המשקה והאפה אשר למלך מצרים אשר אסורים בבית הסהר
(119294, -37, 4);[8, 10, 300, 40];358;משיח;31467;(2, 28, 21, 11, 31467);פתוחי;4;(2, 28, 21, 43, 119294);והאבנים תהיין על שמת בני ישראל שתים עשרה על שמתם פתוחי חותם איש על שמו תהיין לשני עשר שבט
(33197, -36, 4);[8, 10, 300, 40];358;משיח;8849;(1, 25, 9, 3, 8849);יצחק;3;(1, 25, 9, 12, 33197);ויקברו אתו יצחק וישמעאל בניו אל מערת המכפלה אל שדה עפרן בן צחר החתי אשר על פני ממרא
(82087, -36, 4);[8, 10, 300, 40];358;משיח;21647;(2, 4, 5, 12, 21647);יצחק;3;(2, 4, 5, 48, 82087);למען יאמינו כי נראה אליך יהוה אלהי אבתם אלהי אברהם אלהי יצחק ואלהי יעקב
(272758, -36, 4);[8, 10, 300, 40];358;משיח;71541;(5, 13, 4, 9, 71541);חולם;1;(5, 13, 4, 26, 272758);לא תשמע אל דברי הנביא ההוא או אל חולם החלום ההוא כי מנסה יהוה אלהיכם אתכם לדעת הישכם אהבים את יהוה אלהיכם בכל לבבכם ובכל נפשכם
(284282, -36, 4);[8, 10, 300, 40];358;משיח;74625;(5, 22, 6, 12, 74625);אפרחים;4;(5, 22, 6, 38, 284282);כי יקרא קן צפור לפניך בדרך בכל עץ או על הארץ אפרחים או ביצים והאם רבצת על האפרחים או על הביצים לא תקח האם על הבנים
(292494, -36, 4);[8, 10, 300, 40];358;משיח;76795;(5, 28, 20, 11, 76795);משלח;4;(5, 28, 20, 41, 292494);ישלח יהוה בך את המארה את המהומה ואת המגערת בכל משלח ידך אשר תעשה עד השמדך ועד אבדך מהר מפני רע מעלליך אשר עזבתני
(82555, -35, 4);[8, 10, 300, 40];358;משיח;21776;(2, 4, 13, 4, 21776);שלח;3;(2, 4, 13, 14, 82555);ויאמר בי אדני שלח נא ביד תשלח
(193474, -35, 4);[8, 10, 300, 40];358;משיח;51018;(4, 4, 15, 13, 51018);ואחרי;3;(4, 4, 15, 47, 193474);וכלה אהרן ובניו לכסת את הקדש ואת כל כלי הקדש בנסע המחנה ואחרי כן יבאו בני קהת לשאת ולא יגעו אל הקדש ומתו אלה משא בני קהת באהל מועד
(197274, -35, 4);[8, 10, 300, 40];358;משיח;52018;(4, 6, 7, 3, 52018);לאחיו;3;(4, 6, 7, 13, 197274);לאביו ולאמו לאחיו ולאחתו לא יטמא להם במתם כי נזר אלהיו על ראשו
(143135, -34, 4);[8, 10, 300, 40];358;משיח;37723;(3, 2, 12, 7, 37723);המזבח;5;(3, 2, 12, 31, 143135);קרבן ראשית תקריבו אתם ליהוה ואל המזבח לא יעלו לריח ניחח
(228947, -34, 4);[8, 10, 300, 40];358;משיח;60412;(4, 23, 29, 9, 60412);מזבחת;4;(4, 23, 29, 30, 228947);ויאמר בלעם אל בלק בנה לי בזה שבעה מזבחת והכן לי בזה שבעה פרים ושבעה אילם
(250785, -34, 4);[8, 10, 300, 40];358;משיח;65901;(5, 1, 16, 9, 65901);אחיכם;2;(5, 1, 16, 32, 250785);ואצוה את שפטיכם בעת ההוא לאמר שמע בין אחיכם ושפטתם צדק בין איש ובין אחיו ובין גרו
(261832, -34, 4);[8, 10, 300, 40];358;משיח;68767;(5, 6, 12, 4, 68767);תשכח;4;(5, 6, 12, 12, 261832);השמר לך פן תשכח את יהוה אשר הוציאך מארץ מצרים מבית עבדים
(50446, -33, 4);[8, 10, 300, 40];358;משיח;13444;(1, 34, 25, 15, 13444);חרבו;1;(1, 34, 25, 60, 50446);ויהי ביום השלישי בהיותם כאבים ויקחו שני בני יעקב שמעון ולוי אחי דינה איש חרבו ויבאו על העיר בטח ויהרגו כל זכר
(66073, -33, 4);[8, 10, 300, 40];358;משיח;17518;(1, 43, 18, 13, 17518);בתחלה;3;(1, 43, 18, 56, 66073);וייראו האנשים כי הובאו בית יוסף ויאמרו על דבר הכסף השב באמתחתינו בתחלה אנחנו מובאים להתגלל עלינו ולהתנפל עלינו ולקחת אתנו לעבדים ואת חמרינו
(78874, -33, 4);[8, 10, 300, 40];358;משיח;20817;(2, 1, 19, 11, 20817);חיות;1;(2, 1, 19, 42, 78874);ותאמרן המילדת אל פרעה כי לא כנשים המצרית העברית כי חיות הנה בטרם תבוא אלהן המילדת וילדו
(118148, -33, 4);[8, 10, 300, 40];358;משיח;31177;(2, 27, 20, 6, 31177);ויקחו;4;(2, 27, 20, 22, 118148);ואתה תצוה את בני ישראל ויקחו אליך שמן זית זך כתית למאור להעלת נר תמיד
(163608, -33, 4);[8, 10, 300, 40];358;משיח;43234;(3, 14, 42, 10, 43234);יקח;3;(3, 14, 42, 42, 163608);ולקחו אבנים אחרות והביאו אל תחת האבנים ועפר אחר יקח וטח את הבית
(181575, -33, 4);[8, 10, 300, 40];358;משיח;48053;(3, 25, 41, 10, 48053);אחזת;2;(3, 25, 41, 35, 181575);ויצא מעמך הוא ובניו עמו ושב אל משפחתו ואל אחזת אבתיו ישוב
(39712, -32, 4);[8, 10, 300, 40];358;משיח;10561;(1, 28, 20, 17, 10561);לחם;2;(1, 28, 20, 62, 39712);וידר יעקב נדר לאמר אם יהיה אלהים עמדי ושמרני בדרך הזה אשר אנכי הולך ונתן לי לחם לאכל ובגד ללבש
(82641, -32, 4);[8, 10, 300, 40];358;משיח;21800;(2, 4, 14, 21, 21800);ושמח;4;(2, 4, 14, 77, 82641);ויחר אף יהוה במשה ויאמר הלא אהרן אחיך הלוי ידעתי כי דבר ידבר הוא וגם הנה הוא יצא לקראתך וראך ושמח בלבו
(17209, -31, 4);[8, 10, 300, 40];358;משיח;4612;(1, 14, 23, 2, 4612);מחוט;2;(1, 14, 23, 4, 17209);אם מחוט ועד שרוך נעל ואם אקח מכל אשר לך ולא תאמר אני העשרתי את אברם
(162589, -31, 4);[8, 10, 300, 40];358;משיח;42956;(3, 14, 23, 9, 42956);פתח;3;(3, 14, 23, 35, 162589);והביא אתם ביום השמיני לטהרתו אל הכהן אל פתח אהל מועד לפני יהוה
(233029, -31, 4);[8, 10, 300, 40];358;משיח;61405;(4, 26, 45, 3, 61405);לחבר;2;(4, 26, 45, 11, 233029);לבני בריעה לחבר משפחת החברי למלכיאל משפחת המלכיאלי
(238188, -31, 4);[8, 10, 300, 40];358;משיח;62670;(4, 29, 34, 2, 62670);חטאת;1;(4, 29, 34, 6, 238188);ושעיר חטאת אחד מלבד עלת התמיד מנחתה ונסכה
(18911, -30, 4);[8, 10, 300, 40];358;משיח;5072;(1, 16, 12, 13, 5072);אחיו;2;(1, 16, 12, 37, 18911);והוא יהיה פרא אדם ידו בכל ויד כל בו ועל פני כל אחיו ישכן
(63131, -30, 4);[8, 10, 300, 40];358;משיח;16764;(1, 42, 4, 3, 16764);אחי;2;(1, 42, 4, 11, 63131);ואת בנימין אחי יוסף לא שלח יעקב את אחיו כי אמר פן יקראנו אסון
(65776, -30, 4);[8, 10, 300, 40];358;משיח;17446;(1, 43, 14, 8, 17446);ושלח;4;(1, 43, 14, 29, 65776);ואל שדי יתן לכם רחמים לפני האיש ושלח לכם את אחיכם אחר ואת בנימין ואני כאשר שכלתי שכלתי
(132945, -30, 4);[8, 10, 300, 40];358;משיח;35099;(2, 36, 4, 3, 35099);החכמים;2;(2, 36, 4, 9, 132945);ויבאו כל החכמים העשים את כל מלאכת הקדש איש איש ממלאכתו אשר המה עשים
(149800, -30, 4);[8, 10, 300, 40];358;משיח;39517;(3, 7, 18, 14, 39517);יחשב;2;(3, 7, 18, 52, 149800);ואם האכל יאכל מבשר זבח שלמיו ביום השלישי לא ירצה המקריב אתו לא יחשב לו פגול יהיה והנפש האכלת ממנו עונה תשא
(239614, -30, 4);[8, 10, 300, 40];358;משיח;63049;(4, 31, 6, 9, 63049);פינחס;4;(4, 31, 6, 32, 239614);וישלח אתם משה אלף למטה לצבא אתם ואת פינחס בן אלעזר הכהן לצבא וכלי הקדש וחצצרות התרועה בידו
(101020, -28, 4);[8, 10, 300, 40];358;משיח;26640;(2, 15, 26, 15, 26640);חקיו;1;(2, 15, 26, 64, 101020);ויאמר אם שמוע תשמע לקול יהוה אלהיך והישר בעיניו תעשה והאזנת למצותיו ושמרת כל חקיו כל המחלה אשר שמתי במצרים לא אשים עליך כי אני יהוה רפאך
(103865, -28, 4);[8, 10, 300, 40];358;משיח;27395;(2, 17, 12, 4, 27395);ויקחו;4;(2, 17, 12, 16, 103865);וידי משה כבדים ויקחו אבן וישימו תחתיו וישב עליה ואהרן וחור תמכו בידיו מזה אחד ומזה אחד ויהי ידיו אמונה עד בא השמש
(213752, -27, 4);[8, 10, 300, 40];358;משיח;56345;(4, 15, 10, 8, 56345);ניחח;4;(4, 15, 10, 30, 213752);ויין תקריב לנסך חצי ההין אשה ריח ניחח ליהוה
(226986, -27, 4);[8, 10, 300, 40];358;משיח;59873;(4, 22, 31, 12, 59873);וחרבו;2;(4, 22, 31, 41, 226986);ויגל יהוה את עיני בלעם וירא את מלאך יהוה נצב בדרך וחרבו שלפה בידו ויקד וישתחו לאפיו
(237203, -27, 4);[8, 10, 300, 40];358;משיח;62452;(4, 29, 12, 16, 62452);חג;1;(4, 29, 12, 59, 237203);ובחמשה עשר יום לחדש השביעי מקרא קדש יהיה לכם כל מלאכת עבדה לא תעשו וחגתם חג ליהוה שבעת ימים
(197069, -26, 4);[8, 10, 300, 40];358;משיח;51959;(4, 6, 3, 6, 51959);וחמץ;2;(4, 6, 3, 20, 197069);מיין ושכר יזיר חמץ יין וחמץ שכר לא ישתה וכל משרת ענבים לא ישתה וענבים לחים ויבשים לא יאכל
(241230, -26, 4);[8, 10, 300, 40];358;משיח;63473;(4, 31, 39, 1, 63473);וחמרים;2;(4, 31, 39, 2, 241230);וחמרים שלשים אלף וחמש מאות ומכסם ליהוה אחד וששים
(253651, -26, 4);[8, 10, 300, 40];358;משיח;66641;(5, 2, 22, 14, 66641);תחתם;2;(5, 2, 22, 58, 253651);כאשר עשה לבני עשו הישבים בשעיר אשר השמיד את החרי מפניהם ויירשם וישבו תחתם עד היום הזה
(109677, -25, 4);[8, 10, 300, 40];358;משיח;29007;(2, 21, 37, 10, 29007);חמשה;1;(2, 21, 37, 28, 109677);כי יגנב איש שור או שה וטבחו או מכרו חמשה בקר ישלם תחת השור וארבע צאן תחת השה
(258920, -25, 4);[8, 10, 300, 40];358;משיח;68008;(5, 4, 40, 14, 68008);אחריך;2;(5, 4, 40, 52, 258920);ושמרת את חקיו ואת מצותיו אשר אנכי מצוך היום אשר ייטב לך ולבניך אחריך ולמען תאריך ימים על האדמה אשר יהוה אלהיך נתן לך כל הימים
(271270, -25, 4);[8, 10, 300, 40];358;משיח;71152;(5, 12, 11, 25, 71152);מבחר;3;(5, 12, 11, 101, 271270);והיה המקום אשר יבחר יהוה אלהיכם בו לשכן שמו שם שמה תביאו את כל אשר אנכי מצוה אתכם עולתיכם וזבחיכם מעשרתיכם ותרמת ידכם וכל מבחר נדריכם אשר תדרו ליהוה
(14592, -24, 4);[8, 10, 300, 40];358;משיח;3910;(1, 12, 8, 16, 3910);מזבח;4;(1, 12, 8, 55, 14592);ויעתק משם ההרה מקדם לבית אל ויט אהלה בית אל מים והעי מקדם ויבן שם מזבח ליהוה ויקרא בשם יהוה
(140635, -24, 4);[8, 10, 300, 40];358;משיח;37063;(2, 40, 17, 6, 37063);באחד;3;(2, 40, 17, 26, 140635);ויהי בחדש הראשון בשנה השנית באחד לחדש הוקם המשכן
(30956, -23, 4);[8, 10, 300, 40];358;משיח;8272;(1, 24, 31, 7, 8272);בחוץ;2;(1, 24, 31, 25, 30956);ויאמר בוא ברוך יהוה למה תעמד בחוץ ואנכי פניתי הבית ומקום לגמלים
(50463, -23, 4);[8, 10, 300, 40];358;משיח;13448;(1, 34, 25, 19, 13448);בטח;3;(1, 34, 25, 77, 50463);ויהי ביום השלישי בהיותם כאבים ויקחו שני בני יעקב שמעון ולוי אחי דינה איש חרבו ויבאו על העיר בטח ויהרגו כל זכר
(109669, -23, 4);[8, 10, 300, 40];358;משיח;29004;(2, 21, 37, 7, 29004);וטבחו;4;(2, 21, 37, 20, 109669);כי יגנב איש שור או שה וטבחו או מכרו חמשה בקר ישלם תחת השור וארבע צאן תחת השה
(110510, -22, 4);[8, 10, 300, 40];358;משיח;29251;(2, 22, 19, 1, 29251);זבח;3;(2, 22, 19, 3, 110510);זבח לאלהים יחרם בלתי ליהוה לבדו
(84656, -21, 4);[8, 10, 300, 40];358;משיח;22329;(2, 5, 21, 16, 22329);חרב;1;(2, 5, 21, 67, 84656);ויאמרו אלהם ירא יהוה עליכם וישפט אשר הבאשתם את ריחנו בעיני פרעה ובעיני עבדיו לתת חרב בידם להרגנו
(187948, -21, 4);[8, 10, 300, 40];358;משיח;49646;(4, 1, 37, 4, 49646);חמשה;1;(4, 1, 37, 16, 187948);פקדיהם למטה בנימן חמשה ושלשים אלף וארבע מאות
(232316, -21, 4);[8, 10, 300, 40];358;משיח;61250;(4, 26, 29, 11, 61250);משפחת;4;(4, 26, 29, 48, 232316);בני מנשה למכיר משפחת המכירי ומכיר הוליד את גלעד לגלעד משפחת הגלעדי
(278407, -21, 4);[8, 10, 300, 40];358;משיח;73031;(5, 17, 10, 12, 73031);יבחר;3;(5, 17, 10, 40, 278407);ועשית על פי הדבר אשר יגידו לך מן המקום ההוא אשר יבחר יהוה ושמרת לעשות ככל אשר יורוך
(3317, -20, 4);[8, 10, 300, 40];358;משיח;870;(1, 3, 8, 8, 870);לרוח;4;(1, 3, 8, 32, 3317);וישמעו את קול יהוה אלהים מתהלך בגן לרוח היום ויתחבא האדם ואשתו מפני יהוה אלהים בתוך עץ הגן
(11586, -19, 4);[8, 10, 300, 40];358;משיח;3119;(1, 10, 1, 6, 3119);חם;1;(1, 10, 1, 17, 11586);ואלה תולדת בני נח שם חם ויפת ויולדו להם בנים אחר המבול
(84656, -19, 4);[8, 10, 300, 40];358;משיח;22329;(2, 5, 21, 16, 22329);חרב;1;(2, 5, 21, 67, 84656);ויאמרו אלהם ירא יהוה עליכם וישפט אשר הבאשתם את ריחנו בעיני פרעה ובעיני עבדיו לתת חרב בידם להרגנו
(233562, -19, 4);[8, 10, 300, 40];358;משיח;61525;(4, 26, 58, 13, 61525);הקרחי;4;(4, 26, 58, 61, 233562);אלה משפחת לוי משפחת הלבני משפחת החברני משפחת המחלי משפחת המושי משפחת הקרחי וקהת הולד את עמרם
(245438, -19, 4);[8, 10, 300, 40];358;משיח;64523;(4, 33, 41, 4, 64523);ויחנו;3;(4, 33, 41, 14, 245438);ויסעו מהר ההר ויחנו בצלמנה
(63858, -18, 4);[8, 10, 300, 40];358;משיח;16954;(1, 42, 19, 4, 16954);אחיכם;2;(1, 42, 19, 11, 63858);אם כנים אתם אחיכם אחד יאסר בבית משמרכם ואתם לכו הביאו שבר רעבון בתיכם
(82935, -18, 4);[8, 10, 300, 40];358;משיח;21881;(2, 4, 20, 1, 21881);ויקח;4;(2, 4, 20, 4, 82935);ויקח משה את אשתו ואת בניו וירכבם על החמר וישב ארצה מצרים ויקח משה את מטה האלהים בידו
(89857, -18, 4);[8, 10, 300, 40];358;משיח;23673;(2, 9, 6, 6, 23673);ממחרת;3;(2, 9, 6, 20, 89857);ויעש יהוה את הדבר הזה ממחרת וימת כל מקנה מצרים וממקנה בני ישראל לא מת אחד
(124260, -18, 4);[8, 10, 300, 40];358;משיח;32765;(2, 30, 25, 4, 32765);משחת;3;(2, 30, 25, 14, 124260);ועשית אתו שמן משחת קדש רקח מרקחת מעשה רקח שמן משחת קדש יהיה
(96989, -17, 4);[8, 10, 300, 40];358;משיח;25599;(2, 13, 5, 8, 25599);והחתי;3;(2, 13, 5, 29, 96989);והיה כי יביאך יהוה אל ארץ הכנעני והחתי והאמרי והחוי והיבוסי אשר נשבע לאבתיך לתת לך ארץ זבת חלב ודבש ועבדת את העבדה הזאת בחדש הזה
(193043, -17, 4);[8, 10, 300, 40];358;משיח;50900;(4, 4, 8, 10, 50900);תחש;2;(4, 4, 8, 38, 193043);ופרשו עליהם בגד תולעת שני וכסו אתו במכסה עור תחש ושמו את בדיו
(285525, -17, 4);[8, 10, 300, 40];358;משיח;74960;(5, 22, 29, 12, 74960);תחת;2;(5, 22, 29, 44, 285525);ונתן האיש השכב עמה לאבי הנער חמשים כסף ולו תהיה לאשה תחת אשר ענה לא יוכל שלחה כל ימיו
(164114, -16, 4);[8, 10, 300, 40];358;משיח;43376;(3, 14, 52, 7, 43376);החיים;2;(3, 14, 52, 25, 164114);וחטא את הבית בדם הצפור ובמים החיים ובצפר החיה ובעץ הארז ובאזב ובשני התולעת
(164544, -16, 4);[8, 10, 300, 40];358;משיח;43487;(3, 15, 6, 10, 43487);ורחץ;3;(3, 15, 6, 36, 164544);והישב על הכלי אשר ישב עליו הזב יכבס בגדיו ורחץ במים וטמא עד הערב
(177898, -16, 4);[8, 10, 300, 40];358;משיח;47093;(3, 23, 34, 12, 47093);חג;1;(3, 23, 34, 42, 177898);דבר אל בני ישראל לאמר בחמשה עשר יום לחדש השביעי הזה חג הסכות שבעת ימים ליהוה
(301821, -16, 4);[8, 10, 300, 40];358;משיח;79190;(5, 32, 33, 1, 79190);חמת;1;(5, 32, 33, 1, 301821);חמת תנינם יינם וראש פתנים אכזר
(187396, -15, 4);[8, 10, 300, 40];358;משיח;49516;(4, 1, 26, 4, 49516);למשפחתם;5;(4, 1, 26, 20, 187396);לבני יהודה תולדתם למשפחתם לבית אבתם במספר שמת מבן עשרים שנה ומעלה כל יצא צבא
(194363, -15, 4);[8, 10, 300, 40];358;משיח;51251;(4, 4, 32, 2, 51251);החצר;2;(4, 4, 32, 8, 194363);ועמודי החצר סביב ואדניהם ויתדתם ומיתריהם לכל כליהם ולכל עבדתם ובשמת תפקדו את כלי משמרת משאם
(244283, -15, 4);[8, 10, 300, 40];358;משיח;64255;(4, 33, 3, 10, 64255);ממחרת;3;(4, 33, 3, 45, 244283);ויסעו מרעמסס בחדש הראשון בחמשה עשר יום לחדש הראשון ממחרת הפסח יצאו בני ישראל ביד רמה לעיני כל מצרים
(6066, -14, 4);[8, 10, 300, 40];358;משיח;1619;(1, 5, 16, 3, 1619);אחרי;2;(1, 5, 16, 12, 6066);ויחי מהללאל אחרי הולידו את ירד שלשים שנה ושמנה מאות שנה ויולד בנים ובנות
(35404, -14, 4);[8, 10, 300, 40];358;משיח;9416;(1, 26, 19, 3, 9416);יצחק;3;(1, 26, 19, 13, 35404);ויחפרו עבדי יצחק בנחל וימצאו שם באר מים חיים
(128077, -14, 4);[8, 10, 300, 40];358;משיח;33788;(2, 33, 6, 7, 33788);חורב;1;(2, 33, 6, 25, 128077);ויתנצלו בני ישראל את עדים מהר חורב
(149550, -14, 4);[8, 10, 300, 40];358;משיח;39453;(3, 7, 13, 8, 39453);זבח;3;(3, 7, 13, 26, 149550);על חלת לחם חמץ יקריב קרבנו על זבח תודת שלמיו
(205882, -14, 4);[8, 10, 300, 40];358;משיח;54253;(4, 10, 18, 3, 54253);מחנה;2;(4, 10, 18, 9, 205882);ונסע דגל מחנה ראובן לצבאתם ועל צבאו אליצור בן שדיאור
(252050, -14, 4);[8, 10, 300, 40];358;משיח;66223;(5, 1, 38, 10, 66223);חזק;1;(5, 1, 38, 32, 252050);יהושע בן נון העמד לפניך הוא יבא שמה אתו חזק כי הוא ינחלנה את ישראל
(259169, -14, 4);[8, 10, 300, 40];358;משיח;68076;(5, 4, 45, 3, 68076);והחקים;3;(5, 4, 45, 10, 259169);אלה העדת והחקים והמשפטים אשר דבר משה אל בני ישראל בצאתם ממצרים
(7859, -13, 4);[8, 10, 300, 40];358;משיח;2100;(1, 6, 21, 2, 2100);קח;2;(1, 6, 21, 6, 7859);ואתה קח לך מכל מאכל אשר יאכל ואספת אליך והיה לך ולהם לאכלה
(27132, -13, 4);[8, 10, 300, 40];358;משיח;7241;(1, 22, 3, 7, 7241);ויקח;4;(1, 22, 3, 29, 27132);וישכם אברהם בבקר ויחבש את חמרו ויקח את שני נעריו אתו ואת יצחק בנו ויבקע עצי עלה ויקם וילך אל המקום אשר אמר לו האלהים
(98071, -13, 4);[8, 10, 300, 40];358;משיח;25881;(2, 14, 2, 6, 25881);ויחנו;3;(2, 14, 2, 21, 98071);דבר אל בני ישראל וישבו ויחנו לפני פי החירת בין מגדל ובין הים לפני בעל צפן נכחו תחנו על הים
(116427, -13, 4);[8, 10, 300, 40];358;משיח;30763;(2, 26, 24, 4, 30763);ויחדו;3;(2, 26, 24, 17, 116427);ויהיו תאמם מלמטה ויחדו יהיו תמים על ראשו אל הטבעת האחת כן יהיה לשניהם לשני המקצעת יהיו
(197688, -13, 4);[8, 10, 300, 40];358;משיח;52129;(4, 6, 14, 18, 52129);אחד;2;(4, 6, 14, 68, 197688);והקריב את קרבנו ליהוה כבש בן שנתו תמים אחד לעלה וכבשה אחת בת שנתה תמימה לחטאת ואיל אחד תמים לשלמים
(48553, -12, 4);[8, 10, 300, 40];358;משיח;12930;(1, 33, 7, 10, 12930);וישתחוו;5;(1, 33, 7, 42, 48553);ותגש גם לאה וילדיה וישתחוו ואחר נגש יוסף ורחל וישתחוו
(99310, -12, 4);[8, 10, 300, 40];358;משיח;26200;(2, 14, 22, 9, 26200);חומה;1;(2, 14, 22, 34, 99310);ויבאו בני ישראל בתוך הים ביבשה והמים להם חומה מימינם ומשמאלם
(125912, -12, 4);[8, 10, 300, 40];358;משיח;33208;(2, 32, 4, 1, 33208);ויקח;4;(2, 32, 4, 4, 125912);ויקח מידם ויצר אתו בחרט ויעשהו עגל מסכה ויאמרו אלה אלהיך ישראל אשר העלוך מארץ מצרים
(132068, -12, 4);[8, 10, 300, 40];358;משיח;34874;(2, 35, 24, 5, 34874);ונחשת;3;(2, 35, 24, 17, 132068);כל מרים תרומת כסף ונחשת הביאו את תרומת יהוה וכל אשר נמצא אתו עצי שטים לכל מלאכת העבדה הביאו
(9919, -11, 4);[8, 10, 300, 40];358;משיח;2660;(1, 8, 17, 2, 2660);החיה;2;(1, 8, 17, 4, 9919);כל החיה אשר אתך מכל בשר בעוף ובבהמה ובכל הרמש הרמש על הארץ הוצא אתך ושרצו בארץ ופרו ורבו על הארץ
(265724, -11, 4);[8, 10, 300, 40];358;משיח;69741;(5, 9, 5, 27, 69741);ליצחק;4;(5, 9, 5, 110, 265724);לא בצדקתך ובישר לבבך אתה בא לרשת את ארצם כי ברשעת הגוים האלה יהוה אלהיך מורישם מפניך ולמען הקים את הדבר אשר נשבע יהוה לאבתיך לאברהם ליצחק וליעקב
(13314, -10, 4);[8, 10, 300, 40];358;משיח;3569;(1, 11, 14, 1, 3569);ושלח;4;(1, 11, 14, 4, 13314);ושלח חי שלשים שנה ויולד את עבר
(112732, -10, 4);[8, 10, 300, 40];358;משיח;29844;(2, 24, 5, 1, 29844);וישלח;5;(2, 24, 5, 5, 112732);וישלח את נערי בני ישראל ויעלו עלת ויזבחו זבחים שלמים ליהוה פרים
(123697, -10, 4);[8, 10, 300, 40];358;משיח;32622;(2, 30, 13, 14, 32622);מחצית;2;(2, 30, 13, 51, 123697);זה יתנו כל העבר על הפקדים מחצית השקל בשקל הקדש עשרים גרה השקל מחצית השקל תרומה ליהוה
(267467, -10, 4);[8, 10, 300, 40];358;משיח;70186;(5, 10, 4, 3, 70186);הלחת;3;(5, 10, 4, 10, 267467);ויכתב על הלחת כמכתב הראשון את עשרת הדברים אשר דבר יהוה אליכם בהר מתוך האש ביום הקהל ויתנם יהוה אלי
(7427, -9, 4);[8, 10, 300, 40];358;משיח;1987;(1, 6, 13, 12, 1987);חמס;1;(1, 6, 13, 37, 7427);ויאמר אלהים לנח קץ כל בשר בא לפני כי מלאה הארץ חמס מפניהם והנני משחיתם את הארץ
(38152, -9, 4);[8, 10, 300, 40];358;משיח;10141;(1, 27, 39, 2, 10141);יצחק;3;(1, 27, 39, 7, 38152);ויען יצחק אביו ויאמר אליו הנה משמני הארץ יהיה מושבך ומטל השמים מעל
(74822, -9, 4);[8, 10, 300, 40];358;משיח;19761;(1, 48, 16, 15, 19761);ויצחק;4;(1, 48, 16, 56, 74822);המלאך הגאל אתי מכל רע יברך את הנערים ויקרא בהם שמי ושם אבתי אברהם ויצחק וידגו לרב בקרב הארץ
(183820, -9, 4);[8, 10, 300, 40];358;משיח;48603;(3, 26, 31, 11, 48603);ניחחכם;4;(3, 26, 31, 47, 183820);ונתתי את עריכם חרבה והשמותי את מקדשיכם ולא אריח בריח ניחחכם
(186479, -9, 4);[8, 10, 300, 40];358;משיח;49300;(4, 1, 2, 8, 49300);למשפחתם;5;(4, 1, 2, 26, 186479);שאו את ראש כל עדת בני ישראל למשפחתם לבית אבתם במספר שמות כל זכר לגלגלתם
(221464, -9, 4);[8, 10, 300, 40];358;משיח;58385;(4, 19, 16, 8, 58385);חרב;1;(4, 19, 16, 23, 221464);וכל אשר יגע על פני השדה בחלל חרב או במת או בעצם אדם או בקבר יטמא שבעת ימים
(232771, -9, 4);[8, 10, 300, 40];358;משיח;61349;(4, 26, 39, 5, 61349);משפחת;4;(4, 26, 39, 26, 232771);לשפופם משפחת השופמי לחופם משפחת החופמי
(13961, -8, 4);[8, 10, 300, 40];358;משיח;3740;(1, 11, 29, 12, 3740);נחור;2;(1, 11, 29, 40, 13961);ויקח אברם ונחור להם נשים שם אשת אברם שרי ושם אשת נחור מלכה בת הרן אבי מלכה ואבי יסכה
(48592, -8, 4);[8, 10, 300, 40];358;משיח;12941;(1, 33, 8, 11, 12941);חן;1;(1, 33, 8, 37, 48592);ויאמר מי לך כל המחנה הזה אשר פגשתי ויאמר למצא חן בעיני אדני
(167852, -8, 4);[8, 10, 300, 40];358;משיח;44382;(3, 16, 32, 11, 44382);תחת;2;(3, 16, 32, 37, 167852);וכפר הכהן אשר ימשח אתו ואשר ימלא את ידו לכהן תחת אביו ולבש את בגדי הבד בגדי הקדש
(227563, -8, 4);[8, 10, 300, 40];358;משיח;60029;(4, 22, 41, 3, 60029);ויקח;4;(4, 22, 41, 12, 227563);ויהי בבקר ויקח בלק את בלעם ויעלהו במות בעל וירא משם קצה העם
(256629, -8, 4);[8, 10, 300, 40];358;משיח;67424;(5, 4, 6, 5, 67424);חכמתכם;1;(5, 4, 6, 18, 256629);ושמרתם ועשיתם כי הוא חכמתכם ובינתכם לעיני העמים אשר ישמעון את כל החקים האלה ואמרו רק עם חכם ונבון הגוי הגדול הזה
(38532, -7, 4);[8, 10, 300, 40];358;משיח;10244;(1, 27, 45, 19, 10244);אחד;2;(1, 27, 45, 64, 38532);עד שוב אף אחיך ממך ושכח את אשר עשית לו ושלחתי ולקחתיך משם למה אשכל גם שניכם יום אחד
(238193, -7, 4);[8, 10, 300, 40];358;משיח;62671;(4, 29, 34, 3, 62671);אחד;2;(4, 29, 34, 11, 238193);ושעיר חטאת אחד מלבד עלת התמיד מנחתה ונסכה
(120257, -6, 4);[8, 10, 300, 40];358;משיח;31724;(2, 28, 38, 19, 31724);מצחו;3;(2, 28, 38, 71, 120257);והיה על מצח אהרן ונשא אהרן את עון הקדשים אשר יקדישו בני ישראל לכל מתנת קדשיהם והיה על מצחו תמיד לרצון להם לפני יהוה
(215369, -6, 4);[8, 10, 300, 40];358;משיח;56766;(4, 16, 2, 7, 56766);חמשים;1;(4, 16, 2, 28, 215369);ויקמו לפני משה ואנשים מבני ישראל חמשים ומאתים נשיאי עדה קראי מועד אנשי שם
(254874, -6, 4);[8, 10, 300, 40];358;משיח;66967;(5, 3, 6, 7, 66967);חשבון;1;(5, 3, 6, 27, 254874);ונחרם אותם כאשר עשינו לסיחן מלך חשבון החרם כל עיר מתם הנשים והטף
(21152, -5, 4);[8, 10, 300, 40];358;משיח;5654;(1, 18, 14, 8, 5654);חיה;1;(1, 18, 14, 30, 21152);היפלא מיהוה דבר למועד אשוב אליך כעת חיה ולשרה בן
(28378, -5, 4);[8, 10, 300, 40];358;משיח;7574;(1, 23, 1, 11, 7574);חיי;1;(1, 23, 1, 38, 28378);ויהיו חיי שרה מאה שנה ועשרים שנה ושבע שנים שני חיי שרה
(61364, -5, 4);[8, 10, 300, 40];358;משיח;16287;(1, 41, 26, 13, 16287);חלום;1;(1, 41, 26, 45, 61364);שבע פרת הטבת שבע שנים הנה ושבע השבלים הטבת שבע שנים הנה חלום אחד הוא
(61540, -5, 4);[8, 10, 300, 40];358;משיח;16333;(1, 41, 30, 5, 16333);אחריהן;2;(1, 41, 30, 15, 61540);וקמו שבע שני רעב אחריהן ונשכח כל השבע בארץ מצרים וכלה הרעב את הארץ
(99098, -5, 4);[8, 10, 300, 40];358;משיח;26144;(2, 14, 19, 9, 26144);מאחריהם;3;(2, 14, 19, 38, 99098);ויסע מלאך האלהים ההלך לפני מחנה ישראל וילך מאחריהם ויסע עמוד הענן מפניהם ויעמד מאחריהם
(123931, -4, 4);[8, 10, 300, 40];358;משיח;32681;(2, 30, 18, 3, 32681);נחשת;2;(2, 30, 18, 11, 123931);ועשית כיור נחשת וכנו נחשת לרחצה ונתת אתו בין אהל מועד ובין המזבח ונתת שמה מים
(178397, -4, 4);[8, 10, 300, 40];358;משיח;47214;(3, 23, 41, 13, 47214);תחגו;2;(3, 23, 41, 53, 178397);וחגתם אתו חג ליהוה שבעת ימים בשנה חקת עולם לדרתיכם בחדש השביעי תחגו אתו
(46873, -2, 4);[8, 10, 300, 40];358;משיח;12493;(1, 32, 8, 17, 12493);מחנות;2;(1, 32, 8, 60, 46873);ויירא יעקב מאד ויצר לו ויחץ את העם אשר אתו ואת הצאן ואת הבקר והגמלים לשני מחנות
(102784, -2, 4);[8, 10, 300, 40];358;משיח;27109;(2, 16, 29, 14, 27109);לחם;2;(2, 16, 29, 42, 102784);ראו כי יהוה נתן לכם השבת על כן הוא נתן לכם ביום הששי לחם יומים שבו איש תחתיו אל יצא איש ממקמו ביום השביעי
(145574, -2, 4);[8, 10, 300, 40];358;משיח;38387;(3, 4, 24, 10, 38387);ישחט;3;(3, 4, 24, 35, 145574);וסמך ידו על ראש השעיר ושחט אתו במקום אשר ישחט את העלה לפני יהוה חטאת הוא
(146096, -2, 4);[8, 10, 300, 40];358;משיח;38523;(3, 4, 33, 12, 38523);ישחט;3;(3, 4, 33, 42, 146096);וסמך את ידו על ראש החטאת ושחט אתה לחטאת במקום אשר ישחט את העלה
(149002, -2, 4);[8, 10, 300, 40];358;משיח;39310;(3, 7, 2, 3, 39310);ישחטו;3;(3, 7, 2, 11, 149002);במקום אשר ישחטו את העלה ישחטו את האשם ואת דמו יזרק על המזבח סביב
(161965, -2, 4);[8, 10, 300, 40];358;משיח;42790;(3, 14, 13, 6, 42790);ישחט;3;(3, 14, 13, 21, 161965);ושחט את הכבש במקום אשר ישחט את החטאת ואת העלה במקום הקדש כי כחטאת האשם הוא לכהן קדש קדשים הוא
(236189, -2, 4);[8, 10, 300, 40];358;משיח;62206;(4, 28, 22, 2, 62206);חטאת;1;(4, 28, 22, 6, 236189);ושעיר חטאת אחד לכפר עליכם
(238188, -2, 4);[8, 10, 300, 40];358;משיח;62670;(4, 29, 34, 2, 62670);חטאת;1;(4, 29, 34, 6, 238188);ושעיר חטאת אחד מלבד עלת התמיד מנחתה ונסכה
(246910, -2, 4);[8, 10, 300, 40];358;משיח;64892;(4, 34, 17, 5, 64892);ינחלו;3;(4, 34, 17, 19, 246910);אלה שמות האנשים אשר ינחלו לכם את הארץ אלעזר הכהן ויהושע בן נון
(270816, -2, 4);[8, 10, 300, 40];358;משיח;71043;(5, 12, 5, 6, 71043);יבחר;3;(5, 12, 5, 17, 270816);כי אם אל המקום אשר יבחר יהוה אלהיכם מכל שבטיכם לשום את שמו שם לשכנו תדרשו ובאת שמה
(271184, -2, 4);[8, 10, 300, 40];358;משיח;71131;(5, 12, 11, 4, 71131);יבחר;3;(5, 12, 11, 15, 271184);והיה המקום אשר יבחר יהוה אלהיכם בו לשכן שמו שם שמה תביאו את כל אשר אנכי מצוה אתכם עולתיכם וזבחיכם מעשרתיכם ותרמת ידכם וכל מבחר נדריכם אשר תדרו ליהוה
(271420, -2, 4);[8, 10, 300, 40];358;משיח;71188;(5, 12, 14, 5, 71188);יבחר;3;(5, 12, 14, 15, 271420);כי אם במקום אשר יבחר יהוה באחד שבטיך שם תעלה עלתיך ושם תעשה כל אשר אנכי מצוך
(271686, -2, 4);[8, 10, 300, 40];358;משיח;71255;(5, 12, 18, 9, 71255);יבחר;3;(5, 12, 18, 34, 271686);כי אם לפני יהוה אלהיך תאכלנו במקום אשר יבחר יהוה אלהיך בו אתה ובנך ובתך ועבדך ואמתך והלוי אשר בשעריך ושמחת לפני יהוה אלהיך בכל משלח ידך
(271889, -2, 4);[8, 10, 300, 40];358;משיח;71311;(5, 12, 21, 6, 71311);יבחר;3;(5, 12, 21, 20, 271889);כי ירחק ממך המקום אשר יבחר יהוה אלהיך לשום שמו שם וזבחת מבקרך ומצאנך אשר נתן יהוה לך כאשר צויתך ואכלת בשעריך בכל אות נפשך
(272176, -2, 4);[8, 10, 300, 40];358;משיח;71387;(5, 12, 26, 12, 71387);יבחר;3;(5, 12, 26, 42, 272176);רק קדשיך אשר יהיו לך ונדריך תשא ובאת אל המקום אשר יבחר יהוה
(274705, -2, 4);[8, 10, 300, 40];358;משיח;72045;(5, 14, 23, 7, 72045);יבחר;3;(5, 14, 23, 29, 274705);ואכלת לפני יהוה אלהיך במקום אשר יבחר לשכן שמו שם מעשר דגנך תירשך ויצהרך ובכרת בקרך וצאנך למען תלמד ליראה את יהוה אלהיך כל הימים
(274825, -2, 4);[8, 10, 300, 40];358;משיח;72077;(5, 14, 24, 14, 72077);יבחר;3;(5, 14, 24, 46, 274825);וכי ירבה ממך הדרך כי לא תוכל שאתו כי ירחק ממך המקום אשר יבחר יהוה אלהיך לשום שמו שם כי יברכך יהוה אלהיך
(274899, -2, 4);[8, 10, 300, 40];358;משיח;72096;(5, 14, 25, 10, 72096);יבחר;3;(5, 14, 25, 39, 274899);ונתתה בכסף וצרת הכסף בידך והלכת אל המקום אשר יבחר יהוה אלהיך בו
(276359, -2, 4);[8, 10, 300, 40];358;משיח;72489;(5, 15, 20, 9, 72489);יבחר;3;(5, 15, 20, 37, 276359);לפני יהוה אלהיך תאכלנו שנה בשנה במקום אשר יבחר יהוה אתה וביתך
(276585, -2, 4);[8, 10, 300, 40];358;משיח;72547;(5, 16, 2, 9, 72547);יבחר;3;(5, 16, 2, 36, 276585);וזבחת פסח ליהוה אלהיך צאן ובקר במקום אשר יבחר יהוה לשכן שמו שם
(276818, -2, 4);[8, 10, 300, 40];358;משיח;72613;(5, 16, 6, 6, 72613);יבחר;3;(5, 16, 6, 17, 276818);כי אם אל המקום אשר יבחר יהוה אלהיך לשכן שמו שם תזבח את הפסח בערב כבוא השמש מועד צאתך ממצרים
(276894, -2, 4);[8, 10, 300, 40];358;משיח;72632;(5, 16, 7, 5, 72632);יבחר;3;(5, 16, 7, 21, 276894);ובשלת ואכלת במקום אשר יבחר יהוה אלהיך בו ופנית בבקר והלכת לאהליך
(277164, -2, 4);[8, 10, 300, 40];358;משיח;72696;(5, 16, 11, 20, 72696);יבחר;3;(5, 16, 11, 89, 277164);ושמחת לפני יהוה אלהיך אתה ובנך ובתך ועבדך ואמתך והלוי אשר בשעריך והגר והיתום והאלמנה אשר בקרבך במקום אשר יבחר יהוה אלהיך לשכן שמו שם
(277353, -2, 4);[8, 10, 300, 40];358;משיח;72741;(5, 16, 15, 8, 72741);יבחר;3;(5, 16, 15, 32, 277353);שבעת ימים תחג ליהוה אלהיך במקום אשר יבחר יהוה כי יברכך יהוה אלהיך בכל תבואתך ובכל מעשה ידיך והיית אך שמח
(277454, -2, 4);[8, 10, 300, 40];358;משיח;72767;(5, 16, 16, 13, 72767);יבחר;3;(5, 16, 16, 49, 277454);שלוש פעמים בשנה יראה כל זכורך את פני יהוה אלהיך במקום אשר יבחר בחג המצות ובחג השבעות ובחג הסכות ולא יראה את פני יהוה ריקם
(278293, -2, 4);[8, 10, 300, 40];358;משיח;73000;(5, 17, 8, 23, 73000);יבחר;3;(5, 17, 8, 82, 278293);כי יפלא ממך דבר למשפט בין דם לדם בין דין לדין ובין נגע לנגע דברי ריבת בשעריך וקמת ועלית אל המקום אשר יבחר יהוה אלהיך בו
(279444, -2, 4);[8, 10, 300, 40];358;משיח;73312;(5, 18, 6, 19, 73312);יבחר;3;(5, 18, 6, 63, 279444);וכי יבא הלוי מאחד שעריך מכל ישראל אשר הוא גר שם ובא בכל אות נפשו אל המקום אשר יבחר יהוה
(286316, -2, 4);[8, 10, 300, 40];358;משיח;75181;(5, 23, 17, 6, 75181);יבחר;3;(5, 23, 17, 22, 286316);עמך ישב בקרבך במקום אשר יבחר באחד שעריך בטוב לו לא תוננו
(289107, -2, 4);[8, 10, 300, 40];358;משיח;75927;(5, 26, 2, 20, 75927);יבחר;3;(5, 26, 2, 76, 289107);ולקחת מראשית כל פרי האדמה אשר תביא מארצך אשר יהוה אלהיך נתן לך ושמת בטנא והלכת אל המקום אשר יבחר יהוה אלהיך לשכן שמו שם
(299031, -2, 4);[8, 10, 300, 40];358;משיח;78470;(5, 31, 11, 11, 78470);יבחר;3;(5, 31, 11, 41, 299031);בבוא כל ישראל לראות את פני יהוה אלהיך במקום אשר יבחר תקרא את התורה הזאת נגד כל ישראל באזניהם
(302191, -2, 4);[8, 10, 300, 40];358;משיח;79288;(5, 32, 42, 2, 79288);חצי;1;(5, 32, 42, 6, 302191);אשכיר חצי מדם וחרבי תאכל בשר מדם חלל ושביה מראש פרעות אויב
(144374, -1, 4);[8, 10, 300, 40];358;משיח;38052;(3, 4, 3, 3, 38052);המשיח;5;(3, 4, 3, 11, 144374);אם הכהן המשיח יחטא לאשמת העם והקריב על חטאתו אשר חטא פר בן בקר תמים ליהוה לחטאת
(144503, -1, 4);[8, 10, 300, 40];358;משיח;38089;(3, 4, 5, 3, 38089);המשיח;5;(3, 4, 5, 13, 144503);ולקח הכהן המשיח מדם הפר והביא אתו אל אהל מועד
(145154, -1, 4);[8, 10, 300, 40];358;משיח;38270;(3, 4, 16, 3, 38270);המשיח;5;(3, 4, 16, 14, 145154);והביא הכהן המשיח מדם הפר אל אהל מועד
(148593, -1, 4);[8, 10, 300, 40];358;משיח;39199;(3, 6, 15, 2, 39199);המשיח;5;(3, 6, 15, 10, 148593);והכהן המשיח תחתיו מבניו יעשה אתה חק עולם ליהוה כליל תקטר
(102786, -2, 7);[10, 8, 10, 300, 40, 10, 40];418;מי משיחי;27110;(2, 16, 29, 15, 27110);יומים;1;(2, 16, 29, 44, 102786);ראו כי יהוה נתן לכם השבת על כן הוא נתן לכם ביום הששי לחם יומים שבו איש תחתיו אל יצא איש ממקמו ביום השביעי
(38486, -99, 6);[8, 10, 300, 40, 10, 40];408;מי משיח;10231;(1, 27, 45, 6, 10231);ושכח;4;(1, 27, 45, 18, 38486);עד שוב אף אחיך ממך ושכח את אשר עשית לו ושלחתי ולקחתיך משם למה אשכל גם שניכם יום אחד
(232316, -21, 6);[8, 10, 300, 40, 10, 40];408;מי משיח;61250;(4, 26, 29, 11, 61250);משפחת;4;(4, 26, 29, 48, 232316);בני מנשה למכיר משפחת המכירי ומכיר הוליד את גלעד לגלעד משפחת הגלעדי
(102784, -2, 6);[8, 10, 300, 40, 10, 40];408;מי משיח;27109;(2, 16, 29, 14, 27109);לחם;2;(2, 16, 29, 42, 102784);ראו כי יהוה נתן לכם השבת על כן הוא נתן לכם ביום הששי לחם יומים שבו איש תחתיו אל יצא איש ממקמו ביום השביעי
